name,lat,lng,category
"Reservoir Number Two",41.02858880863589,-91.94870744727646,Lake
"Lake Iowa",41.63856969843166,-92.17425898005745,Lake
"Lake Darling",41.19505656087138,-91.89857824206341,Lake
"Walton Lake",41.014629113857694,-91.9339332990283,Lake
"Lake MacBride",41.79923243240814,-91.55098882334082,Lake
"Lily Pond",41.79841368479774,-91.88682396657805,Lake
"Cedar Lake",41.98947549531946,-91.66803951628256,Lake
"Holiday Lake",41.81630541018902,-92.44764395143851,Lake
"Wiese Slough",41.556219735813556,-91.13258334566378,Lake
"Sunfish Lake",41.10719460287014,-91.08682116389706,Lake
"Iowa Slough Lake",41.071572777375565,-90.97609399169679,Lake
"Warnstaff Lake",41.154008015957146,-91.1516896394401,Lake
"Fox Pond",41.211728276747515,-91.09912790393554,Lake
"Spitznogle Lake",41.1276654782588,-91.10105277635262,Lake
"Cone Lake",41.389570116835316,-91.32309453393437,Lake
"Lake George",41.42675211987499,-90.82705868081125,Lake
"Beattys Pond",41.329552882856206,-91.07918575437097,Lake
"I-280 Lake",41.52127962018055,-90.67875698461822,Lake
"Horseshoe Lake",41.38032289670819,-91.40978980006804,Lake
"Lake Odesa",41.18068973458507,-91.08001075207895,Lake
"Frye Lake",41.30290283796569,-90.49097196575067,Lake
"Snakeden Hollow Lake",41.01340649798063,-90.07925811465176,Lake
"Johnson Lake",41.32411496842229,-89.88584079427322,Lake
"Goose Lake",41.968087084030216,-90.40207106876309,Lake
"Shadow Lake",41.54528446174045,-90.17563035208074,Lake
"Lake Carlton",41.84537964587752,-89.9663374103018,Lake
"Coleman Lake",41.2877917808062,-89.33332679528047,Lake
"Lake Thunderbird",41.20724108298667,-89.44944555922851,Lake
"Goose Lake",41.06826839305475,-89.39950968814857,Lake
"Spring Lake",41.30232610721053,-89.34691958026013,Lake
"Wightman Lake",41.0115840195637,-89.43404330608298,Lake
"Turner Lake",41.31389448937622,-89.25610197907102,Lake
"Lake Arispie",41.30321031297025,-89.41959329362241,Lake
"Lake Rawson",41.29581750773761,-89.37403472203906,Lake
"Lake Holiday",41.6174889910309,-88.67205958093359,Lake
"Lost Lake",41.91287670765134,-89.3603919127488,Lake
"Depue Lake",41.31524317637097,-89.31613428084323,Lake
"Sawmill Lake",41.126722172167256,-89.32244175706221,Lake
"Lake Sule",41.908287457335334,-89.02578397797011,Lake
"Senachwine Lake",41.21237050925585,-89.37247009132224,Lake
"Shabbona Lake",41.7471097264165,-88.86267195157939,Lake
"LaSalle County Nuclear Station Cooling Pond",41.25943701691741,-88.65076944040432,Lake
"Billsbach Lake",41.08303563259262,-89.36331388625683,Lake
"Swan Lake",41.15877512367428,-89.31209050115586,Lake
"Hickory Ridge Lake",41.26535179647522,-89.34897174013321,Lake
"Lake Wildwood",41.06958028312718,-89.27996878805115,Lake
"Split Rock Lake",41.33020266589081,-89.05838075337324,Lake
"Huse Lake",41.32179238788601,-89.10066668102404,Lake
"Tampier Slough",41.65624675068906,-87.90706160739948,Lake
"Lake Calumet",41.6776734375867,-87.5892523358017,Lake
"Goose Lake",41.356477985718634,-88.28151650313663,Lake
"Longjohn Slough",41.71143966521727,-87.87862274011594,Lake
"Lake Plainfield",41.61580340367221,-88.18706158274854,Lake
"Maple Lake",41.71425868028647,-87.89040912379555,Lake
"Lake Law",41.83573599521814,-88.22692688692798,Lake
"Silver Lake",41.83324562456497,-88.17422426879727,Lake
"Powder Horn Lake",41.64312730202074,-87.52985614980336,Lake
"Orland Lake",41.63998053085158,-87.8658544513074,Lake
"Dresden Cooling Lake",41.35422579829343,-88.23916449818995,Lake
"Lake Renwick",41.6026111289515,-88.19187796007247,Lake
"Saganashkee Slough",41.6937435289734,-87.8892310680604,Lake
"Heidecke Lake",41.36894148530188,-88.3402362036085,Lake
"Lake George",41.666796474688645,-87.50410325192719,Lake
"Lake George",41.67097114609563,-87.5019671719515,Lake
"Nelson Lake",41.8345329483648,-88.3770132622311,Lake
"Tampier Lake",41.64850355354343,-87.90146379652195,Lake
"Wolf Lake",41.66546805168791,-87.52669699271809,Lake
"Monee Reservoir",41.391320764282014,-87.76180976537319,Lake
"Wolf Lake",41.67366493051164,-87.51723767895608,Lake
"Whalon Lake",41.716178125576995,-88.09229544411939,Lake
"Braidwood Power Plant Cooling Pond",41.22480288568309,-88.21212682108248,Lake
"Lake Michigan",44.56945895101206,-86.89533062342416,Lake
"Silver Lake",41.6925655115255,-86.59381195493157,Lake
"Clear Lake",41.638346513191905,-86.5448171457133,Lake
"Upper Fish Lake",41.56540884955162,-86.5454093627871,Lake
"Crane Lake",41.61852409565516,-86.76403425289442,Lake
"Cedar Lake",41.371751797088635,-87.43325685905057,Lake
"Lake George",41.52060864913109,-87.28591270548732,Lake
"Grand Boulevard Lake",41.57541774436467,-87.25809049727067,Lake
"Lake Holiday",41.40368448985598,-87.22081703730127,Lake
"Big Bass Lake",41.408466065363335,-87.20978213229331,Lake
"Lake Eliza",41.42860392097797,-87.17678265180672,Lake
"Loomis Lake",41.51673164500287,-87.05898412203902,Lake
"Swede Lake",41.61085958065838,-86.8269854635279,Lake
"Flint Lake",41.51211262751791,-87.04351866823734,Lake
"Lake Louise",41.462234829636095,-87.1499038469205,Lake
"Hudson Lake",41.71686551762736,-86.55703567767326,Lake
"Horseshoe Lake",41.64301088823047,-86.73052894597518,Lake
"Clear Lake",41.61991718840366,-86.72302243003892,Lake
"Fishtrap Lake",41.63317076271694,-86.72965287349852,Lake
"Redwing Lake",41.30042774914428,-87.38973046242494,Lake
"Hunt Lake",41.66162424489556,-86.56145327852866,Lake
"Long Lake",41.61601423920394,-87.20968462032565,Lake
"Long Lake",41.522713509399026,-87.04867604825175,Lake
"South Clear Lake",41.75854615934954,-86.3772816644653,Lake
"Worster Lake",41.54763788164205,-86.3625733224892,Lake
"Pike Lake",41.25220010883343,-85.84269007984349,Lake
"Long Lake",41.9562452488066,-85.75319968332849,Lake
"Loon Lake",41.08407435904351,-85.96822964511007,Lake
"Lake of the Wood",41.42399153147334,-86.22933772522073,Lake
"Hoffman Lake",41.27280433714573,-85.98757145847236,Lake
"Colonial Pond",41.04490109040481,-86.1776361448221,Lake
"Diamond Lake",41.89808394710072,-85.98061347435117,Lake
"Clear Lake",41.83260580663275,-86.42119159745207,Lake
"Mullen Lake",41.8736686519254,-86.06045483229798,Lake
"Skab Lake",41.85206964304382,-86.05840362539352,Lake
"Smith Lake",41.95558136491469,-86.23061556080074,Lake
"Lake Chapin",41.93063754560621,-86.34282508758166,Lake
"Lake Latonka Dam",41.297900377148586,-86.40993681476823,Lake
"Sousley Lake",41.57515413263173,-86.41898893261732,Lake
"Marl Lakes",41.77242371018197,-85.61449250618199,Lake
"Indian Lake",41.99409666356703,-86.21330284011876,Lake
"James Lake",41.31797345286314,-85.72399665914857,Lake
"Pretty Lake",41.32585451474173,-86.37416602967919,Lake
"Bair Lake",41.894705198377395,-85.807118829052,Lake
"Eagle Lake",41.802402733653196,-86.02989174074814,Lake
"Crystal Lake",41.23573246613511,-85.9843564362527,Lake
"Dayton Lake",41.7963343511116,-86.43215607597334,Lake
"Carr Lake",41.15710755692647,-85.86335140167816,Lake
"Hoffman Pond",41.95815558090655,-85.62130467351483,Lake
"Langenbahn Lake",41.17310323588878,-86.48246168925962,Lake
"Long Lake",41.91673387516337,-86.30448122210323,Lake
"Pleasant Lake",41.80348537506109,-86.08956388912132,Lake
"Streaters Mill Pond",41.98047451738803,-85.80077852396924,Lake
"Tharp Lake",41.85086639687234,-85.91689951472426,Lake
"Birch Lake",41.879013667050074,-85.85634301938798,Lake
"Mud Lake",41.93561077869559,-85.72586443822834,Lake
"Little Chapman Lake",41.28163798857456,-85.79056144693419,Lake
"Madron Lake",41.872969270120805,-86.41350242123517,Lake
"Flat Lake",41.328025172562576,-86.43561996586801,Lake
"Webster Lake",41.90709040075595,-86.30136746935695,Lake
"Skyhawk Lake",41.985878062118836,-85.81991994000383,Lake
"Tamarack Lake",41.813186669257284,-85.51672777390938,Lake
"Murphy Lake",41.94320216965547,-86.25738411109626,Lake
"North Chain Lake",41.700503834900445,-86.37081958190079,Lake
"Mill Lake",41.98864249487265,-85.78198252445567,Lake
"Barron Lake",41.84357752085793,-86.18340727450642,Lake
"Juno Lake",41.808553454002876,-85.98497215349767,Lake
"Donnell Lake",41.9074950632849,-85.89376359475122,Lake
"Beaver Dam Lake",41.09348458928799,-85.97617979683253,Lake
"Mill Pond",41.98635970712165,-86.0766081259456,Lake
"Myers Lake",41.30087004997522,-86.34815254168498,Lake
"Caldwell Lake",41.12563758129489,-85.90070260200727,Lake
"Hutchens Lake",41.9163980947104,-85.84183929795809,Lake
"Puterbaugh Lake",41.86503047704941,-85.98695349766469,Lake
"Belas Lake",41.93902168847484,-85.88017257985187,Lake
"Palestine Lake",41.174564135181484,-85.9393684029671,Lake
"Mount Zion Millpond",41.01004997312293,-86.1403625943028,Lake
"Clear Lake",41.94808593921931,-85.73212246963878,Lake
"Shavehead Lake",41.84103955997972,-85.8660595063835,Lake
"Little Barbee Lake",41.2915008418573,-85.72266117484627,Lake
"Lake Maxinkuckee",41.19514218724469,-86.39969317138353,Lake
"Kelsey Lake",41.97717351606651,-86.01883120598468,Lake
"Robbins Lake",41.822250135434096,-85.81945152864415,Lake
"Bruce Lake",41.076801451203025,-86.46262782646372,Lake
"Wood Lake",41.857303885627395,-85.77960062027446,Lake
"Fishers Lake",41.989368505020764,-85.5752534645432,Lake
"Cranberry Lake",41.99898124225253,-85.76767041603365,Lake
"Stone Lake",41.905790049160174,-86.018075624071,Lake
"Big Barbee Lake",41.28086075726058,-85.70397486571255,Lake
"Rock Lake",41.04300052326117,-85.97976224941897,Lake
"Riggins Lake",41.93606150190025,-86.2656364545571,Lake
"Big Lake",41.27508219999926,-85.50270295173907,Lake
"Ridinger Lake",41.26129068230801,-85.66564228806872,Lake
"Pine Lake",41.83372945148615,-86.10750664507738,Lake
"Noah Lake",41.93754884050056,-85.58950000165966,Lake
"Lost Lake",41.198244621941456,-86.42211296666957,Lake
"Kuhn Lake",41.28778119703399,-85.69227913013276,Lake
"Troy Cedar Lake",41.23854168669095,-85.57772366488756,Lake
"Diamond Lake",41.10436139304125,-85.93653633092224,Lake
"Little Indian Lake",41.91292673261264,-86.28210392718097,Lake
"Pleasant Lake",41.95637142341249,-85.70667972340306,Lake
"Mud Lake",41.75024884163509,-86.37562191958796,Lake
"Riddles Lake",41.505138581615945,-86.26172891725417,Lake
"Tippecanoe Lake",41.326766949165496,-85.76529065252834,Lake
"Kaiser Lake",41.92472381403223,-85.72107336314912,Lake
"Spatterdock Lake",41.87173767995119,-85.8198638735493,Lake
"Long Lake",41.85009649782533,-85.90170502421897,Lake
"Brush Lake",41.98679961928615,-86.22654594791302,Lake
"Webster Lake",41.326054566660844,-85.67858303230182,Lake
"South Chain Lake",41.6834465428065,-86.37050666163378,Lake
"Paradise Lake",41.890533565752136,-85.9070852037037,Lake
"Holem Lake",41.2986636242854,-86.36859977371113,Lake
"Hill Lake",41.1066465185755,-85.90373445391282,Lake
"La Grange Lake",41.95286047581178,-86.02892439922424,Lake
"Coberts Lake",41.80413361509958,-86.05180865087242,Lake
"Lilly Lake",41.91444284530824,-85.85059541884318,Lake
"Koontz Lake",41.41423151880948,-86.47290900855427,Lake
"Loon Lake",41.271422004605895,-85.53831624514295,Lake
"Yellow Creek Lake",41.104970050615485,-85.95289528518161,Lake
"Corey Lake",41.9325312503103,-85.74431496633716,Lake
"Little Fish Lake",41.98471848876638,-85.90539743855128,Lake
"Klinger Lake",41.80352133672191,-85.54964043798377,Lake
"Lawrence Lake",41.29533600693433,-86.33513582833045,Lake
"Zehner Millpond",41.29886467928445,-86.38789237252267,Lake
"Shoe Lake",41.307109579641335,-85.74716054906932,Lake
"Kirk Lake",41.929310114175045,-85.8796027169146,Lake
"Goose Lake",41.239485974425016,-85.55406412690778,Lake
"Goose Lake",41.86864571587011,-86.03830353053435,Lake
"Harwood Lake",41.93006587057171,-85.77238206999576,Lake
"Smalley Lake",41.311525240045306,-85.57965548562949,Lake
"Sechrist Lake",41.29683987731588,-85.7187503440657,Lake
"Forked Lake",41.929294983871635,-85.84483650934472,Lake
"Garver Lake",41.778157515055426,-86.05024554878129,Lake
"North Little Lake",41.080556208268675,-85.90346723001693,Lake
"Christiana Lake",41.802570216862144,-86.005585318473,Lake
"Painter Lake",41.81859862001884,-85.99454942333355,Lake
"Simonton Lake",41.75042748754197,-85.95893987499579,Lake
"Emma Lake",41.60304668399814,-85.54164259087214,Lake
"Stone Lake",41.74508888809993,-85.65499950061655,Lake
"Hunter Lake",41.722373069405215,-85.66712982691502,Lake
"Goshen Dam Pond",41.554629016826404,-85.83475384113174,Lake
"Heaton Lake",41.734148470121916,-85.90698197832614,Lake
"Papakeechie Lake",41.37293878347776,-85.66855703088918,Lake
"Indiana Lake",41.758566052066875,-85.83272370790169,Lake
"Engle Lake",41.43604089428831,-85.57737183229,Lake
"Eagle Lake",41.4269855948582,-85.54003989031078,Lake
"Aldrich Lake",41.76548788260705,-85.53423280949774,Lake
"Norton Lake",41.60464362567683,-85.81419367365528,Lake
"Boot Lake",41.7496893401929,-86.00507497069874,Lake
"Knapp Lake",41.34352283146499,-85.60713450313428,Lake
"Lake Wawasee",41.40846387787706,-85.71078745866552,Lake
"Shock Lake",41.35364850566396,-85.69094358774588,Lake
"Fish Lake",41.76061202924447,-85.6417812620797,Lake
"Dewart Lake",41.36729779977915,-85.77039126787626,Lake
"Dock Lake",41.68729484246924,-85.78450229467698,Lake
"Bear Lake",41.322576658322696,-85.51756663922156,Lake
"Butts Lake",41.604604254485274,-85.80537594221519,Lake
"Long Lake",41.78191363195128,-85.81947912521944,Lake
"Cass Lake",41.692774545664236,-85.63924630343504,Lake
"Shipshewana Lake",41.685445756481165,-85.6065306204909,Lake
"High Lake",41.31600618771897,-85.53272290095447,Lake
"Baldwins Lake",41.78019293483991,-85.83014314855072,Lake
"Diamond Lake",41.43836985383964,-85.52358256477503,Lake
"Waubee Lake",41.38986763038162,-85.83242201787075,Lake
"South Lake",41.93593014035279,-85.03505676950098,Lake
"Honey Lake",41.77424439208395,-85.25857763462119,Lake
"North Sand Lake",41.94097822995344,-84.70525681927462,Lake
"Perrin Lake",41.86615258391624,-85.43277011181593,Lake
"North Lake",41.962119403553366,-85.03180677635451,Lake
"South Sand Lake",41.91686682905722,-84.69633815145909,Lake
"Crooked Lake",41.262272515147586,-85.4783114241808,Lake
"Fish Lake",41.87741929233231,-85.4781430215427,Lake
"Bird Lake",41.82874738431397,-84.52864520480294,Lake
"Washburn Lake",41.93620179161077,-85.34042224125204,Lake
"Lee Lake",41.778397833896676,-85.37328666805081,Lake
"Boot Lake",41.88463481462184,-84.60288648838713,Lake
"Gilead Lake",41.795510463260726,-85.16375320458067,Lake
"Sand Lake",41.91374802418165,-85.45597276343912,Lake
"Grey Lake",41.837783633078445,-85.41203009385696,Lake
"Beaver Lake",41.91905266784058,-85.361576129549,Lake
"Indian Lake",41.46453389369763,-85.17034850123203,Lake
"Baw Beese Lake",41.89604595198553,-84.60241392355563,Lake
"Wright Lake",41.86308048382354,-84.95026519283415,Lake
"Long Lake",41.74664491357674,-84.80723098298907,Lake
"Minnewaukan Lake",41.81572078654219,-85.4537687724895,Lake
"Leidy Lake",41.98473626020833,-85.38720121240223,Lake
"Little Cedar Lake",41.248703333727796,-85.43904663500358,Lake
"Mead Lake",41.820386184238764,-84.80934030453597,Lake
"Sturgeon Lake",41.969821209031096,-85.32762332661783,Lake
"Round Lake",41.896766927292376,-84.76966300193118,Lake
"Thompson Lake",41.82537704168444,-85.49171619187776,Lake
"Palmer Lake",41.929500647304614,-85.33297922308171,Lake
"East Long Lake",41.84812635505773,-84.96993955316145,Lake
"Clear Lake",41.737348367888835,-84.84495880222151,Lake
"Goodrich Lake",41.998107581253926,-85.29384314824595,Lake
"Sweet Lake",41.80505575235093,-85.35296845610726,Lake
"Stewart Lake",41.816090677144615,-85.37488618823126,Lake
"Long Lake",41.87250918197731,-84.79385754616806,Lake
"Lake Seneca",41.670166860331,-84.65300690130071,Lake
"West Long Lake",41.949683956663804,-85.04885792082509,Lake
"Coldwater Lake",41.81673673051107,-84.97928184135455,Lake
"Lake Bartholomew",41.87725930278997,-84.9291379660348,Lake
"Round Lake",41.24588157785553,-85.43070083982794,Lake
"Matteson Lake",41.92952385629195,-85.2098101014718,Lake
"Blue Lake",41.23961289919372,-85.3615971067065,Lake
"Lake Adams",41.92801099403388,-84.53876863060258,Lake
"Shriner Lake",41.24648413393287,-85.45046528025614,Lake
"Marble Lake",41.910400189036935,-84.90387734989336,Lake
"Paulding Upground Reservoir",41.12297626120109,-84.58825828611866,Lake
"Farrand Lake",41.945862080654855,-85.33619400246494,Lake
"Bear Lake",41.86966540787906,-84.68130179197553,Lake
"Nettle Lake",41.68351117875203,-84.72612524666675,Lake
"Lake Lavine",41.767914408967854,-85.03793365912094,Lake
"Cedar Lake",41.25323152738844,-85.45123261590368,Lake
"Cub Lake",41.81620197386126,-84.63850230367522,Lake
"Lake of the Woods",41.84818557829574,-85.04299422954078,Lake
"Middle Sand Lake",41.92749603161152,-84.6995709092923,Lake
"Bankers Lake",41.88815225665584,-84.69022696014044,Lake
"Hemlock Lake",41.8970769055377,-84.79278274188617,Lake
"Lous Pond",41.68428764878527,-84.69445254961637,Lake
"Fourth Lake",41.885753829124255,-84.5961112837941,Lake
"Cooks Lake",41.929395186301385,-85.11461479321963,Lake
"Ball Lake",41.53795307619924,-84.94648900089994,Lake
"Dragon Lake",41.79134123085215,-85.02992232310567,Lake
"North Pleasant Lake",41.78102876212629,-85.02958046288704,Lake
"Hamilton Lake",41.54943477950614,-84.9222441172975,Lake
"Lake Wilson",41.87944257884472,-84.6854455930784,Lake
"Prairie River Lake",41.858889528476475,-85.40304887009084,Lake
"Omena Lake",41.83899413044857,-85.42253150446811,Lake
"Cary Lake",41.90122074087715,-85.10744017166651,Lake
"Evans Lake",41.93003285802002,-85.47531171583255,Lake
"Lake Templene",41.90116231376992,-85.472538953643,Lake
"Lake Everett",41.15561310311848,-85.3146252993308,Lake
"Bingham Lake",41.837819857498644,-85.05399178801125,Lake
"Middle Lake",41.88892585281093,-84.91980940304124,Lake
"Rebeck Lake",41.81274687022087,-84.80586054823347,Lake
"Pleasant Lake",41.880327030819764,-84.56679150193123,Lake
"Appleman Lake",41.62324651427422,-85.21308421502506,Lake
"Pine Canyon Lake",41.680244695140345,-85.09142474956796,Lake
"Grassy Lake",41.7045962155541,-85.22716755785451,Lake
"Pigeon Lake",41.63875665989536,-84.94512136096371,Lake
"Little Turkey Lake",41.59784838367712,-85.21765021138975,Lake
"Waldron Lake",41.496447346722114,-85.41987117751724,Lake
"Lower Long Lake",41.373845339130995,-85.48914586643201,Lake
"Skinner Lake",41.401034835462916,-85.37046692231954,Lake
"Center Lake",41.65188148876291,-85.01418921434002,Lake
"Story Lake",41.515507592877796,-85.14045520285099,Lake
"Bass Lake",41.637206448923855,-85.09366181021551,Lake
"Crooked Lake",41.67821078830504,-85.0603868401088,Lake
"Lime Lake",41.709375696841356,-85.11906074361022,Lake
"North Twin Lake",41.73145659368991,-85.45509551131775,Lake
"Long Lake",41.581780436058274,-85.028673721912,Lake
"Wible Lake",41.4867853456223,-85.28702021618119,Lake
"Round Lake",41.458189585943394,-85.24586611426642,Lake
"Huyck Lake",41.77817998790099,-84.97919958152694,Lake
"Golden Lake",41.60245129626956,-85.0649600351678,Lake
"Pretty Lake",41.575121417836264,-85.25090060216841,Lake
"Big Turkey Lake",41.586696342863064,-85.19185378736115,Lake
"Tamarack Lake",41.729674120976306,-85.1250885609539,Lake
"South Twin Lake",41.724568007816956,-85.46656702517083,Lake
"Cheeseboro Lake",41.6512566785847,-85.0824127847923,Lake
"Blackman Lake",41.55107149652419,-85.28528966015932,Lake
"Sylvan Lake",41.488553001007595,-85.35401725040755,Lake
"Lake Pleasant",41.75529820618347,-85.0943006707555,Lake
"Silver Lake",41.77695727544884,-84.9957571882157,Lake
"Otter Lake",41.63883559302384,-85.16788681855644,Lake
"Olin Lake",41.562446333047696,-85.39159633355982,Lake
"Pigeon Lake",41.71092808070518,-85.4810603571134,Lake
"Royer Lake",41.612434376438586,-85.33722022938858,Lake
"Lake of the Woods",41.54512865885847,-85.19927499924349,Lake
"Little Long Lake",41.46397398199964,-85.26079349554844,Lake
"Silver Lake",41.63065217259916,-85.06495958389961,Lake
"Grass Lake",41.66047534519937,-85.08891577662246,Lake
"Cedar Lake",41.73590354015825,-85.3667334046388,Lake
"Fox Lake",41.62598266543329,-85.02404373598216,Lake
"Big Otter Lake",41.725161922204336,-85.01240014040422,Lake
"Beaverdam Lake",41.70110368776213,-85.19317118033139,Lake
"Mongo Millpond",41.67961303051659,-85.27315384667918,Lake
"Messick Lake",41.5521429210283,-85.44372509068201,Lake
"Muncie Lake",41.327890239918375,-85.45441639548534,Lake
"Bell Lake",41.71614063942473,-85.08541687844584,Lake
"Bixler Lake",41.44003022779391,-85.24928056064579,Lake
"Long Lake",41.333447221756686,-85.35774151915363,Lake
"Sand Lake",41.33257557137625,-85.38770133630136,Lake
"Williams Lake",41.33532962211689,-85.46216598936701,Lake
"Pleasant Lake",41.57214591923416,-85.01127015091049,Lake
"Little Turkey Lake",41.53588058495589,-85.11030053656114,Lake
"Nauvoo Lake",41.52611625342754,-85.32936818806266,Lake
"Lake Michiana",41.76053680715213,-85.06307415916447,Lake
"Atwood Lake",41.536187667942876,-85.41310201363936,Lake
"Adams Lake",41.553906476531054,-85.32786678375795,Lake
"Deep Lake",41.68120269285787,-85.18922361407213,Lake
"Witmer Lake",41.53175887326114,-85.39180691942165,Lake
"Walters Lake",41.74884646553161,-84.96760492895669,Lake
"Cree Lake",41.50629335421213,-85.27143510864816,Lake
"Loon Lake",41.65163014263563,-85.0521078545869,Lake
"Lake James",41.7081583388597,-85.04194904145808,Lake
"Oliver Lake",41.57228226971572,-85.40531033115133,Lake
"Long Beach Lake",41.75024621667804,-85.02287736806294,Lake
"Fish Lake",41.74859009044649,-84.92529960547157,Lake
"Mud Lake",41.63858223633702,-85.05847963199919,Lake
"Upper Long Lake",41.35544395477815,-85.48645001766212,Lake
"Lake Gage",41.70275146273019,-85.11376258731033,Lake
"Wall Lake",41.72861265214668,-85.20082494809559,Lake
"Dallas Lake",41.54893326912217,-85.41710736135994,Lake
"Hogback Lake",41.62259042245528,-85.08659596795137,Lake
"Ontario Millpond",41.70033741194049,-85.35723188969537,Lake
"Fish Lake",41.62266610231224,-85.32999209826316,Lake
"Lake George",41.76047631697661,-85.00990829645578,Lake
"Green Lake",41.645676632524726,-85.19615416851278,Lake
"Troxel Lake",41.70998740994718,-85.35341776064384,Lake
"Morrison Lake",41.99602880620311,-85.02846090207463,Lake
"Big Long Lake",41.55756844391833,-85.23520946099708,Lake
"Barton Lake",41.75297353797082,-85.06245423292972,Lake
"Latta Lake",41.494211825260045,-85.32498660527864,Lake
"Marsh Lake",41.72068552493487,-84.98684663528745,Lake
"Findlay Reservoir",41.01242868493426,-83.56516594750126,Lake
"Van Buren Lake",41.13353879122846,-83.63720861225127,Lake
"Camp Lakota Boy Scout Lake",41.24926184955929,-84.37778580852796,Lake
"Round Lake",41.96753336843925,-84.27769152322279,Lake
"Wauseon Reservoir Number Two",41.51310818348452,-84.14851044038512,Lake
"Lake Adrian",41.91615732183754,-84.0431695894148,Lake
"Harrison Lake",41.640129304449644,-84.37404002519524,Lake
"Posey Lake",41.89672753199103,-84.30230629257449,Lake
"Archbold Reservoir Number Two",41.5179576202453,-84.29258015428661,Lake
"Findlay Upground Reservoir Number Two",41.01967590258546,-83.57175521237541,Lake
"Devils Lake",41.986419612190964,-84.29121427630685,Lake
"Mallory Lake",41.83016690215797,-84.4009864147385,Lake
"Lake Hudson",41.831678843945916,-84.26408662370649,Lake
"Albon Lake",41.58482035915222,-83.73062408261806,Lake
"Willow Point Marsh",41.633757954111914,-83.20879031370164,Lake
"Wolf Creek Pond",41.68310434897615,-83.32882243083922,Lake
"Fostoria Reservoir",41.11883205756744,-83.44321382741497,Lake
"Lake Erie",42.28499824517391,-81.07409870360956,Lake
"Pintail Marsh",41.63496003653201,-83.22657122455516,Lake
"Memorial Reservoir",41.23176908888869,-82.58519875194295,Lake
"New Haven Marsh",41.01253079989888,-82.7684314894566,Lake
"Ritter Marsh",41.62149290225054,-83.2065628889498,Lake
"Toussaint Marsh",41.56859506649771,-83.05409898767235,Lake
"Beaver Creek Upground Reservoir",41.23876326590853,-83.02064966881395,Lake
"The Bogs",41.43915079315884,-82.98686909830198,Lake
"Douglas Marsh",41.62570016429234,-83.19624552665798,Lake
"Bellevue Reservoir",41.21454286785341,-82.77644285569744,Lake
"Upper Reservoir",41.23503237527688,-82.57925640092971,Lake
"Searles Marsh",41.62759562746539,-83.20953931131723,Lake
"Willard City Reservoir",41.062684413759776,-82.66319637128859,Lake
"Sand Beach Marsh",41.605851117095185,-83.094743490913,Lake
"Darby Marsh",41.53372004843935,-82.99569258072869,Lake
"Continental Marsh",41.6213370970547,-83.22357367395215,Lake
"Mosier Lake",41.14086332589806,-83.42787479221722,Lake
"Cedar Point Marsh",41.693757653639516,-83.32750427541059,Lake
"Back of Howells Pond",41.69039275520297,-83.31767076684372,Lake
"Girardin Pond",41.959438392727414,-82.51876656990859,Lake
"West Cranberry Pond",41.97847449018279,-82.51981822405074,Lake
"East Cranberry Pond",41.973587433752556,-82.508104813648,Lake
"Lake Pond",41.96586926971338,-82.51854358408545,Lake
"Sanctuary Pond",41.977204018677334,-82.53738417842835,Lake
"Clare Mar Camp Lake",41.067860932470936,-82.25323014332236,Lake
"Long Lake Channel",41.011148653809656,-81.54254382529506,Lake
"Chippewa Lake",41.06654928729396,-81.90943300462582,Lake
"Findley Lake",41.13185697807063,-82.21208069646298,Lake
"Sunnyslope Lake",41.0972830603869,-81.83481350435129,Lake
"Spencer Lake",41.110927281163484,-82.08376924829507,Lake
"Summit Lake",41.05472793420246,-81.5449590311572,Lake
"Hinckley Lake",41.2211265463133,-81.71532247081466,Lake
"Barberton Reservoir",41.07527353968401,-81.64572229034717,Lake
"Lake Nesmith",41.0267287387538,-81.55236483643898,Lake
"New London Upground Reservoir",41.06949652945094,-82.4275186743167,Lake
"Lake Medina",41.145081517111585,-81.82218845830035,Lake
"Firestone Reservoir",41.01009200227945,-81.50509626738096,Lake
"Oberlin Reservoir",41.27772562551667,-82.1759040104453,Lake
"Newport Lake",41.055876470486304,-80.67708500734298,Lake
"Lower Girard Lake",41.189228387704595,-80.70560685474797,Lake
"Lake Cardinal",41.612138988749045,-80.8860256398982,Lake
"Lake Pippen",41.176733254133595,-81.31065103383534,Lake
"West Lake",41.19858373473815,-81.34386102672937,Lake
"Lake Rockwell",41.19338772561096,-81.31317978098717,Lake
"Wyoga Lake",41.18741757143721,-81.48716297581649,Lake
"Aurora Pond",41.330029322563796,-81.386113503861,Lake
"Hudson Springs Lake",41.249875704306596,-81.40155420405652,Lake
"Michael J Kirwan Reservoir",41.141352229410536,-81.1298145783303,Lake
"Mosquito Creek Lake",41.366544369174015,-80.75801766718651,Lake
"Sunny Lake",41.295065986842246,-81.3169075781659,Lake
"Akron City Reservoir",41.373335152220726,-81.21470951422135,Lake
"Springfield Lake",41.02744604706731,-81.44019081331507,Lake
"Colebrook Lake",41.29554279877479,-81.37426503083248,Lake
"Muzzy Lake",41.117737400675416,-81.250785065708,Lake
"Pittman Lake",41.207342026831725,-81.27404756560504,Lake
"Upper Girard Lake",41.202307338150504,-80.69583170651069,Lake
"Sandy Lake",41.12023958779614,-81.29545562149616,Lake
"East Lake",41.194603841122166,-81.33477917841772,Lake
"Armington Lake",41.74486763394717,-80.88044626195968,Lake
"Shenango River Lake",41.300689824760724,-80.44375793534275,Lake
"Mentor Marsh",41.74045784576557,-81.29676008326216,Lake
"Silver Lake",41.15665295345226,-81.45904708046059,Lake
"Geauga Lake",41.34899302714029,-81.3738007912796,Lake
"Long Swamp",41.32949236961504,-80.86996308399561,Lake
"Lake Hamilton",41.03544971167532,-80.5970550450685,Lake
"Punderson Lake",41.45478298310802,-81.20766199500741,Lake
"East Branch Reservoir",41.51987757482691,-81.0977669315828,Lake
"Meander Creek Reservoir",41.12502006452613,-80.80208764454208,Lake
"Brady Lake",41.16510451821847,-81.31737754866083,Lake
"McKelvey Lake",41.10328268228937,-80.5823433331613,Lake
"Hills Pond",41.060771193000114,-81.38897626593125,Lake
"Coalburg Lake",41.202777976556064,-80.58740697163863,Lake
"Muddy Lake",41.13180522547309,-81.28760025934858,Lake
"Montmere Lake",41.639290916820464,-81.01117618606499,Lake
"Wingfoot Lake",41.01314921286683,-81.36285428549895,Lake
"Berlin Lake",41.00755144541205,-81.03974974957208,Lake
"Lake Roaming Rock",41.63950899857007,-80.82624310568653,Lake
"Pymatuning Reservoir",41.596869763025104,-80.50527286795614,Lake
"Lake Milton",41.09397851041788,-80.98034713723943,Lake
"Mogadore Reservoir",41.0619053067602,-81.35930546381793,Lake
"Conneaut Marsh",41.56285949676743,-80.20414213213547,Lake
"Edinboro Lake",41.88827243385394,-80.13885994634046,Lake
"Woodcock Creek Lake",41.69545872125453,-80.08473203298414,Lake
"Benson Swamp",41.94237763843487,-79.52057347380942,Lake
"Lake Canadohta",41.81269518251868,-79.83793039315843,Lake
"Conneaut Lake",41.62361149910221,-80.30634822130922,Lake
"Sandy Lake",41.34531736269102,-80.10771034295405,Lake
"Sugar Lake",41.566209764031306,-79.94466144599393,Lake
"Tamarack Swamp",41.99855864805927,-79.56283594583815,Lake
"LeBoeuf Lake",41.933891002301756,-79.98811496761721,Lake
"Kahle Lake",41.23572205973584,-79.64758987088483,Lake
"Cranberry Swamp",41.463340222241136,-80.13778979446442,Lake
"Lake Wilhelm",41.42566044927332,-80.15039889085924,Lake
"Lake Latonka",41.28219092172336,-80.1830189426757,Lake
"Clear Lake",41.8325265991664,-79.68780601237336,Lake
"Buzzard Swamp",41.44347241189944,-79.06426448747554,Lake
"Balsam Swamp",41.392172644932,-78.60427407038776,Lake
"Treasure Lake",41.16887598121519,-78.72255137806127,Lake
"Allegheny Reservoir",42.01584076808012,-78.87538932914845,Lake
"East Branch Clarion River Lake",41.59625451632127,-78.55806992525451,Lake
"Laural Run Reservoir",41.411806278013536,-78.5966742173384,Lake
"Chapman Dam Reservoir",41.7482625883632,-79.17902154101192,Lake
"Seneca Pumped Storage Reservoir",41.83056157362341,-79.00984094909951,Lake
"Reservoir Number Five",41.89245224379092,-78.7239289108402,Lake
"Cranberry Swamp",41.771380992797795,-79.09666106629655,Lake
"Ridgway Reservoir",41.45634787202116,-78.78623769903172,Lake
"Kyle Lake",41.15500168637283,-78.84919586173946,Lake
"Cathrine Swamp",41.68094102571454,-78.56133992435568,Lake
"Du Bois Reservoir",41.102992926962,-78.63198179440444,Lake
"Sedimentation Reservoir",41.479092284572985,-78.70134718209177,Lake
"Tionesta Lake",41.47563929017134,-79.40110048008411,Lake
"Bear Swamp",41.12645349789883,-77.66575924686575,Lake
"Lyman Run Reservoir",41.722953115662584,-77.7681037720736,Lake
"Tamarack Swamp",41.42187568061085,-77.83850722013361,Lake
"Kettle Creek Lake",41.3685649372356,-77.92915638949052,Lake
"Beechwood Lake",41.850851424439035,-77.5156057590991,Lake
"George B Stevenson Reservoir",41.4195628093212,-78.0264167418991,Lake
"Foster Joseph Sayers Lake",41.021638619165955,-77.65572604233137,Lake
"Lake Chillisquaque",41.1084834231345,-76.65998470418563,Lake
"Hamilton Lake",41.73595823176258,-77.26069254151932,Lake
"Beaver Lake",41.29873348622384,-76.5921836756355,Lake
"Macham Lake",41.91912644384016,-76.62288230538911,Lake
"Hall Pond",41.38710815462227,-76.98989454417661,Lake
"Hagerman Lake",41.18909393461638,-77.00353020707237,Lake
"Algerine Swamp Bog",41.542922494242475,-77.48790962659614,Lake
"Eagles Mere Lake",41.415121012416485,-76.57793669358956,Lake
"Cowanesque Lake",41.9784873991636,-77.19065178292404,Lake
"Warren H Ohl Reservoir",41.068550024381274,-77.32297204636012,Lake
"Middle Ridge Swamp",41.69880946126383,-77.41568948712712,Lake
"Spruce Run Reservoir",41.0298456292619,-76.99331594419604,Lake
"Hunters Lake",41.38394572236286,-76.62106538948929,Lake
"Mosquito Valley Reservoir",41.1505728527664,-77.08506373964431,Lake
"Lake Nessmuk",41.72942895802857,-77.29141942792563,Lake
"Hills Creek Lake",41.8105480413847,-77.19913766606085,Lake
"Stephen Foster Lake",41.80396101588461,-76.66422372038475,Lake
"Saxe Pond",41.552969038240484,-76.32557362142272,Lake
"Pikes Creek Reservoir",41.2812350970753,-76.0631830280193,Lake
"Beaver Pond",41.56113562232505,-76.46411572310845,Lake
"Crane Swamp",41.60569159911871,-76.28711749196732,Lake
"Moon Lake",41.25418186322136,-76.0476488566668,Lake
"Shumans Lake",41.45087899187529,-76.27338962351477,Lake
"Lake Jean",41.341884192768774,-76.29431026354952,Lake
"Mount Spring Lake",41.339497579054004,-76.23132768931757,Lake
"Spring Lake",41.67770775441121,-76.35436469900104,Lake
"Sylvan Lake",41.25974360276456,-76.15645801799883,Lake
"Tamarack Swamp",41.48391869986143,-76.22632284700776,Lake
"Negro Pond",41.586911791723196,-76.17213942612722,Lake
"Briar Creek Reservoir",41.06711101704012,-76.28638885944322,Lake
"Lake John",41.43084923676955,-76.2735619925071,Lake
"Lake Leigh",41.341838152955795,-76.27008261548232,Lake
"Carmault Lake",41.93265680932982,-76.10490066170861,Lake
"Gulf Pond",41.90382353314615,-76.24666484667407,Lake
"Chamberlain Pond",41.58433038776456,-76.15603514427819,Lake
"Rouse Pond",41.42655933425587,-76.28690611238612,Lake
"Coalbed Swamp",41.47142445408621,-76.21755845975406,Lake
"Minkler Lake",41.959001964703305,-76.09818477316546,Lake
"Tuscarora Lake",41.73974257702492,-76.08820154492962,Lake
"Mokoma Lake",41.4164883851958,-76.48767349231399,Lake
"Shickshinny Lake",41.216958110414204,-76.18923487424357,Lake
"Ganoga Lake",41.356700589294334,-76.31853479542565,Lake
"Lily Lake",41.14246964765093,-76.07993124106702,Lake
"Lake Wesauking",41.808332872309606,-76.40067145291286,Lake
"Lake Pinecrest",41.18175627877075,-76.2448858490709,Lake
"Lake Silkworth",41.27528509564834,-76.08337202623319,Lake
"Harveys Lake",41.357476312534644,-76.0387239031833,Lake
"Beaver Pond",41.290631499983135,-76.28855610976905,Lake
"Lake Of Meadows",41.93315842182316,-76.14079776427543,Lake
"Splashdam Pond",41.40553373202632,-76.27745799766156,Lake
"Backbone Lake",42.60954958805737,-91.54924912485593,Lake
"Lake Oelwein",42.61058573617182,-91.91009156149323,Lake
"Volga Lake",42.90066084163615,-91.7756222705584,Lake
"George Wyth Lake",42.5352808472026,-92.3992642093192,Lake
"Delwein Lake",42.65069507688151,-91.91814790986137,Lake
"Wood Duck Slough",42.69785198355121,-90.98989779816193,Lake
"Hires Lake",42.422413432959225,-90.53901862439093,Lake
"Quaker Mill Pond",42.517098779989716,-91.47767179712655,Lake
"Leisure Lake",42.232906809222364,-90.77758218684195,Lake
"Gassner Lake",42.92005210949091,-91.1332989868718,Lake
"Frentress Lake",42.46431848939798,-90.60798904468261,Lake
"Garnet Lake",43.00993596762802,-91.14831648784654,Lake
"Tippy Lake",42.421806170246846,-90.54690781591772,Lake
"Hartwick Lake",42.42139903174701,-91.38525132218189,Lake
"Ludden Lake",42.87762580956898,-90.19874839446081,Lake
"Jackson Lake",42.19681889336514,-90.34597670699972,Lake
"Flat Lake",42.1905001109334,-90.34755639951166,Lake
"Fish Lake",42.17183092572226,-90.30134330859575,Lake
"Town Lake",42.08501695052111,-90.17224767217621,Lake
"Lake Carroll",42.17868382773496,-89.86854419423686,Lake
"Galena Lake",42.40685062015375,-90.34061949591754,Lake
"Yellowstone Lake",42.76510576603509,-89.97812285976862,Lake
"Western Pond",42.19225607495963,-90.35965243508537,Lake
"Sawmill Lake",42.17053306569731,-90.27314289872514,Lake
"Apple Canyon Lake",42.43192481235545,-90.16522815342113,Lake
"Densmore Lake",42.16347254355178,-90.28471463025565,Lake
"Bonnie Lake",42.194604745763236,-90.3668699111361,Lake
"Town Lake",42.0953900600033,-90.17801580699798,Lake
"Horseshoe Lake",42.16859903649594,-90.21298748034984,Lake
"Spring Lake",42.048423760334195,-90.13008257169862,Lake
"Lake Belle View",42.864706435924596,-89.53893453377103,Lake
"West Hickory Lake",42.14250325756715,-90.18840529128185,Lake
"Lake Le-Aqua-Na",42.421087443445096,-89.83331863862816,Lake
"Sabula Lakes",42.06588584413771,-90.1817024833749,Lake
"Upper Brown Lake",42.154937673890615,-90.25332295822122,Lake
"Rice Lake",42.89870964771903,-89.03271600295575,Lake
"Bass Lake",42.885388889979204,-89.25711143086586,Lake
"Lake Kegonsa",42.965656970680264,-89.2519074794058,Lake
"Rome Pond",42.97957323755264,-88.60798339479825,Lake
"Rice Lake",42.77426856338983,-88.69729130493663,Lake
"Turtle Lake",42.72667927746387,-88.68302060786034,Lake
"Pleasant Lake",42.787877155603496,-88.55033001166042,Lake
"Spring Lake 38",42.88002929856832,-88.57322519726277,Lake
"Whitewater Lake 70",42.762057397058804,-88.69659238756981,Lake
"Fulton Pond 553",42.80524191170457,-89.13312067046917,Lake
"Lake Ripley",42.99985598204817,-88.9915326419649,Lake
"Blue Spring Lake",42.859614589273036,-88.60035257509215,Lake
"Peters Lake",42.81354250330925,-88.51703808124562,Lake
"Pretty Lake",42.95479211130103,-88.49858149020423,Lake
"Comus Lake",42.64317181226718,-88.64140130955315,Lake
"Lake Wandawega",42.74325312044126,-88.5669403549331,Lake
"School Section Lake",42.98251837994143,-88.50287449100782,Lake
"Cravath Lake 27.5",42.827369365508204,-88.73200085556077,Lake
"Lake Geneva",42.56528401660083,-88.50064328383493,Lake
"Victoria Lake",42.4777852803354,-89.03512282501987,Lake
"Pierce Lake",42.34830911233274,-88.97794821303214,Lake
"Silver Lake",42.72635237612955,-88.57117919298025,Lake
"Lake Waubesa",43.01460491474835,-89.32642318164875,Lake
"Red Cedar Lake",42.97673579800809,-88.98278014644909,Lake
"Tripp Lake 12.0",42.82579386802795,-88.71754200946891,Lake
"Decatur Lake",42.65426305806297,-89.4187107512169,Lake
"Lauderdale Lakes",42.768391897271236,-88.57114578083058,Lake
"Lake Summerset",42.45315014954621,-89.39875045008876,Lake
"Lake Como",42.600747830826215,-88.48792390587363,Lake
"Candlewick Lake",42.35477353366964,-88.86964814263911,Lake
"Mud Lake",42.90603627459303,-88.8986407884918,Lake
"Lake Koshkonong",42.8666156316235,-88.95887513474851,Lake
"Gibbs Lake",42.78236848735242,-89.18136890079946,Lake
"Lake Lorraine",42.734506889972664,-88.73365066744489,Lake
"Mud Lake",42.99735243983623,-89.29068837704614,Lake
"Clear Lake",42.79941261756137,-88.97990400916783,Lake
"Rockdale Millpond 134",42.98067896311491,-89.02528405064932,Lake
"Delavan Lake",42.61186340486167,-88.60331240261098,Lake
"North Lake",42.74521692128589,-88.63705485708118,Lake
"Elmwood Farms Lake",42.452735387629296,-88.00258414948111,Lake
"Deep Lake",42.4228998308935,-88.06751008761427,Lake
"South Pool",42.027075071011865,-88.01350947510858,Lake
"Dyer Lake",42.60559422442725,-88.29556900819426,Lake
"Cedar Lake",42.4221349172784,-88.0918044369709,Lake
"Lake in the Hills",42.18331156366553,-88.32340474946665,Lake
"Muskego Lake",42.872866665110486,-88.11914943060309,Lake
"Lake Ivanhoe",42.5831620427004,-88.34815770005474,Lake
"Griswold Lake",42.28852636257961,-88.21937135212826,Lake
"Druce Lake",42.3676577983416,-88.00520579351775,Lake
"Eagle Lake",42.70402709889323,-88.1247609142921,Lake
"Lake Mary",42.52424523853208,-88.25948496600965,Lake
"Crabtree Lake",42.11308243195857,-88.16660325477818,Lake
"Hunters Lake",42.99789216417243,-88.45679433000926,Lake
"Hooker Lake",42.559909764374105,-88.10209987589542,Lake
"Spring Lake",42.91544743656538,-88.37182389586711,Lake
"Lake Catherine",42.489898977301486,-88.12583077591134,Lake
"Petite Lake",42.43363580970357,-88.1282602137197,Lake
"George Lake",42.52644649218914,-88.03863902499734,Lake
"Long Lake",42.37404450129063,-88.12699534332626,Lake
"Silver Lake",42.55066043162598,-88.15461673467355,Lake
"Goose Pond",42.50575004437097,-88.37009868959913,Lake
"Highland Lake",42.35994814025277,-88.0620054536983,Lake
"Phantom Lake",42.848736150411156,-88.35081772433614,Lake
"Echo Lake",42.68503899550096,-88.28248929331205,Lake
"Silver Lake",42.24445311183488,-88.24903272220091,Lake
"Hastings Lake",42.42680241048612,-88.0389593310301,Lake
"Little Muskego Lake",42.91475566855015,-88.1436636712419,Lake
"Rockland Lake",42.67671754421347,-88.25291656658995,Lake
"Redhead Lake",42.37241277717551,-88.18038244512722,Lake
"Rock Lake",42.50186798353192,-88.11662234466695,Lake
"Cross Lake",42.49658338586077,-88.08759928833406,Lake
"Sullivan Lake",42.3429437340704,-88.19084354146743,Lake
"Vulcan Lakes",42.21772082414288,-88.30715776471993,Lake
"Long Lake",42.828998014377206,-88.17383530202116,Lake
"Loch Lomond",42.27995226782227,-88.0100348106167,Lake
"Camp Lake",42.51925621041324,-88.1439401497273,Lake
"Tichigan and Buena Lakes 359",42.80020543401949,-88.21820705173836,Lake
"Keene Lake",42.133760417898955,-88.14750216743327,Lake
"Deer Lake",42.482282514401646,-88.03633908653741,Lake
"Sand Lake",42.410722342770136,-88.04042833214004,Lake
"Wind Lake",42.82506580186654,-88.13774998816258,Lake
"Pike Marsh",42.310585926850926,-88.22182785540721,Lake
"Lulu Lake",42.832833610662824,-88.4503508467686,Lake
"Elizabeth Lake",42.499893947016304,-88.27626563438304,Lake
"Antioch Lake",42.46724721064061,-88.09936497433014,Lake
"Skokie Lagoons",42.127250609721045,-87.77767457110649,Lake
"Sterling Lake",42.4753275195233,-87.93952825196911,Lake
"Honey Lake",42.20120947036302,-88.13039997147175,Lake
"Channel Lake",42.48459274360181,-88.1444017246918,Lake
"Army Lake",42.809524422318766,-88.38179832199216,Lake
"Crystal Lake",42.23487186378689,-88.3581166546865,Lake
"Lake Beulah",42.81989753383537,-88.39328971072868,Lake
"Saint Marys Lake",42.281292450924255,-87.99201551342021,Lake
"Fourth Lake",42.390688813803386,-88.0360073065229,Lake
"Lilly Lake",42.56341435608673,-88.21239463515784,Lake
"Paddock Lake",42.57283305609826,-88.10254976684969,Lake
"Minear Lake",42.29305554264544,-87.94469280989266,Lake
"Pell Lake",42.54107127989132,-88.35988291388574,Lake
"Lily Lake",42.32721107327114,-88.20622862350687,Lake
"Lake Zurich",42.19716892593652,-88.10482358627323,Lake
"Wonder Lake",42.38739094909459,-88.3544012624547,Lake
"Lake Barrington",42.21977135315003,-88.14650540256893,Lake
"Benedict Lake",42.53535488413371,-88.30385225654521,Lake
"Bangs Lake",42.26679442746454,-88.13119231659866,Lake
"White Lake",42.45391378657303,-88.04199312536491,Lake
"Waterford Lake",42.42680393405183,-88.02534878540344,Lake
"Browns Lake",42.686673622312384,-88.24177801802303,Lake
"Pistakee Lake",42.386917865648904,-88.19579795422312,Lake
"Bohner Lake",42.62794913489734,-88.28385627086864,Lake
"Montgomery Lake",42.55205512439006,-88.08656170290911,Lake
"Lower Phantom Lake",42.85873624868304,-88.34770815755098,Lake
"Turner Lake",42.450409735582795,-88.19116129900735,Lake
"Volo Bog",42.348491682819954,-88.1844642361466,Lake
"Diamond Lake",42.24995207500032,-88.00763157509307,Lake
"Duck Lake",42.37908364789236,-88.15520086218869,Lake
"Defiance Lake",42.316170878114534,-88.22851489586677,Lake
"Saylesville Millpond",42.953141188777614,-88.32843878386151,Lake
"Slocum Lake",42.26049248428786,-88.18976084190125,Lake
"Hawley Lake",42.13446931188293,-88.15703808898567,Lake
"Third Lake",42.37057741347561,-88.01479908399006,Lake
"Round Lake",42.36678620407234,-88.08216867300061,Lake
"Grass Lake",42.44357123185093,-88.16133475694136,Lake
"Waubeesee Lake",42.816442437669494,-88.16960299783304,Lake
"Brandenburg Lake",42.36512646281614,-88.1829269138145,Lake
"Tower Lake",42.23163883136778,-88.1541408299328,Lake
"Miltmore Lake",42.39693672220023,-88.04149247926793,Lake
"Island Lake",42.278774198552426,-88.19818860325063,Lake
"Countryside Lake",42.25213581018166,-88.0456513844348,Lake
"Long Lake",42.71053258582767,-88.26741393432465,Lake
"Voltz Lake",42.50728398466395,-88.0847006696448,Lake
"Center Lake",42.535688553274774,-88.13385098563252,Lake
"Powers Lake",42.5446203033354,-88.30015366260851,Lake
"Baker Lake",42.14207746066124,-88.12354408605341,Lake
"Grays Lake",42.342629000451154,-88.0487001620333,Lake
"Eagle Spring Lake",42.8502442742432,-88.44310131038242,Lake
"Honey Lake",42.7154343068004,-88.31072012813551,Lake
"East Loon Lake",42.456101068248216,-88.07354044955592,Lake
"Dunns Lake",42.42426053398965,-88.190952688207,Lake
"Wooster Lake",42.36491928860281,-88.15034827877363,Lake
"Benet Lake",42.503838443361154,-88.07015709615308,Lake
"Bluff Lake",42.453257321637516,-88.12948431943316,Lake
"Potter Lake",42.8163477509918,-88.34861477415967,Lake
"Lake Killarney",42.23864955665562,-88.25821211418544,Lake
"Booth Lake",42.80088980377293,-88.42949818674758,Lake
"Crooked Lake",42.42411301021856,-88.0512476728497,Lake
"Willow Springs Lake 3.10",42.92517189953433,-88.36901867844004,Lake
"Lake Denoon",42.846580308581814,-88.17028994595789,Lake
"Fish Lake",42.33505460391325,-88.15625504274477,Lake
"Silver Lake",42.47260795647336,-88.07428335917815,Lake
"Loon Lake",42.4519493819472,-88.08481142451436,Lake
"3 Reservoir",42.56902308745782,-88.38361687281768,Lake
"McCullom Lake",42.360556263324845,-88.29121637694875,Lake
"Wold Lake",42.33342967193666,-88.3704437298434,Lake
"Cotton Creek Marsh",42.24859851521884,-88.20111661092083,Lake
"Nippersink Lake",42.40967297766266,-88.15916462189398,Lake
"Redwing Slough Lake",42.476154746959345,-88.05148074447764,Lake
"Gages Lake",42.34906686229953,-87.9954893719469,Lake
"Lake Marie",42.46992912421782,-88.13395466256199,Lake
"Grand Mere Lakes",42.00790064144289,-86.54389836755732,Lake
"Little Bear Lake",42.405762865191164,-86.03951026790678,Lake
"Miner Lake",42.56968154437613,-85.79393690217634,Lake
"Lake Allegan",42.548299320921494,-85.90182477487438,Lake
"Shafer Lake",42.19149549903109,-86.10271673228992,Lake
"Miller Lake",42.57202900259291,-85.66733287113875,Lake
"South Lake",42.26980872779532,-85.6926681574978,Lake
"Maple Lake",42.22659344133819,-85.89180929077096,Lake
"Reynolds Lake",42.20192211747775,-85.99895893141603,Lake
"Lake Eleven",42.396762597047854,-86.0122855325866,Lake
"Saddle Lake",42.38152929593011,-86.04947933472599,Lake
"Pine Lake",42.494499526170145,-85.52606239970133,Lake
"Eagle Lake",42.169624780303586,-85.97507179388381,Lake
"Atwater Millpond",42.232455183014714,-85.6569846091847,Lake
"Van Auken Lake",42.25493211962408,-86.1850991577745,Lake
"Long Lake",42.19563351694791,-85.52034654899163,Lake
"Little Paw Paw Lake",42.2186539298581,-86.28925057975844,Lake
"Lake Fourteen",42.382889544042314,-86.0171208383428,Lake
"South Scott Lake",42.324213201682745,-86.00110856093188,Lake
"Warner Lake",42.471504866933195,-85.5259107186474,Lake
"Lake Doster",42.44746874707061,-85.55173285300117,Lake
"Paw Paw Lake",42.20845977510477,-86.26775800751582,Lake
"Hutchins Lake",42.58149963424037,-86.13075547832335,Lake
"Lake Sixteen",42.47001468541648,-85.84320914987428,Lake
"Upjohn Pond",42.20499910085403,-85.54912923551257,Lake
"Lyons Lake",42.30733300108775,-85.51235625869522,Lake
"Twin Lakes",42.03427612078937,-86.04810346404163,Lake
"Pine Lake",42.053633941151446,-85.81128336789536,Lake
"Duck Lake",42.426449178029195,-85.90301902292,Lake
"Cedar Lake",42.08876263488209,-85.83373672015384,Lake
"Wetmore Lake",42.592697762671484,-85.83418868059194,Lake
"Asylum Lake",42.26679454061852,-85.64172352769707,Lake
"Gravel Lake",42.078173971468566,-85.86925334708324,Lake
"Baker Lake",42.64700630831533,-85.50468509586291,Lake
"Lester Lake",42.42858889106845,-86.08306460917356,Lake
"School Lake",42.11616679242983,-86.0583790833864,Lake
"Eagle Lake",42.42265407008553,-85.92766985878716,Lake
"Round Lake",42.08044761901932,-86.21038877782333,Lake
"Big Lake",42.55663272111537,-85.68748125782648,Lake
"North Lake",42.33235250514489,-85.82476518007584,Lake
"Cable Lake",42.0660273413812,-86.19610799489081,Lake
"Dumont Lake",42.5927402042614,-85.85884423830649,Lake
"Upper Scott Lake",42.478791573694366,-86.06616722598027,Lake
"Pipestone Lake",42.0837678160279,-86.24201601085126,Lake
"Great Bear Lake",42.369868736055835,-85.99285359126135,Lake
"Lower Jeptha Lake",42.33919901349162,-86.02243562779152,Lake
"Kimble Lake",42.089805865326255,-85.54185545617499,Lake
"Emerson Lake",42.44731650308359,-85.87674542225918,Lake
"Spring Valley Lake",42.31454774716941,-85.554773074169,Lake
"Knickerbocker Lake",42.10341857299741,-86.05778194366417,Lake
"Osterhout Lake",42.434680163215695,-86.03950013791489,Lake
"Crooked Lake",42.20675339329623,-85.7020991858449,Lake
"Selkirk Lake",42.61014223905962,-85.62641103929357,Lake
"Pretty Lake",42.19328500288797,-85.72907231835487,Lake
"West Lake",42.187443181497514,-85.57587962789908,Lake
"Saddlebag Lake",42.05793915860834,-85.86953007659878,Lake
"Sunset Lake",42.13366199485385,-85.53312130714374,Lake
"North Scott Lake",42.33007725567334,-85.99849109295238,Lake
"Gourdneck Lake",42.156541754782154,-85.58085284329606,Lake
"Gun Lake",42.60611668018665,-85.5219460277409,Lake
"Brownwood Lake",42.241625660287184,-85.91616361637851,Lake
"Fish Lake",42.55185899329641,-85.49809837315878,Lake
"Swan Lake",42.4648095613331,-85.95804403948178,Lake
"Hogset Lake",42.14908139287568,-85.58792183499853,Lake
"Little Bankson Lake",42.13157963003111,-85.79233296893433,Lake
"Lake Macatawa",42.783469265614585,-86.16114648854385,Lake
"Schermerhorn Lake",42.48459595720621,-85.91496531182534,Lake
"Base Line Lake",42.42621895322587,-85.85668673305044,Lake
"Rush Lake",42.241225861464976,-86.20710898169078,Lake
"North Lake",42.378386982794474,-86.07157920914034,Lake
"Christie Lake",42.17184638646231,-86.01046820930901,Lake
"Upper Jeptha Lake",42.347442056697226,-86.01176365468906,Lake
"East Lake",42.64792592561091,-85.76704616241265,Lake
"Payne Lake",42.63814825882513,-85.51776361293265,Lake
"Paw Paw Lake",42.16103252457158,-85.74930898782044,Lake
"Swift Lake",42.07544878050027,-85.885862331435,Lake
"Austin Lake",42.17515404024669,-85.5522045885579,Lake
"Huzzy Lake",42.13385080852368,-85.81945985584416,Lake
"Fennessy Lake",42.9521688439572,-85.7890698674388,Lake
"Green Lake",42.75309827544948,-85.59356704176757,Lake
"Swan Creek Marsh",42.585854971253525,-85.98087376069151,Lake
"Swan Creek Pond",42.54765979675735,-85.98288606716515,Lake
"Reeds Lake",42.950098468134634,-85.60102807570316,Lake
"Lake Cora",42.20334214054388,-85.98181561764093,Lake
"Pond Lily Lake",42.139894608903624,-86.03307340697944,Lake
"Copley Lake",42.007456694715245,-85.88468107816662,Lake
"Schnable Lake",42.52332387722649,-85.69089106858858,Lake
"Lower Scott Lake",42.488087550236436,-86.07350062451371,Lake
"Portage Lake",42.04740999465702,-85.51224648421115,Lake
"Brandywine Lake",42.34921836044099,-85.85519393641677,Lake
"Barlow Lake",42.66906634881281,-85.51950433629663,Lake
"Shelp Lake",42.503539268648765,-85.50245246104836,Lake
"Bankson Lake",42.11898906697003,-85.79177202845038,Lake
"Cobb Lake",42.65275509583888,-85.53547242057957,Lake
"Round Lake",42.55128735288385,-86.01297837301996,Lake
"School Section Lake",42.29218038110188,-85.94538422971804,Lake
"Ackley Lake",42.23112001639181,-85.87961986727316,Lake
"Indian Lake",42.14860216183705,-85.4865395965931,Lake
"Silver Lake",42.389306558577076,-86.06025387413142,Lake
"Mud Lake",42.132565792162325,-85.5060777471991,Lake
"Clear Lake",42.41095478455379,-85.81745216593092,Lake
"Pine Lake",42.107630874524425,-86.08172252193738,Lake
"Eagle Lake",42.215946596745255,-85.72012186014936,Lake
"Silver Lake",42.45881503254256,-85.53791979019174,Lake
"Threemile Lake",42.19227669452783,-85.9536619649549,Lake
"Sugarloaf Lake",42.162431407303174,-85.62914613810821,Lake
"Dewey Lake",42.05331823352655,-86.18303001004149,Lake
"Mud Lake",42.168207724446745,-85.7033403146651,Lake
"Sink Lake",42.657886530588826,-86.00366918010342,Lake
"Minkler Lake",42.44772079208983,-85.84968493435169,Lake
"Muskrat Lake",42.41543033913483,-85.91314757509925,Lake
"Grass Lake",42.10476956944,-85.82988183393614,Lake
"Howard Lake",42.08082453811098,-85.58993064205745,Lake
"Hemlock Lake",42.06379105400136,-85.80746018838417,Lake
"Duncan Lake",42.755500606467585,-85.53214009881326,Lake
"Coffee Lake",42.39401022125697,-86.0839226311073,Lake
"Mill Lake",42.375550746491584,-85.89969003899884,Lake
"Lake of the Woods",42.113390705628035,-85.99536021518445,Lake
"Keeler Lake",42.10537340036829,-86.13236150932832,Lake
"Mud Lake",42.636664660325536,-85.6054013871133,Lake
"Long Lake",42.62107016452468,-85.50256786227416,Lake
"Magician Lake",42.06669658830752,-86.16934765213912,Lake
"Cowham Lake",42.016017288331696,-85.88939401193464,Lake
"Little Sugarloaf Lake",42.15522758689546,-85.63810464305445,Lake
"Sweet Lake",42.41488365813916,-85.89091898491048,Lake
"Little Cedar Lake",42.0803323067447,-85.84075932206365,Lake
"Crooked Lake",42.523184210582635,-86.02259820446866,Lake
"Martin Lake",42.35825290559878,-85.9293914285217,Lake
"Crooked Lake",42.077443542823374,-86.19513333669873,Lake
"Thrall Lake",42.121523801242276,-85.5065350910631,Lake
"Brown Lake",42.10151936791628,-86.18785611985297,Lake
"Chief Noonday Lake",42.64171623554023,-85.50812677797786,Lake
"Barton Lake",42.093631452186045,-85.55904828371469,Lake
"Fish Lake",42.04932347966422,-85.87116193483335,Lake
"Crooked Lake",42.491856227979795,-85.4324843155756,Lake
"Big Cedar Lake",42.51254057001288,-85.34767028499789,Lake
"West Gilkey Lake",42.44903148783306,-85.47383311766924,Lake
"Graham Lake",42.22092381797663,-85.19293641326519,Lake
"Gilkey Lake",42.481505049300175,-85.35957697968259,Lake
"Pine Lake",42.42648747160767,-84.93973228330195,Lake
"Sonoma Lake",42.2259227258054,-85.22751502506058,Lake
"Bailey Lake",42.97830742916292,-85.41647571173709,Lake
"Campbell Lake",42.8109594635432,-85.42551213017599,Lake
"Morrow Lake",42.277620676817406,-85.453147478542,Lake
"Indian Lake",42.4364958746616,-85.46918861448371,Lake
"Prairie Lake",42.345013740716944,-84.79642217072008,Lake
"Bawker Lake",42.5475915773003,-85.35117602527725,Lake
"Beadle Lake",42.27609390023977,-85.14586791126312,Lake
"Guernsey Lake",42.55141210126818,-85.41112822415131,Lake
"Little Long Lake",42.42325462781116,-85.443132298629,Lake
"Number Twenty-one Lake",42.54222123618462,-85.37917888277431,Lake
"Stuart Lake",42.23295420380292,-84.94112383269682,Lake
"Wilbur Lake",42.12248768946566,-84.63346412640361,Lake
"Lee Lake",42.180609547197776,-85.11899251181681,Lake
"Gull Lake",42.39726314523924,-85.4111064787516,Lake
"Winnipeg Lake",42.30461187329863,-84.81122552571749,Lake
"Burnham Lake",42.2745523026389,-85.33211741401134,Lake
"Saubee Lake",42.729518213479274,-85.05878539399436,Lake
"Pine Lake",42.57265199511437,-85.39216522018096,Lake
"Bear Lake",42.4010388751102,-85.17258036696894,Lake
"Long Lake",42.47500912929089,-85.24347375456796,Lake
"School Pond",42.46348339718002,-85.37327141160354,Lake
"Lake of the Woods",42.36470109849889,-84.92591915478278,Lake
"Montcalm Lake",42.27223028247922,-84.79576860912891,Lake
"Campbell Lake",42.32236572491846,-85.46984900670026,Lake
"Head Lake",42.57064655007257,-85.38308142863053,Lake
"Potter Lake",42.342495416399494,-84.9658197519194,Lake
"Carter Lake",42.67048917912864,-85.30930383419914,Lake
"Vincent Lake",42.06063073324694,-85.00883229845661,Lake
"Muskrat Lake",42.91110072416068,-84.5902997025233,Lake
"Saint Marys Lake",42.378517333866895,-85.18358303817952,Lake
"Mill Lake",42.45544532484899,-85.26290149066322,Lake
"East Shed Lake",42.09109311200553,-84.95790642663991,Lake
"Podunk Lake",42.61170180997068,-85.35030342500191,Lake
"Leach Lake",42.68649100779334,-85.28442002584194,Lake
"Wall Lake",42.51937877865171,-85.38590747968233,Lake
"Otis Lake",42.61014457696411,-85.41516321667828,Lake
"Reynolds Lake",42.18440243488394,-84.61541879483923,Lake
"Algonquin Lake",42.67183597655232,-85.33305453337535,Lake
"Portage Lake",42.260101921442796,-85.35212453323943,Lake
"Pickerel Lake",42.16825330488588,-85.48735048250667,Lake
"Pratt Lake",42.88176184719369,-85.32076561933924,Lake
"Bassett Lake",42.66371672510358,-85.48469654395454,Lake
"Middle Lake",42.694800374708166,-85.26934529267422,Lake
"Stewart Lake",42.56759695306174,-85.4512422651558,Lake
"Hall Lake",42.615208833558036,-85.48185760638091,Lake
"Clark Lake",42.35572817606473,-84.75173498405631,Lake
"Tupper Lake",42.78405390895685,-85.11777958736393,Lake
"Thornapple Lake",42.623068498240926,-85.18885652842239,Lake
"Nottawa Lake",42.15437461305309,-84.98455678477498,Lake
"Lake Geneva",42.833447124412146,-84.58261645266708,Lake
"Whitford Lake",42.309404862094354,-85.35584749212823,Lake
"Horseshoe Lake",42.08921134908265,-84.56824276842819,Lake
"Cotton Lake",42.215899870616425,-85.1724171806546,Lake
"Homer Lake",42.13875143150352,-84.82163292695505,Lake
"Saddlebag Lake",42.72520625243982,-85.07690804069216,Lake
"Three Lakes",42.35166834095567,-85.43293212929487,Lake
"Mud Lake",42.41874713176272,-85.03222064432454,Lake
"Shallow Lake",42.523313668808775,-85.36076137691622,Lake
"Eagle Lake",42.325655856584845,-85.3211934060103,Lake
"Gurley Lake",42.413495808113026,-84.70624934730581,Lake
"Hodunk Pond",42.01045143239806,-85.05011316111687,Lake
"Wilkinson Lake",42.52532679263817,-85.41430203927631,Lake
"Miller Lake",42.43595784291886,-85.49106959492266,Lake
"Sessions Lake",42.938406501646334,-85.12697664457019,Lake
"Fine Lake",42.44629727601477,-85.28957277294357,Lake
"Clear Lake",42.38952011180443,-85.091493531163,Lake
"Halls Lake",42.30833453249115,-84.77795481952305,Lake
"Duck Lake",42.386418965248424,-84.78561118610715,Lake
"Cedar Lake",42.211783277860285,-84.99473034474624,Lake
"Loomis Lake",42.552664471697874,-85.42488394446994,Lake
"Garfield Lake",42.40430692109549,-84.95393786242106,Lake
"Spectacle Lake",42.23951316541195,-84.79737602801313,Lake
"Long Lake",42.55364165022884,-85.37709194247874,Lake
"East Lake",42.22917445613401,-85.49306123256879,Lake
"Union Lake",42.052103224183696,-85.18291414801499,Lake
"Blossom Lake",42.007972543381236,-85.2803236441021,Lake
"Stony Lake",42.3774927338532,-85.34597446183459,Lake
"Harts Lake",42.30730687552807,-85.28400471720819,Lake
"Turtle Lake",42.10235348678979,-85.12504204459186,Lake
"Swains Lake",42.1529710096124,-84.65007977700749,Lake
"Mill Pond",42.177123320490665,-84.62818258015143,Lake
"Lyon Lake",42.18852065978585,-84.966925964784,Lake
"Oliverda Lake",42.04146817192726,-85.25200147099657,Lake
"Bristol Lake",42.48884936750477,-85.24599058978542,Lake
"Warner Lake",42.14910243269423,-85.05037059278196,Lake
"Grassy Lake",42.395524263253265,-85.43625198812889,Lake
"Narrow Lake",42.43265237857292,-84.77495405300873,Lake
"Fish Lake",42.180321821895625,-84.97899281400603,Lake
"Goguac Lake",42.285940742402104,-85.21474351226772,Lake
"Wabascon Lake",42.412488577864934,-85.2177940266549,Lake
"Lacey Lake",42.5294573959716,-84.97084445699043,Lake
"Holcomb Lake",42.50715876801978,-85.43314034551943,Lake
"Clear Lake",42.510099877093516,-85.26948893259441,Lake
"Jordan Lake",42.76845555197233,-85.14255643854762,Lake
"Ackley Lake",42.40887983159451,-84.9835070726294,Lake
"Sherman Lake",42.34908607911093,-85.39168442984308,Lake
"Morrison Lake",42.861154725807765,-85.21179560028975,Lake
"Campau Lake",42.840630119832475,-85.44882013295957,Lake
"Fair Lake",42.48643477774981,-85.33178166914597,Lake
"Bullhead Lake",42.4531017918224,-85.41426573997349,Lake
"Big Marsh Lake",42.39506717886671,-84.99312288170302,Lake
"Quaker Lake",42.05035766974099,-84.83569723373893,Lake
"Kenyon Lake",42.04974958086875,-85.25152720060476,Lake
"Bell Lake",42.3648053497184,-84.75319056943431,Lake
"Upper Brace Lake",42.22777905780103,-84.94534151587084,Lake
"Cloverdale Lake",42.53782507447431,-85.3998113326314,Lake
"Moore Lake",42.60888328041006,-83.6032194302445,Lake
"Chilson Impoundment",42.515655841320786,-83.86185238879075,Lake
"Whitewood Lakes",42.43811015496459,-83.87163284346762,Lake
"Goodrich Millpond",42.91167135296557,-83.50553391445807,Lake
"Lobdell Lake",42.77951653677052,-83.82514165654072,Lake
"Bullard Lake",42.64203032737609,-83.70745121586168,Lake
"Fay Lake",42.1244423275217,-84.17400620175435,Lake
"Center Lake",42.21177479817273,-84.30996476196667,Lake
"Crooked Lake",42.3243520193939,-84.11387556494621,Lake
"Wildwing Lake",42.525824855075726,-83.67361535480836,Lake
"Putnam Lake",42.4763447897239,-83.97643106131241,Lake
"Cordley Lake",42.44897119521031,-83.87338850839517,Lake
"Joslin Lake",42.14715455301344,-83.91098831170201,Lake
"Mud Lake",42.086742136650756,-84.14849133603991,Lake
"Duck Lake",42.676196596834046,-83.59331554932866,Lake
"Pine Lake",42.83628027829584,-83.67364120950252,Lake
"Thread Lake",42.99889009442964,-83.66928536414989,Lake
"Shiawassee Pond",42.92332485697913,-84.07237564691292,Lake
"Indian Lake",42.73737550477361,-83.8897446832802,Lake
"Mallard Lake",42.482608128611034,-83.71038156054789,Lake
"Lake Ponemah",42.81723352479133,-83.7428647644217,Lake
"Whalen Lake",42.66905885781614,-83.70970112028442,Lake
"Crooked Lake",42.41917595131049,-83.98321020282812,Lake
"Cassidy Lake",42.347584416050154,-84.07909470472823,Lake
"Dunham Lake",42.651176596503404,-83.67775690810555,Lake
"Lake Chemung",42.58143750221167,-83.84462873077698,Lake
"Stony Lake",42.07055556479221,-84.19541069283952,Lake
"Beach Lake",42.55765346223553,-83.70930933946367,Lake
"Whitmore Lake",42.42793491312333,-83.75385881797185,Lake
"Iron Mill Pond",42.09798817637893,-84.09104065902868,Lake
"Zukey Lake",42.44930962620021,-83.84862885708918,Lake
"Independence Lake",42.40559364000726,-83.80275470501383,Lake
"Bessey Lake",42.188040621190375,-84.16900721272773,Lake
"Lake Somerset",42.05547385695476,-84.38018898312005,Lake
"Watson Lake",42.42350779010385,-84.02795044585426,Lake
"Crispell Lake",42.11260846288596,-84.44291193754421,Lake
"Rush Lake",42.47164805530352,-83.88703466872344,Lake
"Little Cedar Lake",42.31552623922138,-84.08118258830176,Lake
"Winnewana Impoundment",42.354154238977195,-84.104240370735,Lake
"Dewey Lake",42.0326295393936,-84.22185731203182,Lake
"McCaslin Lake",42.81232648288788,-83.85659774663819,Lake
"Tipsico Lake",42.717548938686335,-83.67706218074439,Lake
"Brill Lake",42.28702875614608,-84.2992621637804,Lake
"Grass Lake",42.263238918167204,-84.21573522601163,Lake
"Price Lake",42.20723067893737,-84.2866112032053,Lake
"Gorman Lake",42.362311048299325,-84.04550011654506,Lake
"Belleville Lake",42.21189508928163,-83.4925339098285,Lake
"Shinanguag Lake",42.89482120545195,-83.49917691004731,Lake
"Wildwood Lake",42.807323112483715,-83.52710508745226,Lake
"Mill Lake",42.32873758615754,-84.08973770029785,Lake
"Iron Lake",42.0591216826195,-84.1632120337089,Lake
"Round Lake",42.219968387959675,-84.32805455894123,Lake
"Green Oak Lake",42.46596943596016,-83.72301145067169,Lake
"Joslin Lake",42.418137785340434,-84.0708021735956,Lake
"Little Portage Lake",42.414163748124224,-83.93095953031047,Lake
"Haven Hill Lake",42.64398752660318,-83.55617050204862,Lake
"Green Lake",42.36810605484164,-84.07237023586721,Lake
"Cavanaugh Lake",42.317813928235154,-84.10132391567444,Lake
"Marl Lake",42.78366798840274,-83.76476570167272,Lake
"Lake Walden",42.64486634229597,-83.76756118690791,Lake
"Deep Lake",42.032127658863786,-84.23622348934661,Lake
"Welch Lake",42.30279419505795,-84.25132664045182,Lake
"Island Lake",42.37518019993055,-84.04632820955939,Lake
"Riker Lake",42.37252139670213,-83.99314033015648,Lake
"Slack Lake",42.87218147857953,-83.61121389818379,Lake
"Round Lake",42.62683794635328,-83.7419561699711,Lake
"Coon Lake",42.535078444793754,-83.91756684183689,Lake
"Silver Fox Lake",42.478107349308324,-83.72264612649828,Lake
"Lake Braemar",42.747728499701395,-83.59382669354406,Lake
"Pond Lily Lake",42.314455405139014,-84.14355304540013,Lake
"Vandercook Lake",42.18951976075749,-84.40377047536224,Lake
"North Commerce Lake",42.58276089326151,-83.49414543851306,Lake
"Runyan Lake",42.76089094951399,-83.74937798058706,Lake
"Shannon Lake",42.71385848197037,-83.79242578190065,Lake
"Washington Lake",42.05079637991667,-84.21003615447546,Lake
"Inchwagh Lake",42.44990548021194,-83.68188515895781,Lake
"Bass Lake",42.454607370972674,-83.8603348027711,Lake
"Norvell Lake",42.15389864996965,-84.19736020710708,Lake
"Ten Mile Lake",42.460379778792145,-83.71168347837818,Lake
"Fourmile Lake",42.33691943560145,-83.97017355015899,Lake
"Lake Ovid",42.93553302995376,-84.41341158080185,Lake
"Wolf Lake",42.19524267455982,-84.24078924658316,Lake
"Lake Sherwood",42.59308074194371,-83.54467860683903,Lake
"Horseshoe Lake",42.401046114687304,-83.7569508151773,Lake
"West Lake",42.362785309225416,-84.00800327984118,Lake
"Long Lake",42.35087672849225,-84.06246247492105,Lake
"Maxfield Lake",42.62564212151255,-83.7258317877947,Lake
"Upper Pettibone Lake",42.665617551969305,-83.61202651740369,Lake
"Ryan Lake",42.777600188500124,-83.85894281962452,Lake
"Lake Lansing",42.757592760798325,-84.40087443010339,Lake
"Lake Neva",42.63777711752463,-83.51781293708828,Lake
"Atlas Millpond",42.93442573134875,-83.52679460817181,Lake
"Markla Lake",42.38518648130749,-84.17209940294549,Lake
"Lehman Lake",42.3060566526919,-84.11934088699347,Lake
"Silver Lake",42.41955066492743,-83.96290739055087,Lake
"Long Lake",42.61900214675676,-83.73710960214638,Lake
"Dickinson Lake",42.80602165503275,-83.66627719111911,Lake
"Twin Lakes",42.07560730290411,-84.11198336224932,Lake
"East Crooked Lake",42.54712319835546,-83.84533816393085,Lake
"Portage Lake",42.42831747307879,-83.91267879833485,Lake
"White Lake",42.6691246412054,-83.56510513558577,Lake
"Aanikegamaa Lake",42.827489173111296,-83.74752209016805,Lake
"Louise Lake",42.74712014196947,-83.85993977922857,Lake
"Watkins Lake",42.12533626936184,-84.13555488157941,Lake
"Proud Lake",42.56753522003793,-83.52913613400308,Lake
"Copneconic Lake",42.87005175637948,-83.68387707426315,Lake
"Island Lake",42.509710007076094,-83.74030737237861,Lake
"Barton Pond",42.31590368227056,-83.77686747130353,Lake
"Lake Iroquois",42.83033349137808,-83.67124276825861,Lake
"McKane Lake",42.796798170709096,-83.88645118519688,Lake
"Olcott Lake",42.19303655708401,-84.27047286180756,Lake
"Willet Lake",42.051469973467896,-84.49191084461062,Lake
"Sloan Lake",42.581644278727,-83.67509269676474,Lake
"Clifford Lake",42.53894026468063,-83.84959768807533,Lake
"Bently Lake",42.493751749196576,-83.95199053137006,Lake
"Blind Lake",42.41587293297338,-84.02038204388371,Lake
"Silver Lake",42.797323927935295,-83.75295272767667,Lake
"Pardee Lake",42.53238120207012,-83.9086100231009,Lake
"Stony Lake",42.15338643643271,-84.28485786393412,Lake
"Bitten Lake",42.602541187777014,-83.74558254509566,Lake
"Brendel Lake",42.6393671160507,-83.50803773918008,Lake
"Rattalee Lake",42.77762519478714,-83.58466984998466,Lake
"Columbia Lake",42.1613531299521,-83.9450045066723,Lake
"Gilletts Lake",42.264199352905784,-84.31274514702794,Lake
"West Crooked Lake",42.54257870433611,-83.85739811726388,Lake
"Hoisington Lake",42.76989406631174,-83.79955904510034,Lake
"Round Lake",42.08836263448194,-84.47357816962455,Lake
"Base Line Lake",42.42425849292508,-83.89548479941791,Lake
"Eliza Lake",42.766436110369845,-83.52328718190033,Lake
"Tyrone Lake",42.693559127040054,-83.72502447037374,Lake
"Goose Lake",42.057669313566535,-84.33841307658267,Lake
"Batteese Lake",42.3999766524347,-84.3237228114505,Lake
"Pleasant Lake",42.39018725459977,-84.34645349114987,Lake
"Wolverine Lake",42.553339065267195,-83.48774774152385,Lake
"Lake Victoria",42.91812518114483,-84.37689836104079,Lake
"Pleasant Lake",42.51432213411123,-83.94852887563604,Lake
"White Lake",42.35797957086326,-84.34631050960192,Lake
"Mud Lake",42.348595697584145,-84.12802425393872,Lake
"Clear Lake",42.33242215342259,-84.14942945257576,Lake
"Hamburg Lake",42.4374111318023,-83.79632214905098,Lake
"Crotched Lake",42.81862760199386,-83.59957786993147,Lake
"Sugarloaf Lake",42.34308120349253,-84.11543600292104,Lake
"Byram Lake",42.80575850974471,-83.79273995272095,Lake
"Sand Lake",42.05013453384735,-84.13827076140296,Lake
"Round Lake",42.87757614813512,-84.44538811379448,Lake
"Bruin Lake",42.419420380260064,-84.03782339270765,Lake
"Handy Lake",42.63240555310407,-83.72648657923786,Lake
"Earl Lake",42.6010492750996,-83.89428013847524,Lake
"Winans Lake",42.476732784195505,-83.82858045281544,Lake
"Patterson Lake",42.435309165009585,-84.02816849710199,Lake
"Halfmoon Lake",42.41916270563799,-84.0126631148026,Lake
"Phipps Lake",42.84551149933289,-83.50391279339652,Lake
"Appleton Lake",42.50984363379726,-83.83366655382284,Lake
"Tioga Lake",42.44830024412133,-83.8927156320239,Lake
"Pleasant Lake",42.20335516230035,-83.95300892546382,Lake
"Highland Lake",42.663252931105994,-83.64922339109839,Lake
"Manitou Lake",42.9244288966482,-84.20408702220331,Lake
"Vineyard Lake",42.08894428950123,-84.21017290924766,Lake
"Skiff Lake",42.11836667387796,-84.4053105706395,Lake
"Bogie Lake",42.61956810907843,-83.5057487391795,Lake
"School Lake",42.560184643783735,-83.75026612214573,Lake
"Ellsworth Lake",42.421369305080795,-84.09950840454297,Lake
"Lower Pettibone Lake",42.62419874614865,-83.60900923967202,Lake
"Hubbell Pond",42.58600146839079,-83.61052664454107,Lake
"Grass Lake",42.66809210651276,-83.54251451054577,Lake
"Lombard Lake",42.03256803222316,-84.40310970559936,Lake
"South Commerce Lake",42.57318199670747,-83.50014164125439,Lake
"Williamsville Lake",42.43779922819935,-84.10438306498386,Lake
"Lake Lahring",42.84315061229431,-83.60710234082735,Lake
"Fagan Lake",42.85411098807222,-83.61672142172635,Lake
"Fish Lake",42.70105672819648,-83.65357292922351,Lake
"Eagle Lake",42.32407955939846,-84.29438322176911,Lake
"Woodland Lake",42.55502183162349,-83.77812842258601,Lake
"Evans Lake",42.05621504490565,-84.11596699238535,Lake
"Fonda Lake",42.514411611686505,-83.75110526936344,Lake
"North Lake",42.39292466281042,-84.00577095996694,Lake
"South Lake",42.398425542824555,-84.06809306343744,Lake
"Loon Lake",42.835007984403255,-83.7541655498139,Lake
"Seven Lakes",42.8116363085009,-83.67567581424525,Lake
"Grassy Lake",42.0432092811093,-84.24539028865563,Lake
"Leisure Lake",42.95330789645376,-83.96472863518177,Lake
"Park Lake",42.78901506456985,-84.44105167679568,Lake
"Teeple Lake",42.62784866936516,-83.55067099259668,Lake
"Thompson Lake",42.61051821236158,-83.9132349946783,Lake
"Bush Lake",42.804122083040895,-83.61616211381698,Lake
"Pine Lake",42.79541453324682,-83.76924991329719,Lake
"Clark Lake",42.1196861915223,-84.31920234889142,Lake
"Triangle Lake",42.52990512100713,-83.96125419068329,Lake
"Sutton Lake",42.25625006762496,-83.93922767848957,Lake
"Ford Lake",42.2175546601542,-83.58774816732587,Lake
"Murray Lake",42.78866091247145,-83.85935130034714,Lake
"Wamplers Lake",42.07105959541106,-84.15756069929601,Lake
"Kelly Lake",42.05330205979601,-84.17192453482029,Lake
"Sears Lake",42.59182367265038,-83.65223637112062,Lake
"Loon Lake",42.54871500057462,-83.53010403370068,Lake
"Ore Lake",42.480223328704106,-83.79653389752977,Lake
"Fausett Lake",42.696810139424265,-83.86675638341413,Lake
"Tims Lake",42.28138730501557,-84.21678496512365,Lake
"Ackerson Lake",42.18713703873433,-84.35364972976235,Lake
"Spring Lake",42.819211418480656,-83.58802861575015,Lake
"Kent Lake",42.536288941061464,-83.64452433253214,Lake
"Crooked Lake",42.83226523953969,-83.69356384472205,Lake
"Briggs Lake",42.512729612902355,-83.73133974465945,Lake
"Bishop Lake",42.50009153467784,-83.84616579099611,Lake
"Big Lake",42.721687916310024,-83.52003358525684,Lake
"Wolf Lake",42.05658713231987,-84.19339428718672,Lake
"Little Stony Lake",42.04388729873471,-84.2237493497694,Lake
"South Lake",42.040552740675594,-84.28776410062312,Lake
"Little Olcott Lake",42.1940988509835,-84.2812143309174,Lake
"Fish Lake",42.45551326843024,-83.72439968336654,Lake
"Lake Columbia",42.09151844011815,-84.300466245866,Lake
"Farewell Lake",42.0862051048588,-84.48697855218413,Lake
"Wildwood Lake",42.417480243738865,-83.7746272740088,Lake
"Oneida Lake",42.46702112243347,-83.84837464186593,Lake
"Buckhorn Lake",42.72967530573321,-83.62353001587643,Lake
"Sweezey lake",42.16326288755853,-84.16441882355865,Lake
"Red Millpond",42.0228686463713,-83.94844217752859,Lake
"Pickerel Lake",42.03740984759676,-84.27012865967433,Lake
"Cedar Lake",42.531174622338405,-83.98911454334329,Lake
"Lowe Lake",42.49923638329589,-84.17253612852579,Lake
"Sandy Bottom Lake",42.4515264841827,-83.71490743346038,Lake
"Sugden Lake",42.61753250241696,-83.49713104930008,Lake
"Lake Fenton",42.83537742902609,-83.7155326646082,Lake
"Brighton Lake",42.52008168920393,-83.79519990474068,Lake
"Hi-Land Lake",42.42618340799869,-83.99352932762005,Lake
"Aginaw Lake",42.82612301581085,-84.05115657122208,Lake
"Round Lake",42.071678488668255,-84.13176169734285,Lake
"Pine Hills Lake",42.09430112662769,-84.48405947825539,Lake
"Waw Lake",42.5758859640982,-83.71566508880814,Lake
"Snooks Lake",42.51089079506584,-82.55667851837215,Lake
"Maceday Lake",42.69441030779568,-83.43093247782728,Lake
"Oxford Lake",42.821624431174214,-83.24437393958098,Lake
"Hasley Lake",42.97097219748009,-83.45853897075644,Lake
"Lake Lapeer",42.97022313854076,-83.37259208128566,Lake
"Union Lake",42.60559350724565,-83.43515475644973,Lake
"Schoolhouse Lake",42.68583559549561,-83.34957589715651,Lake
"Big Fish Lake",42.88449160967993,-83.39223705854835,Lake
"Lake Saint Clair",42.44641584765043,-82.57227190675863,Lake
"Cass Lake",42.61346717690395,-83.37306171350384,Lake
"Lower Straits Lake",42.58654833350122,-83.46166029079289,Lake
"Lower Trout Lake",42.7396928975084,-83.2254752857647,Lake
"Hammond Lake",42.6061783813415,-83.32487431697956,Lake
"Watkins Lake",42.66391651763259,-83.36882769834176,Lake
"Greens Lake",42.713775544385015,-83.4248949943842,Lake
"Turtle Lake",42.600848196190285,-83.30970562123805,Lake
"Orchard Lake",42.58787632937063,-83.37368663586176,Lake
"Round Lake",42.61830944501752,-83.47178688004948,Lake
"Thorington Lake",42.7736612629484,-83.06872415764663,Lake
"Secord Lake",42.87602519650491,-83.11698440005416,Lake
"Loon Lake",42.6835225472135,-83.35701171880885,Lake
"Voorheis Lake",42.74353120569306,-83.29697022146779,Lake
"Indian Lake",42.79861867611754,-83.2046358720665,Lake
"Stony Lake",42.841497932578534,-83.28040145211035,Lake
"Square Lake",42.610145718623706,-83.31225123145995,Lake
"Green Lake",42.59307881952584,-83.41455483875527,Lake
"Colley Lake",42.61734578997873,-83.45624299575368,Lake
"Williams Lake",42.67565889469248,-83.42283422710939,Lake
"Stony Creek Lake",42.72709946155961,-83.09219145709888,Lake
"Forest Lake",42.594380054952296,-83.30226827873507,Lake
"Crooked Lake",42.77520477190527,-83.39520872571318,Lake
"Lake Metamora",42.958767381494134,-83.33200490660849,Lake
"Gilbert Lake",42.55894332093908,-83.27876883551475,Lake
"Lake Minnawanna",42.941729579139846,-83.34658581206494,Lake
"Oxbow Lake",42.6456017619446,-83.48160796818745,Lake
"Walters Lake",42.76243271454604,-83.34870324766976,Lake
"Indianwood Lake",42.79489142844905,-83.2687692771136,Lake
"Island Lake",42.58383114026608,-83.30258375155643,Lake
"Middle Straits Lake",42.58092951073376,-83.4315899460768,Lake
"Black Creek",42.58219600605658,-82.79580488510727,Lake
"Lower Long Lake",42.588773030657244,-83.29784240608127,Lake
"Cedar Island Lake",42.63110024270095,-83.48098796118462,Lake
"Crescent Lake",42.641734694795645,-83.38727616712313,Lake
"Eagle Lake",42.69725635324065,-83.38182688188893,Lake
"Walnut Lake",42.56154890330089,-83.33085245626174,Lake
"Upper Straits Lake",42.57612391046107,-83.39883147805746,Lake
"Seven Ponds Lake",42.92701601081481,-83.19481455750494,Lake
"Wing Lake",42.549890589762995,-83.2980753568472,Lake
"Seymour Lake",42.80652895918826,-83.37993679375128,Lake
"Lake Sixteen",42.75539509878606,-83.28708495389621,Lake
"Fisher Lake",42.847544986005175,-83.08090206974273,Lake
"Pine Lake",42.589746998737354,-83.34371245895595,Lake
"Susin Lake",42.76186916437942,-83.47990158790005,Lake
"Waterstone Lake",42.83354440256252,-83.29154469267041,Lake
"Crystal Lake",42.62177108356654,-83.30411859421594,Lake
"Bald Eagle Lake",42.819793887292086,-83.4449690039162,Lake
"Tull Lake",42.65037926566288,-83.46630543874342,Lake
"Walled Lake",42.51923077563392,-83.48214951916007,Lake
"Blue Heron Lagoon",42.347094576933664,-82.9572396693931,Lake
"Davison Lake",42.882560054472364,-83.37672737667151,Lake
"Van Norman Lake",42.704152606189254,-83.41122259884898,Lake
"Pontiac Lake",42.668598135688555,-83.46504030581937,Lake
"Deer Lake",42.734549326404014,-83.43487394682637,Lake
"Merritt Lake",42.951776496956874,-83.32564957035456,Lake
"Fox Lake",42.60587081085798,-83.4872955630687,Lake
"Scott Lake",42.66975165815734,-83.35327840886504,Lake
"Perry Lake",42.829443599619275,-83.40345357210522,Lake
"Wau-Me-Gah Lake",42.76813732678033,-83.45478853325668,Lake
"Lake Orion",42.78224304989994,-83.25628233589188,Lake
"Whigville Lake",42.89717939390317,-83.18771818517487,Lake
"Lake Angelus",42.69246421190114,-83.32496834211814,Lake
"Upper Silver Lake",42.677142698174926,-83.32735115215388,Lake
"Pleasant Lake",42.55678128797377,-83.41374603459786,Lake
"Lakeville Lake",42.83247481724834,-83.1515180737323,Lake
"Elizabeth Lake",42.63082083406772,-83.38062792382767,Lake
"Silver Lake",42.67885008633041,-83.34239694200832,Lake
"Judah Lake",42.71919010923172,-83.29169907419654,Lake
"Tommys Lake",42.76186592606654,-83.27399395048838,Lake
"Misch Lake",42.975486619301954,-83.26333222871769,Lake
"Newburgh Lake",42.36657510557249,-83.4228887239937,Lake
"Long Lake",42.61062554555535,-83.45627280115436,Lake
"Cranberry Lake",42.79246611457178,-83.14039178676403,Lake
"Pleasant Lake",42.63996775276365,-83.43739971866184,Lake
"Tan Lake",42.81600722748184,-83.29192779535138,Lake
"Goose Lake",42.522352895827474,-82.51776876122013,Lake
"Lake Oakland",42.70234958180829,-83.36427359847956,Lake
"Long Lake",42.79233034502171,-83.23502328871278,Lake
"Manito Lake",42.79622682588043,-83.25677004142732,Lake
"Heather Lake",42.77057464602681,-83.32975896986592,Lake
"Upper Long Lake",42.5947552807701,-83.31961582032385,Lake
"Dixie Lake",42.765943673722745,-83.49289698861217,Lake
"Elkhorn Lake",42.768747265959774,-83.26981711810431,Lake
"Boss Lake",42.79800582971848,-82.78707842058226,Lake
"Woodhull Lake",42.70324109597266,-83.38689001740751,Lake
"Club House Pond",42.48108977298218,-82.46049681716161,Lake
"Lake Pleasant",42.00415667052187,-79.89811712836236,Lake
"Howard Eaton Reservoir",42.15443142637438,-79.77832598233287,Lake
"Findley Lake",42.1052432989903,-79.72601404572168,Lake
"Dry Lake",42.938074024420764,-79.93956782102443,Lake
"Waterford Ponds",42.93030211531343,-80.3217731901749,Lake
"Waterford Ponds",42.93513408992069,-80.30940532441895,Lake
"Silver Lake",42.79509546828435,-80.20750783628323,Lake
"Waterford Ponds",42.92572466004146,-80.3146684813126,Lake
"Cassadaga Lakes",42.34981053700188,-79.32293718409568,Lake
"Chautauqua Lake",42.16928222208069,-79.40626664875484,Lake
"Red House Lake",42.102598647292595,-78.74322538705549,Lake
"Fredonia Reservoir",42.393033470960134,-79.31127285176757,Lake
"Silver Creek Reservoir",42.46761000714199,-79.09350848065215,Lake
"Bear Lake",42.34576514118096,-79.3814371164734,Lake
"Rushford Lake",42.37725929340095,-78.20067961844615,Lake
"Honeoye Lake",42.751156385132056,-77.5109681291896,Lake
"Lime Lake",42.42726849171063,-78.47990181128321,Lake
"Loon Lake",42.49263697006253,-77.56731855039976,Lake
"LeRoy Reservoir",42.890331362355006,-77.97500160377422,Lake
"Silver Lake",42.69954520776867,-78.03323967371466,Lake
"Akron Reservoir",42.86634969833278,-78.35717197450097,Lake
"Attica Reservoir",42.78624075116865,-78.2255538514713,Lake
"Crystal Lake",42.46446277705608,-78.34326300637582,Lake
"Canadice Lake",42.71494598888364,-77.56932690970288,Lake
"Faun Lake",42.644826343716495,-78.28697125727089,Lake
"Hemlock Lake",42.718910716674685,-77.60744528867481,Lake
"Lake Le Roy",42.79434312355918,-78.00031502436227,Lake
"Conesus Lake",42.78695227295264,-77.71231833134361,Lake
"Almond Lake",42.34619621387734,-77.71335100275749,Lake
"Cuba Lake",42.25163185507211,-78.2979907597881,Lake
"Lamoka Lake",42.40127190242814,-77.07726226757518,Lake
"Seneca Lake",42.62751818133531,-76.91393320642341,Lake
"Waneta Lake",42.44429463008844,-77.10191103011184,Lake
"Van Cleef Lake",42.912751666757615,-76.79146307624904,Lake
"Lake Salubria",42.32939163497054,-77.29284228334693,Lake
"Cayuta Lake",42.36728817750714,-76.73641951606882,Lake
"Spencer Lake",42.24697731868045,-76.49876707651048,Lake
"Smith Pond",42.388761549775495,-77.4744135553735,Lake
"Canandaigua Lake",42.78793886410145,-77.30143462056347,Lake
"Keuka Lake",42.5407499531556,-77.12522703896863,Lake
"Newark Reservoir",42.931296927268846,-77.09207963813398,Lake
"Burnett Pond",42.963268959387975,-76.96415765979954,Lake
"Cayuga Lake",42.701684259872735,-76.66514423329212,Lake
"Black Lake",42.97144949483405,-76.75064364634733,Lake
"Owasco Lake",42.82603061559574,-76.5051674402669,Lake
"Mill Pond",42.37483258703923,-77.09712746957187,Lake
"Crooked Lake",42.78833519333709,-76.14984662485253,Lake
"Mud Pond",43.00064036243028,-76.28560562757325,Lake
"Otisco Lake",42.871361334841936,-76.2873667932941,Lake
"Ithaca Reservoir",42.41407709127184,-76.459368313588,Lake
"Goodale Lake",42.70802333082337,-76.14628133221602,Lake
"Dryden Lake",42.46160167052857,-76.27219358170898,Lake
"Song Lake",42.76966566112571,-76.14708041932174,Lake
"Skaneateles Lake",42.86089035428756,-76.36319314315396,Lake
"Green Lake",42.79393102808644,-76.12858668595483,Lake
"Jamesville Reservoir",42.97394071587642,-76.06869743010193,Lake
"Lake Como",42.67755244662804,-76.30237120488015,Lake
"Upper Little York Lake",42.70235339934174,-76.15643785922428,Lake
"Beaver Pond",42.4140014045108,-76.12128228651687,Lake
"Lyla Marsh",43.288035507338634,-92.47014193844332,Lake
"Mud Hen Lake",43.16002325438597,-91.154135427864,Lake
"Big Lake",43.40359754610182,-91.21649118935008,Lake
"Blue Lake",43.8155893364212,-91.2864746481923,Lake
"Goose Lake",43.51729352375259,-91.25225507643678,Lake
"Jersey Valley Lake 8",43.69212388615131,-90.79625649314522,Lake
"Lake Tomah",43.980011987413114,-90.52375876936972,Lake
"Taylor Lakes",43.18308722666553,-91.13987587638869,Lake
"Target Lake",43.79872038804358,-91.28068447998687,Lake
"Marais Lake",43.10644209788452,-91.15874798534561,Lake
"Upper Marais",43.08464262974947,-91.15265202345434,Lake
"Zabolio Lake",43.56595044947236,-91.2465456772636,Lake
"Lake Winneshiek",43.35610624331131,-91.15409706551041,Lake
"Duck Lake",43.47799464414576,-91.250509031833,Lake
"Hayshore Lake",43.537974639962975,-91.26632945080824,Lake
"McGregor Lake",43.03702830051029,-91.16635631199354,Lake
"Mud Lake",43.52795218741861,-91.25635214924652,Lake
"Neshonoc Lake",43.90698777867972,-91.05307259773217,Lake
"Sunfish Lake",43.07294952458241,-91.17002909278764,Lake
"Lawrence Lake",43.736874280359764,-91.26798653070051,Lake
"Lake Onalaska",43.93456486348301,-91.34398960715286,Lake
"Mud Lake",43.869045030491215,-89.58607354377162,Lake
"Lake Wisconsin",43.364441688832684,-89.6223531687182,Lake
"Crooked Lake",43.77068020006319,-89.6075524790791,Lake
"Dutch Hollow Lake",43.601980222755394,-90.18907870683468,Lake
"Field Veterans Memorial Lake",43.64790468405923,-90.34505005202172,Lake
"Peppermill Lake",43.7874985079606,-89.64751116448313,Lake
"Friendship Lake",43.98114419974692,-89.798253219771,Lake
"Twin Valley Lake",43.02670535009344,-90.09251114890081,Lake
"Wood Lake",43.9772403556562,-89.51238242854244,Lake
"Mud Lake",43.29021011535792,-89.66400509615428,Lake
"White Mound Lake",43.35897989211169,-90.08999317124243,Lake
"Goose Lake",43.798188754054976,-89.6357407317166,Lake
"New Lisbon Lake",43.88562146343278,-90.16516661181046,Lake
"Seeley Lake",43.43182772188219,-89.86851550442562,Lake
"Brandenburg Lake",43.195193902243496,-89.59210088277682,Lake
"Castle Rock Lake",43.95518812210834,-90.00009112077453,Lake
"Pleasant Lake",43.984671370254794,-89.55290925831054,Lake
"Devils Lake",43.4176615213859,-89.73182979913689,Lake
"Lawrence Lake",43.887614301386165,-89.56267759034834,Lake
"Balmoral Pond 94",43.22637535915874,-90.47115476944535,Lake
"Fenner Lake",43.86405210652571,-89.59866161007147,Lake
"Cox Hollow Lake",43.01056944028177,-90.11073835545463,Lake
"Lee Lake 20",43.52407843928107,-90.20475428871578,Lake
"3 Reservoir",43.880257800047374,-89.85220405714875,Lake
"Mason Lake",43.65834015589374,-89.6081956686416,Lake
"Jordan Lake",43.743236750862714,-89.64691140719216,Lake
"Black Hawk Lake",43.02064687614029,-90.28650050416972,Lake
"Decorah Lake",43.808321115321384,-90.08444979958217,Lake
"Fish Lake",43.287156745132286,-89.6543390134149,Lake
"Lake Redstone",43.60772047178963,-90.09182580610089,Lake
"Indian Lake",43.190123397567845,-89.62937404873855,Lake
"Neenah Lake",43.78678444592441,-89.57765441137227,Lake
"Lake Delton",43.59939758133388,-89.7799454152199,Lake
"Amey Pond",43.64672708632881,-89.61607252705119,Lake
"Mirror Lake",43.56221394800667,-89.8351134360062,Lake
"Wolf Lake",43.7952026939635,-89.62171100362238,Lake
"Parker Lake",43.77559110038597,-89.63545622559563,Lake
"Crystal Lake",43.29113501213153,-89.62561420120723,Lake
"Lake Mendota",43.10732356175211,-89.41961856126044,Lake
"Silver Lake",43.551529157443916,-89.47618937471225,Lake
"Twin Lakes",43.792601518988214,-88.97957848836649,Lake
"Neshkoro Mill Pond",43.968134937523295,-89.23234213392206,Lake
"Spring Lake",43.787439191263246,-89.00168078906596,Lake
"Rock Lake",43.071818780728634,-88.92920557953298,Lake
"Grassy Lake",43.42392404573477,-89.17017040387731,Lake
"Goose Lake",43.04968179035091,-88.58269988888577,Lake
"Fox Lake",43.58316019512676,-88.92841077488649,Lake
"Hope Lake",43.02494758125846,-88.984110329246,Lake
"Green Lake 115",43.84573597704978,-88.96432882786938,Lake
"Dates Millpond",43.63875820180012,-89.3668470821603,Lake
"Beaver Dam Lake",43.496228532291944,-88.9000463104674,Lake
"Lac La Belle",43.12546655791418,-88.51292737127038,Lake
"Silver Lake",43.07595420236337,-88.49389095336052,Lake
"Green Lake",43.818316340399065,-88.97479614571503,Lake
"Chub Lake",43.224248260620136,-88.89073278815022,Lake
"Lake Columbia",43.4737972340398,-89.42199623867799,Lake
"Harris Pond",43.884493066681394,-89.40059260059655,Lake
"Lake Maria",43.64709348562677,-89.00242597950135,Lake
"Hahns Lake",43.135470307373076,-88.78175147311626,Lake
"Goose Lake",43.10026605868947,-89.03308600030087,Lake
"Swan Lake",43.5444110746499,-89.36600896372116,Lake
"Williams Lake",43.761227445167144,-89.37649211473418,Lake
"Marshall Millpond 72",43.17411203482473,-89.07037714371045,Lake
"Rush Lake",43.92875103851612,-88.7976477415215,Lake
"Fox Lake 52",43.56822695460268,-88.91281937871749,Lake
"Little Green Lake",43.73551738537169,-88.98579271134778,Lake
"Mud Lake",43.413587691411564,-89.2863387757761,Lake
"Lake Winnebago",43.98774818877629,-88.45643554565727,Lake
"Park Lake",43.55091144183858,-89.28188261884108,Lake
"Curtis Lake",43.48532065336831,-89.33419493436182,Lake
"Lake Wingra",43.053804595191814,-89.42017584306258,Lake
"Mud Lake",43.23279184165624,-88.87620669378234,Lake
"Kilby Lake",43.80354703564851,-89.35462614954108,Lake
"Mud Lake",43.045280274845716,-88.9216292266909,Lake
"Wyona Lake",43.498148123438014,-89.30263717843383,Lake
"Neosho Millpond",43.308515167073296,-88.50037983383119,Lake
"Tuttle Lake",43.92850902973941,-89.2924403212917,Lake
"Golden Lake",43.037845402725026,-88.53918709082552,Lake
"Lake Monona",43.0640484774827,-89.35693391932081,Lake
"Mud Lake",43.882489612376645,-89.34265316913879,Lake
"Lake Emily",43.62587836402835,-88.96867763158086,Lake
"Sinissippi Lake",43.36759188345983,-88.61361422458955,Lake
"Lake Montello",43.80681754690793,-89.3412289001837,Lake
"Alan Wilcox Flowage 2",44.00186894521083,-89.26833038432657,Lake
"Moon Lake",43.80509971933556,-89.36678963845903,Lake
"Lazy Lake",43.40306749116945,-89.03890641466927,Lake
"Grand Lake",43.68892143449641,-89.12137090303848,Lake
"Lost Lake",43.445177500833346,-88.96891431737659,Lake
"White Lake",43.81209943328504,-89.25334245523283,Lake
"Lake Sharon",43.97703162826534,-89.38424208630228,Lake
"Crystal Lake",43.97090182607589,-89.36022971491647,Lake
"Spring Lake",43.68714267558429,-89.161603163927,Lake
"Puckaway Lake",43.755643721383876,-89.16936168238604,Lake
"Fowler Lake",43.11284676265276,-88.49376956505994,Lake
"Lake Ellen",43.64624264989403,-88.01661718727082,Lake
"Sheboygan Lake",43.83811936992159,-88.06985861454672,Lake
"Mauthe Lake",43.60247509651839,-88.18217608266042,Lake
"Waterville Lake",43.02209475283743,-88.43217971198044,Lake
"Beaver Lake",43.128373698873574,-88.36055095961514,Lake
"Forest Lake",43.607548743495705,-88.16763496599776,Lake
"Moose Lake",43.133460706106405,-88.40435082282062,Lake
"Gilbert Lake",43.41373191842404,-88.25556131134189,Lake
"Lower Genesee Lake",43.043822385412774,-88.47979728971315,Lake
"Cedar Lake",43.925232060273196,-87.93867852656757,Lake
"Wolf Lake",43.864497583953515,-88.20865667348485,Lake
"Ashippun Lake",43.15882618871659,-88.47444195825706,Lake
"Crystal Lake",43.8061467043253,-88.01874921969839,Lake
"North Lake",43.15054029658069,-88.38194458715374,Lake
"Middle Genesee Lake",43.051025306809734,-88.47866601624628,Lake
"Crooked Lake",43.623426374535384,-88.15699602083143,Lake
"Pine Lake",43.11803113062175,-88.38338099082964,Lake
"Kettle Moraine Lake",43.653538960676556,-88.21072271522175,Lake
"Northridge Lake",43.18216901494786,-88.00048953350998,Lake
"Little Elkhart Lake",43.8080358765587,-87.97801949612447,Lake
"Lucas Lake",43.40669439645784,-88.21542262725391,Lake
"Little Cedar Lake",43.375137340915444,-88.22942850901192,Lake
"Mud Lake",43.65652115356802,-88.2230914135339,Lake
"Mullet Marsh 15 Reservoir",43.750748670847656,-88.18906723992211,Lake
"Wallace Lake",43.4516010589384,-88.15912515421023,Lake
"Cedar Lake",43.38622978408965,-88.26162081441497,Lake
"Pigeon Lake",43.986763075735276,-87.87388154413036,Lake
"Green Lake",43.46014910517862,-88.1000000142293,Lake
"Lake Keesus",43.165445526146335,-88.31689515029153,Lake
"Random Lake",43.55583678622086,-87.95356815066475,Lake
"Lac Du Cours",43.20078647953921,-87.95887987333407,Lake
"Bark Lake",43.22026471449953,-88.20965783029291,Lake
"Wilke Lake",43.96964947331552,-87.9588502004488,Lake
"Nagawicka Lake",43.08010630554839,-88.39106085618656,Lake
"Pewaukee Lake 27.6",43.07174668783043,-88.30813549577206,Lake
"Silver Lake",43.389135711758684,-88.21404925032382,Lake
"Friess Lake",43.244383532736215,-88.27620661607895,Lake
"Spring Lake",43.54074511277594,-87.96207093883265,Lake
"Druid Lake",43.27785994501401,-88.40665642330784,Lake
"Smith Lake",43.47195643225946,-88.19101455583258,Lake
"Lake Five",43.195693927430185,-88.27348308284756,Lake
"Lower Nashotah Lake",43.075579004510246,-88.43436111468992,Lake
"Long Lake",43.67649469832424,-88.17046052759395,Lake
"144 Reservoir",43.521330549385965,-88.41854492378039,Lake
"Upper Nashotah Lake",43.08522740726394,-88.4294028943365,Lake
"Lower Nemahbin Lake",43.051976441826106,-88.43381933916069,Lake
"Auburn Lake",43.59794373138034,-88.20742540666987,Lake
"Lake Twelve",43.521135756331574,-88.0519613114568,Lake
"Pike Lake",43.31098641777501,-88.33187068788196,Lake
"Oconomowoc Lake 87",43.10448084445599,-88.46187725988698,Lake
"Lake De Neveu",43.73230840182751,-88.3947798255323,Lake
"Upper Nemahbin Lake",43.06506587676534,-88.43046080724184,Lake
"Crooked Lake",43.05584536014681,-88.45564430507326,Lake
"Mud Lake",43.37372405064863,-88.02032654799093,Lake
"Okauchee Lake 85",43.12369719019318,-88.42875628910852,Lake
"Elkhart Lake",43.826665409054854,-88.02581984202132,Lake
"Mullet Lake",43.73003203553509,-88.22902137639642,Lake
"Barton Pond 219",43.43485238137962,-88.18119787405297,Lake
"Silver Lake",43.66828300267433,-86.50360825117849,Lake
"Stony Lake",43.560707006398026,-86.47837483714649,Lake
"Cleveland Lake",43.43537705043426,-86.21983420336453,Lake
"Hess Lake",43.385676696011885,-85.76969507305567,Lake
"Emerson Lake",43.94910793425022,-86.08577510372359,Lake
"Reed Lake",43.85487076671287,-85.97562903097501,Lake
"Big Blue Lake",43.45495058212844,-86.20806695954434,Lake
"Little Black Lake",43.121694431405686,-86.2470576266319,Lake
"Sischo Bayou",43.487292496208255,-86.14111764604118,Lake
"Hopkins Lake",43.89225170582761,-86.41111569704535,Lake
"Knox Swamp",43.63349007528905,-86.25334533241167,Lake
"Brooks Lake",43.39779723107222,-85.7533275953987,Lake
"Crockery Lake",43.16796258914607,-85.85195712324695,Lake
"Hackert Lake",43.98248396044248,-86.32289091487993,Lake
"Houseman Lake",43.78441447171116,-85.86661668597797,Lake
"Cushman Swamp",43.501382150051995,-86.0733201342589,Lake
"Eden Lake",43.871356090510645,-86.2382316509668,Lake
"Fremont Lake",43.4485152082332,-85.96477198207846,Lake
"Sylvan Lake",43.46657314825479,-85.78448251964915,Lake
"Middle Lake",43.28407897297905,-85.58483632354714,Lake
"Cook and White Lake",43.29335647416234,-85.62284139764263,Lake
"Saint Marys Lake",43.8353394895103,-86.29290996625726,Lake
"Bass Lake",43.83018928493441,-86.41336586569665,Lake
"Lake White Cloud",43.55231480031956,-85.75978885762915,Lake
"Long Lake",43.21208419158791,-85.6620248186312,Lake
"Owasippe Lake",43.396798072824566,-86.27771546569771,Lake
"Diamond Lake",43.606543997869174,-85.81748265652263,Lake
"Bass Lake",43.34891153597886,-85.5193257776044,Lake
"Orchard Lake",43.85238143907428,-85.98355944658496,Lake
"Gilbert Lake",43.725119879800886,-86.07749740914957,Lake
"Twinwood Lake",43.47314952777837,-85.76606913176029,Lake
"Dean Lake",43.03000458107807,-85.60995313008938,Lake
"Lilley Lake",43.7924455833853,-85.8241596715691,Lake
"Little Lake Number One",43.82925858990406,-85.84631860775599,Lake
"Indian Lake",43.67162602668771,-85.82551086715874,Lake
"Tallman Lake",43.989694974246014,-86.10500869055785,Lake
"Long Lake",43.95679168649293,-86.092148885904,Lake
"Hart Lake",43.397358781853654,-86.15285720667333,Lake
"Gooseneck Lake",43.9751138830262,-86.07741610549371,Lake
"Little Blue Lake",43.39210959617985,-86.22694258678298,Lake
"Duck Lake",43.339840559190726,-86.3914503879354,Lake
"Clear Lake",43.350156368992856,-86.08955461016649,Lake
"Webinguaw Lake",43.672877345733994,-85.77624890055378,Lake
"Sweet Lake",43.38228305762656,-86.15078198024132,Lake
"Little Whitefish Lake",43.3570191121304,-85.53631210933436,Lake
"Emerald Lake",43.461524971793935,-85.79225469723129,Lake
"Crystal Lake",43.50593263801786,-85.86529924518419,Lake
"Sand Lake",43.29664889529448,-85.5295918878574,Lake
"Big Star Lake",43.83344121269081,-85.953447577616,Lake
"Third Lake",43.48084010434261,-85.92730982868034,Lake
"Pettit Lake",43.41188287399113,-85.67716655800314,Lake
"East Lake",43.707834291337335,-85.86299888214216,Lake
"Island Lake",43.712031837374006,-86.02692176117706,Lake
"Wolf Lake",44.00478210381209,-85.85271894362987,Lake
"Upper Silver Lake",43.687022863925826,-86.48077560243007,Lake
"Horseshoe Lake",43.493569959707635,-86.10019439564785,Lake
"Camp Lake",43.17808109875363,-85.66611874872466,Lake
"Twin Lakes",43.37157031736805,-86.18158448899169,Lake
"School Section Lake",43.777239962740005,-86.10191510657933,Lake
"Lincoln Lake",43.981022614355474,-86.44618006053777,Lake
"Bartons Lake",43.88825350550135,-86.18808902195732,Lake
"Little Pine Island Lake",43.09260377847265,-85.65551104561561,Lake
"Amaung Lake",43.76831070018634,-85.88592461272525,Lake
"Whitefish Lake",43.329205707755605,-85.54158065660555,Lake
"Englewright Lake",43.321265601361524,-85.58335813594468,Lake
"Spring Lake",43.09796816744949,-86.18364160326095,Lake
"Pickerel Lake",43.4573117961527,-85.81058753637495,Lake
"Grass Lake",43.09111894217208,-85.5164595606041,Lake
"Pere Marquette Lake",43.93875096392304,-86.43921393270807,Lake
"Gifford Lake",43.857652391658576,-85.94516053832353,Lake
"Twin Lakes",43.36867733805631,-86.1725064330382,Lake
"Hardy Dam Pond",43.52737091185687,-85.58296859976797,Lake
"North Lake",43.86319078666834,-85.8324761104737,Lake
"Campbell Lake",43.64464804085662,-86.10916740048701,Lake
"Park Lake",43.53237063977996,-86.44109488567754,Lake
"Peck Lake",43.49404621937641,-85.88734338306702,Lake
"Duck Lake",43.35802339558399,-86.07351314993423,Lake
"Bills Lake",43.39295606117135,-85.66128161163769,Lake
"Martin Lake",43.499581761416295,-86.02470184469243,Lake
"Pleiness Lake",43.85776377445727,-86.2442384021635,Lake
"North Oxbow Lake",43.84931750574043,-86.31659978006807,Lake
"Brady Lake",43.50171530397765,-85.51170706791574,Lake
"Pickerel Lake",43.783311829788175,-85.84150277496882,Lake
"Crystal Lake",43.65338310063569,-86.37993987702436,Lake
"Dudgean Swamp",43.58006716930228,-85.66527121388197,Lake
"North Lake",43.37663112006602,-86.18175098905684,Lake
"Sand Lake",43.32642473505859,-85.9099318103787,Lake
"Fox Lake",43.38015414412689,-86.24213761356677,Lake
"Mona Lake",43.177906081372484,-86.25980030239349,Lake
"Woodruff Lake",43.870784611693196,-86.18415875800596,Lake
"Oxbow Lake",43.855101456912486,-85.99083014770063,Lake
"Oxford Swamp",43.698249244194734,-85.72546769186603,Lake
"Muskegon Lake",43.23878655724464,-86.28630185159025,Lake
"Pentwater Lake",43.769083016332424,-86.42103473669681,Lake
"Hart Lake",43.708458171872614,-86.35548766407267,Lake
"Leavitt Lake",43.6844873649621,-86.15439784436371,Lake
"McLaren Lake",43.62767291266655,-86.05115102508006,Lake
"Echo Lake",43.33133669463339,-86.05105618450318,Lake
"Blanch Lake",43.34094625606733,-85.8043048663007,Lake
"Idlewild Lake",43.88911995635869,-85.78227326025474,Lake
"Lidkey Swamp",43.51208528689635,-86.22095563150296,Lake
"Pettibone Lake",43.771020981193956,-85.80988559228676,Lake
"Walkup Lake",43.73438529351598,-85.90026264988938,Lake
"Robinson Lake",43.53119356163445,-85.85480563902024,Lake
"Round Lake",43.42658539100567,-86.12732082660364,Lake
"Freska Lake",43.11325093264499,-85.64021732154154,Lake
"Cecilia Lake",43.85159955741379,-85.95680025986852,Lake
"Wolf Lake",43.2587069049441,-86.1017742517336,Lake
"Crocker Lake",43.37339617870763,-86.14344240858367,Lake
"Baptist Lake",43.334269362801855,-85.5819564840362,Lake
"Half Moon Lake",43.25753012133318,-85.80955482485925,Lake
"Wingleton Lake",43.90668217209132,-85.91042270384395,Lake
"Nichols Lake",43.72526806924628,-85.90565982534571,Lake
"White Lake",43.40201221903489,-86.36072304991534,Lake
"Croton Dam Pond",43.45449912797857,-85.64778773617033,Lake
"Kimball Lake",43.457138878684816,-85.82552959181817,Lake
"West Lake",43.36925444156567,-86.19045671823021,Lake
"Conover Lake",43.34060916808314,-85.57939908000259,Lake
"Cranberry Lake",43.10477464867063,-85.79052774021672,Lake
"Ryerson Lake",43.479093687028985,-85.85510635813449,Lake
"Unger Lake",43.40635263863356,-86.12307805060742,Lake
"Bear Lake",43.254957583746545,-86.28291656883863,Lake
"Lake Laura",43.563040264334234,-85.26969395412614,Lake
"Loon Lake",43.901362746338705,-84.82102997306393,Lake
"Lake Shamrock",43.832013645983956,-84.75687519438134,Lake
"Brower Lake",43.122921963932846,-85.48135847165278,Lake
"Loon Lake",43.15498149868101,-85.19317489221267,Lake
"Duck Lake",43.269290840651244,-84.87803982494856,Lake
"Wabasis Lake",43.1380214967665,-85.37789911666962,Lake
"Youngs Lake",43.74501419350508,-85.4266990447685,Lake
"West Canadian Lake",43.573960106212745,-85.30666927152662,Lake
"Mystic Lake",43.864547839246036,-85.04480860861764,Lake
"Crystal Lake",43.26218636886439,-84.93267810953085,Lake
"Saddlebag Lake",43.84888194244387,-85.28062663046857,Lake
"Rock Lake",43.408254707476694,-84.94234643455397,Lake
"Lake Isabella",43.63900822066825,-85.01114258783616,Lake
"Hodges Lake",43.80250413581569,-85.2754969272051,Lake
"Townline Lake",43.72095238514119,-85.44239044065462,Lake
"Eight Point Lake",43.839665799757086,-85.07507863460248,Lake
"Pickerel Lake",43.075080671241516,-85.46505654592558,Lake
"Scram Lake",43.163662169431504,-85.41105991789013,Lake
"Baldwin Lake",43.164725581891986,-85.27049604863686,Lake
"Gray Lake",43.82911315093736,-85.01798025834455,Lake
"Round Lake",43.06234618176828,-85.37797645055247,Lake
"Maston Lake",43.27824260174016,-85.3538482456363,Lake
"Woodbeck Lake",43.19553643838696,-85.33429733459408,Lake
"Pretty Lake",43.695552310688235,-85.23605655825564,Lake
"Blue Lake",43.26440011112635,-85.3591366464012,Lake
"Lake of the Hills",43.6963981344613,-84.98006624701964,Lake
"Kendalville Lake",43.36772964401735,-85.30457005771974,Lake
"Loon Lake",43.2763939909378,-84.95770093888818,Lake
"Lake Miramichi",43.816305654072316,-85.28125671617914,Lake
"Ratigan Lake",43.034125133928384,-85.43054083275865,Lake
"Little Myers Lake",43.14015010829286,-85.49107497540307,Lake
"Lake George",43.95221251370706,-84.93134231656023,Lake
"Lake Twentyeight",43.654987008836606,-85.15052391450854,Lake
"Five Lakes",43.874532341998446,-84.80596358595866,Lake
"Hunter Lake",43.30069227996737,-85.2712727771872,Lake
"Wiggins Lake",43.996102759554525,-84.54554373013829,Lake
"Kerswill Lake",43.955690106679164,-84.5609179831344,Lake
"Rainbow Lake",43.139731550999244,-84.69218315636188,Lake
"Indian Lake",43.41901964507152,-85.43354743908966,Lake
"Silver Lake",43.09209485190066,-85.49117214095922,Lake
"Bergess Lake",43.72984864463149,-85.40473773611035,Lake
"Halls Lake",43.58121080605446,-85.06589602576018,Lake
"Big Crooked Lake",43.058143309281604,-85.39291054383848,Lake
"Lake Ranney",43.11681856507835,-85.2416511224794,Lake
"Bass Lake",43.26211185162169,-85.32956051003723,Lake
"Bluff Lake",43.83284485740836,-84.97703609861425,Lake
"Pine Lake",43.2191477495169,-85.46833196411133,Lake
"Tiff Lake",43.863624956029085,-85.28503408818689,Lake
"Boyles Creek",43.8491066928442,-85.02020109796928,Lake
"Todd Lake",43.9485726426943,-85.45513174289583,Lake
"Wrights Lake",43.84936942043164,-85.20980293273136,Lake
"Tamarack Lake",43.44351011799332,-85.26855168281634,Lake
"Wood Lake",43.34361144073654,-85.49251278454433,Lake
"Stoner Lake",43.14766839606915,-85.47674080847706,Lake
"Big Lake",43.86582331947279,-85.19771388266577,Lake
"Lake Thirteen",43.86137306082172,-84.86019109740124,Lake
"Ziegenfuss Lake",43.176906134456814,-85.3374586951634,Lake
"Horsehead Lake",43.67973666676252,-85.2597174231356,Lake
"Woodard Lake",43.08223950659994,-85.06355536763084,Lake
"Morgan Lake",43.159256358067836,-85.33480675006936,Lake
"Rogers Dam Pond",43.623416496576745,-85.47009577569564,Lake
"Perch Lake",43.848567964846,-85.00248365521954,Lake
"Townline Lake",43.45573983335223,-85.20693374343887,Lake
"Clifford Lake",43.3094322621023,-85.1922612940392,Lake
"Lake Montcalm",43.380930786341665,-85.19093134084116,Lake
"Half Moon Lake",43.90214499993981,-84.94990528857615,Lake
"Big Cranberry Lake",43.880324944009374,-85.03846686775212,Lake
"Slayton Lake",43.070289249168965,-85.34258088395195,Lake
"Merrill Lake",43.80818571011013,-85.15730533926636,Lake
"Murray Lake",43.03256614105772,-85.38145953755973,Lake
"Angel Lake",43.17065611720754,-85.40916938604467,Lake
"Cowden Lake",43.35500092174392,-85.3574543129059,Lake
"Surrey Lake",43.852591664565445,-84.9102660841214,Lake
"Coldwater Lake",43.66160406756016,-84.9576734098779,Lake
"Haymarsh Lakes",43.75604592173143,-85.3535703980633,Lake
"Lake Mecosta",43.60929720443961,-85.29563351882797,Lake
"East Canadian Lake",43.58402955288331,-85.30138441262697,Lake
"Indian Lake",43.96235193172363,-85.40052342044442,Lake
"Clear Lake",43.67848827733417,-85.39277907677365,Lake
"Lower Big Stone Lake",43.82953452118905,-85.29776785431153,Lake
"Fish Lake",43.23107944277806,-85.21341928017533,Lake
"Mud Lake",43.23964787994804,-84.97261848448696,Lake
"Jehnsen Lake",43.69758153361414,-85.26192430712747,Lake
"Bass Lake",43.40324830275944,-84.92941682022206,Lake
"Bass Lake",43.8681032896122,-85.07281766878212,Lake
"Tek-E-Nink Lake",43.12886859362217,-85.35562665852869,Lake
"Coady Lake",43.36473642712183,-85.37994226549522,Lake
"Negaunee Lake",43.821972173255894,-85.23201904503397,Lake
"Winfield Lake",43.383547564429406,-85.36911123543773,Lake
"Dickerson Lake",43.294656415345194,-85.16867261632818,Lake
"Fifth Lake",43.43481980834396,-85.11245324372037,Lake
"Fourth Lake",43.434259835089385,-85.12517680650775,Lake
"Pogy Lake",43.79829084280889,-85.30918482717293,Lake
"Turk Lake",43.272724280962244,-85.24946271581308,Lake
"Rainbow Lake",43.32891849084648,-85.30697027078298,Lake
"Big Pine Island Lake",43.10116877255584,-85.3653302027068,Lake
"Lily Lake",43.99383415882346,-84.90216027264938,Lake
"Bostwick Lake",43.09031453206436,-85.45811443373721,Lake
"Beebe Lake",43.94519149934513,-84.75746105584699,Lake
"Mud Lake",43.273535574506695,-84.91678471756005,Lake
"Clear Lake",43.89336179011719,-84.94161083721592,Lake
"Myers Lake",43.13634471357872,-85.48851049766202,Lake
"Rattail Lakes",43.815962395289205,-85.20450985180544,Lake
"Mud Lake",43.24048718001375,-85.18732678001427,Lake
"Mud Lake",43.370390310168126,-85.18038358282178,Lake
"Derby Lake",43.27392843766837,-85.12733565117782,Lake
"Scally Lake",43.06549626252222,-85.36519536518274,Lake
"School Section Lake",43.599979250931895,-85.27507382615313,Lake
"Cowan Lake",43.11657955338346,-85.4241604142027,Lake
"Perch Lake",43.239286289023156,-85.28432347014751,Lake
"Penny Lake",43.397569273744836,-85.14954334285576,Lake
"Big Norway Lake",43.9803356678174,-85.00886979999922,Lake
"Hillsview Lake",43.713967512937835,-85.37529011989734,Lake
"Lake of the Clouds",43.59463054492488,-85.31762911538316,Lake
"Long Lake",43.11295705421277,-85.11949539087912,Lake
"Lincoln Lake",43.24728135326956,-85.36222793252585,Lake
"Muskellunge Lake",43.31588085240856,-85.34652679502274,Lake
"Half Moon Lake",43.251786108710455,-85.06033399021501,Lake
"Doc and Tom Lake",43.931364679782455,-84.98595128703472,Lake
"Lake Lure",43.89006822007179,-85.25124780060338,Lake
"Ross Lake",43.88377982942624,-84.4988915007926,Lake
"Big Mud Lake",43.89826829376509,-85.07618616728415,Lake
"Muskrat Lake",43.101612961757226,-85.39047622974977,Lake
"Diamond Lake",43.72295846528112,-85.20550335832476,Lake
"Bear Lake",43.88873283212407,-84.95301349620233,Lake
"Big Lake Twenty",43.943090437351366,-84.57644376432567,Lake
"Wells Lake",43.99674197241676,-85.41556634920605,Lake
"Blue Lake",43.61907348375514,-85.28332046239768,Lake
"Lake Maloy",43.86366793242876,-85.1595684160675,Lake
"Saugage Lake",43.211723774453006,-85.36965550658371,Lake
"Horseshoe Lake",43.40691934903851,-85.18310446983097,Lake
"Spring Lake",43.3308276797695,-85.25347057981992,Lake
"Camelot Lake",43.58804921429233,-84.61498937404257,Lake
"Grewes Lakes",43.616883672875524,-84.73470788619007,Lake
"Chippewa Lake",43.75620245280988,-85.2976365788686,Lake
"Sanderson Lake",43.17825782570373,-85.21599124832768,Lake
"Half Moon Lake",43.4554643357209,-84.82548523109428,Lake
"Three Lake",43.887120205849634,-84.99461170711405,Lake
"Strawberry Lake",43.95033531134209,-85.35124729258752,Lake
"Crooked Lake",43.23800735723581,-85.0027408575766,Lake
"Big Long Lake",44.00383028645452,-85.29733146468358,Lake
"Morley Pond",43.48848007424179,-85.43870298876618,Lake
"Stevenson Lake",43.760678073304,-84.82271426074922,Lake
"Burgess Lake",43.154971342474575,-85.29225341533196,Lake
"Windover Lake",43.956829045748826,-85.00001392644951,Lake
"West Lake",43.32798966687358,-85.2620525576485,Lake
"Shively Lake",43.81736504590027,-84.69079370575709,Lake
"First Lake",43.43789300567409,-85.14155588477263,Lake
"Big Evans Lake",43.725167031527874,-85.23458750884954,Lake
"Tubbs Lake",43.71289631678463,-85.20409079757856,Lake
"Boom Lake",43.70510230249684,-85.22422325549941,Lake
"Lower Evans Lake",43.71412891671142,-85.23971271724457,Lake
"Upper Evans Lake",43.73652812532217,-85.2286518014723,Lake
"Halfmile Lake",43.214643544000666,-85.33405254569027,Lake
"Thomas Lake",43.20764754618957,-85.33848756280193,Lake
"Horseshoe Lake",43.19298159420481,-85.34333603357818,Lake
"Round Lake",43.620520830621665,-85.30884826215421,Lake
"Buell Lake",43.209117808132,-83.61694816612486,Lake
"C S Mott Lake",43.10385002967805,-83.61460706682317,Lake
"Kearsley Reservoir",43.05727857903898,-83.63741626798969,Lake
"Smallwood Lake",43.982376427644354,-84.35065335482403,Lake
"Molasses River Flooding Number Three",43.95648433440467,-84.1858664493528,Lake
"Brine Pond Number 6",43.58644855915662,-84.23580194219605,Lake
"Kawkawlin Creek Flooding",43.804077554723335,-84.27808389151814,Lake
"Cat Lake",43.387732746506174,-83.33895848012584,Lake
"Holloway Reservoir",43.118163903439324,-83.45883162333728,Lake
"Nepessing Lake",43.016162778446805,-83.37281502371295,Lake
"Bronson Lake",43.09308802558638,-83.38515881969941,Lake
"Hemmingway Lake",43.208034447915026,-83.42168487049419,Lake
"North Lake",43.2363267451809,-83.42936774862075,Lake
"Barnes Lake",43.18512111200255,-83.30299269935514,Lake
"Pleasant Lake",43.085743850370356,-83.42621195541258,Lake
"Skinner Lake",43.08834773890614,-83.39419084260493,Lake
"Pero Lake",43.089587523415936,-83.41929634307392,Lake
"Lake Pleasant",43.05789777913683,-83.17689168624558,Lake
"Clear Lake",43.140250250303936,-83.12120924096692,Lake
"Davis Lake",43.07370316823309,-83.3711865477773,Lake
"Elk Lake",43.0417601254616,-83.15808670943744,Lake
"Murphy Lake",43.299392660620526,-83.46253666818305,Lake
"Millers Lake",43.17840375776442,-83.32198248612494,Lake
"Potters Lake",43.04212060948576,-83.45770191186577,Lake
"Otter Lake",43.2184088077158,-83.46029795656523,Lake
"Shay Lake",43.376853473549055,-83.24556140200757,Lake
"McKeen Lake",43.11762543571112,-83.36023182219212,Lake
"Long Lake",43.10350510136425,-83.22807790126276,Lake
"Lakelet Lake",43.95252078450115,-81.06428753872646,Lake
"Lakelet Lake",43.96516259888236,-81.06214913630367,Lake
"Pike Lake",43.96613213181671,-80.81398616222262,Lake
"Sunova Lake",43.19449778891993,-81.0210865312573,Lake
"Fanshawe Lake",43.05725973586801,-81.17688887004421,Lake
"Trotters Lake",43.19169447684619,-80.65776768404089,Lake
"Wildwood Lake",43.25257906236233,-81.03373700070914,Lake
"Laurel Creek Reservoir",43.47876768990411,-80.57787599970183,Lake
"Conestogo Lake",43.72139511101019,-80.78591211297555,Lake
"Conestogo Lake",43.70161543091687,-80.72967774497806,Lake
"Lake Niapenco",43.10604836225124,-79.85235045298258,Lake
"Lake Ontario",43.72958174098187,-78.3442301272289,Lake
"Smiths Mill Pond",43.02684259454385,-80.31074911978052,Lake
"Bannister Lake",43.29598305595079,-80.3841633236404,Lake
"Lake Belwood",43.754576714305905,-80.33350528036125,Lake
"Guelph Lake",43.60214211158534,-80.241986893183,Lake
"Guelph Lake",43.60915254878983,-80.21427639908696,Lake
"Mill Pond",43.4390476755006,-80.30511428621246,Lake
"Puslinch Lake",43.4165450104036,-80.26470347654941,Lake
"Deans Lake",43.301494553112946,-80.33400229550556,Lake
"Luther Lake",43.93717044942243,-80.4315488609173,Lake
"Wrigley's Lake",43.292453706574534,-80.39167212970544,Lake
"Mary Lake",43.95134541574046,-79.54728395162348,Lake
"Claireville Reservoir",43.741049742715326,-79.63426292280964,Lake
"Heart Lake",43.74089913571379,-79.79578390394053,Lake
"Caledon Lake",43.88042153292808,-80.10909416487723,Lake
"Hamilton Harbor",43.282483406244495,-79.82942271760014,Lake
"Fairy Lake",43.62470020427649,-80.04771692256621,Lake
"Scotch Block Reservoir",43.57046639375223,-79.94879806941617,Lake
"Valens Reservoir",43.38749585821672,-80.14153525467714,Lake
"Kelso Lake",43.509809166507786,-79.94709736012916,Lake
"Orangeville Reservoir",43.939560100820884,-80.0808656621341,Lake
"Mountsberg Reservoir",43.456551162392536,-80.03327791091645,Lake
"Mountsberg Reservoir",43.46313436857263,-80.04843321453052,Lake
"Christie Reservoir",43.27872254993678,-80.02474107846473,Lake
"Bond Lake",43.93456637783145,-79.44854204763898,Lake
"Preston Lake",43.98590848991693,-79.37962458591453,Lake
"Wilcox Lake",43.94857254789333,-79.43836833579748,Lake
"Oshawa Harbor",43.86860948794926,-78.82735031761504,Lake
"Fifteen Mile Pond",43.175950050805774,-79.31906916921741,Lake
"Sixteen Mile Pond",43.17015949331996,-79.32932289689974,Lake
"Lake Moodie",43.11248645957781,-79.25579940480823,Lake
"Lake Gibson",43.100965693141205,-79.22588949983891,Lake
"Martindale Pond",43.18994548850772,-79.27330504274764,Lake
"Waterport Pond",43.31802200329851,-78.25713742776976,Lake
"Buck Pond",43.27774523390962,-77.66545446019357,Lake
"Cranberry Pond",43.2994493082563,-77.70006032798332,Lake
"Irondequoit Bay",43.20534942080705,-77.52932873700576,Lake
"Upper Stafford Marsh",43.11857408201983,-78.27562780034792,Lake
"Long Pond",43.288430214456916,-77.69939487447888,Lake
"Glenwood Lake",43.2304474611505,-78.38917703438877,Lake
"Round Pond",43.27400505329807,-77.64629495405246,Lake
"Consecon Lake",44.00231862749793,-77.47421758388707,Lake
"Pleasant Bay",43.95092029234638,-77.5015601231139,Lake
"Duck Lake",43.14861241940115,-76.68754321411812,Lake
"Port Bay",43.29088476686312,-76.83125591870481,Lake
"Crusoe Lake",43.091008963562565,-76.77770483080404,Lake
"Parker Pond",43.160865854971675,-76.55739295925011,Lake
"The Pond",43.34095523634561,-76.69508810450513,Lake
"East Bay",43.283635229454795,-76.89881707435062,Lake
"Mud Pond",43.186526032287325,-76.59005833021976,Lake
"Mud Pond",43.37751510601124,-76.54853557330843,Lake
"Otter Lake",43.13999250017494,-76.53438161501201,Lake
"Cross Lake",43.1266485254605,-76.48298816264456,Lake
"Sodus Bay",43.248230380046294,-76.95156549438316,Lake
"West Lake",43.94414549339188,-77.2852671942587,Lake
"East Lake",43.92389552473089,-77.19218459577148,Lake
"Onondaga Lake",43.09082035393073,-76.21370381367689,Lake
"Floodwood Pond",43.7242721432531,-76.1985799678199,Lake
"Mosher Pond",43.46542149909559,-76.00273509887137,Lake
"Henderson Pond",43.83892447595611,-76.16652366285544,Lake
"South Pond",43.35685727706655,-76.00252561835865,Lake
"South Pond",43.62349814932827,-76.1874361037587,Lake
"Cranberry Pond",43.689646349851884,-76.19607807426566,Lake
"North Pond",43.66064534180571,-76.1807409749725,Lake
"North Colwell Pond",43.70763596280634,-76.19781777055769,Lake
"South Colwell Pond",43.69938395665722,-76.1948648612663,Lake
"Lakeview Pond",43.74755973562093,-76.20648950284611,Lake
"Pleasant Lake",43.23607846314135,-76.22539968721941,Lake
"Mud Pond",43.44121815737292,-76.36253628760225,Lake
"Russ Pond",43.37242149198561,-76.23594580176895,Lake
"Crystal Lake",43.829950428184894,-76.12600523021557,Lake
"Lake Neatahwanta",43.308037529159925,-76.43842617864082,Lake
"Wilcox Lake",44.61031626882015,-92.00837805394788,Lake
"Rileys Lake",44.07960576292576,-91.70484647741893,Lake
"McCarthy Lake",44.26197224781926,-91.9672982023925,Lake
"Silver Birch Lake",44.59666411652712,-92.02713895454242,Lake
"Bensel Pond",44.1906425392404,-91.78577648723777,Lake
"Tainter Lake",44.96886627397504,-91.86728334388992,Lake
"Duck Lake",44.49095025738742,-92.04435092921575,Lake
"Thompson Lake",44.631955784185195,-91.98707872113542,Lake
"Zumbro Lake",44.18851693852398,-92.47525927190729,Lake
"Nugget Lake 18",44.6768797797524,-92.21654009084523,Lake
"Robinson Lake",44.353715059592275,-91.98719193729491,Lake
"Lake Winona",44.03686611927111,-91.63490119332876,Lake
"Lizzy Pauls Pond",44.2636810306304,-91.86698911634174,Lake
"Third Finger Lake",44.31481404335553,-91.93257313997644,Lake
"Lake Eau Galle",44.71198274800631,-92.01501205730781,Lake
"Lake Pepin",44.51931123404714,-92.31790524481684,Lake
"Mud Lake",44.028892886971626,-91.60279882767023,Lake
"Lake George",44.86241077319164,-92.24369334097061,Lake
"Silver Lake",44.027627682395085,-92.45766577308855,Lake
"Tainter Lake 1667",44.91984516695559,-91.8828423598734,Lake
"Bollers Lake",44.05891063990268,-91.70708773076048,Lake
"West Newton Chute",44.27446028149782,-91.90631881305833,Lake
"Stump Lake",44.5553453564069,-92.02232168742239,Lake
"Lake Menomin",44.892798937179805,-91.91279251237577,Lake
"Old Elk Lake",44.82927777487548,-91.7263107689905,Lake
"Lake Goodview",44.06997886710258,-91.71925391030707,Lake
"Dells Pond",44.83012245582145,-91.49358293138121,Lake
"Elk Creek Lake",44.8186306750976,-91.64979732204351,Lake
"Half Moon Lake 2.54",44.80730424750065,-91.52252076871412,Lake
"Indian Channel",44.06700080826224,-91.67482179841342,Lake
"Cranberry Flowage",44.26095968218794,-90.80074947221837,Lake
"North Flowage",44.13960738917719,-90.67452710294953,Lake
"Strum Lake",44.55469346632627,-91.38366339123664,Lake
"White Tail Flowage",44.31857839798066,-90.60531642777084,Lake
"Tilden Millpond",44.99294859644764,-91.42471261204572,Lake
"Wazeda Lake",44.15328580595735,-90.51866285730877,Lake
"Seventeen Flowage",44.3085299218206,-90.57557469041143,Lake
"Lake Eau Claire",44.760551830143136,-91.08830552697991,Lake
"Coon Fork Lake",44.69282723790015,-91.01042658886466,Lake
"10 Reservoir",44.14373688234143,-90.68274341891502,Lake
"Marinuka Lake",44.08803533318747,-91.35179709258563,Lake
"Lake Henry",44.29962230455112,-91.2245394641177,Lake
"Rock Dam Lake",44.72681927576905,-90.84045612518983,Lake
"Van Loon Lake",44.03820759444772,-91.31335741192771,Lake
"Hawkins Lake",44.24376024749467,-90.52072612180208,Lake
"Lake Arbutus",44.426543250826825,-90.70849391244545,Lake
"Lake 23 15 6",44.19185730490864,-90.57853761879029,Lake
"Mead Lake",44.79030040739963,-90.75296850772733,Lake
"Potter Flowage",44.30192166152047,-90.50900768002168,Lake
"Dells Millpond",44.717359857774646,-91.14527268917556,Lake
"Lake Wissota",44.94348160367318,-91.30168786380592,Lake
"Harkner Flowage",44.18324986338429,-90.59474762100143,Lake
"Sportsman Lake",44.9812899006984,-90.56971977591255,Lake
"Lake Hallie",44.88128582973557,-91.4432461459376,Lake
"Big Roche a Cri Lake",44.05968029739924,-89.81050006976481,Lake
"Big Eau Pleine Reservoir",44.75399575886326,-89.87016968481045,Lake
"Townline Flowage",44.707523708733056,-89.84509616801394,Lake
"Hunters Peak Reservoir",44.235713981324196,-90.3592159003519,Lake
"Jordan Pond",44.580587077526175,-89.49487894909939,Lake
"Eau Claire Flowage",44.92629725178815,-89.60412537120743,Lake
"Pine Lake",44.130046001689195,-89.50949741970071,Lake
"Lake Dexter",44.39219080840201,-90.1207654572317,Lake
"North Honey Island Flowage",44.711524469682615,-89.88521773038815,Lake
"Meadow Valley Flowage",44.225024276884646,-90.23999029110867,Lake
"Eagle Nest Flowage",44.08132290627636,-90.25858651492248,Lake
"South Rice Lake",44.705801174333104,-89.9357701852537,Lake
"Rangeline Flowage",44.698285762449494,-89.96816692581503,Lake
"Petenwell Lake",44.16323403643431,-89.93794892468054,Lake
"Wazeecha Lake",44.365852356744774,-89.7354283565757,Lake
"Portion of Meadow Valley Flowage 14",44.222449264732006,-90.28399133617305,Lake
"Lake Dubay 4890",44.7236790041608,-89.69805999125657,Lake
"Fish Lake",44.12313917358832,-89.4865812010709,Lake
"Smoky Hill Flowage",44.71029120843438,-89.91150850193074,Lake
"Necedah Lake",44.03633877300283,-90.07112861033075,Lake
"Ross Lake",44.27437951178354,-89.88206635604423,Lake
"Biron Flowage",44.45352361949747,-89.66625456241934,Lake
"Lake Arrowhead",44.20927305883129,-89.83653762029057,Lake
"Bullgrass Flowage",44.3187065516894,-90.14596452119427,Lake
"Lake 3-1 16",44.333786187862515,-90.25440359975353,Lake
"Beaver Flowage",44.16116844874499,-90.26533672020602,Lake
"Sawdust Marsh",44.189115598525085,-90.48449704168824,Lake
"Scott Flowage",44.1438985057132,-90.37838566080478,Lake
"North Rice Lake",44.71472228059008,-89.93363273398568,Lake
"McDill Pond",44.50565826271429,-89.54612708375511,Lake
"Lake 18 13 22",44.124312394242025,-90.41425270509261,Lake
"Lake 7-8 22",44.14306213304482,-90.43160531114161,Lake
"Goose Pool",44.146511353018965,-90.19877130644745,Lake
"Kingston Flowage",44.2087526587813,-90.28511868602243,Lake
"Portion of Meadow Valley Flowage 24",44.22320029148431,-90.26856436076785,Lake
"Teal Flowage",44.72273034149894,-89.88001751411758,Lake
"Wisconsin Rapids Flowage 5391",44.40972896023746,-89.80928528926995,Lake
"Number Two Pool",44.070969695378196,-90.18005972908591,Lake
"South Gallagher Flowage",44.34000021174547,-90.17224169348277,Lake
"Lake Wausau",44.91985209774001,-89.63083647615161,Lake
"Pool Five",44.694616337842824,-89.79017186476575,Lake
"Altoona Lake 830",44.2045888735606,-89.79257465562007,Lake
"Dandy Creek Flowage",44.08790122533389,-90.35729222865693,Lake
"Juleane Reservoir",44.2455162652182,-90.358629781447,Lake
"Sherwood Lake",44.42772788248253,-90.37651610490857,Lake
"Lake 5 7 58",44.07174483235821,-90.4161921962601,Lake
"Monroe County Flowage",44.07628449310095,-90.37004360318613,Lake
"Portion of Meadow Valley Flowage 14",44.22539670005089,-90.25320965341521,Lake
"Twin Lakes",44.20520270410717,-89.88560372058498,Lake
"Lake 7-9 22",44.137941411476824,-90.42717151900334,Lake
"Rynearson Flowage 1",44.06145908428232,-90.15981868001361,Lake
"Arkdale Lake",44.03059514916482,-89.88009464699111,Lake
"Lake 28-11 8",44.26896749058825,-90.27898026841304,Lake
"Honey Island Flowage",44.69703027259229,-89.88257060469621,Lake
"Sprague-Mather Flowage",44.15343104754771,-90.16158524220201,Lake
"Townline Reservoir",44.69070187494642,-89.81761187409843,Lake
"Sprague-Mather Flowage",44.15065010669207,-90.18285593001985,Lake
"2 Reservoir",44.06177699164254,-90.36789696820006,Lake
"Mosinee Flowage",44.81092686911254,-89.69713225201873,Lake
"Big Lake",44.18879190810908,-90.30449405537887,Lake
"Little Eau Pleine Flowage",44.67354544859643,-89.73932977591909,Lake
"Sand Lake",44.166750644522615,-89.4972391413465,Lake
"Suk and Cerney Flowage",44.04856150119062,-90.18201737343163,Lake
"Nepco Lake",44.342603284178516,-89.82184616890974,Lake
"North Townline Flowage",44.71404158314591,-89.84954961714628,Lake
"Wisconsin River Flowage",44.563083064439645,-89.6306843361023,Lake
"La Motte Lake",44.88492573246794,-88.60366267479804,Lake
"Lake Poygan",44.146827548123,-88.84828522276645,Lake
"Schoenick Lake",44.689251735902324,-88.62373863541083,Lake
"Pine Lake",44.6858926173973,-88.65899010899652,Lake
"Sunset Lake",44.54453074157752,-89.27741773182652,Lake
"Ogdensburg Pond",44.45908910906419,-89.04868412195778,Lake
"Kusel Lake",44.170890315045895,-89.16375299413583,Lake
"Pearl Lake",44.08893602421545,-89.11908323191363,Lake
"Legend Lake",44.90229745613043,-88.56840734701991,Lake
"Big Bass Lake",44.7224426679499,-89.43486280249127,Lake
"Lilly Lake",44.77779571089095,-89.24061263728451,Lake
"Grass Lake",44.69023792943065,-88.66792380382749,Lake
"Black Otter Lake",44.32989378172891,-88.63129048245784,Lake
"Lake Morris",44.11943873066908,-89.2071613003984,Lake
"Cedar Lake",44.569676941827,-88.95787799849852,Lake
"Manawa Pond 275",44.47012418647757,-88.90729976078686,Lake
"Taylor Lake",44.3419418717084,-89.14077661506424,Lake
"Partridge Lake",44.28012577328479,-88.89106810313515,Lake
"Long Lake",44.21689810726251,-89.12157611735455,Lake
"Big Lake",44.92809485914752,-88.76759807644663,Lake
"Long Lake",44.69706106524732,-88.64105957074706,Lake
"Tree Lake",44.67293361318007,-89.27419682056264,Lake
"Weyauwega Lake",44.32528280235131,-88.94952258129496,Lake
"Round Lake",44.162389838581944,-89.162471627966,Lake
"Lake Huron",44.19352636532841,-89.41830118604409,Lake
"Pike Lake",44.81522693798336,-89.35146428441992,Lake
"Round Lake",44.891817973815854,-88.56309266313079,Lake
"Sand Lake",44.888164622824675,-88.54083446147791,Lake
"Kinney Lake",44.655424750762215,-88.96300440123882,Lake
"Vesey Lake",44.424067390991944,-88.98413769263178,Lake
"Cincoe Lake",44.337637769585704,-88.81080464343941,Lake
"Graham Lake",44.56636258660763,-89.15158425390244,Lake
"Long Lake",44.907651166719496,-88.5225480731315,Lake
"Stratton Lake",44.292074642494406,-89.18215027073757,Lake
"North Lake",44.57168047850062,-89.13190795438835,Lake
"Mountain Lake",44.43195080180122,-88.90101665124341,Lake
"White Lake",44.36587705725656,-88.93265709085115,Lake
"Pine Lake",44.23215588487968,-89.16354085240594,Lake
"Lake Napowan",44.146962604054465,-89.1523365495526,Lake
"Norwegian Lake",44.142891275049465,-89.2170650065283,Lake
"Lake Lucerne",44.024102349754486,-89.20894715083857,Lake
"Hills Lake",44.15135528528172,-89.16498698893666,Lake
"Bear Lake",44.41467285756943,-88.94263262154288,Lake
"Lower Red Lake",44.84922447195374,-88.77210012391802,Lake
"Iola Lake",44.51894056023203,-89.13170005119419,Lake
"Silver Lake",44.05335865404904,-89.2313493294729,Lake
"Rinehart Lake",44.51892133869508,-89.2687965688031,Lake
"Gilbert Lake",44.212735272390006,-89.1684428003627,Lake
"Loon Lake",44.83439300144649,-88.51105137290469,Lake
"Collins Lake",44.60047881951842,-89.34273840698613,Lake
"West Branch Mill Pond",44.08951414525306,-89.37109554712265,Lake
"Long Lake",44.56364718535046,-89.12448251587269,Lake
"Onland Lake",44.52035052416268,-89.27912207166138,Lake
"Mayflower Lake",44.91284945632484,-89.2583389195742,Lake
"Porters Lake",44.09594544743697,-89.22152810866997,Lake
"Witters Lake",44.03351202200829,-89.30401813705464,Lake
"Stenson Lake",44.71211822150775,-89.27299243673423,Lake
"VanOrder Pond",44.59889380124884,-89.48943707587816,Lake
"Twin Lakes",44.6373715080914,-89.41562980166825,Lake
"Mill Pond",44.22943034002021,-89.01821643646434,Lake
"Brekke Lake",44.48842768029101,-89.2104282828496,Lake
"Twin Lake",44.2357878733124,-89.13955891890666,Lake
"Bentley Pond",44.663106465007736,-89.46488649014056,Lake
"Round Lake",44.338720180470226,-89.1678119529314,Lake
"Lake Lime",44.42033604652501,-89.34574131763961,Lake
"Long Lake",44.32223157471669,-89.1816392746406,Lake
"Lake Winneconne",44.13980776736941,-88.72642452894269,Lake
"Auroraville Millpond 80",44.05561484469268,-89.00528759485168,Lake
"Wadley Lake",44.693341238417005,-89.42375869141985,Lake
"Mission Lake",44.77732946463778,-89.35408450039668,Lake
"Irogami Lake",44.06569847989021,-89.23243308743616,Lake
"Old Taylor Lake",44.342747094660645,-89.11287329042028,Lake
"Wilson Lake",44.174170057007046,-89.17511341086391,Lake
"Lost Lake",44.849789242981664,-89.34180396915399,Lake
"Lower White River Pond 83",44.03187016997775,-89.26036275061797,Lake
"Lake Emily",44.470293744078845,-89.33701165200091,Lake
"Little Sand Lake",44.889281894105025,-88.53236895398211,Lake
"Neopit Millpond 108",44.983722169849806,-88.8466665044136,Lake
"Bass Lake",44.871995942645405,-88.49763812864653,Lake
"Hills Lake",44.04473287486424,-89.21008681511003,Lake
"Norrie Lake",44.88455604328915,-89.26404689809759,Lake
"Lions Lake",44.64694138422269,-89.29068527432662,Lake
"Hatch Lake",44.53147986278226,-89.1146023443212,Lake
"Columbia Lake",44.329387766007414,-89.17383322830473,Lake
"Washburn Lake",44.256081766615004,-89.45158948265934,Lake
"Silver Lake",44.16949224155574,-89.21057945680444,Lake
"Bass Lake",44.85676013843752,-89.31597157563965,Lake
"Burney Lake",44.98110049734338,-88.92941088761195,Lake
"Hintz Lake",44.54082375381967,-89.30002470566085,Lake
"Johns Lake",44.080322221396365,-89.21127977855421,Lake
"Shadow Lake",44.34593603406015,-89.08706600157898,Lake
"Marion Pond",44.673875585597635,-88.90508972117154,Lake
"Pigeon Lake",44.627674387539116,-88.77264773386925,Lake
"Rainbow Lake",44.34201155086479,-89.14915429628871,Lake
"Rice Lake",44.863837064005864,-88.51650065656634,Lake
"Spencer Lake",44.29031808006511,-89.10342917691237,Lake
"Lake Butte des Morts",44.06864284220159,-88.6513268876028,Lake
"Pine Lake",44.8781258907279,-88.52081442623847,Lake
"Mud Lake",44.91889656505315,-89.29147905220275,Lake
"Upper Red Lake",44.86162338726555,-88.79971080546508,Lake
"Alpine Lake 4",44.06099543917866,-89.19680102435528,Lake
"Shawano Lake",44.80950908245929,-88.51599455461104,Lake
"Silver Lake",44.464693236485424,-89.14095059684036,Lake
"Partridge Crop Lake",44.349559351690814,-88.8606209082556,Lake
"Spring Lake",44.01141100149494,-89.1606470264501,Lake
"Moshawquit Lake",44.89694602439647,-88.5025967119982,Lake
"Lake Helen",44.6180760018389,-89.24253495842686,Lake
"White Clay Lake",44.79976472104112,-88.40491731256544,Lake
"Oconto Falls Pond 729",44.88259116987501,-88.16728560722039,Lake
"Engledinger Lake",44.35189259549179,-87.71467731830428,Lake
"Lilly Lake",44.426155287052005,-87.85286279641711,Lake
"Forestville Flowage",44.703898955655056,-87.50339049697205,Lake
"Pensaukee Lakes",44.816369893290265,-88.38867347033812,Lake
"Long Lake",44.13561421143214,-88.03799955149388,Lake
"East Alaska Lake",44.54580824087507,-87.49867180288588,Lake
"English Lake",44.04598202663961,-87.78562738084388,Lake
"Machickanee Flowage",44.855027756040904,-88.07329571465708,Lake
"Bullhead Lake",44.10339477596344,-88.03684500476108,Lake
"Christie Lake",44.8895237961005,-88.35915600230271,Lake
"White Lake",44.67223695499153,-88.4497848603411,Lake
"Little Lake Butte Des Morts",44.20994211260057,-88.46069030063519,Lake
"Balcom Lake",44.90821841257897,-88.22306994829671,Lake
"Berry Lake",44.88935482179445,-88.47852967144473,Lake
"Washington Lake",44.826605463025295,-88.49185010754107,Lake
"Silver Lake",44.07032677644103,-87.73664428959137,Lake
"Collins Marsh 3 Reservoir",44.095983246407485,-87.96252987534336,Lake
"Hamlin Lake",44.05423890936248,-86.43819609575341,Lake
"Lost Lake",45.00544336499911,-87.25572337502797,Lake
"Clark Lake",44.93850036909942,-87.2037169895411,Lake
"Dunes Lake",44.866366879916626,-87.26053675255139,Lake
"Lake of the Woods",44.17031035399383,-86.04386051828575,Lake
"Syers Lake",44.070086996897494,-85.81613551823403,Lake
"Lake Ann",44.71374175475242,-85.84925016748569,Lake
"Bass Lake",44.082103137255,-85.97840741491927,Lake
"Chief Lake",44.345391987832734,-86.12196870492829,Lake
"Bear Lake",44.43530559756343,-86.15394218752783,Lake
"Little Traverse Lake",44.92322042016875,-85.8420674236185,Lake
"Long Lake",44.716927765981474,-85.75024551707574,Lake
"Cedar Lake",44.805451126520296,-85.64665842520849,Lake
"Cedar Swamp",44.255173415697804,-85.99845545931983,Lake
"Gun Lake",44.081558611827134,-86.17776432703224,Lake
"Harper Lake",44.13216338928629,-85.97327811706353,Lake
"Crystal Lake",44.65826593726384,-86.16316054424293,Lake
"Peters Bayou",44.25899748176504,-86.29441982844612,Lake
"Noud Lake",44.016191951371844,-86.02928542955839,Lake
"Pine Lake",44.19411148145437,-86.00527821303065,Lake
"Manistee Lake",44.24385609355207,-86.3009378626944,Lake
"Bass Lake",44.60594709926021,-85.80844949942602,Lake
"Stevens Lake",44.761462308656114,-85.87110388563357,Lake
"Duck Lake",44.628040438075786,-85.74100641958393,Lake
"Rush Lake",44.68957191440862,-86.14165773001216,Lake
"Lake View",44.73220523221214,-85.86293498802468,Lake
"Glen Lake",44.87011711025137,-85.98659337233318,Lake
"Hornkohl Swamp",44.16977400700405,-86.29256111837579,Lake
"Betsie Lake",44.62669646732319,-86.23021350035839,Lake
"Portage Lake",44.36065990529373,-86.22477050390918,Lake
"Sand Lake",44.16385882959197,-85.94040773701758,Lake
"Chancellor Lake",44.067350589533625,-86.1387018925145,Lake
"Cedar Lake",44.74390802686236,-85.79771381070917,Lake
"Cartier Lake",44.029899802947455,-86.08030126440765,Lake
"Hodenpyl Dam Pond",44.387258402447735,-85.76842492395029,Lake
"Platte Lake",44.68752202645061,-86.08735359257749,Lake
"Keystone Pond",44.689841955920194,-85.62621598611732,Lake
"Spring Lake",44.66053544024456,-85.5000385946879,Lake
"Bronson Lake",44.691041829791516,-85.88036255754511,Lake
"Fisher Lake",44.89573979461747,-85.94929805930805,Lake
"High Lake",44.687921805530145,-85.51592292712412,Lake
"Brown Bridge Pond",44.648190395848275,-85.49685784061516,Lake
"Lake Olga",44.15867728696784,-85.57170014912653,Lake
"Mud Lake",44.71819868583139,-86.13061204395852,Lake
"Lake Dubonnet",44.685795199958044,-85.7877696545033,Lake
"Boardman Lake",44.74347177883759,-85.61496345557471,Lake
"Lake Mitchell",44.246878767172,-85.48954348518087,Lake
"Loon Lake",44.06679686740412,-85.97507629772724,Lake
"Round Lake",44.008986567870664,-86.11530393507425,Lake
"Otter Lake",44.73986362214997,-86.06107606403454,Lake
"Shell Lake",44.94942416644194,-85.90025050268163,Lake
"Ellis Lake",44.66318440635569,-85.74820928752888,Lake
"Little Bass Lake",44.09158639279046,-85.96876953373241,Lake
"Sanford Lake",44.699646059263785,-85.85867913159215,Lake
"Baylor Swamp",44.091206017959905,-85.74402386344569,Lake
"Loon Lake",44.71017753449307,-86.13072364227783,Lake
"Silver Lake",44.689413155655856,-85.68206467395129,Lake
"Turtle Lake",44.61629685116023,-85.90510440607258,Lake
"Little Platte Lake",44.70327030377497,-86.06569133365107,Lake
"Grass Lake",44.60902800643411,-85.85222585326022,Lake
"Conant Marsh",44.09448273369144,-85.7645669414728,Lake
"Bass Lake",44.68900339088899,-85.7121611078468,Lake
"Lower Herring Lake",44.56374436711487,-86.21511036890314,Lake
"Tippy Dam",44.254742100809466,-85.90405839602337,Lake
"Bass Lake",44.92391387425778,-85.88469071270166,Lake
"School Lake",44.91396708251557,-85.88378524104976,Lake
"Meauwataka Lake",44.345166214855155,-85.5602153915974,Lake
"Pearl Lake",44.7622579917047,-85.91725902783554,Lake
"Armstrong Lake",44.79032457648502,-85.91333298926382,Lake
"Peters Bayou",44.26123026071028,-86.28995945354158,Lake
"Cedar Hedge Lake",44.671144236911346,-85.78309648011171,Lake
"Lake Gitchegumee",44.49228856433226,-85.6764198631138,Lake
"Bar Lake Swamp",44.320476410382504,-86.27235646010752,Lake
"Upper Herring Lake",44.56045035915415,-86.18263378784019,Lake
"Arcadia Lake",44.485196321916256,-86.2393647302906,Lake
"Lake Leelanau",44.94143337039542,-85.72650558176542,Lake
"Sauble Lakes",44.06407851949295,-85.94886309379811,Lake
"Leitch Bayou",44.2742980049955,-85.96466430219446,Lake
"Ford Lake",44.048300852980574,-86.12295479624241,Lake
"Bellows Lake",44.71929678816084,-85.81236268428854,Lake
"Tonawanda Lake",44.651167240463984,-85.75269699329684,Lake
"Green Lake",44.61097115024391,-85.78141364271167,Lake
"Ruth Lake",44.69686619543138,-85.76120065603646,Lake
"Spider Lake",44.67730502542423,-85.49186298945479,Lake
"Arbutus Lake",44.6636753741858,-85.52009134352028,Lake
"Woodward Lake",44.30772322435735,-85.54323405784635,Lake
"Long Lake",44.69584179556015,-86.16803786737867,Lake
"Thunder Lake",44.06293915142991,-86.12420213111373,Lake
"South Bar Lake",44.819594254508495,-86.06390084443755,Lake
"Bar Lake",44.29889315572015,-86.29031514224039,Lake
"Elbow Lake",44.137011131982895,-85.9830120442336,Lake
"Lime Lake",44.8950753026772,-85.8410992360602,Lake
"Baldwin Luther Swamp",44.014030738466744,-85.7506583286333,Lake
"Cool Lake",44.15893046580491,-85.96673199594647,Lake
"Chandler Lake",44.68597611695511,-85.52468761822313,Lake
"Mickey Lake",44.73019980630339,-85.76507762871934,Lake
"Lake Saint Helen",44.36874375954796,-84.46074716214008,Lake
"Manistee Lake",44.78032045122657,-85.02314295638574,Lake
"Lake Sapphire",44.3160921674125,-85.26992764108579,Lake
"Arnold Lake",44.06822715153121,-84.75195563408543,Lake
"Whitlock Lake",44.359411192547384,-85.32127472468012,Lake
"Rose Lake",44.061509321058494,-85.3861944139087,Lake
"Silver Lake",44.00536671567751,-85.40109392130245,Lake
"Sutherland Lake",44.0236253717063,-84.77195981914753,Lake
"Big Cannon Creek Number Two Flooding",44.49700899752017,-84.96154051951466,Lake
"Big Bradford Lake",44.863805660337626,-84.70938196151721,Lake
"Long Lake",44.35538372196316,-85.25765100024829,Lake
"Lake of the Woods",44.90889848390426,-85.183404163634,Lake
"East Lakes",44.759697691651155,-84.95476536835442,Lake
"Grass Lake",44.75568965806206,-85.002400158063,Lake
"Elk Lake",44.8614430332283,-85.37633131698885,Lake
"Buhl Lakes",44.949806440167734,-84.8176986310349,Lake
"KP Lake",44.78966816889173,-84.55007648729274,Lake
"McGilvery Lake",44.06973252281777,-84.60072257705322,Lake
"Petobego Pond",44.85665880699623,-85.44285474335601,Lake
"Long Lake",44.57264269389107,-85.29821250980811,Lake
"Robinson Lake",44.45940143086095,-84.56808957114552,Lake
"Pleasant Lake",44.29991612275416,-85.47695185677537,Lake
"Little Long Lake",44.02651369928766,-84.78605489520712,Lake
"Lynn Lake",44.887668269379155,-84.74955411186635,Lake
"Crooked Lake",44.336483204271254,-85.28776463381641,Lake
"Twin Lake",44.356546217142274,-85.27284067387367,Lake
"Wheeler Lake",44.79231415882159,-85.10344903300572,Lake
"Lewis Lake",44.98364340612228,-84.49906885289592,Lake
"Blue Lake",44.80935043013994,-84.89487260313742,Lake
"Lake Wequos",44.9753568723368,-84.7481506282905,Lake
"Indian Lake",44.68972516733187,-85.47861944791107,Lake
"Lake Lochbrae",44.102391641437805,-84.49278275850078,Lake
"Island Lake",44.68810457764665,-85.4419645159234,Lake
"Lake Maplehurst",44.93903443784116,-85.33356627597928,Lake
"Little Twin Lake",44.81603683994392,-84.97141575608416,Lake
"Stone Ledge Lake",44.181071736963595,-85.38903751504319,Lake
"Turtle Lake",44.94693496576674,-84.5564122204728,Lake
"Cranberry Lake",44.16403378876577,-84.98019712973768,Lake
"Torch Lake",44.973126017861354,-85.31417854770318,Lake
"Guthrie Lake",44.860990108167094,-84.61100269251052,Lake
"Lake Skegemog",44.80509097545722,-85.31456240893378,Lake
"Indian Lake",44.80687441862134,-84.93080188231383,Lake
"Long Lake",44.09199421384835,-84.76794802600097,Lake
"Perch Lakes",44.96691715960884,-84.71840610406981,Lake
"Lake Manuka",44.95888929365745,-84.73928629881013,Lake
"Opal Lake",44.92637219412063,-84.6127922715372,Lake
"Rennie Lake",44.670501728083245,-85.46403841505108,Lake
"Backus Lake Flooding",44.32828576118364,-84.56873699831709,Lake
"Boathouse Lake",44.02479448906826,-84.72314789409457,Lake
"Pencil Lake",44.94430550637324,-84.83564361865533,Lake
"Dyer Lake",44.37176229257817,-85.2519804467521,Lake
"Starvation Lake",44.844336589270604,-84.9490663546899,Lake
"Pickerel Lake",44.80002669583878,-84.97627702936536,Lake
"Backus Creek Flooding",44.340761246837005,-84.58582379460876,Lake
"Lake Cadillac",44.24308463918508,-85.42081831740451,Lake
"East Lake",44.63713713636063,-85.15516235124836,Lake
"Big Bass Lake",44.93138266661695,-84.50754809939433,Lake
"Big Chub Lake",44.9025591872294,-84.63321175574426,Lake
"Intermediate Lake",45.032202384700575,-85.2316486423535,Lake
"Clam Lake",44.925244416892056,-85.24446208793826,Lake
"Cub Lake",44.71838155892634,-84.95397587952957,Lake
"Rice Pond",44.138485590106576,-84.85673134445295,Lake
"Bear Lake",44.72802620201799,-84.94377468418656,Lake
"Lake Missaukee",44.33053468949782,-85.2402558928976,Lake
"Twentyeight Lakes",44.61791199233085,-85.16893050359701,Lake
"Otsego Lake",44.95422943149127,-84.69378330959047,Lake
"Lake Horicon",44.932818341663946,-84.7444277244758,Lake
"Long Lake",44.325987241765866,-85.37294939446498,Lake
"Rollway Lake",44.18599867095551,-84.55286697537093,Lake
"Mud Lake",44.97366711416357,-85.35014819435817,Lake
"Bass Lake",44.904742227453475,-85.40050846790713,Lake
"Marl Lake",44.42540397040604,-84.66569488771741,Lake
"Thayer Lake",44.930547681505615,-85.28272528823102,Lake
"Goose Lake",44.35277339453908,-85.24621664045033,Lake
"Lake James",44.293019696503166,-84.62371078508838,Lake
"Little Long Lake",44.023839452337896,-85.30925413084876,Lake
"Sunrise Lake",44.03099594199422,-85.32757312054238,Lake
"Diamond Lake",44.08808908367561,-85.4868459988665,Lake
"Emerald Lake",44.93812092373509,-84.60639717288382,Lake
"Bridge Lake",44.89108887163856,-84.63438717512648,Lake
"Cranberry Lake",44.057828913770386,-84.74277624828301,Lake
"East Indian Lake",44.80567106080638,-84.91989353319364,Lake
"Pickerel Lake",44.55671520225696,-85.33760737167258,Lake
"Hogback Lake",44.02417913077603,-85.42360350088767,Lake
"Twin Lake",44.82269623445532,-84.96484839937597,Lake
"Springwood Lakes",44.00980183472143,-84.6917089664546,Lake
"Birch Lake",44.93611410240483,-85.38173105171536,Lake
"North Blue Lake",44.817499828284426,-84.8967802260566,Lake
"Shellenbarger Lake",44.64961636051232,-84.68327732192743,Lake
"Lake Margrethe",44.65046418808995,-84.7958064688059,Lake
"Wraco Lodge Lake",44.22328391731457,-84.77393761226537,Lake
"Jones Lake",44.7836850156695,-84.59243925714311,Lake
"Lake Tecon",44.91759980241623,-84.75837815343625,Lake
"Houghton Lake",44.33093724235335,-84.71292111312128,Lake
"Section One Lake",44.853743184399775,-84.61805239719469,Lake
"Higgins Lake",44.47095724414974,-84.71922392499692,Lake
"Robinson Creek Flooding",44.43908688530593,-84.57696678315367,Lake
"Russell Lake",44.38113105393215,-84.51537755975373,Lake
"Berry Lake",44.226465012978856,-85.35313261319962,Lake
"Budd Lake",44.021943110363104,-84.79524926999592,Lake
"Pratt Lake",44.025727889219475,-84.54800201156455,Lake
"Camel Lake",44.73119925324219,-85.12723491630338,Lake
"Bass Lake",44.65778931749283,-85.20370460615625,Lake
"Lake Harold",44.94526860457663,-84.90116783357371,Lake
"Lake Marjory",44.86830191230779,-84.69481415931342,Lake
"Crawford Lake",44.72658024259868,-85.08058607726296,Lake
"Fife Lake",44.5669199317767,-85.34534079021813,Lake
"Hicks Lake",44.0221018902228,-85.28393742425304,Lake
"Center Lake",44.108354714287536,-85.38606698943991,Lake
"Little Mud Lake Flooding",44.3574758237987,-84.60159980325447,Lake
"Lake Bellaire",44.95514804277648,-85.22631441365893,Lake
"Lost Lake",44.85054758387386,-84.83922934122306,Lake
"Round Lake",44.31373516100458,-85.33534399220267,Lake
"Wakeley Lake",44.63488454561663,-84.51378720265754,Lake
"Dixon Lake",44.996129299457074,-84.63417941603994,Lake
"Heart Lake",44.89269258369647,-84.6935163548179,Lake
"Denton Creek Flooding",44.273206369595,-84.57155364309678,Lake
"Grass Lake",44.50331832766566,-84.9274219979453,Lake
"North Bay Houghton Lake",44.386800409169396,-84.7784785981792,Lake
"Backus Lake",44.317956614833015,-84.565862813045,Lake
"Chatman Lake",44.16767700301107,-84.34052063303416,Lake
"Elk Lake",44.15661296042087,-84.3603376179791,Lake
"Grousehaven Lake",44.41122145751318,-84.02091480808082,Lake
"Henderson Lake",44.34161735768208,-84.00763091801268,Lake
"Boughner Lake",44.24694704363573,-84.01654448890807,Lake
"Frost Lake",44.18173527719963,-84.35356761931388,Lake
"Indian Lake",44.15054915184737,-84.3519643257839,Lake
"Elbow Lake",44.201605221217605,-84.03916413003863,Lake
"East Twin Lake",44.246461279112054,-84.45784416145678,Lake
"Maltbys Swamp",44.439437411956064,-83.93601625462476,Lake
"Lake Lancelot",44.119124060751375,-84.45336791123998,Lake
"Forest Lake",44.127333320946306,-84.0758007488497,Lake
"Hewey Lake",44.19761195181588,-84.00314292483591,Lake
"Molasses River Flooding Number Two",44.0765018822928,-84.2272976346748,Lake
"Lake Ogemaw",44.24616630494089,-84.0492215478255,Lake
"Secord Lake",44.0721591140169,-84.33245666096879,Lake
"Grebe Lake",44.404090929843804,-84.00632522766435,Lake
"West Twin Lake",44.2487822966414,-84.47424159586716,Lake
"Flowage Lake",44.265696445192184,-84.20814933076784,Lake
"Tee Lake",44.207705658956996,-84.34888492513237,Lake
"Lake Lancer",44.110508434893916,-84.45111824721371,Lake
"Cabin Lake",44.23878726719545,-84.0845675852518,Lake
"Mud Lake",44.39401891464977,-84.44967512550429,Lake
"Lake George",44.20896400882539,-84.24694475042976,Lake
"Devoe Lake",44.402267604848674,-84.0252262369065,Lake
"Clear Lake",44.404442127211745,-84.28550068377169,Lake
"Bush Lake",44.191492671193544,-84.03543869440917,Lake
"Lake Four",44.15492877467424,-84.44587142452242,Lake
"Clear Lake",44.23083757549591,-84.4897890927654,Lake
"Hardwood Lake",44.245515641284314,-83.99436338841222,Lake
"Edwards Lake",44.193376167383775,-84.30263489897091,Lake
"Ambrose Lake",44.40876720713539,-84.2619953225717,Lake
"Peach Lake",44.29301620948715,-84.17152212482834,Lake
"Johnson Lake",44.20798144675165,-83.95585458351297,Lake
"Cranberry Lake",44.203720648951474,-83.99023585992724,Lake
"Little Stylus Lake",44.3201837250448,-83.94683184381427,Lake
"Sage Lake",44.3504491827002,-83.94121866218228,Lake
"George Lake",44.39857853047603,-83.97402964954833,Lake
"Lake Augustina",44.410982773561884,-83.90788684565638,Lake
"Loon Lake",44.41036270146136,-83.8231421905317,Lake
"Big Norway Lake",44.341129810924436,-83.98381539723071,Lake
"Au Sable Lake",44.43222867678483,-83.92358340830654,Lake
"West Londo Lake",44.35521782320634,-83.87560284092307,Lake
"Loud Dam Pond",44.46233964973288,-83.74666599465941,Lake
"Arrowhead Lake",44.33472095019268,-83.97539932393609,Lake
"Chain Lakes",44.4861589661595,-83.85547245913888,Lake
"East Stylus Lake",44.32279637241292,-83.93417348008022,Lake
"Londo Lake",44.3507625432747,-83.86717328146862,Lake
"Twin Lakes",44.359478938230424,-83.98139898177777,Lake
"Jose Lake",44.4832844553269,-83.82878364149643,Lake
"North Dease Lake",44.405222985735584,-83.89309076147602,Lake
"Long Lake",44.41912576194839,-83.85215558733492,Lake
"Little Long Lake",44.40643252148034,-83.85551429982432,Lake
"Laird Lake",44.3644218619389,-83.91093421133206,Lake
"Rifle Lake",44.41170936455955,-83.97941456377492,Lake
"South Dease Lake",44.389652469766354,-83.90136706245876,Lake
"Little Island Lake",44.337209838129226,-83.67027604525974,Lake
"Sand Lake",44.32615739741934,-83.68116814627135,Lake
"Island Lake",44.340096692751736,-83.64296356987232,Lake
"Floyd Lake",44.329940152385824,-83.66818677246728,Lake
"Round Lake",44.339435274105576,-83.66167389368125,Lake
"Indian Lake",44.348427963718045,-83.64793788463365,Lake
"Bass Lake",44.33686466509478,-83.65304229643732,Lake
"Five Channels Dam Pond",44.46183118890796,-83.6988297772439,Lake
"Cooke Dam Pond",44.456523669751185,-83.6227597318427,Lake
"Foote Dam Pond",44.45693913564641,-83.51496662741589,Lake
"Big Bear Lake",44.93735314053671,-84.3859835504608,Lake
"Little Bear Lake",44.93509539529828,-84.40258177898114,Lake
"Conners Marsh",44.689104824572006,-84.4365522031057,Lake
"West Lake",44.52979202676414,-84.38501199195973,Lake
"Bass Lake",44.82720306434129,-84.00112716216266,Lake
"Seventh Spectacle Lake",44.88660034957476,-84.39557932274971,Lake
"Kirtland Lake",44.900962203706314,-84.35725238785943,Lake
"Avery Lake",44.93284062344751,-84.19083524050976,Lake
"Tea Lake",44.839815713809166,-84.29096103943846,Lake
"Muskrat Lake",44.75058145909175,-84.23103919376591,Lake
"Lake Big Wolf",44.86797013335519,-84.27579177733766,Lake
"Perry Lake",44.74917268730441,-84.08893991410598,Lake
"Douglas Lake",44.922372082227305,-84.4452200642277,Lake
"Shupac Lake",44.822546082484685,-84.47637305134494,Lake
"Lake Fifteen",44.987682718547376,-84.1774132812186,Lake
"Crooked Lake",44.97766812048851,-84.15102185883954,Lake
"Mio Dam Pond",44.664800166465994,-84.16610977898397,Lake
"East Twin Lake",44.872336891776385,-84.30964204771213,Lake
"Caulkins Lake",44.9028494098737,-84.40864086965131,Lake
"Little Wolf Lake",44.85664011366209,-84.28838103464508,Lake
"Loon Lake",44.517711016227466,-84.1387867281571,Lake
"Little Bear Lake",44.831183772767346,-84.32314564137833,Lake
"Island Lake",44.506476850862235,-84.14413050985075,Lake
"Gaylanta Lake",44.97602766359828,-84.30401162025878,Lake
"Crapo Lake",44.877445321780286,-84.48510039991649,Lake
"Lockwood Lake",44.91228378085684,-84.00130146983024,Lake
"Snyder Lake",44.83999307492936,-84.31941862053553,Lake
"Mack Lake",44.57618952842062,-84.06971537654121,Lake
"West Twin Lake",44.87709265939575,-84.35263900988016,Lake
"McCormick Lake",44.957328744621975,-84.24884443315946,Lake
"North Lake",44.569892614189044,-83.70038935796669,Lake
"Shamrock Lake",44.742748461332205,-83.93428467362814,Lake
"Indian Lake",44.767240814531945,-83.9796867248318,Lake
"Vaughn Lake",44.54021957640081,-83.72808526903779,Lake
"Sand Lake",44.73645615886166,-83.8816217843404,Lake
"Jewell Lake",44.678983806528656,-83.60664100638337,Lake
"Fletcher Pond",44.9913278936377,-83.84743338217068,Lake
"Turtle Lake",44.89775751713895,-83.89022622823819,Lake
"Lake David",44.738213745514,-83.92258978945625,Lake
"Beaver Lake",44.9365444879851,-83.79859834534227,Lake
"McCollum Lake",44.77194749100206,-83.89197033046129,Lake
"Hubbard Lake",44.802102890670156,-83.56385968424588,Lake
"Cranberry Lake",44.76377555024442,-83.87351249842743,Lake
"Tubbs Lake",44.60249352269787,-83.63383298134015,Lake
"Crooked Lake",44.73639377433183,-83.86761157765567,Lake
"Island Lake",44.72945920874309,-83.90967152379214,Lake
"Island Lake",44.82853715731805,-83.98966740707372,Lake
"Alcona Dam Pond",44.57515875880749,-83.81778495030868,Lake
"Van Etten Lake",44.47480270257741,-83.36463498330508,Lake
"Crystal Lake",44.68997295188863,-83.38990745403235,Lake
"Brownlee Lake",44.689351981850656,-83.40832092047718,Lake
"Lincoln Lake",44.68359371701202,-83.41957645509822,Lake
"Deer Lake",44.78008002898687,-83.48216666839869,Lake
"Badger Lake",44.77597614005873,-83.43871499902859,Lake
"Silver Lake",44.08519260533517,-81.41965655550645,Lake
"Clam Lake",44.074745647188784,-81.40991398439996,Lake
"Schmidt Lake",44.16823359153663,-81.31058538885362,Lake
"Habermehl Lake",44.214477427764955,-81.02742441618287,Lake
"Lake Rosalind",44.17682194699669,-81.05221291789331,Lake
"Dankert Lake",44.205282401492475,-81.05287905922603,Lake
"Arran Lake",44.48227656321648,-81.2590142121798,Lake
"Eugenia Lake",44.32460818828839,-80.49630157321208,Lake
"Williams Lake",44.40239530649342,-80.83420032320335,Lake
"Duncan Lake",44.40828885309601,-80.50160251500259,Lake
"Wilcox Lake",44.22751995818384,-80.55601368221689,Lake
"Townsend Lake",44.2992919273487,-80.77363211550993,Lake
"Bells Lake",44.32497468353624,-80.73406144682804,Lake
"McCullough Lake",44.358319149759446,-80.92180300385773,Lake
"Tobermory Lake",44.256107784360815,-80.83366080439025,Lake
"Louise Lake",44.27146198187413,-80.95482022128239,Lake
"Irish Lake",44.26309480382106,-80.64012058723125,Lake
"Wilder Lake",44.14441998359307,-80.73758966063765,Lake
"Mud Lake",44.427309087380586,-80.74384984608582,Lake
"Chesley Lake",44.55163421140225,-81.22562912359982,Lake
"Maryville Lake",44.59210521920722,-81.22369461779269,Lake
"Gould Lake",44.597099367371136,-81.19666661082522,Lake
"Shallow Lake",44.60409395622018,-81.09624633486563,Lake
"Town Line Lake",44.556709441759466,-81.07008961582675,Lake
"Edward Lake",44.3666761184656,-80.25200044721483,Lake
"Dey's Pond",44.416914906122926,-80.37630219643466,Lake
"Brewster's Lake",44.341159746375304,-80.3053614323485,Lake
"Eugenia Lake",44.30517425590295,-80.48564625983146,Lake
"Little Lake",44.42464697892896,-79.67096799387869,Lake
"Jacks Lake",44.4863203181424,-79.99727215626626,Lake
"Lake Simcoe",44.438220039208524,-79.35783570526398,Lake
"Orr Lake",44.60867377075477,-79.80271154391953,Lake
"Bass Lake",44.602655539641496,-79.50556653573413,Lake
"Dumbell Lake",44.817771934963986,-79.54705790878694,Lake
"Horseshoe Lake",44.84311706266423,-79.62794833939707,Lake
"Lower Eastern Lake",44.81376238796951,-79.48944454330135,Lake
"Long Lake",44.7899700673481,-79.48734363268404,Lake
"Turtle Lake",44.81835913298151,-79.52648393077783,Lake
"MacLean Lake",44.815105416386906,-79.64540998229386,Lake
"Rat Lake",44.86970334966858,-79.52009881006342,Lake
"Baxter Lake",44.88245712264995,-79.75568877764285,Lake
"Gloucester Pool",44.84457349008839,-79.70207720830159,Lake
"Six Mile Lake",44.91363716361766,-79.73976203138831,Lake
"Cain Lake",44.90767286588481,-79.628237863214,Lake
"Lone Lake",44.932485987090324,-79.67548713792748,Lake
"Tea Lake",44.87408635776402,-79.65040381134908,Lake
"Tar Lake",44.99572486104664,-79.65756657985254,Lake
"Nine Mile Lake",44.94509469754522,-79.57145279664547,Lake
"Lafarce Lake",44.98942076365727,-79.7420228584821,Lake
"Gibson Lake",44.961493379781174,-79.74387011015668,Lake
"Lower Boleau Lake",44.90387234836722,-79.56504271895803,Lake
"Black Lake",45.00087700128781,-79.55927533381023,Lake
"Big Otter Lake",44.95593225696953,-79.57557026181682,Lake
"Shaw Lake",44.90781623207336,-79.58915473775757,Lake
"Turtle Lake",44.935557926475504,-79.57712885309692,Lake
"Pine Lake",44.94110999619683,-79.45558739086555,Lake
"Woodland Lake",44.90290723584766,-79.54909331510375,Lake
"Hart Lake",44.91174286977641,-79.57869003472744,Lake
"Neilson Lake",44.98459661358258,-79.5264856649424,Lake
"Hardy Lake",45.007535282504946,-79.53134351073814,Lake
"Long Lake",44.99983599784957,-79.6068365332262,Lake
"Upper Boleau Lake",44.88824642969744,-79.5427752211497,Lake
"Clear Lake",44.98300023934446,-79.55402496248732,Lake
"Long Lake",44.80950315927985,-78.90824991169809,Lake
"Mitchell Lake",44.57587615776353,-78.94637650789299,Lake
"Oak Lake",44.748074067691974,-78.86983099983925,Lake
"Cranberry Lake",44.80544295248075,-78.88051509821355,Lake
"Sickle Lake",44.9682467476047,-78.96239461011594,Lake
"Buck Lake",44.902523104098,-79.2466271605446,Lake
"Fawn Lake",44.9176372886638,-79.25928248867163,Lake
"North Longford Lake",44.89478242106111,-79.08224411836599,Lake
"Brush Lake",44.722152100919594,-78.97575483513975,Lake
"Fisher Lake",44.911602921303285,-78.92803739400243,Lake
"Mitchell Lake",44.561746430127904,-78.9562750013954,Lake
"Grass Lake",44.766913449873066,-79.39102714258678,Lake
"Scrabble Lake",44.8206277156718,-78.86497942635616,Lake
"North Muldrew Lake",44.905871220537456,-79.43608693388784,Lake
"Eastern Lake",44.80269707061569,-79.4677619817927,Lake
"Kahshe Lake",44.856348397159366,-79.26685530373469,Lake
"Smudge Lake",44.82077267456237,-78.95900071134722,Lake
"Raven Lake",44.62030605468292,-78.91573209311032,Lake
"Upper Andrews Lake",44.93386509196015,-78.95488875479398,Lake
"Lake Couchiching",44.679839227036744,-79.36551642356758,Lake
"Boot Lake",44.93259873571702,-79.00403389241845,Lake
"Snake Lakes",44.91119682821964,-78.89650578621678,Lake
"Cornall Lake",44.8901953235381,-79.3290453765933,Lake
"Big Duck Lake",44.90243859492473,-78.95872817667372,Lake
"Victoria Lake",44.85990214742569,-78.90089817713388,Lake
"Snake Lakes",44.89009822925331,-78.8803178840279,Lake
"Morrison Lake",44.87019648776406,-79.4549555732463,Lake
"Turtle Lake",44.92322569534589,-79.45059178991578,Lake
"Sunny Lake",44.910521195696724,-79.29954599713679,Lake
"Clear Lake",44.811752272569144,-78.86170275416028,Lake
"Doe Lake",44.92264018656703,-79.28376904856854,Lake
"Bearpaw Lake",44.92744791677904,-79.48937297678738,Lake
"Prospect Lake",44.99264619266664,-79.13535130559377,Lake
"Loon Lake",44.921569352456146,-79.43520527140971,Lake
"Cranberry Lake",44.77171366955574,-79.05152651178479,Lake
"Crooked Lake",44.824558355114796,-78.91201497461233,Lake
"Bass Lake",44.87329770076894,-79.20655023991183,Lake
"Jevins Lake",44.90042953632053,-79.34802623451841,Lake
"Logan Lake",44.87612471524249,-78.98046233023946,Lake
"Dalrymple Lake",44.6435300173598,-79.12295692496163,Lake
"Lake St. George",44.73306946132808,-79.37685756987284,Lake
"Middle Muldrew Lake",44.899128620229654,-79.4428798016731,Lake
"Browns Lake",44.945057178548524,-79.00053121470268,Lake
"Talbot Lake",44.69666137668112,-78.85174809747518,Lake
"Robinson Lake",44.83699852812252,-79.0999714083779,Lake
"Uley Lake",44.785689895297985,-79.07441612644146,Lake
"Millward Lake",44.92362112390653,-78.88182490206772,Lake
"Rainy Lake",44.946081497818064,-78.91214355157818,Lake
"Carp Lake",44.79878755613566,-79.06129510043343,Lake
"Lake St. John",44.68934517601418,-79.32334217930982,Lake
"Cabin Lake",44.94518517201256,-79.09713726747415,Lake
"Fishog Lake",44.78061886201492,-78.88511947612211,Lake
"Deer Lake",44.78432273711562,-79.08717128153307,Lake
"Raven Lake",44.787987412203535,-79.0629372221159,Lake
"Wolf Lake",44.860356840630345,-78.91920423335286,Lake
"Mud Lake",44.66642814490878,-79.29728629816192,Lake
"Long Lake",44.96161918982993,-79.13019383294036,Lake
"Buck Lake",44.77082709784626,-79.41733289826111,Lake
"South Muldrew Lake",44.88561233863735,-79.42822448047517,Lake
"Canal Lake",44.57001642418966,-79.04161374817055,Lake
"Andrews Lake",44.95123370076894,-78.97607173915921,Lake
"Ben Lake",44.89146461648202,-79.20452047208263,Lake
"Big Trout Lake",44.928019228846225,-78.92444181430227,Lake
"Riley Lake",44.83534551516449,-79.18193351373284,Lake
"Three Mile Lake",44.88596874184619,-79.26680823931079,Lake
"Coburn Lake",44.80733933509621,-78.84623821045463,Lake
"Musselman Lake",44.031080786394675,-79.27369006767545,Lake
"Wagner Lake",44.18982378425297,-79.13072299614227,Lake
"Little Lake",44.89290233834275,-79.46841522081597,Lake
"Pauper Lake",44.99648210881169,-78.91514508513369,Lake
"Kirkfield Lake",44.58587643867311,-78.96891228970239,Lake
"Duck Lake",44.67469067891685,-78.95712695036988,Lake
"Sparrow Lake",44.82123736284776,-79.40000929112078,Lake
"Clearwater Lake",44.80782848007687,-79.24212476334358,Lake
"Barkway Lake",44.89961144007638,-79.16523916486362,Lake
"Thrasher Lake",44.91688220675616,-78.98428201755925,Lake
"Murphy Lake",44.9285746505754,-78.97459976584474,Lake
"Head Lake",44.73490916512728,-78.91271753520539,Lake
"Mud Lake",44.19588346042824,-79.20423775584273,Lake
"Crotchet Lake",44.961696122560255,-78.93263206319726,Lake
"Circlet Lake",44.90842872876401,-78.98038659293127,Lake
"South Longford Lake",44.88167815792724,-79.07665366004217,Lake
"Young Lake",44.712321626983496,-79.1581015111859,Lake
"Perch Lake",44.7000446629461,-78.89093298764105,Lake
"Cranberry Lake",44.576579256817105,-79.09106480983073,Lake
"Moose Lake",44.848498549946676,-79.4123359951371,Lake
"Rush Lake",44.715378282617245,-78.93080113389722,Lake
"Red Boat Lake",44.79903141711205,-78.86349113106198,Lake
"Jordan's Lake",44.85223012732521,-78.90386931961503,Lake
"Swamp Lake",44.981756467871975,-79.0126705810637,Lake
"Gull Lake",44.915971065325664,-79.3514819898164,Lake
"Silver Lake",44.90187194548057,-79.31757198883143,Lake
"Spence Lake",45.002754713229535,-79.28114743132282,Lake
"Pigeon Lake",44.97208242168545,-79.47175192836735,Lake
"Deer Lake",44.960644659871114,-79.4595462511436,Lake
"Spence Lake",44.98901325993416,-79.25493950481857,Lake
"Lake Scugog",44.151454733672246,-78.90446637906605,Lake
"Lake Scugog",44.2182374227123,-78.79920480520943,Lake
"Lake Scugog",44.21453553272604,-78.92216006306055,Lake
"Little Gull Lake",44.842528429051775,-78.80939552591767,Lake
"South Beaver Lake",44.78266241698313,-78.77830863411535,Lake
"Kashagawigamog Lake",44.99741133078496,-78.5877809026793,Lake
"Bow Lake",44.84904359687808,-78.56414741385173,Lake
"Black Lake",44.81803306125725,-78.82309098752562,Lake
"Salerno Lake",44.85928677815456,-78.49436282211843,Lake
"Duck Lake",45.00328757153897,-78.64808447915078,Lake
"Pockett Lake",44.97124824360951,-78.55632212657343,Lake
"Silver Lake",44.68513120316778,-78.79854191525044,Lake
"North Pigeon Lake",44.88115353059285,-78.77615980931509,Lake
"Beechnut Lake",44.74082948376026,-78.84857800040916,Lake
"Little Bob Lake",44.876084106209035,-78.78615971434878,Lake
"Birchbark Lake",44.80092987065599,-78.57212586776097,Lake
"North Beaver Lake",44.84667396683141,-78.7178502424026,Lake
"Mountain Lake",44.98323183446987,-78.70989897629228,Lake
"Goose Lake",44.586063981273874,-78.76066525393797,Lake
"Union Lake",44.79372259533933,-78.53342181998843,Lake
"Cedar Lake",44.812260889805025,-78.79261072801222,Lake
"Denna Lake",44.866013421462846,-78.7427871170613,Lake
"Miserable Lake",44.91697734495866,-78.55888506707548,Lake
"Bob Lake",44.91292761777622,-78.78726131141197,Lake
"Corben Lake",44.77003839435157,-78.73840398132774,Lake
"South Lake",44.91013051641447,-78.68568430973963,Lake
"Minden Lake",44.95682619854704,-78.69552849226739,Lake
"Devil's Lake",44.86904250076583,-78.83653653151067,Lake
"Lochlin Lake",44.95793786797296,-78.51153672547022,Lake
"Crego Lake",44.77412031637503,-78.71069137908172,Lake
"Beer Lake",44.93376809060244,-78.80981279736618,Lake
"North Otter Lake",44.89255908463512,-78.81125061490846,Lake
"Plewman Lake",44.860676088942135,-78.70854359917286,Lake
"West Moore's Lake",44.784112680326665,-78.83129953624542,Lake
"Balsam Lake",44.590389618799556,-78.83834990688746,Lake
"Davis Lake",44.79213001921316,-78.71055947474392,Lake
"Howland Lake",44.83881627021196,-78.69012354830546,Lake
"Sheldon Lake",44.85053803205668,-78.84422386357855,Lake
"Kawartha Lakes",44.55326374467907,-78.76124509614934,Lake
"Shadow Lake",44.71380446880373,-78.79428661087081,Lake
"Sam's Lake",44.80901470581433,-78.77561095349787,Lake
"Moore Lake",44.79709277471423,-78.8018668335532,Lake
"Canning Lake",44.93701849436926,-78.65125436130889,Lake
"Four Mile Lake",44.6828672670717,-78.73658938079842,Lake
"Bat Lake",44.93453247057065,-78.68437096448103,Lake
"Clear Lake",44.80938545272725,-78.76304314529823,Lake
"Emily Lake",44.45014117073698,-78.57356670285449,Lake
"Goose Lake",44.420843788884454,-78.86433889906972,Lake
"Bass Lake",44.671761114882415,-78.53603311435775,Lake
"Crystal Lake",44.7608494756967,-78.48441994942037,Lake
"Chalk Lake",44.02315145779551,-79.04803111620619,Lake
"Cashel Lake",44.91534025312638,-77.54688003324817,Lake
"Second Lake",44.8690383708527,-77.76815718680822,Lake
"Round Lake",44.499690804411145,-77.86899964629764,Lake
"Lucid Lake",44.936516664193306,-77.5086977642555,Lake
"Crowe Lake",44.48055932246036,-77.74507956320976,Lake
"Steen Lake",44.77871573270298,-77.78983608693336,Lake
"Aryhart Lake",44.98561761431946,-77.93198587816191,Lake
"Snow Lake",44.853603282619,-77.88265877880372,Lake
"Copeway Lake",44.74216996116247,-77.80008586120951,Lake
"Brough Lake",44.96277373392799,-78.09932417875449,Lake
"Steenburg Lake",44.824934052658,-77.68246420950673,Lake
"Stevenson Lake",44.27484270727339,-77.9107724342697,Lake
"Auger Lake",44.997350185096046,-78.04716160825946,Lake
"Little Lake",44.04624835278835,-77.82538330900655,Lake
"Chandos Lake",44.80517035949827,-77.99376881162466,Lake
"Sweets Lake",44.87784057107186,-77.73864948923202,Lake
"West Twin Lake",44.64470898828029,-77.88868940031112,Lake
"Lavallée Lake",44.94112747553211,-77.93463412215331,Lake
"Glanmire Lake",44.76385656128645,-77.64732612027919,Lake
"Spring Lake",44.918092043160485,-77.7122122917913,Lake
"Big Burnt Lake",44.71474448358008,-77.75397028235044,Lake
"Rylstone Lake",44.42108303528472,-77.7063131305126,Lake
"Methuen Lake",44.71845017708111,-77.90829586416369,Lake
"Wadsworth Lake",44.84905783170757,-77.57446358141935,Lake
"Brooks Lake",44.87237187021509,-77.77200610150032,Lake
"North Lake",44.89280641137717,-77.93637592050132,Lake
"Colbourne Lake",44.99982102192364,-78.13593877550191,Lake
"Oak Lake",44.26939883236448,-77.52031911385548,Lake
"Lasswade Lake",44.774124738402925,-77.99784196971551,Lake
"Gunter Lake",44.8999385023378,-77.53733685707161,Lake
"Blue Sea Lakes",44.96132404885897,-77.61760817852486,Lake
"Sandy Lake",44.67559035903021,-77.89126512990963,Lake
"Twin Sister Lakes",44.58945644955602,-77.76013142606534,Lake
"Robinson Lake",44.91029863591461,-77.71786516869693,Lake
"Dixon Lake",44.94408567233142,-77.61208051139259,Lake
"Kasshabog Lake",44.62710519529045,-77.95894911140238,Lake
"Seymour Lake",44.3861220236245,-77.83272235441986,Lake
"Silent Lake",44.90922121308517,-78.05738132729684,Lake
"Belmont Lake",44.491486604017766,-77.83018243046565,Lake
"Coe (Island) Lake",44.99115435369856,-77.91497812626648,Lake
"Mud Turtle Lake",44.6414465138662,-77.78934966012068,Lake
"Tremur Lake",44.103718057526216,-77.62690082290824,Lake
"Horse Lake",44.9226177919723,-77.5143550125162,Lake
"Twin Sister Lakes",44.59776379127699,-77.74968437496558,Lake
"Clydesdale Lake",44.82825306370054,-78.02753665554174,Lake
"The Twins",44.9589896955955,-77.93008048224074,Lake
"Little Tallan Lake",44.830202705500554,-78.04702950572938,Lake
"Mephisto Lake",44.93248176755242,-77.5772295199176,Lake
"Long Lake",44.57133965041984,-77.99052773051828,Lake
"South Lake",44.57579511318687,-77.9400741458528,Lake
"Mountain Lake",44.91181520835887,-77.98241828471564,Lake
"Freen Lake",44.756931588811916,-77.74784592712686,Lake
"Sanford Lake",44.92862469172201,-77.50580612889846,Lake
"Urbach Lake",44.83085532290882,-77.8080554432228,Lake
"Chain Lakes",44.95472331654689,-77.65747506912737,Lake
"Henderson Lake",44.81008622908017,-77.79339388055256,Lake
"Lost Lake",44.558193334064875,-77.85159655397933,Lake
"Barrette Lake",44.679148901392516,-77.9419341759139,Lake
"Dark Lake",44.922137602070606,-77.59644377032834,Lake
"Brinklow Lake",44.899385201586554,-77.72253871432652,Lake
"Sams Lake",44.630059479995836,-77.90847659289095,Lake
"Finnegan Lake",44.87260835016241,-77.80763859869637,Lake
"Paudash Lake",44.966872436068144,-78.03642382029132,Lake
"Castoroil Lake",44.80100631399931,-77.84917161401384,Lake
"Lighthouse Lake",44.83685597405466,-77.76060762896822,Lake
"Gilroy Lake",44.81340353116711,-77.88040851236465,Lake
"Wollaston Lake",44.838569381950514,-77.83994366677271,Lake
"Twomile Lake",44.91242806696633,-77.66286567793301,Lake
"Little Burnt Lake",44.742427044733866,-77.72557280204786,Lake
"Oak Lake",44.600831424526795,-77.91148598940636,Lake
"Tallan Lake",44.845244449811695,-78.05279870084554,Lake
"Monck Lake",45.00289743020188,-78.10947169344476,Lake
"Peter Lake",44.866128349918355,-77.79505640576077,Lake
"Big Mountain Lake",44.635193252167014,-77.98761767529258,Lake
"Hinchcliffe Lake",44.88586265806019,-77.5444861999278,Lake
"Laundry Lake",45.00055738947287,-77.9212299436403,Lake
"Bald Lake",44.91977954587414,-77.81405534086994,Lake
"Cordova Lake",44.57324021482226,-77.82545326017005,Lake
"Hadlington Lake",44.904596866383585,-78.27237512210768,Lake
"Leaf Lake",44.985148352558895,-78.34417301237808,Lake
"Tory Lake",44.965026147036276,-78.2683811683419,Lake
"Contau Lake",44.88723143281603,-78.43514103281812,Lake
"Horseshoe Lake",44.86403851748393,-78.38962269251729,Lake
"Salmon Lake",44.81632501082307,-78.44396018800647,Lake
"Stormy Lake",44.97532917803984,-78.40815595675909,Lake
"Blue Hawk Lake",45.00191334207067,-78.45047934505646,Lake
"McCue Lake",44.968528248516826,-78.2838942398198,Lake
"Little Glamor Lake",44.97695359576769,-78.36844082225518,Lake
"Billings Lake",44.93302139939612,-78.36748083377572,Lake
"Minnicock Lake",44.99783693970448,-78.40113055191587,Lake
"Bark Lake",44.93154457149397,-78.46918458901224,Lake
"Adams Lake",44.9842122379971,-78.17485451061539,Lake
"McCaslim Lake",45.003544478980864,-78.34170997700156,Lake
"Glamor Lake",44.96128930289184,-78.37130915107498,Lake
"Trooper Lake",44.88779467483793,-78.35097804426438,Lake
"Monrock Lake",44.969386167947526,-78.19820226832002,Lake
"Tamarack Lake",44.884392977224365,-78.3722592114136,Lake
"Buckskin Lake",44.95926053971821,-78.19347693565899,Lake
"White Lake",44.82939643401562,-78.47627550744774,Lake
"Fortescue Lake",44.83724581499552,-78.44132250199266,Lake
"Gooderham Lake",44.91270097084155,-78.38516717127465,Lake
"Rotten Lake",44.4563347846744,-78.01509891947691,Lake
"Long Lake",44.46242401871299,-78.16974174218952,Lake
"Fair Lake",44.694840437326285,-78.22146219718007,Lake
"Upper Monmouth Lake",44.931666231770485,-78.21615504151377,Lake
"Picard Lake",44.77726254454084,-78.38473172660835,Lake
"Loon Call Lake",44.74137168772056,-78.14887911182016,Lake
"Kawartha Lakes",44.55299485385515,-78.27905950609504,Lake
"Coon Lake",44.60791851351826,-78.19943912379355,Lake
"Lavery Lake",44.6601896472447,-78.46690120860966,Lake
"Buzzard Lake",44.6675102247284,-78.20680562662795,Lake
"Farrel Lake",44.94546298045159,-78.09156063692218,Lake
"Shark Lake",44.63562927138902,-78.20511385629528,Lake
"Copper Lake",44.790499536143955,-78.16708261903763,Lake
"Little Sugarbush Lake",44.711047978173575,-77.96271865594757,Lake
"Crab Lake",44.72365598607092,-78.19174906729926,Lake
"Lower Monmouth Lake",44.900849881380886,-78.20311045668129,Lake
"Stoplog Lake",44.65217236918511,-78.23019647917049,Lake
"Turtle Lake",44.65216036001824,-78.24909408990837,Lake
"Vixen Lake",44.648609192943645,-78.20789762002167,Lake
"Poplar Lake",44.70785193159613,-78.2381971339851,Lake
"Cox Lake",44.68813738004596,-78.25275940045077,Lake
"Galloway Lake",44.80303194366873,-78.38005105411415,Lake
"Long Lake",44.68869348617759,-78.17532619189942,Lake
"Clanricarde Lake",44.83390857030675,-78.1539123158494,Lake
"Sugarbush Lake",44.724581269412205,-77.9496446722371,Lake
"Julian Lake",44.59511001315435,-78.14701507172605,Lake
"De Gaulle Lake",44.669982683483305,-78.48521318225987,Lake
"Bottle Lake",44.76614186393866,-78.28409094104055,Lake
"Eels Lake",44.89580232775331,-78.1341736201483,Lake
"Wolf Lake",44.739109959036284,-78.17997457356476,Lake
"Mountain Lake",44.693619698866755,-78.36130118752885,Lake
"McGee Lake",44.646233135688234,-78.17059305700515,Lake
"Bow Lake",44.69299874110514,-77.9921240002685,Lake
"Apsley Lake",44.75978265387583,-78.06959231985186,Lake
"Rathbun Lake",44.77926003962003,-78.20444747021273,Lake
"Cloudy Lake",44.68463667193029,-78.29040786830954,Lake
"Big Cedar Lake",44.60677639019558,-78.1734188685669,Lake
"Red Lake",44.72182157759141,-78.2205141778819,Lake
"Little Anstruther Lake",44.82496439903554,-78.15665093183961,Lake
"Concession Lake",44.67939180704265,-78.47691551689888,Lake
"Sucker Lake",44.766081018609064,-78.2560887708769,Lake
"Kawartha Lakes",44.55935443989024,-78.2326284163738,Lake
"Moore Lake",44.49091585713226,-78.27117296672733,Lake
"Crane Lake",44.643422198692456,-78.2851870289363,Lake
"North Rathbun Lake",44.793077530023915,-78.21454688346886,Lake
"Jack Lake",44.69597602732867,-78.0332050858582,Lake
"Higgins Lake",44.872398148346086,-78.16402606112025,Lake
"Anstruther Lake",44.7464440571095,-78.20982298038774,Lake
"Clear Lake",44.502663890296866,-78.20685544798808,Lake
"North Pencil Lake",44.8828093340266,-78.2680975132492,Lake
"Little Jack Lake",44.662430575236705,-78.01662927656099,Lake
"Serpentine Lake",44.801118431764976,-78.1794482872322,Lake
"Agate Lake",44.67582532694974,-78.2747683362824,Lake
"Sandy Lake",44.54111628172657,-78.40544623360564,Lake
"Bolger Lake",44.67926429677304,-78.1586046399526,Lake
"Nogies Lake",44.81611272679617,-78.46571411389934,Lake
"Little Long Lake",44.68031356814523,-78.14735678913804,Lake
"Chemong Lake",44.33341813352026,-78.45815074403905,Lake
"Loom Lake",44.74436568450405,-78.46310560131244,Lake
"Elm Lake",44.6663578757165,-78.17673769957503,Lake
"Loucks Lake",44.680546581016316,-78.22437429018947,Lake
"Pencil Lake",44.80759742735956,-78.35168530921763,Lake
"St. Croix Lake",44.75766642764488,-78.43500259369632,Lake
"North Eels Lake",44.95988134013149,-78.12966807061873,Lake
"Alder Lake",44.86793996159925,-78.14715984417796,Lake
"Kawartha Lakes",44.46094463140885,-78.25568680189772,Lake
"Greens Lake",44.79121483555528,-78.37208431017929,Lake
"Monmouth Lake",44.90814041714147,-78.19391574177386,Lake
"Wolf Lake",44.694859384208684,-77.53275526165315,Lake
"Eldorado Lake",44.58625730436288,-77.50734415522535,Lake
"Jarvis Lake",44.51198979744333,-77.56882935801109,Lake
"Jordan Lake",44.77876717411069,-77.63009725713418,Lake
"Robinson Lake",44.68639892922285,-77.50417932764572,Lake
"Loughborough Lake",44.38667632136252,-76.52233827877757,Lake
"Darling Lake",44.47615887029049,-76.53853405717939,Lake
"Little Clear Lake",44.55239065653434,-76.50350290288294,Lake
"Deline Lake",44.482964778543604,-76.55245940781141,Lake
"Draper Lake",44.482139768216264,-76.51376917162628,Lake
"South Otter Lake",44.498364424041846,-76.54803497105097,Lake
"Little Salmon Lake",44.5416375984806,-76.51841180069523,Lake
"Mica Lake",44.4627035508387,-76.54439542288777,Lake
"Miner Lake",44.577543110092776,-76.57279081898385,Lake
"Devil Lake",44.58485116970911,-76.45617032085269,Lake
"Kingsford Lake",44.566517805093284,-76.53725735117271,Lake
"Birch Lake",44.54910999116839,-76.5415385218593,Lake
"Garter Lake",44.607892045705896,-76.54760551902662,Lake
"Cronk Lake",44.46391930511964,-76.56494465359188,Lake
"Sand Lake",44.559957959701165,-76.59083975239565,Lake
"Doe Lake",44.499101876088346,-76.53840577978866,Lake
"Holleford Lake",44.504183954875856,-76.60161420333655,Lake
"Bear Lake",44.49558013187942,-76.49871620412098,Lake
"Canoe Lake",44.58839826243427,-76.54969845175357,Lake
"Desert Lake",44.539165836055446,-76.59233027627003,Lake
"Knowlton Lake",44.457104127472306,-76.61288459810606,Lake
"Eel Lake",44.55609936936506,-76.5591967575389,Lake
"Mud Lake",44.48843348164646,-76.49806473526927,Lake
"Indian Lake",44.47228573271403,-76.50512386383036,Lake
"Pearkes Lake",44.49526014806694,-76.55589760749756,Lake
"Big Salmon Lake",44.5394075619737,-76.500089671511,Lake
"North Otter Lake",44.50648086810938,-76.56818308332466,Lake
"Lake on the Mountain",44.03442179134117,-77.05867312919779,Lake
"Fish Lake",44.09518509433218,-77.17651817022185,Lake
"Roblin Lake",44.058328052103164,-77.42500584335258,Lake
"Ross Lake",44.3223653222341,-77.45965206400876,Lake
"White Lake",44.44333576866003,-77.45612369650274,Lake
"Joeperry Lake",44.91111197155683,-77.29287191973599,Lake
"Partridge Lake",44.82225178930857,-77.32514852172831,Lake
"Lingham Lake",44.76507090326891,-77.42066968946779,Lake
"Deerock Lake",44.736119598963576,-77.25967831755548,Lake
"Stoco Lake",44.47663351590704,-77.28885188732684,Lake
"Whitefish Lake",44.906793196535226,-77.40519257307831,Lake
"Shirtcliff Lake",44.590451507690716,-77.12800965576652,Lake
"Moira Lake",44.48962798306553,-77.45049347101448,Lake
"Pearson Lake",44.89966158341544,-77.27685611987688,Lake
"Rainy Lake",44.898322062985336,-77.33035400040875,Lake
"Pringle Lake",44.86622484519551,-77.22390837591092,Lake
"Dry Lake",44.42491749891531,-77.1037395485419,Lake
"Haley Lake",44.546017903331,-77.13607767251872,Lake
"Quinlan Lake",44.694591712036726,-77.4933097313558,Lake
"Upper Partridge Lake",44.94833274770405,-77.48730633847094,Lake
"McKnight Lake",44.7079304710523,-77.36182603887283,Lake
"Raccoon Lake",44.61363940156277,-77.11145237430397,Lake
"Wallbridge Lake",44.707214024002006,-76.99052301589225,Lake
"Otter Creek Lakes",44.64000114029573,-77.0833430425782,Lake
"Grimsthorpe Lake",44.87376885930552,-77.39622591623412,Lake
"Little Merrill Lake",44.911419591437124,-77.39367678072644,Lake
"Killer Lake",44.88405605172126,-77.3283318039003,Lake
"Canniff Lake",44.79372148889337,-77.35977200378544,Lake
"Hazzard Lake",44.57204833015163,-77.4657382392066,Lake
"Mellon Lake",44.57026954777898,-77.09247981024694,Lake
"Silva Lake",44.86616402864933,-77.4660096304929,Lake
"Boundary Lake",44.89889878381895,-77.4342286567505,Lake
"Lime Lake",44.40837459630316,-77.10797451257126,Lake
"Skootamatta Lake",44.83896366917191,-77.26226170148112,Lake
"Dafoe Lake",44.93927564836841,-77.45036790310945,Lake
"Topper Lake",44.827682130520145,-77.26954450854664,Lake
"Drag Lake",44.44526215709296,-77.3936008737052,Lake
"Sheldrake Lake",44.81774747085907,-77.282741778793,Lake
"Merrill Lake",44.923881265489456,-77.4005557854096,Lake
"Calpin Lake",44.530595502242875,-77.08394933934673,Lake
"Rock Lake",44.8191649351619,-76.87480315386759,Lake
"Napanee Lake",44.442092982984875,-76.73065542759741,Lake
"Little Long Lake",44.457168103872405,-76.5686677211894,Lake
"Story Lake",44.80630635065204,-77.17709452827089,Lake
"St. Andrew Lakes",44.611786991225465,-76.66824798897272,Lake
"Little John Lake",44.51449301499785,-76.62759109204949,Lake
"Odessa Lake",44.31692054922416,-76.69011676877987,Lake
"Hambly Lake",44.47096925483581,-76.68199348117716,Lake
"Echo Lake",44.60680158059007,-76.77366095864934,Lake
"Beaver Lake",44.49858481596444,-77.03222209263971,Lake
"White Lake",44.45901686318013,-77.05217656670283,Lake
"White Lake",44.60499496297286,-76.6122062451189,Lake
"Kennebec Lake",44.737403646160885,-76.9628265535932,Lake
"Collins Lake",44.36104429719786,-76.46528338680443,Lake
"Big Marl Lake",44.70147206145771,-76.97483480365152,Lake
"Spring Lake",44.482481952586255,-76.66426158241384,Lake
"First Depot Lake",44.50231454645134,-76.74809763999667,Lake
"Bitch Lake",44.638610001294374,-76.90928244426696,Lake
"Gull Lake",44.58914680224667,-76.99144765366576,Lake
"Fourth Depot Lake",44.59120850911114,-76.79024908503902,Lake
"Cranberry Lake",44.66112684158787,-76.99717796227543,Lake
"Fifth Depot Lake",44.606312336509674,-76.86520111025838,Lake
"Thirty Island Lake",44.569233943170964,-76.60428128377185,Lake
"Thirteen Island Lake",44.540611656955676,-76.62486340892151,Lake
"Gould Lake",44.476237928169546,-76.57625464317229,Lake
"Loon Lake",44.57946523751624,-76.81043718019005,Lake
"Cox's Lake",44.76795876712238,-76.8756637203396,Lake
"Garrison Lake",44.73144594734518,-76.94641861536185,Lake
"Norway Lake",44.59898836936313,-76.94271466737916,Lake
"Bull Lake",44.68738667901282,-76.97394432629801,Lake
"Barretts Pond",44.526881154419826,-76.93147980768903,Lake
"Camden Lake",44.42705786120232,-76.85640018983507,Lake
"Crotch Lake",44.66132605373231,-76.96921501079694,Lake
"Peters Lake",44.36888861067298,-76.64906397849366,Lake
"Third Depot Lake",44.566666693964315,-76.78324341464933,Lake
"Horseshoe Lake",44.67337626083808,-76.9618362331408,Lake
"Big McNeil Lake",44.612044790612174,-76.93807906616165,Lake
"Dutch Lake",44.6848622552388,-76.9553859436376,Lake
"Sixth Depot Lake",44.5866189684485,-76.91092085073274,Lake
"Cole Lake",44.56708666636621,-76.68312557076408,Lake
"Pond Lily Lake",44.592814685672394,-76.5696400480175,Lake
"Fourteen Island Lake",44.496931212273296,-76.6414200348826,Lake
"Small Clear Lake",44.65275460750076,-76.92494688074306,Lake
"Meadow Lake",44.596520189347316,-76.7178560927408,Lake
"Sigsworth Lake",44.51067502359376,-76.61697338926257,Lake
"Potspoon Lake",44.60148350005277,-76.58717783688347,Lake
"Thompson Lake",44.70041832009328,-76.93980338432047,Lake
"Bear Lake",44.60283795382227,-76.92587075915982,Lake
"South Cranberry Lake",44.55359185474783,-76.9457823998801,Lake
"Wheeler Lake",44.578162275687106,-76.93985215868214,Lake
"Skewgaw Lake",44.59526093934152,-76.84334913912363,Lake
"Second Depot Lake",44.55241657544804,-76.75545244763751,Lake
"Pondlily Lake",44.448398947219246,-76.71185088683664,Lake
"Third Depot Lake",44.578118999710036,-76.79654267838782,Lake
"Sheffield Long Lake",44.59535448883753,-77.00970662486091,Lake
"Buck Lake",44.70573851389256,-76.9512924871737,Lake
"Howes Lake",44.50828767448121,-76.67671081497068,Lake
"Chippego Lake",44.563269835334914,-76.82214810154404,Lake
"St. Andrew Lakes",44.59768720371786,-76.67224263962058,Lake
"Hambly Lake",44.46685344864405,-76.67447417401947,Lake
"Mink Lake",44.806938923048854,-76.85734971730838,Lake
"Big Clear Lake",44.72608473903513,-76.90712514838997,Lake
"Murphy Lake",44.53117569207604,-76.93915720139032,Lake
"Sydenham Lake",44.432244876230385,-76.55718361655049,Lake
"Arden Lake",44.716056581993,-76.93469560116219,Lake
"Varty Lake",44.392816183317045,-76.8109766569304,Lake
"Vanluven Lake",44.491453997053746,-76.70363176709967,Lake
"Hungry Lake",44.80790415317997,-76.89167116599961,Lake
"Verona Lake",44.48569566137825,-76.68550701371473,Lake
"Sangster Lake",44.5793524582067,-76.58920267603902,Lake
"Fish Lake",44.54461465533095,-76.82252464091434,Lake
"Puzzle Lake",44.60098654683774,-76.97002659984413,Lake
"Little Cranberry Lake",44.47715377200618,-76.26045698981663,Lake
"Cranesnest Lake",44.46112235721734,-76.32522931299177,Lake
"Newboro Lake",44.630210637490634,-76.31910433130369,Lake
"Christie Lake",44.60274050660345,-76.47189841760056,Lake
"Dog Lake",44.4243567287378,-76.34654954412315,Lake
"Little Lake",44.61355181498215,-76.25643851101559,Lake
"Buck Lake",44.53005990253534,-76.46294157831228,Lake
"Leo Lake",44.44537468740838,-76.27970401353487,Lake
"Colonel By Lake",44.30957036568585,-76.4293950399914,Lake
"Loughborough Lake",44.44801390532331,-76.41398346718029,Lake
"Buck Lake",44.529364166676906,-76.443817356931,Lake
"Charleston Lake",44.515102962722,-76.02578693806882,Lake
"Stonehouse Lake",44.50786529367279,-76.41959757886143,Lake
"Opinicon Lake",44.55924057570772,-76.32779338560577,Lake
"Lower Rock Lake",44.51776903908891,-76.36916616735625,Lake
"Gananoque Lake",44.447162884003134,-76.15204903544912,Lake
"Pollywog Lake",44.55870940478075,-76.43608550740583,Lake
"Benson Lake",44.58796754435136,-76.35798094826723,Lake
"Cranberry Lake",44.43520767636952,-76.31062527704817,Lake
"Upper Awada Lake",44.45480042430187,-76.47711745950116,Lake
"Grippen Lake",44.50632271502401,-76.15667067241631,Lake
"Traverse Lake",44.496070177142556,-76.2968427724441,Lake
"Indian Lake",44.591715336207784,-76.32794141019197,Lake
"Red Horse Lake",44.519200997279455,-76.09344428721101,Lake
"Slide Lake",44.51715716667706,-76.48392207965195,Lake
"Little Long Lake",44.56091705592966,-76.08836589407383,Lake
"Green Lake",44.56772561487398,-76.0429590484092,Lake
"Upper Beverley Lake",44.621906055645184,-76.08034025830842,Lake
"Lower Beverley Lake",44.591963186656,-76.14527883405869,Lake
"Mud Lake",44.513546189073956,-76.27935644176294,Lake
"Little Mud Lake",44.489169783457555,-76.26012781656638,Lake
"Lime Lake",44.465537205168644,-76.1256091232806,Lake
"Hart Lake",44.533163004133854,-76.330280320733,Lake
"Guerley Lake",44.48137887448659,-76.36163305438191,Lake
"Crow Lake",44.60200583469075,-76.42338524436634,Lake
"Killenbeck Lake",44.50098304417605,-76.05423926507119,Lake
"Lyndhurst Lake",44.54778463620448,-76.11642145028598,Lake
"Long Lake",44.49265945394723,-76.0813478905368,Lake
"Mosquito Lake",44.60250146476811,-76.36787393892043,Lake
"Sand Lake",44.56625010090423,-76.26395878559649,Lake
"Lucky Star Lake",44.12916822318347,-76.10265894086524,Lake
"Singleton Lake",44.521403229059445,-76.1141548593882,Lake
"Little Franklin Lake",44.48701711897261,-76.48309162957919,Lake
"South Lake",44.43635454316157,-76.21681622773978,Lake
"Troy Lake",44.52113349703604,-76.26385369553648,Lake
"Bass Lake",44.57044191644539,-76.07040215437428,Lake
"Davis Lake",44.51264226721333,-76.44055047617253,Lake
"Clear Lake",44.605736878694444,-76.31514113299286,Lake
"Whitefish Lake",44.515430727618785,-76.23336694904528,Lake
"Elbow Lake",44.47460720364093,-76.4263893293373,Lake
"Labelle Lake",44.540318453816624,-76.47245315011973,Lake
"Fishing Lake",44.47499834584115,-76.39647599766309,Lake
"Upper Rock Lake",44.498885094287004,-76.41061336699161,Lake
"Deans Pond",44.539595117754935,-76.22335059546135,Lake
"Horseshoe Lake",44.48829242866545,-76.32209212560005,Lake
"Loon Lake",44.61212070030746,-76.38998277402827,Lake
"Higley Lake",44.50772235689941,-76.06099463971047,Lake
"Round Lake",44.414818867242985,-76.42988532609276,Lake
"Brewer Lake",44.40927215217656,-76.32386504925198,Lake
"Crow Lake",44.53174069744297,-76.3145438967102,Lake
"Big Clear Lake",44.553839144040886,-76.46382162733894,Lake
"Poole Lake",44.52962463408287,-76.39063365082185,Lake
"Hinge Lake",44.52412338886363,-76.42405553855697,Lake
"Inverary Lake",44.3956594396944,-76.4460902658582,Lake
"Long Lake",45.9854702909049,-92.37162929601391,Lake
"Leesome Lake",45.777165743523945,-91.73402531262708,Lake
"Antler Lake",45.537513062851744,-92.42371816552006,Lake
"Wapogasset Lake",45.33840002413685,-92.43157879485128,Lake
"Green Lake",45.91308878674305,-92.19507993946576,Lake
"Little Mud Lake",45.713378520741095,-91.66706498378616,Lake
"Big Moon Lake",45.342814727004274,-92.12153478939548,Lake
"Goose Lake",45.972915605865246,-92.07102796336507,Lake
"Birch Island Lake",45.95119795051284,-92.14897548293527,Lake
"Blomberg Lake",45.8120948272131,-92.46467426000032,Lake
"Stauffer Lake",45.76925213788723,-91.68005753758924,Lake
"Little Sand Lake",45.569524541480774,-92.09093310078967,Lake
"Tenmile Lake",45.298735040752696,-91.61716410372706,Lake
"Rice Lake",45.86418791609923,-92.07928203926795,Lake
"Silver Lake",45.76812265539564,-92.34202042970807,Lake
"Scott Lake",45.51843424646882,-92.11031306248756,Lake
"Bone Lake",45.535794084584765,-92.38913306557147,Lake
"Half Moon Lake",45.49355199990933,-92.42240017841378,Lake
"Lake Kenabee",45.37267833230357,-92.40812119600199,Lake
"Bear Lake",45.62877999416111,-91.81696474526164,Lake
"Lower Twin Lake",45.90894085141283,-92.14346748855807,Lake
"Taylor Lake",45.812068999241056,-92.28980342842452,Lake
"Pavlas Lake",45.70901381290248,-91.78277260568088,Lake
"Brusher Lake",45.403881444179206,-92.38682059902875,Lake
"Rooney Lake",45.960181518294256,-92.07624398212079,Lake
"Somers Lake",45.65799483327979,-92.34353546540513,Lake
"Camelia Lake",45.334590630691814,-92.17703653481786,Lake
"North Twin Lake",45.314602372405574,-92.37170374327025,Lake
"Trident Lake",45.28393973501885,-92.39114195375747,Lake
"Slim Creek Flowage",45.79304883670587,-91.59261236678998,Lake
"Bluff Lake",45.96230829425157,-92.48564378746158,Lake
"Austin Lake",45.88897483961442,-92.27122494780008,Lake
"Balsam Lake",45.46666973437042,-92.43101254923634,Lake
"Chelstrom Lake",45.41283366850266,-92.27123586051071,Lake
"Goose Lake",45.316486175099065,-92.45755547370372,Lake
"Shoal Lake",45.95804233550353,-92.18817531356314,Lake
"Oak Lake",45.93321655808188,-92.1269651505718,Lake
"Elbow Lake",45.73882634263484,-92.400338989064,Lake
"Little Round Lake",45.45180578038024,-92.22316989744238,Lake
"Pike Lake",45.320532130884374,-92.37344176687843,Lake
"Long Lake",45.71389577427941,-91.68624006496245,Lake
"Lake Montanis",45.47687954526518,-91.70529330627038,Lake
"Lindy Lake",45.953697382387645,-92.04805868818171,Lake
"Lincoln Lake",45.91126151538952,-91.91123772090268,Lake
"Pike Lake",45.830764552088404,-92.28967535623694,Lake
"Swamp Lake",45.75186384130475,-92.4017182474403,Lake
"Dunham Lake",45.75583301725094,-92.47262778594589,Lake
"North Fish Lake",45.23844980565229,-92.45732026267267,Lake
"Cameron Flowage 5",45.4174440432409,-91.75669721023405,Lake
"Prairie Lake",45.361580559990024,-91.68526670986239,Lake
"Deer Lake",45.95315944334101,-91.99895655522448,Lake
"Spring Lake",45.91937570885362,-91.68119431130945,Lake
"Lang Lake",45.95423761439687,-92.22432592828363,Lake
"Little Yellow Lake",45.93134071367296,-92.42860719834609,Lake
"Hunters Lake",45.73482324513398,-92.49682277971748,Lake
"Pine Lake",45.35163416953397,-92.46554121649346,Lake
"Beaver Dam Lake",45.552118199477064,-92.04334980736535,Lake
"Black Brook Flowage",45.266404428660216,-92.38778764953649,Lake
"Dilley Lake",45.86524415084474,-91.76960047092524,Lake
"Gaslyn Lake",45.89969570967071,-92.11829317228239,Lake
"Benoit Lake",45.88908395324389,-92.08951386909018,Lake
"Buck Lake",45.83557066756175,-92.18173329119467,Lake
"Fish Lake",45.81027710418961,-92.39136927629436,Lake
"Barbo Lake",45.31612120743439,-92.21635917215478,Lake
"Moody Lake",45.76133360871134,-91.74416540523352,Lake
"Bass Lake",45.707253677701736,-91.64732468476186,Lake
"Leisure Lake",45.96037859625374,-91.92494836497087,Lake
"Bass Lake",45.74967312953085,-92.17193112683655,Lake
"Ward Lake",45.60527691298842,-92.3207682756089,Lake
"Buffalo Lake",45.94643511177255,-92.38896874876693,Lake
"Conners Lake",45.91127929219267,-92.30239449063743,Lake
"Ellsworth Lake",45.867926582836034,-92.00781223093436,Lake
"Shallow Lake",45.64032678137223,-92.0290433248641,Lake
"Loon Lake",45.927515156516186,-91.9684502444439,Lake
"Big Blake Lake",45.49644698976748,-92.32901398710652,Lake
"Granite Lake",45.57844808321022,-92.00653220621845,Lake
"Fish Lake",45.30507726066124,-91.5005913878517,Lake
"Jerry Lake",45.91351499481584,-91.95417706589768,Lake
"Hay Lake",46.00312693664365,-91.67900608316101,Lake
"Hanscom Lake",45.977103716969175,-92.14341813647039,Lake
"McKenzie Lake",45.9174839835458,-92.04180580440159,Lake
"Clear Lake",45.76665903803783,-92.3849651355938,Lake
"Townline Lake",45.413014524999106,-92.28973087828221,Lake
"King Lake",45.289543113662646,-92.3855531909326,Lake
"Loyhead Lake",45.769313193391326,-91.56070750492353,Lake
"County Line Lake",45.74242617222422,-91.5398879039924,Lake
"Tripp Lake",45.90237140219654,-91.53833054092713,Lake
"Mud Lake",45.38722340354054,-92.47644786416359,Lake
"Little Devil Lake",45.73959481618269,-91.74929584291205,Lake
"Red Cedar Lake",45.593485392803636,-91.57990658062867,Lake
"Minerva Lake",45.99028716939225,-92.32734761670879,Lake
"Cranberry Lake",45.79858165718741,-92.25075601029866,Lake
"Eagle Lake",45.990682848258295,-92.23043430053825,Lake
"Ham Lake",45.96517351347888,-92.27035840813419,Lake
"Crystal Lake",45.48168071437654,-92.10201736219697,Lake
"North Pipe Lake",45.53125741543284,-92.20039372224011,Lake
"Gibson Lake",45.38398611822203,-92.34342200659925,Lake
"Magnor Lake",45.321732007735974,-92.20605638122869,Lake
"Casey Lake",45.94398977003593,-91.96806061921859,Lake
"Slim Lake",45.79826395748102,-91.55857331162208,Lake
"Spring Lake",45.88000517713104,-91.78581938431863,Lake
"Upper Twin Lake",45.92079431002824,-92.13586159532838,Lake
"Big Sand Lake",45.82557387720686,-92.22716127297572,Lake
"Crooked Lake",45.79863457295949,-92.37116853583144,Lake
"Loon Lake",45.68688560575929,-91.61560277279173,Lake
"Duck Lake",45.557839961413606,-91.99203419346085,Lake
"Apple River Flowage 134",45.34679793685651,-92.35361389883398,Lake
"Clara Lake",45.49779127742154,-92.29696926967061,Lake
"Lucerne Lake",46.00093110042093,-92.11055056848254,Lake
"Gull Lake",45.98627123160691,-92.30107756869225,Lake
"Tomoe Lake",45.91136982167075,-92.26868551824973,Lake
"Grass Lake",45.72676975143891,-92.49189924624442,Lake
"Blom Lake",45.71981963671081,-92.48776198820659,Lake
"Barron Flowage Number One",45.405000873187724,-91.84535577366712,Lake
"Nicaboyne Lake",45.985207231946035,-92.07893100856873,Lake
"Devils Lake",45.91046742634516,-92.33670158448149,Lake
"Horseshoe Lake",45.62574362970528,-92.08646636929006,Lake
"Staples Lake",45.498112421639604,-92.1510763405912,Lake
"Island Lake",45.23003073102584,-92.396072329491,Lake
"Nice Lake",45.691849035223335,-91.60057600693443,Lake
"Island Lake",45.959712912606385,-91.94272000421084,Lake
"Hayden Lake",45.98109278346995,-92.35444414137194,Lake
"Long Lake",45.586663961543856,-92.36869826356737,Lake
"Moon Lake",45.471745041733065,-91.7212082301504,Lake
"Bass Lake",45.94724298560378,-91.6309332920052,Lake
"Pokegama Lake",45.77782893086147,-92.19821700034421,Lake
"Wintergreen Lake",45.59455840444842,-92.18853095188805,Lake
"South Fish Lake",45.22909648022161,-92.46131369456778,Lake
"Lily Lake",45.98779710771202,-92.0982766725042,Lake
"Crooked Lake",45.95926119066867,-92.28492725199041,Lake
"Rocky Ridge Lake",45.88066168755653,-91.99846343068403,Lake
"Cable Lake",45.86479350574787,-91.91101240720303,Lake
"Love Lake",45.973407696179336,-92.33500115201348,Lake
"Bear Trap Lake",45.311076660164034,-92.41050291216939,Lake
"Big Devil Lake",45.72995524785757,-91.73675428438197,Lake
"Nick Lake",45.72129738722173,-91.60130545297534,Lake
"Des Moines Lake",45.99802935429813,-92.13322899903912,Lake
"Wilkerson Lake",45.87620142579589,-92.02494984406687,Lake
"Bashaw Lake",45.773620386900035,-92.14082207412564,Lake
"Mackie Lake",45.61883875978011,-92.26309520434775,Lake
"Vincent Lake",45.54112037014355,-92.36435033565034,Lake
"Echo Lake",45.44593264231,-92.1300203050004,Lake
"Johnson Lake",45.942556136165535,-92.31109324407922,Lake
"Money Lake",45.8665593667665,-92.29523373745201,Lake
"Yechout Lake",45.697865473421125,-91.7898672733088,Lake
"Pine Lake",45.032650517980684,-92.37791749254944,Lake
"Phernetton Lake",45.94239770795237,-92.24029622874724,Lake
"Yellow Lake",45.91761991316879,-92.39606777832101,Lake
"Bass Lake",45.79187156347339,-92.23405925326257,Lake
"Long Lake",45.99305342338293,-92.12814720276442,Lake
"Falk Lake",45.979363869157716,-92.32002588064196,Lake
"Margaret Lake",45.63252358395948,-92.30365784047169,Lake
"Little Horseshoe Lake",45.42149825940167,-92.20935550437471,Lake
"Spooner Lake",45.8317220156327,-91.80947670064624,Lake
"Big Butternut Lake",45.571006731046914,-92.458791042995,Lake
"Long Lake",45.50511305228347,-92.11481851106772,Lake
"Loveless Lake",45.43942737436336,-92.49740116438363,Lake
"Greeley Lake",45.59711039134036,-91.99457269820232,Lake
"Goose Lake",45.93581085266134,-91.97340709799701,Lake
"Point Lake",45.921544309957184,-92.24418260127064,Lake
"Dock Lake",45.85668596789125,-91.97909834794031,Lake
"Viola Lake",45.81701413648513,-92.25206722320316,Lake
"Horseshoe Lake",45.44580574305738,-92.1572666926375,Lake
"Shallow Lake",45.68322743224502,-91.87378151117824,Lake
"Upper Devils Lake",45.63554693949583,-91.76778166194451,Lake
"Sand Lake",45.75924911307889,-92.34030529198252,Lake
"Godfrey Lake",45.7300188885562,-92.34385297044957,Lake
"Bass Lake",45.56513101736128,-92.28198472255555,Lake
"Kirby Lake",45.60069133999402,-92.06773012600598,Lake
"Upper Vermillion Lake",45.52180929953788,-91.95137638577418,Lake
"Myre Lake",45.950412829405664,-92.23951347244859,Lake
"Danbury Flowage",45.96722598130692,-92.39546584290947,Lake
"Seymour Lake",45.78112145707515,-91.72125651791954,Lake
"Big Round Lake",45.524613805160584,-92.30169646495986,Lake
"Wild Goose Lake",45.43374479756625,-92.41660375751755,Lake
"Harmon Lake",45.778281994929905,-91.66677063094498,Lake
"MacRae Lake",45.74539608522109,-91.6075885076076,Lake
"Sylvan Lake",45.609577505152465,-91.95159348533902,Lake
"Bean Lake",45.94683749381427,-91.5843429865345,Lake
"Butternut Lake",45.63047532895239,-91.9043531011475,Lake
"Lower Vermillion Lake",45.51298889057715,-91.96174528185308,Lake
"Largon Lake",45.61434822192205,-92.19744743718167,Lake
"Spider Lake",45.62803578112473,-91.92801222411421,Lake
"Lower Clam Lake",45.826764655046546,-92.31956860683069,Lake
"Little Pine Lake",45.534304454786486,-92.45274722335162,Lake
"Lost Lake",45.69804068140425,-91.58356197206506,Lake
"Pine Lake",45.92748418638362,-92.1642698030455,Lake
"Mallard Lake",45.899441845034474,-92.17776038647135,Lake
"Lipsett Lake",45.86944033414131,-92.05082361897054,Lake
"Fenton Lake",45.66595967034379,-91.7391697873008,Lake
"Beaver Dam Lake 12",45.52850138536523,-92.0160664839013,Lake
"Poskin Lake",45.43036012327847,-91.974521663157,Lake
"Upper Turtle Lake",45.42202808602042,-92.09849106169004,Lake
"Bass Lake",45.915375488234055,-91.9982278768391,Lake
"Gull Lake",45.99441399165882,-91.75167146152923,Lake
"Poquettes Lake",45.80998258964937,-92.07119888151675,Lake
"Baker Lake",45.795410633690544,-91.70511590078743,Lake
"Shell Lake",45.73040247593998,-91.90547093202116,Lake
"Mud Lake",45.74005319475749,-91.65852859433902,Lake
"Lower Devils Lake",45.62806231980241,-91.76086652853407,Lake
"The Narrows",45.337583716432256,-91.63438148791005,Lake
"Mack Lake",46.00091058945589,-91.89870783279169,Lake
"Cranberry Lake",45.99250881997419,-92.31715008091157,Lake
"Cadotte Lake",45.97424484726033,-92.17097658293476,Lake
"Big Doctor Lake",45.795333471657536,-92.39892702863983,Lake
"Long Lake",45.76396767514626,-92.36074908480909,Lake
"Deep Lake",45.7670763407538,-91.76993106586802,Lake
"Ole Lake",45.75655761718936,-91.61236880327913,Lake
"Owl Lake",45.81492971562274,-92.2740583902273,Lake
"Glen Lake",45.00448338717302,-92.16852918361013,Lake
"Trego Lake",45.91413012680315,-91.84325125425083,Lake
"Clam Falls Flowage",45.6809996316618,-92.29193781013014,Lake
"White Ash Lake",45.44880588596275,-92.31185034238862,Lake
"Silver Lake",45.58516099583319,-91.92197349777497,Lake
"Buck Lake",45.56063690898232,-91.97078589184119,Lake
"Stump Lake",45.53774328337751,-91.73809632900603,Lake
"Mud Lake",45.92053588979134,-92.31705554999024,Lake
"Bass Lake",45.85823134455071,-92.30644572995115,Lake
"Sand Lake",45.84977257023551,-91.49521408850798,Lake
"Little Sand Lake",45.8472408257819,-91.51942323988527,Lake
"North Lake",45.529358052534924,-92.1038964757287,Lake
"Lake Chetac",45.71038365759133,-91.49774825993235,Lake
"Sunfish Lake",45.93535725766985,-91.95436544868129,Lake
"Little Dummy Lake",45.57796088425154,-91.98810891122326,Lake
"Fremstadt Lake",45.94490737969097,-92.35632074739968,Lake
"Spencer Lake",45.737078742464014,-92.18380684482176,Lake
"Grenquist Lake",45.567798254215404,-92.18512802646485,Lake
"Martel Lake",45.548314244370985,-92.18983944610267,Lake
"East Lake",45.42942832458287,-92.40215281071366,Lake
"Skinaway Lake",45.404475322374104,-92.15577011604786,Lake
"Little Bear Lake",45.98942417674022,-92.16056209043543,Lake
"Fish Lake",45.972124388804275,-92.12147550892664,Lake
"Sand Lake",45.91434048870236,-92.17305660745085,Lake
"Welsh Lake",45.68501851137302,-91.9220961943829,Lake
"Footes Lake",45.55148075978817,-92.26969913170245,Lake
"Lake of the Woods",45.53085930441127,-92.15239519815226,Lake
"Oak Ridge Lake",45.18425819019933,-92.47994586916342,Lake
"Cyclone Lake",45.82930252701926,-91.94341865128818,Lake
"Balsam Lake",45.65229866234131,-91.57944089442721,Lake
"Peterson Lake",45.906403534463564,-92.27820178074643,Lake
"Long Lake",45.73594055895257,-91.9524167665789,Lake
"Mud Hen Lake",45.77811875200435,-92.48228838285333,Lake
"Spider Lake",45.70974856569894,-91.58767446930024,Lake
"Birch Lake",45.67022714354248,-91.54179803411766,Lake
"Lake Desair",45.544558266526714,-91.77903443404537,Lake
"Middle McKenzie Lake",45.94154437137888,-92.03900011994605,Lake
"Potato Lake",45.820344999297,-91.67260953139281,Lake
"Monday Lake",45.64977443233351,-91.7791130910922,Lake
"Joel Flowage",45.390096585616924,-92.21695164445863,Lake
"Whalen Lake",45.93467432279658,-91.80990911914854,Lake
"Sissabagama Lake",45.78912130377603,-91.51787059267274,Lake
"Little Blake Lake",45.491219979875936,-92.31083368386658,Lake
"Loon Lake",45.469457796663825,-92.1283617639371,Lake
"South Twin Lake",45.307328021934275,-92.37141120976226,Lake
"Minnow Lake",45.97097639169209,-92.3092423944758,Lake
"Little Sissabagama Lake",45.76609285835717,-91.52105975464998,Lake
"Mud Lake",45.46249218856802,-92.16805473554996,Lake
"Beaver Lake",45.963484483187784,-91.57251040980798,Lake
"Dubois Lake",45.91071746914498,-92.079449558572,Lake
"Sand Lake",45.592324683458784,-92.10985350570513,Lake
"Lake Thirty",45.58024575481792,-91.90111014034942,Lake
"Bass Lake",45.95147029106487,-92.42511225856154,Lake
"Lamont Lake",45.57719254308448,-92.28294933369997,Lake
"Coon Lake",45.658830024771504,-92.45928936526785,Lake
"Pipe Lake",45.51306753836587,-92.20904565844711,Lake
"Rice Lake",45.50177531656183,-92.49095706372475,Lake
"Tuscobia Lake",45.5533989654158,-91.74440811738219,Lake
"Lower Turtle Lake",45.38748834481642,-92.0759693888215,Lake
"Mud Lake",45.36707693755537,-91.65341609660068,Lake
"Spring Lake",45.826382450637446,-91.55846336867425,Lake
"Dugan Lake",45.83172364357895,-91.62995037793308,Lake
"Warner Lake",45.79770229348683,-92.22240737103384,Lake
"Clam Lake",45.79123298273666,-92.32329374694498,Lake
"Pine Lake",45.58642129109969,-92.29338938563848,Lake
"Lazy Island Lake",45.68986458101262,-91.65245831694608,Lake
"Barron Flowage Number Three",45.41397673060801,-91.87104168392737,Lake
"Silver Lake",45.989666516212495,-91.82137136460379,Lake
"Mud Lake",45.940771362641236,-91.62160791478317,Lake
"Ripley Lake",45.71044299408826,-91.85239599539577,Lake
"McKenzie Lake",45.61005874873951,-92.30273051908246,Lake
"Rice Lake 230",45.503617628207,-91.7227443643623,Lake
"Lake Chetek",45.31626145032701,-91.62509058531818,Lake
"McKinley Lake",45.914229509794254,-91.92427638256083,Lake
"Tucker Lake",45.839460108158,-92.26793515655382,Lake
"Straight Lake",45.60477018699258,-92.41332564187357,Lake
"Spring Lake",45.58201419579721,-92.04074328820863,Lake
"Dunn Lake",45.93593040627037,-91.93669937614,Lake
"Boner Lake",45.941071684477656,-92.17481386494819,Lake
"Big Dummy Lake",45.57106553982306,-91.98427709825589,Lake
"Lower McKenzie Lake",45.984544460807626,-92.02618170274253,Lake
"Doctor Lake",45.78727560805633,-92.4162367862276,Lake
"Diamond Lake",45.72376082215273,-92.46449017408479,Lake
"Lost Lake",45.51997381490125,-92.33226860231964,Lake
"Long Lake",45.49427610528294,-92.17851159091241,Lake
"Lake Como 48.25",45.10992742760254,-91.50516797558562,Lake
"Chain Lake",45.613600326061324,-91.6432783830491,Lake
"Trego Lake",45.93511814319659,-91.87990605565753,Lake
"Kreiner Lake",45.969156835953754,-92.4222095544833,Lake
"Bass Lake",45.29670694609412,-91.59937429668543,Lake
"Murphy Flowage",45.57339259522348,-91.49731256184782,Lake
"Marsh Lake",45.32615203935502,-91.27614455830074,Lake
"Shamrock Lake",45.535196497612716,-90.73142355141997,Lake
"Schnur Lake",45.971737090852066,-90.50814919112345,Lake
"Beaver Lake",45.99633401327059,-91.11342487041462,Lake
"Plummer Lake",45.2174179101478,-91.34583730179669,Lake
"Two Axe Lake",45.91865715503293,-91.07682042811227,Lake
"Anderson Lake",45.204093239308456,-90.58859336830588,Lake
"Hunter Lake",45.92504138588758,-90.99366014491171,Lake
"Evergreen Lake",45.812233956648164,-90.68888406469358,Lake
"Reed Lake",45.97955578481908,-91.24678062056965,Lake
"Indian Lake",45.930983777255605,-91.33608870214286,Lake
"South Shattuck Lake",45.21732679481684,-91.41610964761328,Lake
"Blueberry Lake",45.88113603909929,-91.25314403980506,Lake
"Lac Sault Dore",45.70294151977826,-90.56563214199768,Lake
"Gurno Lake",45.910042746000876,-91.37176732488045,Lake
"Two Boys Lake",45.90087667254089,-91.21088591199036,Lake
"Axhandle Lake",45.27755909409156,-91.48385531449057,Lake
"Big Falls Flowage",45.57299002045778,-90.95009453228943,Lake
"Boot Lake",45.33871076919709,-91.26101246550554,Lake
"Loretta Lake",45.89900312368362,-90.87502846848827,Lake
"Green Lake",45.95397051984108,-91.33272143249889,Lake
"Grindstone Lake",45.93435951973802,-91.42101846263196,Lake
"Bass Lake",45.42568011796538,-91.49397842873017,Lake
"Fishtrap Lake 161",45.9578452575889,-90.95033482097952,Lake
"Lea Flowage",45.61351457942084,-91.07472193229444,Lake
"Firth Lake",45.201366088596565,-91.21296985221214,Lake
"Bob Lake",45.16403315121025,-91.32073380571244,Lake
"Little Lac Courte Oreilles",45.884116014535,-91.39432394482007,Lake
"Summit Lake",45.77046127026777,-91.44490822716327,Lake
"Lost Lake",45.94801946683763,-91.27215573855732,Lake
"Black Dan Lake",45.89766782538366,-90.93320085992212,Lake
"Barber Lake",45.88035527991057,-90.97316788083063,Lake
"Swamp Lake",45.79656416454775,-90.70104340997558,Lake
"Blaisdell Lake",45.941543786099864,-90.90572699622533,Lake
"O'Neil Flowage 0.2",45.1953805872697,-91.35851279122444,Lake
"Lower Holly Lake",45.84204654820509,-91.46782091350374,Lake
"Deer Lake",45.65216237664571,-91.38653358133288,Lake
"Whitefish Lake",45.86558683576276,-91.44019485181215,Lake
"Upper Steve Creek Flowage",45.36334574810282,-90.61374353572988,Lake
"Round Lake",46.012186149562645,-91.31865207487712,Lake
"Pine Island Lake",45.96006245109363,-91.25052514810253,Lake
"Bass Lake",45.2628545578947,-91.47189732184515,Lake
"Ashegon Lake",45.84529812592623,-91.31286156123237,Lake
"McGee Lake",45.53379297858443,-90.8742229446638,Lake
"Caley Lake",45.39857870089628,-91.2633144768865,Lake
"Henneman Lake",45.25658334359942,-91.37187545585856,Lake
"Bear Lake",45.990334126579604,-90.80423549848356,Lake
"Windfall Lake",45.66397785055791,-91.21122329485777,Lake
"White Birch Lake",45.656781605632474,-91.15541447918801,Lake
"Knuteson Lake",45.70258854378743,-91.46378159732383,Lake
"Cornell Lake",45.11757967465176,-91.338356524104,Lake
"Connors Lake",45.75152597844562,-90.73558460719164,Lake
"Goose Lake",45.951802814083464,-91.1145354234389,Lake
"Hulls Lake",45.23228365836696,-90.52654711804146,Lake
"Otter Lake 27",45.07068272951023,-90.94259565175707,Lake
"Washington Creek Flowage",45.33333835369357,-91.23946351078617,Lake
"Pike Lake",45.87218445009642,-91.29907933811099,Lake
"Bass Lake",45.816814387607664,-90.65391738866762,Lake
"Long Lake",45.81721680561064,-90.66413648308732,Lake
"Barker Lake",45.91242108825634,-91.02905905177285,Lake
"Price Lake",45.76420607773827,-90.66069096633005,Lake
"Sand Lake",45.29403625200788,-91.36038387066988,Lake
"Johnson Lake",45.91156010947882,-91.43060206687296,Lake
"Middle Price Lake",45.78622293521456,-90.64285963096343,Lake
"Island Lake",45.89164398305938,-90.94956370203273,Lake
"Le Tourneau Lake",45.819672958127995,-90.62713697743291,Lake
"Devils Lake",45.83419162841241,-91.33476129576434,Lake
"Amacoy Lake",45.40034741880217,-91.31339171778582,Lake
"Pulaski Lake",45.336589863843834,-91.28121144682729,Lake
"Hegmeister Lake",45.70727924408841,-90.82619790401374,Lake
"Durphee Lake",45.90750262318589,-91.45999133307878,Lake
"Lake Chippewa",45.93187954005955,-91.21335679890458,Lake
"Lac Courte Oreilles",45.898853447020045,-91.43137345545176,Lake
"Audie Lake",45.55100793809081,-91.43404323541965,Lake
"Perch Lake",45.90075480910526,-90.9531003700102,Lake
"Richter Lake",45.18912873282918,-90.58255306258458,Lake
"Popple Lake",45.0566804131971,-91.3023832121813,Lake
"Bass Lake",45.940114464501285,-90.60894072455346,Lake
"Marsh-Miller Lake",45.153665225968446,-91.39258922019256,Lake
"Lake of the Pines",45.77503466344052,-90.7163144098153,Lake
"Loon Lake",45.247301576853815,-91.46807675323964,Lake
"Bucks Lake",45.57874991608079,-91.45258949828846,Lake
"Mud Lake",45.99696012295696,-91.24677515448933,Lake
"Pike Lake",45.07867671841929,-91.07948153723304,Lake
"Old Abe Lake",45.072736988716834,-91.25230377885313,Lake
"Lake Winter",45.812952468412355,-90.98496169323886,Lake
"Chequamegon Waters Flowage",45.21603517745766,-90.70305323771606,Lake
"Dairyland Reservoir",45.51409401163516,-91.00608779164575,Lake
"Osprey Lake",45.97659140584594,-91.30141813531458,Lake
"Weirgor Lake",45.73023632874575,-91.3083630471608,Lake
"Round Lake",45.25396783520085,-91.4518032351853,Lake
"Black Lake",45.98898566195385,-90.9316516850334,Lake
"Bull Moose Lake",45.358875784778405,-91.28649815933402,Lake
"Salisbury Lake",45.23743040186385,-91.44587953460498,Lake
"Finley Lake",45.10067482383188,-91.29206160802372,Lake
"Ham Lake",45.837245773955566,-91.46180107022752,Lake
"Rock Lake",45.1887718210591,-91.37227589025372,Lake
"Spring Lake",45.971424675244414,-91.4231525013631,Lake
"Fireside Lakes",45.32020003591995,-91.3336672485799,Lake
"Jim Lake",45.073711794753876,-91.3377172697059,Lake
"Grassy Lake",45.70055627493424,-90.50497491391724,Lake
"Little Round Lake",45.98435693776865,-91.31503010138437,Lake
"Long Lake",45.250621507298376,-91.40140132652827,Lake
"Round Lake",45.351173719620846,-91.27551498131751,Lake
"Town Line Lake",45.21330216214198,-91.37047102558533,Lake
"Skinner Creek Flowage",45.63784185819447,-90.71640099762227,Lake
"Lake La Verne",45.52188198896607,-90.78957336132014,Lake
"Pine Lake",45.29287834456935,-91.45960312015463,Lake
"Kathryn Lake",45.203778517706766,-90.62019321586851,Lake
"Lake Twenty-seven",45.92053713133608,-91.47219848464312,Lake
"Lake Sixteen",45.60358133592645,-90.50139114776171,Lake
"Diamond Lake",45.108424494710235,-90.68015177169939,Lake
"Butternut Lake",45.96911395319937,-90.51857082200515,Lake
"Mason Lake",45.81613202809583,-90.70123595390054,Lake
"McCann Lake",45.300914944204244,-91.41329940920505,Lake
"Bass Lake",45.77717031592531,-90.67031747602199,Lake
"Larrabee Lake",45.24385002077475,-91.43120922254126,Lake
"Crane and Chase Lake",45.7403792650233,-90.50676669275869,Lake
"Windigo Lake",45.93112615099081,-91.47454518000977,Lake
"Howe Lake",45.088805502791175,-91.31425498996308,Lake
"Hub Lake",45.92358041982884,-91.48647598316445,Lake
"Hungry Lake",45.82600489898727,-91.46626336359435,Lake
"Calkins Lake",45.26860877860589,-91.44199579558943,Lake
"Holcombe Flowage",45.24179656193947,-91.14948850072899,Lake
"Lowers Lake",45.229979124565105,-91.27593666981643,Lake
"Lower Kaubashine Lake",45.80751134368572,-89.74588539741394,Lake
"McGrath Lake",45.79077850136729,-89.64340428282408,Lake
"Grandmother Flowage 2269",45.38129694723309,-89.7215410704533,Lake
"Killarney Lake",45.59448975866041,-89.81324813624613,Lake
"McNaughton Lake",45.745876491434615,-89.58583730670311,Lake
"Devine Lake",45.98034737434305,-89.73852724843555,Lake
"Verna Lake",45.960381536499554,-89.72081025219221,Lake
"Schmuland Flowage",45.83119090923282,-90.25279891335849,Lake
"Long Lake",45.58450009299414,-89.53643366613726,Lake
"Upper Kaubashine Lake",45.789609364156405,-89.74209438230329,Lake
"Lake Seventeen",45.78493162708665,-89.76834685193882,Lake
"Swamsauger Lake",45.78524910912974,-89.95724336177751,Lake
"West Plum Lake",45.98688830165533,-89.56584490433137,Lake
"Kabol Lake",45.97861456383416,-90.20338587209368,Lake
"Crystal Lake",45.5425172630143,-89.70651936572496,Lake
"McCormick Lake",45.736450120873386,-89.77116903077672,Lake
"Newman Lake",45.964374686135876,-90.15744982733798,Lake
"Horsehead Lake",45.78485361619897,-89.58741096225516,Lake
"Baker Lake",45.851979928654046,-89.73305715343072,Lake
"Bolton Lake",45.95906717352548,-89.80214768098708,Lake
"Blockhouse Lake",45.95813758561177,-90.33829507152772,Lake
"Sweeney Lake",45.85033932263578,-90.38600965154512,Lake
"Elk, Duroy, Long Lakes and Wilson Flowage",45.68943995988513,-90.4385520814714,Lake
"Grandfather Flowage 2295",45.3186246298715,-89.78300891401122,Lake
"Elsie Lake",46.00333506647134,-89.80246770993487,Lake
"Fence Lake",45.949266896649,-89.83719113105379,Lake
"Lake Clara",45.51082665484168,-89.57055634396869,Lake
"Hughitt Lake",45.73545037297352,-89.75328127612964,Lake
"Bolger Lake",45.84277586202293,-89.7216798525774,Lake
"Plum Lake",46.003575325966196,-89.52101020689055,Lake
"Bobidosh Lake",45.99691933726043,-89.82754474193011,Lake
"Pickerel Lake",45.431903848584064,-89.5018088115511,Lake
"Lee Lake",45.78500088327136,-89.71937530488846,Lake
"Bass Lake",45.82359367362877,-89.54193822103225,Lake
"Cranberry Lake",45.617372024850404,-90.35042080565006,Lake
"Bridge Lake",45.55863740752676,-89.72928894433385,Lake
"Buffalo Lake",45.8791421379245,-89.57102051016984,Lake
"Halfmoon Lake",45.52432131777487,-89.7311520498907,Lake
"Sumach Lake",45.92818523976427,-89.74159147484532,Lake
"Wilson Flowage",45.800218542572665,-90.2093022179622,Lake
"Hultman Lake",45.403663048011516,-90.1758268024068,Lake
"Garth Lake",45.76000438541194,-89.75127954295152,Lake
"White Sand Lake",46.00478010359699,-89.83234144091747,Lake
"Kawaguesaga Lake",45.86635463341235,-89.73940938114993,Lake
"Sackett Lake",45.21481702776594,-90.44693930856802,Lake
"Elk, Duroy, Long Lakes and Wilson Flowage",45.69760258987401,-90.40464049793798,Lake
"Reservation Line Lake",45.99203908362463,-89.98766667048234,Lake
"Long Interlaken Lake",45.95913635210583,-89.90197227414244,Lake
"Woodcock Lake",45.81964044393074,-89.50738816872902,Lake
"Hodstradt Lake",45.80781521056193,-89.56271053830591,Lake
"Tippecanoe Lake",45.936003036255144,-89.946187456115,Lake
"Flambeau Lake",45.965433802705945,-89.920107747533,Lake
"Little Crawling Stone Lake",45.92900759836035,-89.89756761359519,Lake
"Bobcat Lake",45.85038737673562,-89.75709621132,Lake
"Amber Lake",45.88168781528522,-89.99533775862965,Lake
"Wood Lake",45.33605581766386,-90.07851216040886,Lake
"Pine Lake",45.824236301033395,-89.92391918826766,Lake
"Trilby Lake",45.95693602727804,-89.691637621102,Lake
"Mitten Lake",45.95100979675685,-89.97560347160722,Lake
"Big Dardis Lake",45.736689042530415,-90.33349660539865,Lake
"Twin Lakes",45.46521029592487,-89.65096905841163,Lake
"Clear Lake",45.53264496166512,-89.72330448956424,Lake
"Currie Lake",45.695559563237154,-89.69657420050824,Lake
"North Harper Lake",45.367352348465765,-90.20055841182548,Lake
"South Harper Lake",45.36243806812473,-90.19398818779327,Lake
"Muskellunge Lake",45.530862386590016,-89.68669510956315,Lake
"Bear Lake",45.76569701259487,-89.80180093596657,Lake
"Spring Creek Flowage 55",45.58684299808509,-90.45880520339061,Lake
"Mann Lake",45.99260550496962,-89.65582388809503,Lake
"West Ellerson Lake",46.004000147062946,-89.77287654459259,Lake
"Soo Lake",45.65401176907012,-89.54202292936615,Lake
"Turner Lake",45.907928454832756,-90.0485519671886,Lake
"Minette Lake",45.980293830710714,-89.96571779274659,Lake
"Burrows Lake",45.63446093224842,-89.85738620750011,Lake
"Byhre Lake",45.9362292502908,-90.15139716352121,Lake
"Wellington Lake",45.2949318929178,-90.25322706613655,Lake
"Lake Pesobic",45.21283856678529,-89.68064270575202,Lake
"Lake Marie",45.78859249858488,-89.9109331171101,Lake
"Pier Lake",45.82906307170167,-89.53550716770394,Lake
"Booth Lake",45.8895135891436,-89.91323910673727,Lake
"Dry Lake",45.94338105457189,-89.6354509838172,Lake
"Ross Allen Lake",45.96772899473284,-89.95642155140729,Lake
"Wintergreen Lake",45.89991324902952,-90.29649882709514,Lake
"Deer Lake",45.72301700902729,-90.4113480730803,Lake
"Apeekwa Lake",45.96897508922124,-90.0341368876318,Lake
"Wishow Lake",45.95531123132733,-89.7913852702006,Lake
"West Mitchell Lake",45.65066293753926,-89.70869108587492,Lake
"Skunk Lake",45.74551962300561,-89.84330024594341,Lake
"Clear Lake",45.867881535997434,-89.62807225582782,Lake
"Oberlin Lake",45.941355226657855,-89.59647462651988,Lake
"Little Muskie Lake",45.92122864519767,-89.69954075700868,Lake
"Spring Creek Flowage",45.60015697993337,-90.46464414106609,Lake
"James Lake",45.35493164756597,-90.22704500784637,Lake
"Aabajijiwang Flowage",45.80453702530117,-90.3405634181394,Lake
"Worcester Lake",45.58907647823423,-90.31032879044267,Lake
"Stearns Lake",45.984408820587355,-89.80378992304247,Lake
"Oneida Lake",45.631747965104616,-89.62656449331124,Lake
"Mid Lake",45.85947793291202,-89.66392573415692,Lake
"Fawn Lake",45.74203829259203,-89.62674837450024,Lake
"Sweeny Lake",45.861651190326846,-89.59001470591664,Lake
"Gilmore Lake",45.85597708447321,-89.55976201724239,Lake
"Toulish Lake",45.971295142376604,-89.79408694383369,Lake
"Wolf Lake",45.582150961717474,-89.57763291816103,Lake
"Big Carr Lake",45.791260558895864,-89.62903389094758,Lake
"Dorothy Lake",45.81831278293542,-89.58376044637178,Lake
"Squash Lake",45.595452641523416,-89.54806777931253,Lake
"Josie Lake",45.651445902864516,-89.58771881580606,Lake
"Muskie Lake",45.73322430189619,-89.63854439783339,Lake
"Erickson Lake",45.947628934527266,-89.62281389075888,Lake
"Cedar Lake",45.976435059633914,-89.98749581668281,Lake
"Brandy Lake",45.906109273107724,-89.70121197803535,Lake
"Lake Alice",45.48401983824354,-89.64542333607599,Lake
"Wind Pudding Lake",45.76102039293336,-89.63513706035843,Lake
"Little Spider Lake",45.971312887338705,-89.7083510280006,Lake
"Little Arbor Vitae Lake",45.910834824051044,-89.6190757819106,Lake
"Big Pine Lake",45.98210726019198,-90.06497213944381,Lake
"Long Lake",45.71807065764101,-89.60491080317443,Lake
"Gunlock Lake",45.91126170679328,-89.82001184577791,Lake
"Amik Lake",45.93306703151453,-90.03295138230014,Lake
"Alexander Lake",45.206325362117745,-89.76314576270124,Lake
"Clear Lake",45.681578559677504,-89.55355266286782,Lake
"Alva Lake",45.70799124064633,-89.59365854336012,Lake
"Bills Lake",45.93668677740069,-89.98044310370028,Lake
"Clear Lake",45.89135829698009,-89.9593344280067,Lake
"Baycat Lake",45.846384959033536,-89.95531890007555,Lake
"Miller Lake",45.80329175780843,-89.68792191816358,Lake
"Cochran Lake",45.964011960510966,-90.10800161176685,Lake
"Broken Bow Lake",45.92232697319627,-89.95642343025608,Lake
"Tug Lake",45.30240139339559,-89.70207910356248,Lake
"Moss Lake",45.96267670632617,-89.88730068866619,Lake
"Flannery Lake",45.660690668788355,-89.49860807101535,Lake
"Arrowhead Lake",45.90575416678455,-89.69066360829426,Lake
"Pickerel Lake",45.881303557959846,-89.53226100378957,Lake
"Round Lake",45.92553526473842,-90.07039448274678,Lake
"Chelsea Lake",45.30200441730326,-90.31455352302072,Lake
"Two Sisters Lake",45.771212234713225,-89.53082866591603,Lake
"Solberg Lake",45.75234664089454,-90.37310989219215,Lake
"Willow Reservoir",45.7227530248131,-89.88756325999628,Lake
"Hancock Lake",45.61755008700314,-89.6313875172767,Lake
"Goodyear Lake",45.66346087264855,-89.57880677594082,Lake
"Stone Lake",45.82981683029614,-89.97267236159531,Lake
"Mondeaux Flowage",45.304867653159576,-90.432752569807,Lake
"Krueger Lake",45.37924373653938,-89.95320509520015,Lake
"Malby Lake",45.878120741131724,-89.77264705125742,Lake
"Esadore Lake",45.192286686288426,-90.44589078992661,Lake
"Maud Lake",45.68746356017144,-89.56447949212036,Lake
"Thompson Lake",45.97871625186211,-90.131093362036,Lake
"Road Lake",45.43700325541697,-89.6925725992443,Lake
"Bass Lake",45.606471468471874,-89.90824507418628,Lake
"Gary Lake",45.58561500941374,-89.65400833490231,Lake
"Elk, Duroy, Long Lakes and Wilson Flowage",45.69635506507244,-90.38571798021599,Lake
"Statenaker Lake",45.98280037452846,-89.77624993263507,Lake
"Crescent Lake",45.60232195831425,-89.51930305593056,Lake
"Green Bass Lake",45.60746609404199,-89.50750743223003,Lake
"Bittersweet Lake",45.92864804761699,-89.60078554220497,Lake
"Willow Lake",45.71594495465875,-89.99640723451134,Lake
"Big Saint Germain Lake",45.93335410932516,-89.52183466371626,Lake
"Little Bearskin Lake",45.71097172074128,-89.69745106259884,Lake
"Wabasso Lake",45.9749316513209,-90.00302913618907,Lake
"Poupart Lake",45.99765139932215,-89.91452193131553,Lake
"Cranberry Lake",45.986717858359626,-89.97582705595497,Lake
"Johnson Lake",45.899957869366176,-89.72149611151495,Lake
"Diamond Lake",45.87436129738359,-89.90867361319772,Lake
"Ross Lake",45.95389386826133,-89.59875726131773,Lake
"McDermott Lake",46.003032008626185,-90.1604806210105,Lake
"Gates Lake",45.83154100913843,-90.31459466310275,Lake
"Whitefish Lake",45.910207763178136,-89.85709122629959,Lake
"Mildred Lake",45.67574438487567,-89.53300739160254,Lake
"Burnham Lake",45.74556744709557,-89.66448876288989,Lake
"West Horsehead Lake",45.69765858122066,-89.623360074536,Lake
"South Blue Lake",45.7585134177247,-89.70351810640035,Lake
"Blue Lake",45.8379990920642,-89.75668625070016,Lake
"Sunday Lake",45.888216270165,-89.8530650573663,Lake
"Great Bass Lake",45.87100059110302,-89.93642459772754,Lake
"Silver Lake",45.40958109151292,-89.62381173076399,Lake
"Jerms Lake",45.913330249046695,-89.87406097688931,Lake
"Prairie Lake",45.6016570199367,-89.75979851613832,Lake
"South Two Lakes",45.776521801100316,-89.6137491525435,Lake
"Hasbrook Lake",45.83765183268093,-89.58161525213772,Lake
"Buckskin Lake",45.89615189657055,-89.93706791668508,Lake
"Pond Lake",45.88713007304281,-90.1065025232787,Lake
"Sailor Lake",45.84033781600812,-90.26984905795388,Lake
"Lake Mohawksin",45.48765915148649,-89.74650154313963,Lake
"Spirit River Flowage",45.44498187379771,-89.79139070231376,Lake
"Lumen Lake",45.738986908753404,-89.62068830551055,Lake
"Skanawan Lake",45.42428194171417,-89.6537308849456,Lake
"Lake Content",45.92074709222042,-89.51070811791168,Lake
"East Ellerson Lake",46.003785898023445,-89.75523462839762,Lake
"Boom Lake",45.67382843592499,-89.44856554848838,Lake
"Franklin Lake",45.87015041211591,-89.86375392185624,Lake
"Sailor Creek Flowage",45.83990035085698,-90.38576454254881,Lake
"Davis Lake",45.83538578191904,-90.48570710126178,Lake
"Rib Lake",45.31422181743839,-90.19889811246513,Lake
"Lily Lake",45.52198876966393,-89.63506357950459,Lake
"Minocqua Lake",45.8713734495977,-89.69708491131087,Lake
"Middle Ellerson Lake",46.00218374100717,-89.7625350631538,Lake
"Deer Lake",45.54732184627764,-89.69523206887155,Lake
"Spur Lake",45.621582054354896,-89.51915952418689,Lake
"Little Carr Lake",45.80129943661086,-89.6197921415468,Lake
"Squirrel Lake",45.870614100633496,-89.89510807208052,Lake
"Stone Lake",45.40810492014909,-90.16383610574962,Lake
"Somo Lake",45.520120107327635,-89.87191426707805,Lake
"Birch Lake",45.72914404411734,-89.66239418354948,Lake
"Hay Lake",45.98118323392574,-90.29730651078626,Lake
"North Spirit Lake",45.384174648587674,-90.15253211150319,Lake
"Pickerel Lake",45.51369968242444,-89.5532046164034,Lake
"Oscar-Jenny Lake",45.620551632147254,-89.6682900050986,Lake
"Twin Lakes",45.75710500454379,-89.78820267730052,Lake
"Favil Lake",45.96142888648609,-89.99495530303415,Lake
"Tucker Lake",45.94512063539617,-90.05251218932071,Lake
"Manson Lake",45.562199285147656,-89.63349645715428,Lake
"Carrol Lake",45.89464446701114,-89.6261222709743,Lake
"Roach Lake",45.95960306073194,-89.62015744254087,Lake
"Patterson Lake",45.971867166543134,-90.17247354147409,Lake
"Ole Lake",45.69817813513864,-89.55678419706004,Lake
"Cunard Lake",45.84836198668085,-89.58797917706956,Lake
"Pokegama Lake",45.995164079473966,-89.88631506350929,Lake
"North Two Lakes",45.78567937700286,-89.60675938310168,Lake
"Haskell Lake",45.908045705928565,-89.91718045621012,Lake
"Shishebogama Lake",45.897163216040354,-89.82052484965219,Lake
"Fuller Lake",45.88976291179754,-89.9780264056147,Lake
"Swamp Lake",45.637800549487764,-89.78771173293059,Lake
"Katherine Lake",45.8038600131762,-89.71127689600424,Lake
"Mud Lake",45.80800459589886,-90.13466752686915,Lake
"Crystal Lake",46.001851166660515,-89.61297621252452,Lake
"Pier Lake",45.73316208842899,-89.9807253168197,Lake
"Windowpane Lake",45.85115412178071,-89.79862447618504,Lake
"Mercer Lake",45.86756263791103,-89.8105722538791,Lake
"Big Arbor Vitae Lake",45.92840854614678,-89.64701569342265,Lake
"Plummer Lake",45.969003927889005,-89.77662626812818,Lake
"Smith Lake",45.93525897298004,-89.60569964767602,Lake
"Vandercook Lake",45.98245481228577,-89.68465580271693,Lake
"Wyandock Lake",45.91718142319722,-89.83960205406572,Lake
"Smith Lake",45.90796015971747,-90.49415842723968,Lake
"Washburn Lake",45.61652587730292,-89.55974655205334,Lake
"Riley Lake",45.85812443453878,-90.16311149033606,Lake
"Lake Ten",45.622052926742136,-90.4867118828888,Lake
"Hoffman Lake",45.99746499537072,-90.32813631864722,Lake
"Bearskin Lake",45.73192265575502,-89.68263050956256,Lake
"Bird Lake",45.79768059088645,-89.66679626049017,Lake
"Towanda Lake",45.93707843680053,-89.70723785289233,Lake
"Pike Lake",45.89835945276485,-90.06659712810507,Lake
"Elk, Duroy, Long Lakes and Wilson Flowage",45.66922426360497,-90.45581592544463,Lake
"Prairie Dell Pond",45.26359856278425,-89.55562791566443,Lake
"Marion Lake",45.878156272942924,-89.83802007740907,Lake
"Crawling Stone Lake",45.93483889520946,-89.87974908222856,Lake
"Emma Lake",45.58926389806369,-89.49822481988764,Lake
"Little Bass Lake",45.862964162190934,-89.61045327648576,Lake
"Whitcomb Lake",45.97343720398194,-90.13927561947075,Lake
"East Horsehead Lake",45.70027420201067,-89.61155577808609,Lake
"Rainbow Flowage",45.85729911038204,-89.51079461419873,Lake
"Harrison Lake",45.51655657338914,-89.50446049756523,Lake
"Nose Lake",45.59967789094708,-89.57054638663938,Lake
"Yawkey Lake",45.77766910038243,-89.72469221845692,Lake
"Grassy Knoll Lake",45.219972982544085,-90.43017540640837,Lake
"Musser Lake",45.73484645398727,-90.26734318428441,Lake
"Madeline Lake",45.893446303794676,-89.64453576518048,Lake
"Little Tomahawk Lake",45.797140079185674,-89.6387340321613,Lake
"Mud Lake",45.798878058435214,-89.6525109803769,Lake
"Spirit Lake",45.380985188092296,-90.13672226087124,Lake
"Tomahawk Lake",45.827005976079604,-89.6558288714948,Lake
"Stevens Lake",45.92627063609128,-88.70209319838904,Lake
"Upper Post Lake",45.458310016702775,-89.0851529630643,Lake
"Jenny Barnes Lake",45.76932250313157,-89.43252108528574,Lake
"Greater Bass Lake",45.35898519508423,-89.1960774893182,Lake
"Ground Hemlock Lake",45.47419452495025,-88.86272023490756,Lake
"Rolling Stone Lake",45.43594297153164,-88.94649559881593,Lake
"West Bay Little Saint Germain Lake",45.9075662140739,-89.47545768850144,Lake
"Townline Lake",45.646265550877516,-89.46331549464081,Lake
"Paradise Lake",45.861332610777275,-89.42880529170343,Lake
"Long Lake",45.79023569679195,-89.49281904955001,Lake
"Harmony Lake",45.95301629031702,-89.18939211249784,Lake
"Lake of the Hills",45.98349674098396,-89.24506444350983,Lake
"Finger Lake",45.96574045428202,-89.18278386530501,Lake
"Rice Lake",45.4935031624721,-88.97219565770432,Lake
"Lake Elma",45.03751211854815,-88.8898735613829,Lake
"Clear Lake",45.581793649781716,-88.90926783204905,Lake
"Long Lake",45.429236445565905,-89.48256964295287,Lake
"Moen Lake",45.66333449559944,-89.31390483809503,Lake
"Dollar Lake",45.917802105867516,-89.2057685055833,Lake
"Whitefish Lake",45.77816662213655,-89.0680477057631,Lake
"Woodbury Lake",45.79506882003258,-89.01985803643777,Lake
"Walters Lake",45.797031013745425,-89.34331651670071,Lake
"Pickerel Lake",45.784828718525524,-89.42769959900485,Lake
"Metonga Lake",45.5409797953582,-88.9059470774758,Lake
"Florence Lake",45.12111665787078,-88.88900671898901,Lake
"Margaret Lake",45.71600754130244,-89.10814501946987,Lake
"McCabe Lake",45.745050571444715,-89.46409217632554,Lake
"One Stone Lake",45.84199161892373,-89.22938680036332,Lake
"Boulder Lake",45.15097126568491,-88.63734779411978,Lake
"Seven Island Lake",45.424815556759256,-89.46626382413325,Lake
"Starks Flowage",45.67478319950947,-89.26364988442549,Lake
"Sawyer Lake",45.248996213677785,-88.75944476581546,Lake
"Buck Lake",45.59179419367044,-89.41692666303967,Lake
"Snipe Lake",45.9396596894462,-89.36478527253239,Lake
"Shay Lake",45.259096311456375,-88.64721589293124,Lake
"Halsey Lake",45.846921270312315,-88.63504660399929,Lake
"Spirit Lake",45.79892290686174,-89.1350876191131,Lake
"Bear Lake",45.32146714360669,-88.50193444655538,Lake
"Mary Lake",45.2915266269175,-88.68581543757263,Lake
"White Deer Lake",45.900404382678744,-88.96666726881308,Lake
"Moose Lake",45.076639313422554,-89.0533725556663,Lake
"Langley Lake",45.63624397879932,-89.47018182952169,Lake
"Sand Lake",45.850950352840485,-89.38906622288722,Lake
"Spirit Lake",45.967372674408395,-89.19867368822649,Lake
"Star Lake",45.22666473954634,-88.58504407920118,Lake
"Pine Lake",45.676721056838616,-88.98391700379015,Lake
"Loon Lake",45.388675418397796,-89.09410043828176,Lake
"Hixon Lake",45.58097338870288,-89.40788479478849,Lake
"Bragonier Lake",45.90790463307256,-89.40526203868588,Lake
"Range Line Lake",45.97121072787492,-89.2993231088539,Lake
"Townsend Flowage",45.33076674631451,-88.600983873649,Lake
"Fredenberg Lake",45.0513612692942,-88.51715139634614,Lake
"Howell Lake",45.946669085470745,-88.93447427635569,Lake
"Himley Lake",45.45884915174993,-88.75133034619681,Lake
"Sugar Camp Lake",45.80044310697094,-89.30817384677663,Lake
"Surprise Lake",45.35225364821582,-88.60738898222777,Lake
"Bishop Lake",45.4885712522374,-89.01415553578443,Lake
"Lost Lake",45.76692929109479,-89.32000747423552,Lake
"Range Line Lake",45.81943121047207,-89.17638053102235,Lake
"Lake Seventeen",45.866702504285094,-89.27034408447163,Lake
"Richardson Lake",45.444332767510296,-88.71790196055444,Lake
"Harmony Lake",45.90153711060445,-88.99934199998005,Lake
"Silver Lake",45.55550026052933,-88.70731997517491,Lake
"Shelp Lake",45.778415107608275,-89.01761384955955,Lake
"McLeod Lake",45.988387534799195,-89.35054090454267,Lake
"Van Zile Lake",45.72186617810324,-88.67504833378202,Lake
"Lower Post Lake",45.42073780129529,-89.09067344794346,Lake
"South Bay",45.90750270519182,-89.45423310922789,Lake
"Little Sand Lake",45.46919768588792,-88.91856591512413,Lake
"Pickerel Lake",45.396196054317436,-88.9088531400577,Lake
"Ada Lake",45.37163303195456,-88.735965463983,Lake
"Lost Lake",45.75134936748353,-89.41122018688856,Lake
"Little Long Lake",45.424472598869485,-88.77258279259652,Lake
"Arbutus Lake",45.39953436207194,-88.86097299202055,Lake
"Chain Lake",45.83907788768501,-89.36777151711634,Lake
"Alma Lake",45.91016946624041,-89.42800363712804,Lake
"Dynamite Lake",45.372199634681365,-89.2701763001027,Lake
"Hardwood Lake",45.508968802909834,-88.77360269796813,Lake
"Lake Lucille",45.51804554054943,-89.08702789197937,Lake
"Shoe Lake",45.42601656048828,-88.75075101824807,Lake
"Chain Lake",45.300223464404084,-88.55087734081866,Lake
"Sevenmile Lake",45.878436589733894,-89.05464361384443,Lake
"Upper Wapato Lake",45.29780036824764,-88.65867027648079,Lake
"Pickerel Lake",45.9747746110532,-89.39740107521418,Lake
"Frederick Flowage",45.74560199028212,-89.48318405830031,Lake
"Hollister Lake",45.39562897391629,-88.94269293932891,Lake
"East Bay Little Saint Germain Lake",45.92622161739922,-89.42921293702584,Lake
"Shingle Mill Lake",45.49790264028024,-89.36123034087342,Lake
"Pine Lake",45.722091078350765,-89.3719926820353,Lake
"Oatmeal Lake",45.76876555569878,-89.41286196802649,Lake
"Upper Ninemile Lake",45.91159441407941,-89.05415194706106,Lake
"Smoke Lake",45.34483441448751,-88.59034065197253,Lake
"Duck Lake",45.944952920903866,-88.66127154493039,Lake
"Gordon Lake",45.88813996799121,-89.22068811980289,Lake
"Dam Lake",45.869322494341496,-89.39501467123881,Lake
"Nelson Lake",45.930124232683916,-89.35753749704912,Lake
"Lake Laura",45.706241680681394,-88.50274108560015,Lake
"Bear Lake",45.5122783426443,-88.52600854551083,Lake
"Aldridge Lake",45.866704237055195,-89.30005558113665,Lake
"Yellow Birch Lake",45.93337116012544,-89.23821657825577,Lake
"Long Lake",45.83534697445241,-88.67768995654133,Lake
"Grandma Lake",45.817067204540045,-88.61303954922826,Lake
"Birch Lake",45.569891563829195,-88.63685708460547,Lake
"Jennie Webber Lake",45.74054177120621,-89.33033308828834,Lake
"Arbutus Lake",45.868993165048764,-89.3343422978102,Lake
"Perch Lake",45.931512119337675,-88.50074450865624,Lake
"Three Johns Lake",45.92308462479057,-88.98018341335629,Lake
"Camp Lake",45.450433254351545,-89.29056137869341,Lake
"South Pine Lake",45.6855115903833,-89.40938700012725,Lake
"Brown Lake",45.78044462570548,-89.49399207272211,Lake
"Lone Stone Lake",45.8656897992934,-89.08238014967985,Lake
"Archibald Lake",45.28345978891121,-88.58642307308469,Lake
"Chicken Foot Lake",45.25139397777094,-88.61328091858124,Lake
"Crowell Lake",45.08583043261539,-88.84964320183965,Lake
"Hilderbrand Lake",45.54792850270948,-89.43241456146694,Lake
"North Nokomis Lake",45.84987065341581,-89.45386210949776,Lake
"Rice Lake",45.8181748391355,-89.23083588461617,Lake
"Bailey Lake",45.829193315103545,-89.03151831804999,Lake
"Maiden Lake",45.268169479585474,-88.53850989196694,Lake
"Round Lake",45.49318448828917,-88.6798472524131,Lake
"Butternut Lake",45.91100070393831,-88.98583402760673,Lake
"Julia Lake",45.79766400689575,-89.03980152377015,Lake
"Virgin Lake",45.78394339190405,-89.0871120465922,Lake
"Pine Island Lake",45.9894921583515,-89.2152276966236,Lake
"Lawrence Lake",45.25888282653725,-88.98255952956004,Lake
"Crystal Lake",45.379326843583335,-88.92517742904109,Lake
"Spring Lake",45.819361662564695,-89.08076943209593,Lake
"Shepard Lake",45.66652519872848,-89.36606227389453,Lake
"Lost Lake",45.87963396638264,-88.55863735391313,Lake
"Maple Lake",45.80303593540684,-89.1636579026121,Lake
"Range Line Lake",45.426355001278075,-88.67776730651794,Lake
"Reservoir Pond",45.31384190143605,-88.64102731263007,Lake
"Rose Lake",45.23282962052821,-88.71876091381887,Lake
"Popple Lake",45.5020557494866,-88.76274647469299,Lake
"Fourth Lake",45.63769603808378,-89.27481330341632,Lake
"Crooked Lake",45.744922842945904,-89.08945968568798,Lake
"Spectacle Lake",46.00486859779745,-89.02093710163862,Lake
"Lake of Dreams",45.90908882408925,-88.62073440256802,Lake
"Morgan Lake",45.77491115579051,-88.54376986834416,Lake
"Little Twin Lakes",45.35399535146426,-88.95891933293244,Lake
"Riley Lake",45.536528605555574,-88.78042921641443,Lake
"Haven Lake",45.77072646098317,-89.3551717162461,Lake
"Tom Doyle Lake",45.7635228293102,-89.49349922948119,Lake
"Tepee Lake",45.961955387105434,-89.30565655675409,Lake
"Barnes Lake",45.259006532646026,-88.62632544647255,Lake
"Lily Lake",45.42890926166323,-88.83649939516302,Lake
"Lake Killian",45.36754056226587,-88.9621677489855,Lake
"Stella Lake",45.71443013652513,-89.19767835890971,Lake
"Trump Lake",45.475795079695324,-88.65641711510933,Lake
"Fish Lake",45.433125649640374,-89.44679901839845,Lake
"Little Archibald Lake",45.29936908670694,-88.5620715293233,Lake
"Horseshoe Lake",45.40673400883819,-89.25128015157686,Lake
"Clear Lake",45.365850282549076,-89.23216796609161,Lake
"Lost Lake",45.96551374822629,-89.4819612994244,Lake
"Grub Hoe Lake",45.87052221860215,-88.54466079649761,Lake
"Wisconsin Lake",45.53406863913239,-89.48307966171541,Lake
"Whiteye Lake",45.583113807594785,-88.99840057391096,Lake
"Clear Lake",45.806288912010686,-89.46194783326482,Lake
"Mill Lake",45.800327601827256,-89.32470412193194,Lake
"Kentuck Lake",45.98477625965106,-88.99904640663597,Lake
"Meta Lake",45.88808578580182,-89.18128480473653,Lake
"Lower Bass Lake",45.304712532743224,-89.19138597633469,Lake
"Windfall Lake",45.389942968649486,-88.75630430623183,Lake
"Deerskin Lake",45.9761517568454,-89.16885546382834,Lake
"Stella Lake",45.977070668766515,-89.46031914348629,Lake
"Otter Lake",45.443805384344635,-89.18647427823234,Lake
"Fish Lake",45.62438470336591,-89.25502159227241,Lake
"Hilts Lake",45.52658234046668,-89.47052822784244,Lake
"George Lake",45.60837415865719,-89.33243714048204,Lake
"Pickerel Lake",45.739280528391724,-89.41407328105842,Lake
"Lower Clear Lake",45.31137172481966,-89.19654720291561,Lake
"McKinley Lake",45.92378218194427,-88.97418149459838,Lake
"White Lake",45.16486611938768,-88.76837692502468,Lake
"Lake Gordon",45.70505254211649,-88.51431507430082,Lake
"Peshtigo Lake",45.58651441596823,-88.89521201917924,Lake
"Atkins Lake",45.65643994267843,-89.04463948995026,Lake
"Silver Lake",45.921089251664675,-89.23780958643819,Lake
"Crystal Lake",45.72517867825438,-89.42231470448974,Lake
"Indian Lake",45.81348084340473,-89.30159836838534,Lake
"Bass Lake",45.452970631755356,-88.69815867094044,Lake
"Black Oak Lake",45.299968872899015,-89.21501816214622,Lake
"Lake Lucerne",45.52312155744755,-88.84655563476836,Lake
"Muskellunge Lake",45.95198767916586,-89.38045609910554,Lake
"Moon Lake",45.917415883042686,-89.43304341864827,Lake
"Horn Lake",45.32616728539744,-88.633204546158,Lake
"Lost Lake",45.471770355025264,-88.81102436451188,Lake
"Walsh Lake",45.45090456953066,-88.87206683590686,Lake
"Spider Creek Flowage",45.41584251766257,-89.02864723312959,Lake
"Enterprise Lake",45.45535478671653,-89.23668970749486,Lake
"Lily Lake",45.5876187706393,-89.48647021792809,Lake
"Snowden Lake",45.65876944864818,-89.27842899091894,Lake
"Turtle Lake",45.77644573786453,-89.46302869864287,Lake
"Burnham Lake",45.79981851575513,-89.27703135363248,Lake
"Muskellunge Lake",45.799804885691316,-89.47948719146925,Lake
"Clearwater Lake",45.8515184250959,-89.20171674970616,Lake
"Pickerel Lake",45.35480255137737,-88.58527097671556,Lake
"Airhole Lake",45.39296318726429,-89.24423932763656,Lake
"Duck Lake",45.38127782233496,-89.24808588608627,Lake
"Pelican Lake",45.507675494876665,-89.20171856398547,Lake
"Bog Lake",45.84125860335035,-89.31132425979236,Lake
"Spur Lake",45.720291590463844,-89.15938507469401,Lake
"Rice Lake",45.944386580873044,-89.33047485944877,Lake
"Saint Johns Lake",45.43843812483739,-88.87808519818944,Lake
"De Marce Lake",45.57189186835648,-89.40604105213131,Lake
"Venus Lake",45.57704492970058,-89.16460466055808,Lake
"Tim Lynn Lake",45.76106421478514,-89.42475844953702,Lake
"Moccasin Lake",45.792769491316065,-89.12611592110608,Lake
"Little Saint Germain Lake",45.92284944215054,-89.45217471487256,Lake
"Boot Lake",45.96968230196845,-89.32648713040521,Lake
"Reisner Lake",45.888847486442565,-88.62218029658105,Lake
"Bastile Lake",45.82682400904146,-88.7454107058475,Lake
"Little Rice Lake",45.60235902542982,-89.00507062089069,Lake
"Miniwakan Lake",45.39314825962274,-89.07863712624274,Lake
"Spider Lake",45.76060705074415,-89.44245889250857,Lake
"Bass Lake",45.27601522994659,-88.621470852831,Lake
"Denton Lake",45.854191499931645,-89.31324163545452,Lake
"Carpenter Lake",45.9441818911897,-89.14785778856111,Lake
"Bogbrook Lake",45.40272567216801,-88.78402123398632,Lake
"Stone Lake",45.81503997977053,-89.40395282806878,Lake
"Luna Lake",45.90595989403818,-88.9599396816632,Lake
"Rat Lake",45.82224554775102,-88.79230179427783,Lake
"Long Lake",45.29860983813332,-89.20526648425312,Lake
"Fay Lake",45.86676474764501,-88.63909103405524,Lake
"Mole Lake",45.47910229132066,-88.97693626924162,Lake
"Little Birch Lake",45.56925781127609,-88.6605045263442,Lake
"Lake Thompson",45.633800967354354,-89.3317308557679,Lake
"Ginty Lake",45.66798617468333,-89.1748436075764,Lake
"Sunset Lake",45.92685709349668,-89.33778004532317,Lake
"Bradley Lake",45.491423807817455,-88.82416737976652,Lake
"Jungle Lake",45.45488532725111,-88.83408804537895,Lake
"Bass Lakes",45.109653598587,-88.87841379674244,Lake
"Scattered Rice Lake",45.57143410325888,-88.68558225871497,Lake
"Pine Lake",45.500445859098996,-89.43791741478411,Lake
"Quartz Lake",45.94965199939686,-88.95739834291575,Lake
"Wheeler Lake",45.79196892556778,-88.51605669910612,Lake
"Tambling Lake",45.93067382257405,-89.16418105132821,Lake
"Franklin Lake",45.933948614715284,-89.00310532408072,Lake
"Ross Lake",45.686466139673634,-88.6369885917161,Lake
"Crane Lake",45.40953776307429,-88.89214164626311,Lake
"Otter Lake",45.435678912363706,-88.52621114013647,Lake
"Columbus Lake",45.83698872537671,-89.25161708667662,Lake
"Long Lake",45.82739020839238,-89.27069111773157,Lake
"Thunder Lake",45.78336106701815,-89.21876932130148,Lake
"Anvil Lake",45.943869984778075,-89.0633471640566,Lake
"Hiles Millpond",45.72885484280167,-88.96442655650651,Lake
"Oak Lake",45.474949573254904,-88.93577013022457,Lake
"Roberts Lake",45.454736433439656,-88.79044267306004,Lake
"Hunter Lake",46.00271518113273,-89.32153514086748,Lake
"Boot Lake",45.26656413191644,-88.63462932194825,Lake
"Deep Wood Lake",45.34528189131749,-89.21362830832375,Lake
"Mueller Lake",45.16206479963418,-88.98418118225432,Lake
"Wabikon Lake",45.55754847265744,-88.78003580868652,Lake
"Lake Julia",45.61469003568039,-89.430332140229,Lake
"Jack Lake",45.329528344633744,-89.0980665729039,Lake
"Deep Hole Lake",45.46048090262947,-88.90405947035386,Lake
"Big Twin Lake",45.35381244735876,-88.91523960021915,Lake
"Turtle Lake",45.314782866565295,-88.87866340922622,Lake
"Lake Buteau",45.439677392714515,-89.47580234448225,Lake
"Kathan Lake",45.872000179871925,-89.31903929229108,Lake
"Bass Lake",45.92419637107811,-89.13753475321575,Lake
"Finley Lake",45.90969654112349,-89.41731218134682,Lake
"Watersmeet Lake",45.90961821313976,-89.29227449528128,Lake
"Dewey Lake",45.99508243142361,-89.02936332785536,Lake
"Tamarack Lake",45.753813469676736,-89.34110070926214,Lake
"Echo Lake",45.35261275441789,-89.47303509869967,Lake
"Mars Lake",45.58163148145491,-89.1646410155093,Lake
"Moccasin Lake",45.44605617764171,-89.27051878551107,Lake
"Neptune Lake",45.590300498098784,-89.17313094102043,Lake
"Pat Shay Lake",45.891370973610464,-89.0329198245586,Lake
"Dads Lake",45.99412670604402,-89.41465877492217,Lake
"Summit Lake",45.37370296549036,-89.20821654896598,Lake
"Mud Lake",45.70629878069749,-89.3298764121663,Lake
"Found Lake",45.94921605670138,-89.45454084289139,Lake
"Catfish Lake",45.90982980179481,-89.19062886558409,Lake
"McDonald Lake",45.90574506249168,-89.39789856678615,Lake
"Big Stone Lake",45.80686595582343,-89.10469633167541,Lake
"Mud Lake",45.774646535154446,-89.13350795582909,Lake
"Deer Lake",45.789175330967794,-89.10496707439495,Lake
"Dog Lake",45.77684374753725,-89.11082621224756,Lake
"Lake Creek",45.67000070912702,-89.40398119004804,Lake
"Thunder Lake",45.66396911505115,-89.39239804011046,Lake
"Echo Lake",45.82789731001198,-89.37813566597409,Lake
"Fifth Lake",45.638873989155094,-89.25020545599565,Lake
"Second Lake",45.664057573080484,-89.30023863585467,Lake
"Third Lake",45.656125119370934,-89.30347198376454,Lake
"Scattering Rice Lake",45.9391267077175,-89.18855160560457,Lake
"Otter Lake",45.94370924485358,-89.22113084095501,Lake
"Eagle Lake",45.931613214490405,-89.21059088946254,Lake
"Lower Ninemile Lake",45.89614263985938,-89.09900752265534,Lake
"Cranberry Lake",45.904839857017876,-89.15923286200852,Lake
"Long Lake",45.86990799523924,-89.14168252458839,Lake
"Planting Ground Lake",45.83363231256592,-89.15391965270089,Lake
"Townline Lake",45.81290541153468,-89.16405357099806,Lake
"Round Lake",45.83658081779752,-89.1411025982758,Lake
"Island Lake",45.82900599837793,-89.13286651651228,Lake
"Big Fork Lake",45.83226589280697,-89.09509601831346,Lake
"Little Fork Lake",45.82975862932552,-89.11594300552328,Lake
"Fourmile Lake",45.8459926435045,-89.08262214112925,Lake
"Laurel Lake",45.81006427986543,-89.12369604590647,Lake
"Big Lake",45.7579006440482,-89.12216287023423,Lake
"Wescott Lake",45.067199434823614,-88.25737974338887,Lake
"Cooley Lake",45.02510814908797,-88.27878126564106,Lake
"Frieda Lake",45.32517090895077,-88.28427667037447,Lake
"White Lake",45.029807205260894,-88.25165255609427,Lake
"North Pond",45.669523401743675,-88.27788515924479,Lake
"Savage Lake",45.88249161102305,-88.46306307424277,Lake
"Morgan Lake",45.42674884789565,-88.01543702621613,Lake
"Lost Lake",45.92610532911569,-87.93975001792681,Lake
"Bass Lake",45.41515456962928,-87.81534781935174,Lake
"Underwood Lake",45.04308418614545,-88.23950192383144,Lake
"White Potato Lake",45.143339584096005,-88.20935604859044,Lake
"Forest Lake",45.718356990116185,-88.43904616936497,Lake
"Town Corner Lake",45.54136012067679,-88.05769283776024,Lake
"Island Lake",45.42488803300654,-87.94291586741103,Lake
"Rost Lake",45.05603909573068,-88.14087867887106,Lake
"Montana Lake",45.04807772844176,-88.11539593766972,Lake
"Mary Lake",45.75185188714937,-87.8193388461321,Lake
"High Falls Reservoir",45.30810373672568,-88.19556940037558,Lake
"Spread Eagle Chain of Lakes",45.89319349614413,-88.13128658569049,Lake
"Hilbert Lake",45.70639859943551,-88.41275609454009,Lake
"Lindquist Lake",45.61526297555511,-88.0578580497436,Lake
"Glen Lake",45.499607448848074,-88.07975842232725,Lake
"Sandstone Reservoir 675",45.22682661462641,-88.08248768888764,Lake
"Peavy Pond",46.01282980985721,-88.20350380924502,Lake
"Moon Lake",45.62693726505716,-88.25834339953829,Lake
"Wiggins Lake",45.6100780000227,-88.01126763961013,Lake
"Wheeler Lake",45.3183856048948,-88.47559314986019,Lake
"Impassable Lake",45.057596790220465,-88.27926256534941,Lake
"Bear Paw Lake",45.18125077279089,-88.39373849418418,Lake
"Bass Lake",45.853599808344825,-88.07284568884482,Lake
"Lake Antoine",45.83714333811723,-88.03672165583082,Lake
"Crystal Lake",45.81213039286489,-88.07728302988573,Lake
"Bagley Flowage 1061",45.12792835103292,-87.75757163816154,Lake
"Beecher Lake",45.563221646920944,-88.00513812374322,Lake
"Rock Lake",45.91058429267495,-87.93059170099275,Lake
"Sand Lake",45.756265945521086,-88.25912268007612,Lake
"Lost Lake",45.398605979990485,-87.8006812604189,Lake
"Woods Lake",45.32778981668476,-88.21488269014155,Lake
"Jones Lake",45.06181923552704,-88.11729299829203,Lake
"Nelligan Lake",45.22289922762618,-88.35161776941044,Lake
"Anderson Lake",45.11297539357019,-88.42280593682958,Lake
"Emily Lake",45.87409916478991,-88.28435144369789,Lake
"Lake Noquebay",45.25933333037617,-87.90923580836005,Lake
"Louise Lake",45.74917251088601,-87.80713168855543,Lake
"Eagle Lake",45.256974818683865,-88.23122014801108,Lake
"Chute Pond",45.13141169717042,-88.45350463580472,Lake
"Lake Julia",45.29433936327917,-87.8222203196018,Lake
"McCaslin Lake",45.381811011197605,-88.37777060742489,Lake
"Bush Lake",45.76568827561549,-88.30565698834047,Lake
"Mud Lake",45.73538768819993,-88.45185036560093,Lake
"Porcupine Lake",45.54967796137888,-88.37920095501067,Lake
"Waupee Flowage",45.23538446996331,-88.38163562166116,Lake
"Paya Lake",45.275945832556914,-88.48470841625638,Lake
"Bass Lake",45.76836819690781,-88.32059331384463,Lake
"John Lake",45.33657386311902,-88.49232973269567,Lake
"Hardwood Impoundment",45.991724143937525,-87.68203907415428,Lake
"West Bass Lake",45.77856877736104,-88.33521286427835,Lake
"Lake Shannon",45.7098147577726,-87.87389776491479,Lake
"Boot Lake",45.95555402699916,-88.41802728059818,Lake
"Long Lake",45.39982204586232,-87.98870128276754,Lake
"Shay Lake",45.170932432707986,-88.29542945111437,Lake
"Edith Lake",45.94320276590215,-88.42478035116999,Lake
"Patten Lake",45.85404693346034,-88.42023725457376,Lake
"Kiss Lake",45.29648837752245,-88.17092531302485,Lake
"Johnson Falls Flowage 647",45.27443612341175,-88.17622066900756,Lake
"Nelligan Lake",45.15550800165976,-88.14482033743788,Lake
"Little Newton Lake",45.36553867698515,-88.12469073161192,Lake
"Leigh Flowage",45.04625525928419,-88.23161182113455,Lake
"Brown Lake",45.922515360813144,-87.78654563749889,Lake
"Cosgrove Lake",45.89396494457393,-88.1653537389419,Lake
"Hanbury Lake",45.78097399361507,-87.88082126820953,Lake
"Left Foot Lake",45.19668842106811,-88.02061397804225,Lake
"Spruce Lake",45.7874509912553,-87.66928841772491,Lake
"West Lake",45.899434759937364,-88.14656080378882,Lake
"Crooked Lake",45.246894553693735,-88.35478135491486,Lake
"Fumee Lake",45.828615646841044,-87.97648908178262,Lake
"Oneonta Lake",45.71831019251429,-88.41929334154489,Lake
"Sea Lion Lake",45.87686355343777,-88.32258220592206,Lake
"Deer Lake",45.444224867923324,-88.49112851523677,Lake
"Coleman Lake",45.6144000711294,-88.26669181035086,Lake
"Wolf Lake",45.41959313892874,-87.91638781021464,Lake
"Camp Six Lake",45.59413032764962,-88.43298325169214,Lake
"Lost Lake",45.40287491914011,-87.96153249851078,Lake
"Newton Lake",45.369165607729364,-88.11627875623874,Lake
"Robago Lake",45.887554971015895,-88.44732510977924,Lake
"Caldron Falls Reservoir",45.35642637820696,-88.26758928946303,Lake
"Fisher Lake",45.91971224359045,-88.2459437606302,Lake
"Waubee Lake",45.34509542687706,-88.44173285187,Lake
"Cowboy Lake",45.811127004501536,-88.12410415065203,Lake
"Hermansville Lake",45.71314677514384,-87.61524163803769,Lake
"Grass Lake",45.416855399114006,-87.95336787930559,Lake
"Hanson Lake",45.30679746281525,-87.55352822966337,Lake
"Lake Mary",45.305050985416344,-87.81620720777462,Lake
"Peshtigo Flowage 1086",45.080760587899796,-87.75104206352117,Lake
"Grass Lake",45.23973891424561,-88.21848961562141,Lake
"Hayward Lake",45.36371959089775,-87.49702577193406,Lake
"Keyes Lake",45.89927284326193,-88.30655868404686,Lake
"Thunder Lake",45.25591390167407,-88.24260049294746,Lake
"Kelly Lake",45.02309398028251,-88.22801765645498,Lake
"Munger Lake",45.32572439107165,-88.49336203374435,Lake
"East Lake",45.90952595916802,-87.7144068453247,Lake
"Loon Lake",45.8869146768423,-88.3123574245259,Lake
"Gilas Lake",45.16164010472376,-88.17195647282581,Lake
"Retcof Lake",45.28729026779354,-88.04780825523879,Lake
"Stager Lake",45.98363559906609,-88.33117385129985,Lake
"Wagner Lake",45.45870730547641,-87.5219076850253,Lake
"Bass Lake",45.13168680365301,-88.05211487265048,Lake
"Headquarters Lake",45.60139702435735,-87.95986238625534,Lake
"LaFave Lake",45.713435355552065,-88.39349404215886,Lake
"Ucil Lake",45.074948817405776,-88.25300362886688,Lake
"Little Badwater Lake",45.88018460853491,-88.07432991068403,Lake
"Ellwood Lake",45.857288079265864,-88.14205023897868,Lake
"Pine River Flowage",45.832740808265775,-88.2655513565198,Lake
"Flower Lake",45.25408513776279,-88.32669138757703,Lake
"Lost Lake",45.95830310834753,-88.13513023449285,Lake
"Hamilton Lake",45.75513690459783,-87.78651703964651,Lake
"Merryman Lake",45.645004222119525,-87.78213916650112,Lake
"Riley Lake",45.94006510375035,-88.45649981850605,Lake
"Carney Lake",45.89632266267216,-87.93247162839322,Lake
"Ranch Lake",45.17357180510377,-88.1977578991316,Lake
"Price Lake",45.85681186426196,-88.400096481854,Lake
"Elbow Lake",45.39196025361483,-88.10838912236215,Lake
"Lake Sixteen",45.77536532547086,-86.89790950239572,Lake
"Kangaroo Lake",45.041569224907946,-87.15909419369696,Lake
"South Lake",45.633295186198865,-87.22098531633812,Lake
"North Lake",45.390070615521616,-87.48525841694963,Lake
"Little Lake",45.41033901637572,-86.94105107854053,Lake
"Mud Lake",45.11539290899844,-87.09200084516719,Lake
"Boney Falls Basin",46.14692758430683,-87.3901950117672,Lake
"Sandstrom Lake",45.7308393366197,-86.93705577524341,Lake
"Moss Lake",45.90295534701804,-86.65200111519228,Lake
"Mackaysee Lake",45.19299333388575,-87.34484502939732,Lake
"Europe Lake",45.274328942840654,-86.98521648130212,Lake
"North Lake",45.649934809557934,-87.19429052184299,Lake
"Malman Marsh",45.88695095624222,-86.84982731065062,Lake
"Mud Lake",45.17146816060898,-85.5655866677412,Lake
"Barneys Lake",45.71257255773441,-85.56041096864995,Lake
"Jamestown Slough",45.97793257088425,-86.22487217683536,Lake
"McDonald Lake",45.98376571174944,-85.97164461339845,Lake
"Florence Lake",45.00987510756967,-86.12124138614347,Lake
"Shuberts Lake",45.987488316627946,-85.92487440356211,Lake
"Lake Geneserath",45.59746737332079,-85.53563227605194,Lake
"Sand Lake",45.99623539408132,-85.75351322919833,Lake
"Clear Lake",45.97059235916125,-86.00549572487881,Lake
"Indian Lake",45.988568563416834,-86.33383589675711,Lake
"Marblehead Lake",45.995912542620104,-86.1285034647946,Lake
"Greenes Lake",45.63436813050874,-85.58594690696096,Lake
"Batty Doe Lake",46.00093467934404,-85.77845884439863,Lake
"Font Lake",45.73805831416704,-85.54052263240828,Lake
"Fox Lake",45.65119621142467,-85.56792753543851,Lake
"Lake Manitou",45.12780257634939,-86.02427206600743,Lake
"Palmer Lake",46.001287387985855,-86.10252460371575,Lake
"Gulliver Lake",45.983752610776676,-86.02768236521955,Lake
"Shoepac Lake",45.994911049018874,-85.87905712566015,Lake
"Minnow Lake",45.99884141851409,-86.06717980578864,Lake
"Bass Lake",45.064324015102684,-85.62619561317165,Lake
"Toad Lake",45.13147486408999,-85.2918951754844,Lake
"Lake Charlevoix",45.24531386819148,-85.14755463784418,Lake
"Ellsworth Lake",45.15364135185488,-85.24475843443822,Lake
"Steele Lake",45.21023900406672,-85.12587246552783,Lake
"Skinner Lake",45.197098040226145,-85.2986139456591,Lake
"Hanley Lake",45.08298786949711,-85.26227363831522,Lake
"Susan Lake",45.326332579169936,-85.1817785589657,Lake
"Scotts Lake",45.07073352266873,-85.17587911778351,Lake
"Beals Lake",45.06321027371817,-85.16604120848422,Lake
"Lake Marion",45.229845337829985,-85.25238036618757,Lake
"Sixmile Lake",45.12747636498792,-85.20542022952445,Lake
"Patricia Lake",45.13493113207866,-85.10733142379257,Lake
"Ben-way Lake",45.10433029365458,-85.25594677643937,Lake
"Nowland Lake",45.23949108430778,-85.22005936400608,Lake
"Wilson Lake",45.1286483411268,-85.2489016091887,Lake
"Walloon Lake",45.29425734601032,-84.99911049705575,Lake
"Little Torch Lake",45.1911758770205,-85.31758776423473,Lake
"Twin Lakes",45.24474722863855,-85.25263541832612,Lake
"Adams Lake",45.263155750699454,-85.24586912632029,Lake
"Skinner Lake",45.22163145503955,-85.29227844850142,Lake
"Saint Clair Lake",45.16594531094454,-85.22913045417631,Lake
"Harwood Lake",45.21126040064614,-85.33197875559878,Lake
"Burt Lake",45.47031783960694,-84.67649949782525,Lake
"Five Lakes",45.04521004466607,-84.71238285317409,Lake
"Pickerel Lake",45.177041909560586,-84.52159617226518,Lake
"Bows Lake",45.14971586868981,-84.77831082759394,Lake
"Hoffman Lake",45.13149830738885,-84.77931225732443,Lake
"Deer Lake",45.167106205794994,-84.97947500256392,Lake
"Lake Twentyseven",45.048050528820795,-84.78565302516266,Lake
"Silver Lake",45.26964322042803,-84.63321907415425,Lake
"Roberts Lake",45.39770395883561,-84.55638474497138,Lake
"Round Lake",45.40560662893101,-84.89194439021986,Lake
"Mullett Lake",45.4929604320779,-84.54193545962767,Lake
"Big Lake",45.00801810346676,-84.58264326457027,Lake
"Thumb Lake",45.19177251172482,-84.76563680997772,Lake
"French Farm Lake",45.74759143388345,-84.76869643909686,Lake
"Wycamp Lake",45.65741593156651,-84.96806129922263,Lake
"Larks Lake",45.60538985191733,-84.93032383405419,Lake
"Lake Kathleen",45.5324616159293,-84.77289499192891,Lake
"Lake Paradise",45.68664640932798,-84.75568478826472,Lake
"O'Neal Lake",45.71273420968212,-84.89047745715301,Lake
"Lancaster Lake",45.62164148954052,-84.70726708035916,Lake
"Douglas Lake",45.582944636472526,-84.69590563558044,Lake
"Munro Lake",45.6151947790596,-84.68382926131324,Lake
"Satago Lake",45.988032122405016,-84.75248110834136,Lake
"Silver Lake",45.88682438098447,-84.82084350901796,Lake
"Cranberry Lake",45.939163526852674,-84.80187544033348,Lake
"Brevoort Lake",46.00153293019659,-84.9293670058115,Lake
"Chain Lake",45.87795886338755,-84.75419918202837,Lake
"Martin Lake",45.88239771224391,-84.80457753553429,Lake
"Freschette Lake",45.874036854809106,-84.78829710165817,Lake
"Gamble Lake",45.90269719570288,-84.75076656403733,Lake
"Round Lake",45.960860711787355,-84.86998707140427,Lake
"Hay Lake",45.94123363687956,-84.78722225811228,Lake
"Lansing Club Pond",45.13991106153117,-84.47462381223419,Lake
"Foch Lakes",45.128668492619255,-84.31692398870193,Lake
"Cornwall Creek Flooding",45.22151604797453,-84.40855991921357,Lake
"Walled Lake",45.12215524706012,-84.3624695598868,Lake
"Silver Lake",45.204702927761936,-84.31813126614485,Lake
"Rainy Lake",45.2482130162654,-84.06776577408108,Lake
"Twin Lake",45.01117456033639,-84.13237557588856,Lake
"Shoepac Lake",45.24434296727048,-84.17709421531158,Lake
"Rush Lake",45.1284877500141,-84.08893453710749,Lake
"Muskellunge Lake",45.10637884690037,-84.19253954671768,Lake
"Clear Lake",45.12471921541968,-84.18032225950957,Lake
"Tomahawk Lake",45.228795251201056,-84.16615491419728,Lake
"Tomahawk Creek Flooding",45.2048002896241,-84.179068300353,Lake
"Cranberry Lake",45.146830109430255,-84.03281311046567,Lake
"Grass Lake",45.12707641837483,-84.02322624050085,Lake
"Francis Lake",45.23825958073599,-84.18705946106014,Lake
"Lake Geneva",45.178962303734224,-84.21533767749906,Lake
"Lake Hiawatha",45.09557374053841,-84.06899817246355,Lake
"Valentine Lake",45.09169444653393,-84.17775800442705,Lake
"Silver Lake",45.434043342150936,-84.48322130117506,Lake
"Dorsy Lake",45.27598065154046,-84.34619701730412,Lake
"Osmun Lake",45.32431363938516,-84.3897589375019,Lake
"Black Lake",45.466288012581266,-84.27261958277784,Lake
"Kleber Pond",45.376229841059505,-84.3169014874765,Lake
"Tower Pond",45.35717726090758,-84.29248458551173,Lake
"Dog Lake",45.28454981126534,-84.3999744624169,Lake
"Loon Lake",45.25752416533125,-84.1688028316503,Lake
"Lake Nettie",45.29782727669484,-83.99380169337053,Lake
"Upper Barnhart Lake",45.32101527294868,-84.01979209414816,Lake
"Lower Barnhart Lake",45.318422234774516,-84.01376937999349,Lake
"Lake Sixteen",45.50301358666505,-84.20330372005384,Lake
"Lake May",45.256950795995024,-83.94865598612427,Lake
"Ess Lake",45.11277028350346,-83.98158631527293,Lake
"Avalon Lake",45.10260764324349,-83.95637039824483,Lake
"Lake Emma",45.25548910982776,-83.98722036964979,Lake
"Horseshoe Lake",45.12014950929662,-83.9624888697386,Lake
"Long Lake",45.20606405466299,-83.48112136830906,Lake
"Duck Lake",45.21508411576238,-83.63941644961308,Lake
"Sunken Lake",45.210505310743336,-83.71805855369162,Lake
"Lake Winyah",45.10894764475082,-83.55667373010961,Lake
"Lost Lake",45.29337279946116,-83.9656224883619,Lake
"Lake Louise",45.285410362335796,-83.97526280011316,Lake
"Drum Lake",45.272321020954145,-83.98199036051079,Lake
"Lake Ella",45.272155699884586,-83.93868422486513,Lake
"Long Lake",45.53315884283,-84.40119546364973,Lake
"Twin Lakes",45.53976403232686,-84.29243609783776,Lake
"Lake Sixteen",45.59417525186521,-84.3248934468899,Lake