name,lat,lng,category
"Loma Alta Lake",25.98901769567953,-97.42384274711503,Lake
"Little Henry Lake",25.20012773290292,-80.76572267205123,Lake
"The Everglades",25.3586880719709,-81.08380979446203,Lake
"Mud Lake",25.181316862412444,-80.93644082642335,Lake
"Tarpon Creek",25.19681880492592,-80.91778154230411,Lake
"Seven Palm Lake",25.189942547382085,-80.72773165602308,Lake
"West Lake",25.20904056904245,-80.82713202298983,Lake
"Henry Lake",25.19431979937812,-80.75870726824385,Lake
"Ferguson Bay",25.88192456225343,-81.40760893399865,Lake
"Lake Placid",25.857643436920082,-81.38044591429954,Lake
"The Everglades",25.36792888037709,-81.09174511193018,Lake
"The Everglades",25.39946157191564,-81.07115715587801,Lake
"Taylor Slough",25.30568163822143,-80.64356466810753,Lake
"Skillet Strand",25.881562900854046,-81.17491417325577,Lake
"The Everglades",25.374301512197025,-81.07560226009626,Lake
"The Everglades",25.37322205833183,-81.10041402894716,Lake
"Cabbage Bay",25.607203005800596,-81.08919088504278,Lake
"The Everglades",25.989507562358988,-80.84463802958324,Lake
"The Everglades",25.8619942990194,-80.55243492469239,Lake
"The Everglades",25.182941555807968,-80.74383455589052,Lake
"Middle Lake",25.179317075803205,-80.73041788533808,Lake
"Monroe Lake",25.177896076164807,-80.7458048605269,Lake
"The Lungs",25.17444204885216,-80.7691690853622,Lake
"Cuthbert Lake",25.209268155312138,-80.77470869234693,Lake
"Long Lake",25.19334506749605,-80.78667871724105,Lake
"The Pocket",25.887278677475493,-80.5870108153585,Lake
"The Everglades",25.383743296310872,-80.56981723475732,Lake
"Mud Bay",25.267776550802203,-81.00114030537527,Lake
"Oyster Bay",25.316726632358666,-81.08763990437463,Lake
"The Everglades",25.32026187016103,-80.94828895775663,Lake
"The Everglades",25.31053328103785,-80.9626630544014,Lake
"The Everglades",25.266470223154013,-80.92082955300947,Lake
"East Fox Lake",25.183122838486366,-81.00341099802861,Lake
"The Everglades",25.25409650096598,-80.89263581720547,Lake
"The Everglades",25.288548735251755,-80.94732993684212,Lake
"The Everglades",25.319386333332897,-80.96011574855697,Lake
"The Cutoff",25.252898845430153,-80.87184402402602,Lake
"The Everglades",25.32201614633427,-80.93850494995112,Lake
"Raulerson Prairie",25.162838052691992,-81.05752522929305,Lake
"The Everglades",25.180149755616604,-80.61721052922938,Lake
"The Everglades",25.223917308034956,-81.09096989013959,Lake
"Bear Lake",25.168554035460946,-80.96766312121188,Lake
"The Everglades",25.26967716631053,-80.8999599762187,Lake
"Gator Lake",25.169856863355374,-81.02002122830044,Lake
"Middle Fox Lake",25.189203476983725,-81.01427819684267,Lake
"Lake Ingraham",25.166900005512503,-81.12919172497172,Lake
"Little Fox Lake",25.198025508345772,-81.02563825668094,Lake
"The Everglades",25.216067079813904,-81.1565871712982,Lake
"Cattail Lakes",25.19434071803248,-81.07721376034802,Lake
"The Everglades",25.30512236281501,-80.9317511954364,Lake
"The Everglades",25.330830527385807,-80.95020459544637,Lake
"The Everglades",25.430319981529482,-80.94815705511957,Lake
"The Everglades",25.340219802721382,-81.04412601945425,Lake
"The Everglades",25.366588029494515,-81.0340336158885,Lake
"The Everglades",25.367221465753165,-81.02377043060092,Lake
"The Everglades",25.33991942292475,-81.03288193269529,Lake
"The Everglades",25.342251380585427,-81.0256217596977,Lake
"The Everglades",25.352228602327273,-81.03413311763933,Lake
"Maule Lake",25.932180802046744,-80.14464802384252,Lake
"Crocodile Lake",25.2832570686598,-80.30731491909896,Lake
"Silver Blue Lake",25.87267091766448,-80.22185145107511,Lake
"Lake Karen",25.91520869907922,-80.28792517714275,Lake
"The Everglades",25.943913738367602,-80.44977003137758,Lake
"Blue Lagoon",25.782452868856407,-80.27829017524682,Lake
"Desoto Lakes",25.977923154069284,-80.17071034358831,Lake
"Lake Catalina",25.720452103067537,-80.32988537989692,Lake
"Lake Surprise",25.18123239521162,-80.37693634894698,Lake
"Lake Simmons",25.191857994364497,-80.3683615706062,Lake
"Lake Ruth",25.918878068538465,-80.30111519639432,Lake
"Lake Mahar",25.775945699211707,-80.30555435485643,Lake
"Little Lake Maule",25.941614576282603,-80.14133581248261,Lake
"Lago Minore",25.691871729185344,-80.25878336932405,Lake
"The Everglades",25.76453568401971,-80.49166199368739,Lake
"The Everglades",26.011881185081233,-80.46538717372508,Lake
"Vadia Ancha",26.05978247092619,-97.25229165073674,Lake
"Resaca de las Antonias",26.09269032111775,-97.44947615419728,Lake
"San Martin Lake",26.010663069891848,-97.31979934658472,Lake
"Dana-Tule Reservoir 2",26.048216724233654,-97.46363368226885,Lake
"Laguna Larga",26.073413415934994,-97.28607395006797,Lake
"Reservoir Number Seven",26.240939113297014,-97.49407571313759,Lake
"Laguna de los Patos",26.183427932339644,-97.30057255966523,Lake
"Cameron Company Fwsd Reservoir 1",26.120717436370825,-97.31857506961721,Lake
"Cross Lake",26.167465517755616,-97.48544874960882,Lake
"Laguna Atascosa",26.236960463049403,-97.39778143812406,Lake
"Mercer Reservoir 1",26.17867355635839,-97.44635030068254,Lake
"El Tular",26.09624806177659,-97.3144182064563,Lake
"Cain Reservoir 1",26.183252436060247,-97.37090004979267,Lake
"Between the Grades Lake",26.895308100903325,-81.90144391372972,Lake
"Boggess Hole",26.817234594654273,-82.22077477384727,Lake
"Corkscrew Swamp",26.455432481279995,-81.50010071345444,Lake
"Winchester Head",26.297832542842947,-81.53763352222876,Lake
"Telegraph Swamp",26.782889049182725,-81.66045248824013,Lake
"Winchester Head",26.30545973941253,-81.53895000298765,Lake
"Ladyfinger Lake",26.457485539623494,-82.06122841371891,Lake
"Fussel Slough",26.537863197043826,-81.52244966053398,Lake
"Lake Trafford",26.426574314315115,-81.4898809673294,Lake
"Fussel Slough",26.518119250028832,-81.51621372162977,Lake
"Hickey Creek Swamp",26.707422308220796,-81.69517389911991,Lake
"Winchester Head",26.301792213617443,-81.53647352576782,Lake
"Shaggy Cypress Swamp",26.309852947482344,-81.50017686627584,Lake
"Ladle Lake",26.91010017834071,-81.95404928444735,Lake
"Bullhead Strand",26.798089935983114,-81.63571969142227,Lake
"Sanibel Bayou",26.459720061430847,-82.11375171788944,Lake
"Hardworking Bayou",26.47516053421227,-82.13896339939491,Lake
"Dinken Bayou",26.479968020252784,-82.17238726079519,Lake
"Stumpy Strand",26.190612467272327,-81.48487965941746,Lake
"Horseshoe Marsh",26.366143455965172,-81.62035283141986,Lake
"Bird Rookery Swamp",26.318083593837034,-81.60526729738856,Lake
"Poggie Strand",26.37526139238683,-81.54704999411113,Lake
"Little Cypress Swamp",26.49561468981068,-80.96360067099594,Lake
"Dark Strand",26.222411582999616,-81.06358989185959,Lake
"The Everglades",26.245040910568765,-80.52241228707818,Lake
"Graham Marsh",26.55225413040679,-81.20358425602939,Lake
"The Everglades",26.335156414384684,-80.39744689751396,Lake
"Lake Hicpochee",26.795790288485286,-81.13770777245568,Lake
"Little Lard Can Slough",26.28490944742433,-81.05397989096386,Lake
"Rice Straw Strand",26.33117491398618,-81.386619657274,Lake
"Lard Can Slough",26.346892062052504,-81.09946312167726,Lake
"The Everglades",26.167233043644863,-80.78516879657148,Lake
"Lake Hicpochee",26.793360882833042,-81.12635903539855,Lake
"The Everglades",26.3980480164891,-80.84432956046454,Lake
"The Everglades",26.229509387387868,-80.77890368987642,Lake
"Cow Slough",26.5209144305484,-81.45721464249534,Lake
"The Everglades",26.35801747025217,-80.70319018009883,Lake
"Cowbone Marsh",26.957635420135624,-81.21063321756763,Lake
"Summerland Swamp",26.337301019742913,-81.3557631401856,Lake
"Kissimmee Billy Strand",26.27274290312278,-81.09468333907985,Lake
"Corkscrew Swamp",26.341775988442052,-81.47454565390593,Lake
"Goddens Strand",26.247788754466292,-80.91821853930679,Lake
"Shaggy Cypress Swamp",26.31309249818425,-81.4866081918616,Lake
"Hooper Slough",26.595073353619867,-81.32103529943464,Lake
"The Everglades",26.17020571313113,-80.80999076218613,Lake
"The Everglades",26.163847137379207,-80.86728801874486,Lake
"Gator Slough",26.527067289666935,-81.48934684269608,Lake
"Moonshine Bay",26.901583107510703,-80.99726003516955,Lake
"The Everglades",26.12859338835812,-80.55799866012967,Lake
"Cow Bell Strand",26.243209824561035,-81.00160719673332,Lake
"Lake Okeechobee",26.925609462793993,-80.87435084454799,Lake
"The Everglades",26.04703130281376,-80.48861654667228,Lake
"Linden Pens Marsh",26.8583282173901,-81.31090796051087,Lake
"Gum Swamp",26.335572282646133,-81.18641118252518,Lake
"Fisheating Bay",26.974450131316814,-81.08497031325153,Lake
"Sixmile Marsh",27.000416538041055,-81.15887230817567,Lake
"Coot Bay",26.758187182764154,-80.89777601830026,Lake
"Grassy Marsh",26.704377746624715,-81.2062052599566,Lake
"Bamboo Strand",26.126223963499193,-81.03700367764387,Lake
"Miles City Prairie",26.149949162101635,-81.33064794526574,Lake
"Miles City Prairie",26.127196655721523,-81.34841631568241,Lake
"Baucom Cypress Strand",26.37675847247068,-81.44826251355586,Lake
"Camp Keais Strand",26.277785068163094,-81.47274814004405,Lake
"Camp Keais Strand",26.310509539310722,-81.46521942700859,Lake
"Wilson Cypress",26.198330134621035,-81.01780637078224,Lake
"Lucky Lake",26.160756801017705,-81.48779518945425,Lake
"Devils Garden Slough",26.52781492775958,-81.10616537220635,Lake
"Tony Strand",26.366360070534355,-81.1527556863357,Lake
"Boggy Slough",26.402247866016662,-81.14475411227274,Lake
"Hog Cypress",26.638897815516867,-81.02469760984458,Lake
"Fisheating Bay",26.958822605926798,-81.09363250486417,Lake
"Fisheating Bay",26.970764057871847,-81.0938314263043,Lake
"Moonshine Bay",26.930727470832203,-81.06906227877883,Lake
"Lake Ida",26.482306911826974,-80.08132487462433,Lake
"Lake Worth Creek",26.90812582861505,-80.08689102874987,Lake
"Lake Wyman",26.36968045494161,-80.07324020843579,Lake
"The Everglades",26.05991994827247,-80.45336782979203,Lake
"Lake Osborne",26.59295557249759,-80.07999785214999,Lake
"The Everglades",26.173164250181753,-80.4085188533948,Lake
"South Lake",26.00811664731216,-80.12409430830684,Lake
"Lake Worth",26.67854254502276,-80.04629203251011,Lake
"The Everglades",26.06508555809296,-80.4545094379965,Lake
"Lake Clarke",26.644132077159366,-80.07373527577046,Lake
"West Lake",26.034957009672073,-80.12337065082438,Lake
"The Everglades",26.515646178086865,-80.35379113984443,Lake
"North Lake",26.016147153202564,-80.12522876575227,Lake
"Sailboat Lake",26.27757341467124,-80.14434648766503,Lake
"Lake Rogers",26.38311918142857,-80.07288906962043,Lake
"Lake Mangonia",26.737746765575547,-80.07681283409927,Lake
"Lake Boca Raton",26.344609073677596,-80.07419431951429,Lake
"The Everglades",26.12149431241948,-80.44143530359295,Lake
"Lake Little Worth",26.849554804561812,-80.05556721548068,Lake
"Clear Lake",26.713923357681,-80.07009155437548,Lake
"The Everglades",26.099069214974822,-80.45457932447208,Lake
"Fresh Water Lake",27.95969375679183,-97.17982985011702,Lake
"Sunset Lake",27.861601515166956,-97.3417002922446,Lake
"Laguna Larga",27.52319175583492,-97.39792915117229,Lake
"Barney M Davis Reservoir",27.622631373884698,-97.33756469896538,Lake
"Tailing Ponds Number 2",27.99248576553063,-97.20654935183966,Lake
"Reynolds Metal Company Reservoir",27.89599940980953,-97.27345180553242,Lake
"Parra Lake",27.42923476109206,-97.45124419128035,Lake
"Heron Lagoon",27.236253276222815,-82.52549585059981,Lake
"Taylor Lake",27.90595319371251,-82.80392322055569,Lake
"Lake Seminole",27.859828783019346,-82.77922834123032,Lake
"Lake Maggiore",27.736656345736375,-82.65296920864434,Lake
"Warner West Bayou",27.50641863046319,-82.62527895170172,Lake
"Walsingham Reservoir",27.87190661542878,-82.81244003476253,Lake
"Alligator Lake",27.98120680307075,-82.69875921325522,Lake
"Lake Weeks",27.989679911510105,-82.26839371304743,Lake
"Lake Dexter",27.990614375083194,-81.68042128299885,Lake
"Lake Hooker",27.98015086263612,-82.26353426178498,Lake
"Lower Myakka Lake",27.22054662953608,-82.32561491795165,Lake
"Crooked Lake",27.813585827924314,-81.56563878652136,Lake
"Lake McLeod",27.967155060677246,-81.7525375581711,Lake
"Lake Pembroke",27.85601976476265,-81.66749890414593,Lake
"Grassy Lake",27.9893760138084,-81.77811501063836,Lake
"Reedy Lake",27.743812219699564,-81.50012853444622,Lake
"Roxy Pond",27.30364231977559,-82.1224641878632,Lake
"Lake Hart",27.952559733122254,-81.67199591694711,Lake
"Lake Annie",27.994628911810373,-81.60538840201369,Lake
"Trout Lake",27.6473820603677,-81.50711822122875,Lake
"Dog Pond",27.302950490072483,-82.09346865002095,Lake
"Lake Hancock",27.9725262336746,-81.84088852192467,Lake
"Lake Damon",27.633945223332013,-81.50929615423311,Lake
"Lake Olivia",27.632560557946704,-81.54816889942876,Lake
"Lake Bess",27.96782923470088,-81.65288526730764,Lake
"Lake Moody",27.7817113698842,-81.53090566372055,Lake
"South Lake Gordon",27.84612536346483,-81.62229018413632,Lake
"Lake Gordon",27.856440157913465,-81.62762321885297,Lake
"Long Lake",27.861163620307256,-81.70622679275654,Lake
"Long Pond",27.27259962959463,-82.09464399022913,Lake
"Lake Anoka",27.580367823044142,-81.5125969262965,Lake
"Ward Lake",27.43314282975375,-82.48280406626532,Lake
"Jerry Pond",27.84626283905915,-82.29930188217644,Lake
"Blue Lake",27.85285603540991,-81.57838301173746,Lake
"Lake Winterset",27.97210649437052,-81.68322010610095,Lake
"Banana Lake",27.982004121012693,-81.9009560226899,Lake
"Duck Pond",27.386551397098746,-81.98191100288682,Lake
"Lake Ashton",27.9484134633811,-81.65004068471232,Lake
"Lake Byrd",27.621268596549523,-81.5174721231941,Lake
"Vanderipe Slough",27.23984055929244,-82.31759611536597,Lake
"Jim Long Lake",27.022685312984994,-81.97688561355433,Lake
"Ned Lake",27.996595746868138,-81.66930296213015,Lake
"Lake Ida",27.762001647564947,-81.52143660760734,Lake
"Lake Henry",27.77770512429686,-81.71539906607651,Lake
"Lake Shipp",28.002639028880974,-81.74155664156356,Lake
"Perch Lake",27.862328424758633,-81.71587787831413,Lake
"Lake Ruby",27.97065994529093,-81.66130936580744,Lake
"Long Pond",27.96739746935794,-82.26515184340813,Lake
"Long Point Marsh",27.270586286695227,-81.60172957896107,Lake
"Split Lake",27.176427122401986,-81.62300293666571,Lake
"Mango Lake",27.967353751145893,-82.30208446161521,Lake
"Lake Glenada",27.56406011777307,-81.5058636965223,Lake
"Gator Lake",27.84164850189381,-81.6861199490823,Lake
"Lake John",28.001333151247497,-81.9401620168839,Lake
"Lake Belle",27.882473413742584,-81.58676367775848,Lake
"Gum Swamp",27.4524691450275,-82.19539303229102,Lake
"Lake Streety",27.680620046522584,-81.57092038721599,Lake
"Lake Daisy",27.996337733270025,-81.65901369723521,Lake
"Oak Creek Marsh",27.331939909010565,-81.59472548812454,Lake
"Eagle Lake",27.990264838833635,-81.76575987988048,Lake
"Valrico Lake",27.95471966397294,-82.25942410144351,Lake
"Tiger Bay",27.185262942445664,-81.68810872349552,Lake
"Lake Eloise",27.982197602132082,-81.70080195192499,Lake
"Pabor Lake",27.64761682894124,-81.51909361947418,Lake
"Spirit Lake",27.99845584752283,-81.77986270680697,Lake
"Lake Lelia",27.573417005268166,-81.50486718538478,Lake
"Lake Parker",27.913337437661742,-81.63736907025718,Lake
"Mountain Lodge Lake",27.928435713137457,-81.61088048124678,Lake
"Little Sawgrass",27.61403043383558,-82.38797923599441,Lake
"Little Crooked Lake",27.769684355108655,-81.57952313212596,Lake
"Southwest Lake Gordon",27.847961758677126,-81.63148341073803,Lake
"Scott Lake",27.965396010540545,-81.94040499986151,Lake
"Twin Lakes",27.856646650177975,-81.67767420248269,Lake
"Surveyors Lake",27.834154565609946,-81.69317847909865,Lake
"Lake Gross",27.963095512294,-81.69240487494329,Lake
"Coker Prairie",27.43500467940423,-82.19959090293281,Lake
"Tatum Sawgrass",27.31755978269959,-82.23714366020073,Lake
"Reaphook Swamp",27.55219277585323,-81.86232782312406,Lake
"Lake Wales",27.900973625162916,-81.57267889098291,Lake
"Lake Leonore",27.796180634758024,-81.51230417592974,Lake
"Lake Adelaide",27.640568934134574,-81.53226509770325,Lake
"Millsite Lake",27.96920491664581,-81.77564600221639,Lake
"Hookers Prairie",27.764739407129678,-81.90226828509313,Lake
"Adeline Bay",27.426405742160593,-81.69612657214434,Lake
"Lake Easy",27.85883798812128,-81.56070955670403,Lake
"Lake Roy",28.00188326213146,-81.70717479806218,Lake
"Sheep Pen Marsh",27.136797801460297,-81.7276628454134,Lake
"Lake Manatee",27.48692375970971,-82.32549746072942,Lake
"Lake Walker",27.85398949241298,-81.71745299483271,Lake
"Lake Summit",27.99850980785386,-81.69451829479748,Lake
"Star Lake",27.876527425254906,-81.71802462840722,Lake
"Lake Wimauma",27.709494631267827,-82.31124799101772,Lake
"Lake Ann",27.894587456729337,-81.76433948075166,Lake
"Lake Garfield",27.89880134178314,-81.7321010303711,Lake
"Rattlesnake Lake",27.946365110235913,-81.66646369357368,Lake
"Mountain Lake",27.932333434569543,-81.5856060672891,Lake
"Messer Sawgrass",27.233828074847228,-82.12995788326586,Lake
"Mud Lake",27.98907586505217,-82.1479767786802,Lake
"Sour Orange Lake",27.125057168949468,-81.6532944629877,Lake
"Hickory Lake",27.700569509865648,-81.53963439191564,Lake
"Christy Lake",27.432945846386676,-81.50077832011247,Lake
"Lake Pythias",27.63722510860147,-81.49597651036639,Lake
"Little Banana Lake",27.975651897858985,-81.9144128774795,Lake
"Lake Mabel",27.970633093256957,-81.58843514195688,Lake
"Lake Buffum",27.79686584407523,-81.6660454577717,Lake
"Lizzie Lake",27.817467584115352,-81.67033584086057,Lake
"Lake Florence",28.002977467947996,-81.68649570278954,Lake
"Lake Clinch",27.74556974667085,-81.54939610491223,Lake
"Lake Tulane",27.586148438927044,-81.50360333055438,Lake
"Lake Fox",27.985766291485515,-81.6560672788725,Lake
"Lake Livingston",27.68646719752994,-81.52009561789309,Lake
"Silver Lake",27.724545494271926,-81.53691896354238,Lake
"Lake Brentwood",27.622123254172227,-81.51104610497485,Lake
"Lake Isis",27.612424665721203,-81.51044680535954,Lake
"Lake Gwyn",27.956598096808516,-81.71874170081269,Lake
"Horse Creek Prairie",27.429882562753143,-81.992292867204,Lake
"Bellows Lake",27.990303564021072,-82.37971070600084,Lake
"Hog Town Slough",27.423303658742014,-82.11409168469224,Lake
"Lake Effie",27.908919501066194,-81.60570003522443,Lake
"Lake Pierce",27.98964925533533,-81.5274272962243,Lake
"Lake Lulu",27.99680944048744,-81.72247411663554,Lake
"Sand Lake",27.855369667581172,-81.7716816852359,Lake
"Knight Lake",27.146820679268522,-82.39748664858284,Lake
"Lake Starr",27.95669978598929,-81.58795511211974,Lake
"Twomile Lake",27.74293679928778,-81.75589042053646,Lake
"Hookers Prairie",27.742199346118163,-81.89730189191059,Lake
"Williams Swamp",27.948942806249125,-82.20765201413073,Lake
"Hurrah Bay",27.75812770288523,-82.20615129914351,Lake
"Lake Myakka",27.2741395545434,-82.28738623595525,Lake
"Long Island Marsh",27.027573083823867,-81.6183586150005,Lake
"Lake Jackson",27.48917347089849,-81.46357470622833,Lake
"Tiger Creek",27.928167174941795,-81.36146764731622,Lake
"Dead Pine Island Marsh",27.598343976361573,-81.05457248435665,Lake
"Basket Lake",27.528569566603064,-81.4432912244437,Lake
"Lake Weohyakapka",27.816872596172786,-81.4152660658002,Lake
"Little Gumhead Marsh",27.615359442782523,-80.93721664971721,Lake
"Frank Taucher Reservoir",27.393548087427487,-81.38557903292889,Lake
"Little Bonnet Lake",27.560328648355195,-81.47575296683651,Lake
"Eagle Pond",27.899079263727913,-81.06463057722085,Lake
"Underhill Sawgrass Pond",27.44111164600035,-81.08775943159316,Lake
"Lake Henry",27.322163245528074,-81.38328527320294,Lake
"Mirror Lake",27.27608666103874,-81.36001672015287,Lake
"Courthouse Pond",27.886996470061693,-81.04835743723157,Lake
"Clay Hole Pond",27.90974123149485,-81.07462568730953,Lake
"Lake Crews",27.29698862689099,-81.43678781041915,Lake
"Dinner Lake",27.515951536058115,-81.44289299559786,Lake
"Grassy Lake",27.253089634078,-81.33271631522982,Lake
"Lake Francis",27.338481761460777,-81.40405610680179,Lake
"Pioneer Lake",27.623016775358582,-81.49417684890669,Lake
"Long Cypress Slash",27.575852560739726,-81.27582543343114,Lake
"Blue Cypress Lake",27.7299363947539,-80.7588016661238,Lake
"Lake Hill",27.349858045582298,-81.43907577322184,Lake
"Lake Arbuckle",27.694641911704124,-81.39775212199356,Lake
"Lake Viola",27.613159313557002,-81.49558990637078,Lake
"Red Water Lake",27.345435252934653,-81.3933471804767,Lake
"Tiger Lake",27.8986282413043,-81.36011694215068,Lake
"Red Beach Lake",27.43395594717613,-81.40273192318949,Lake
"Cowbone Creek",27.46845799410616,-80.72214998741993,Lake
"Lake Denton",27.55603053552721,-81.48938208360127,Lake
"Island Pond",27.98545822504795,-81.08034883858056,Lake
"Bonny Bloom Pond",27.510780182585503,-81.2945304629512,Lake
"Otter Slough",27.85430136216641,-81.31181083363687,Lake
"Lake Angelo",27.586086933930684,-81.46525778777699,Lake
"Little Red Water Lake",27.540793341084335,-81.47204993868681,Lake
"Lake Letta",27.561605955613555,-81.46117264475618,Lake
"Bill Bay",27.617462421811155,-81.23183813823083,Lake
"Parker Bay",27.50038937566743,-80.7834504386901,Lake
"Lake McCoy",27.284496795362696,-81.35376363432216,Lake
"Lake Placid",27.244805057006833,-81.36415329127493,Lake
"Lake Isabell",27.650516140312114,-81.47674417591958,Lake
"Center Lake Nellie",27.3525118987195,-81.37848293895787,Lake
"Barley Barber Swamp",27.045256971107936,-80.59605051700899,Lake
"Wolf Lake",27.421626772988528,-81.47354542191842,Lake
"Lake Apthorp",27.345004172551317,-81.36441711781903,Lake
"Lake Carrie",27.338709076596768,-81.4281642956629,Lake
"Lake Kissimmee",27.892006430605726,-81.24610106111408,Lake
"Blue Jordan Swamp",27.730575651991796,-81.40115139325924,Lake
"Company Slough",27.537972101152977,-80.97363936088213,Lake
"Lake Annie",27.207051543166234,-81.35088436631588,Lake
"Lake Aurora",27.87958320686837,-81.46543868903984,Lake
"Grassy Pond",27.568484700545113,-81.41737440077763,Lake
"Lake Lotela",27.577326707319514,-81.48759609121433,Lake
"Thomas Lake",27.904358694919996,-81.47406359163308,Lake
"Pole Cypress Ponds",27.914915698265126,-81.11853448037705,Lake
"Lake Pearl",27.283683090293028,-81.36153123089669,Lake
"Lake June in Winter",27.307664147085717,-81.39362287855587,Lake
"Lake Huntley",27.28714179373224,-81.341182686884,Lake
"Wolf Sawgrass Pond",27.515859031372436,-81.08304505197742,Lake
"Saddlebag Lake",27.895360932331062,-81.46905758628391,Lake
"Bonnet Lake",27.543402542344015,-81.44311608761137,Lake
"Cobb Marsh",28.015606215039345,-81.34609167170218,Lake
"Lake Marian",27.873932306905832,-81.07225531449863,Lake
"Otter Pond",27.896116897506246,-81.03606790244525,Lake
"Lake Sirena",27.285269205774146,-81.36944650353095,Lake
"Lake Rosalie",27.93341394387817,-81.40762095412003,Lake
"Ox Pond",27.995829947871403,-81.10924663408778,Lake
"Lake Charlotte",27.43395511327779,-81.4507790271364,Lake
"Lake Clay",27.30977680259951,-81.34943887723512,Lake
"Joe Gore Slough",27.48450052790075,-80.79838171589978,Lake
"Big Gum Lake",27.92784622016199,-81.49139922425401,Lake
"Parks Lake",27.915198054969995,-81.46789195603198,Lake
"Shin Hammock Marsh",27.56502993336953,-80.94359173188185,Lake
"Johnson Bay",28.00981914626012,-81.0707933841489,Lake
"Lake Hatchineha",28.024274357871228,-81.39513166489022,Lake
"Lake Josephine",27.39699664056304,-81.43737109235947,Lake
"Long Cypress Slash",27.251481775557096,-81.00147418970761,Lake
"Huckleberry Lake",27.452426092446206,-81.4633022308411,Lake
"Arnold Pond",27.906124297165817,-81.02950035394117,Lake
"Jernigans Pond",27.381360920832556,-80.73219511999055,Lake
"Lake Ruth",27.42930484830936,-81.45829635732825,Lake
"Lake Istokpoga",27.3723874842179,-81.2890056498722,Lake
"Dinner Bay",27.47245575926559,-81.21152119131189,Lake
"Cypress Lake",27.914404402694093,-81.48106468139181,Lake
"Lake Sebring",27.529023282034718,-81.4845092787212,Lake
"Lake Jackson",27.9118548374319,-81.16204285409106,Lake
"Gator Slough",27.03170456498542,-81.21890204066916,Lake
"Clay Slough",27.005884697562028,-81.46924854586959,Lake
"Yates Marsh",27.300363533490525,-80.94136748335264,Lake
"Chancy Bay",27.084234153432465,-80.65368028595086,Lake
"Arch Island Bay",27.530684686875983,-80.78611917978999,Lake
"Sawgrass Bay",27.556617688308958,-80.78817341045686,Lake
"Devils Elbow Swamp",27.972577625000767,-81.05087651251301,Lake
"Saint Johns Marsh",28.03989623304847,-80.78714382888329,Lake
"Eagle Bay",27.19255228765399,-80.84018026183084,Lake
"Peat Marsh",27.534334734511692,-80.95278193930132,Lake
"Pitman Bay",27.327450213837064,-81.11303641644069,Lake
"Cypress Creek",27.305877005748197,-80.63606095615913,Lake
"Peck Lake",27.1199297291689,-80.146928454899,Lake
"The Savannahs",27.3470546003718,-80.28761357628868,Lake
"Cane Slough",27.136135927344416,-80.37859698550152,Lake
"Great Pocket",27.147813981127236,-80.16612535792565,Lake
"Manatee Pocket",27.154790854905478,-80.19469627696677,Lake
"Hole in the Wall",27.161889815566823,-80.16400676730804,Lake
"Cane Slough",27.152174866314816,-80.3888553761483,Lake
"Zapata Lake",28.330782472700147,-97.0810964465037,Lake
"Willow Lake",28.425614558369297,-97.2723930150761,Lake
"Lott Lake",28.583371826550604,-97.18636596532143,Lake
"Operating Basin Number 31",28.518841278165795,-96.77460594471437,Lake
"Long Lake",28.424085286848932,-96.79100755025554,Lake
"Big Lake",28.12271909350693,-97.36682066453601,Lake
"Alligator Slide Lake",28.48785916348302,-96.82311245372243,Lake
"Vinson Slough",28.075577768697944,-96.88299399760797,Lake
"Bundick Lake",28.496664852207783,-97.32552018651184,Lake
"Gibson Lake",28.563340594977202,-97.17207281675222,Lake
"Buffalo Lake",28.502147929717346,-96.82234815442172,Lake
"Horseshoe Lake",28.627581982226943,-97.26725700347832,Lake
"Linn Lake",28.621092192127662,-96.97941837906693,Lake
"Shell Reef Bayou",28.18041951597739,-96.7598422518664,Lake
"South Saint Nicholas Lake",28.45602204532093,-97.21742675080111,Lake
"Redfish Lake",28.786160163244112,-96.56616538137324,Lake
"Venado Lakes",28.742619899592537,-96.60912443207361,Lake
"Big Bayou",28.414803843543556,-96.78752286889365,Lake
"Dredge Spoil Lake",28.655387565909606,-96.52673304010439,Lake
"Green Lake",28.52583445559853,-96.8421503708514,Lake
"Old Town Lake",28.553837986003312,-96.53469954072516,Lake
"Coleto Creek Cooling Pond",28.747333262004165,-97.1883600815088,Lake
"Operating Basin Number 1",28.501436932018382,-96.77134835356927,Lake
"Mustang Slough",28.227367150971165,-96.82138173062295,Lake
"Fennessey Flat",28.214805647960993,-97.26331556465392,Lake
"Mud Lake Number 4",28.665644801389853,-96.54246872450223,Lake
"Hackberry Lake",28.536493668410678,-97.32086662413539,Lake
"Menefee Lake Number Two",28.810789773179053,-96.606488824532,Lake
"McGuill Lake",28.242305358295425,-97.26003068018011,Lake
"Big Brundrett Lake",28.17230581511381,-96.78702417001126,Lake
"Twin Mott Lake",28.36148617856749,-97.06057183512175,Lake
"Menefee Flat",28.8164822487526,-96.59040387808295,Lake
"Swan Lake",28.735180958467474,-96.56618117112168,Lake
"Goff Bayou",28.50807897450062,-96.81239545892723,Lake
"Raw Water Lake",28.660078824206877,-96.54502670364795,Lake
"Burgentine Lake",28.277138132117802,-96.9009402409622,Lake
"North Saint Nicholas Lake",28.464933155839887,-97.21375875582137,Lake
"Lake Texana",28.98807383450632,-96.53772150490967,Lake
"Long Lake",28.20842127376854,-96.84220146708383,Lake
"Menefee Lake Number One",28.805390232168765,-96.59914917372176,Lake
"Saxet Lakes",28.775543381454813,-97.03741189842604,Lake
"Pridham Lake",28.750611740062084,-97.02689520569601,Lake
"Big Devil Bayou",28.213367454384656,-96.92219503892119,Lake
"Mission Lake",28.163848843475,-97.18961668852965,Lake
"Jones Bayou",28.55805547304311,-96.8641455852413,Lake
"Swan Lake",28.412419843745703,-96.79567628004793,Lake
"Blind Bayou",28.525260755427336,-96.50979882176821,Lake
"Live Oak Lake",28.57494620932109,-97.28310620792351,Lake
"Operating Basin Number 5",28.509024426133823,-96.76322855640889,Lake
"Fresh Water Lake",28.026331015060272,-97.19025873348843,Lake
"Coxs Creek Reservoir",28.689989446221475,-96.52986808790719,Lake
"Cowtrap Lake",28.8548636576464,-95.52872792526789,Lake
"Donaldson Lake",28.753565012523964,-95.96956714477442,Lake
"McNab Lake",28.718204337629814,-95.9259835776494,Lake
"Horseshoe Lake",28.779919566657636,-95.66425541611865,Lake
"Cooling Water Reservoir",28.769477004311746,-96.04808225673965,Lake
"Williams Lake",28.915918825531236,-95.69977111948948,Lake
"Lake Austin",28.79889106264395,-95.7973269962987,Lake
"Robbins Slough",28.684414005307705,-96.04429014634997,Lake
"Dead Caney Lake",28.777161960028877,-95.63040580409984,Lake
"Cedar Lakes",28.843785261965166,-95.49064774033045,Lake
"Mine Lake",28.73491709681414,-95.89649053454549,Lake
"Lake Kilbride",28.753453064543148,-95.81552797992666,Lake
"Pelton Lake",28.753025208364377,-95.79102226000559,Lake
"Boggy Lake",28.748210466098694,-95.8338696325577,Lake
"Robbins Lake",28.68241315939435,-96.01822377087434,Lake
"Mad Island Lake",28.637582722438573,-96.11448297785353,Lake
"Crab Lake",28.66970733290041,-96.04857567285266,Lake
"Swan Lake",28.967124384786796,-95.27640035992262,Lake
"East Union Bayou",28.968550192417133,-95.32574472506705,Lake
"Horseshoe Lake",28.981973109414405,-95.32278093772466,Lake
"Bryan Lake",28.919506859178426,-95.35371516158122,Lake
"McNeal Lake",28.895963066607322,-95.4612502235008,Lake
"Slop Bowl",29.014076176590475,-95.25869049772622,Lake
"Fresh Water Lake",28.98922310182069,-95.27943053621915,Lake
"Pelican Lake",28.886451684466635,-95.4564730200039,Lake
"Old Reservoir",28.914177793373522,-95.36754379640564,Lake
"Lake Conley",28.189053229067834,-82.75821259615597,Lake
"Lake Calm",28.142817746008323,-82.58191661047192,Lake
"Lake Hiawatha",28.169255245795622,-82.57460743214239,Lake
"Grear Hope Pond",28.53111878878019,-82.57284130061386,Lake
"Lake Ann",28.17780276258275,-82.58187389476262,Lake
"Kings Bay",28.886838073758742,-82.59942271631576,Lake
"Salt Lake",28.163437986037536,-82.7290500251937,Lake
"Lake LeClare",28.109677580314372,-82.53925094731757,Lake
"Pretty Lake",28.107644243753132,-82.56774541276705,Lake
"Osceola Lake",28.171560026297442,-82.58704483632464,Lake
"The Sawgrasses",28.181444141757883,-82.75113534740132,Lake
"White Trout Lake",28.038953470431974,-82.49701025901975,Lake
"Weekiwachee Prairie Lake",28.47742291625493,-82.57250408764742,Lake
"Lake Taylor",28.13720505785939,-82.6119641806907,Lake
"Moon Lake",28.28506571049478,-82.61110317106015,Lake
"Weeki Wachee Swamp",28.499903893328725,-82.62544214987933,Lake
"Keystone Lake",28.132053179684256,-82.58925775314623,Lake
"Bear Creek",28.319282735394033,-82.64211773959349,Lake
"Whitehurst Pond",28.571146485302034,-82.52656871742951,Lake
"Crescent Lake",28.15768350974274,-82.59218306035595,Lake
"Turkey Ford Lake",28.132815896782727,-82.5405243397414,Lake
"Crews Lake",28.37688446544785,-82.52472844249965,Lake
"Lake Josephine",28.1100853929273,-82.56209256472805,Lake
"Church Lake",28.10339122404317,-82.5987171246199,Lake
"Lake Tarpon",28.11302533201588,-82.72234027265638,Lake
"Chassahowitzka Swamp",28.68109171761251,-82.629041703804,Lake
"Worley Lakes",28.292911554784087,-82.66557674467478,Lake
"Rainbow Lake",28.116968564909183,-82.59685114524008,Lake
"Hunters Lake",28.44277516142395,-82.62113218785456,Lake
"Crews Lake",28.396475710539384,-82.50739582339045,Lake
"West Moon Lake",28.28766496794139,-82.62316528558699,Lake
"Tooke Lake",28.567986464541047,-82.54980014885507,Lake
"Fairy Lake",28.087536037962806,-82.58638711326199,Lake
"Bee Tree Pond",28.356220926009367,-82.5735277416634,Lake
"Lake Frances",28.161616164611363,-82.60186418224919,Lake
"Buckhorn Creek",28.34382718835367,-82.59524035230926,Lake
"Island Ford Lake",28.15175666946355,-82.59765918181326,Lake
"Rock Lake",28.114024339316803,-82.55674707374247,Lake
"Hidden Lake",28.293482980595016,-82.641239165892,Lake
"Lake Rogers",28.1085422612881,-82.58897478693974,Lake
"Mound Lake",28.147889106743666,-82.57247303045844,Lake
"Frierson Lakes",28.336333235824785,-82.64443038507386,Lake
"Lake Chautauqua",28.00473475121108,-82.72277576278849,Lake
"Lake Alice",28.1331040140378,-82.6042324797602,Lake
"Saint George Lake",28.062759370064104,-82.71996642301711,Lake
"Weekiwachee Prairie Lake",28.478883375203978,-82.5666188780068,Lake
"Lighter Bayou",28.335170676106777,-82.71407906989067,Lake
"Mountain Lake",28.47869876755972,-82.31085057952723,Lake
"Raccoon Lake",28.353298272238288,-81.62806753423992,Lake
"Nicotoon Lake",28.994062989647308,-81.72651829230908,Lake
"Clearwater Lake",28.718721047655965,-81.90809881535414,Lake
"Sumner Lake",28.546514118035613,-81.81957940595535,Lake
"Spring Lake",28.581517492157936,-81.51937936512415,Lake
"Trout Lake",28.44976150095006,-81.71186875602433,Lake
"Lake Hobbs",28.158280066354223,-82.46749492098343,Lake
"Wise Hammock Pond",28.731341542572167,-81.9468520819756,Lake
"Lake Helene",28.17430572405812,-81.80317954211054,Lake
"Green Swamp",28.263970805202323,-81.79281876038297,Lake
"Henderson Lake",28.84179804569056,-82.3128535024073,Lake
"Green Swamp Run",28.345083867084067,-81.70239943305548,Lake
"Dixie Lake",28.4372546484311,-81.72979289748295,Lake
"Ashley Bay",28.360861035311046,-82.10837293899965,Lake
"Lake Blue",28.04831793791314,-81.77356805130685,Lake
"Lake Cummings",28.086030590393417,-81.74338880638122,Lake
"Gourd Lake",28.932264991045173,-81.49798600599962,Lake
"Boggy Marsh",28.385298283820156,-81.7011897935448,Lake
"Lake Olympia",28.567970735151363,-81.5236636731546,Lake
"Lake Hancock",28.46148848017102,-81.61348697850107,Lake
"Lake Bentley",28.01467255230631,-81.92683129778042,Lake
"Lake Deeson",28.112465494468672,-81.93242483876111,Lake
"Hancock Bays",28.391362836341816,-81.67240864822205,Lake
"Holly Lake",28.941175546890648,-81.71715108276861,Lake
"Lake Gertrude",28.815423624655445,-81.65743561130853,Lake
"Lake Alden",28.698314218567834,-81.53542682195405,Lake
"Lake Panasoffkee",28.801448832237845,-82.12462769984965,Lake
"Rexford Lake",28.35244043662854,-81.64062075359057,Lake
"Lake Hollingsworth",28.024616036026483,-81.94609900700566,Lake
"Lake Lucerne",28.07929136810639,-81.6835899615884,Lake
"Big Bluff Lake",28.594942977100658,-81.87317606746252,Lake
"Gold Lake",28.47308245581624,-82.36401061031432,Lake
"Lake Olivia",28.52272082915223,-81.51825767890476,Lake
"Lake Blanchester",28.910221007948657,-81.64157297655996,Lake
"Lake Yale",28.90938761758081,-81.73714308145956,Lake
"Lake Griffin",28.866092234704432,-81.85647792581676,Lake
"Little Lake Nellie",28.484068013013896,-81.77034311714968,Lake
"Cypress Lake",28.480050676260408,-81.56641561655759,Lake
"Lake Bonnet",28.048246099223086,-81.97612442241098,Lake
"Bear Bay",28.38527911113725,-81.63009376157854,Lake
"Bayroot Slough",28.486670637155107,-81.96231875227859,Lake
"Nicks Lake",28.451547831443534,-82.32008157242676,Lake
"Silver Lake",28.839305004866056,-81.80505338946523,Lake
"Grassy Lake",28.59667023279632,-81.74361663454712,Lake
"Stafford Lake",28.63655931403736,-82.43918319845432,Lake
"Spring Lake Prairie",28.657593652827085,-82.36835425634077,Lake
"Lake Florence",28.569358586349303,-81.5030088512193,Lake
"Lake Sawyer",28.46881292635696,-81.56706863343047,Lake
"Lake Britt",28.36822576504399,-81.62099308783169,Lake
"Lake Sanitary",28.076069110062186,-81.7627863933908,Lake
"Crystal Lake",28.035017272245188,-81.62522858295831,Lake
"Hog Island Lake",28.170308710486218,-82.44838979065521,Lake
"Lake Thonotosassa",28.061984219100818,-82.2740050172594,Lake
"Big Fish Lake",28.372602548344567,-82.41094497974028,Lake
"East Crooked Lake",28.833767976300972,-81.66504861010499,Lake
"Loch Leven",28.8286554688883,-81.63524768547641,Lake
"Nicotoon Lake",28.99529913168462,-81.71297237232284,Lake
"Hammock Pond",28.97091361661911,-81.88951317066893,Lake
"Lake Blanche",28.480652611966406,-81.51632041012084,Lake
"Myrtle Lake",28.84180290758002,-81.92377243924983,Lake
"Bird Lake",28.64353242857794,-81.85416737977143,Lake
"Little Lake",28.745435803875868,-82.29169603788202,Lake
"Lake Florence",28.59745371097327,-81.682825040081,Lake
"Pumpkin Center Lake",28.713717272215124,-81.82816059980063,Lake
"Lake Tibet",28.455808439984445,-81.52295204901817,Lake
"Lake Catherine",28.571384760737743,-81.86204344465007,Lake
"Prairie Lake",28.594339775139936,-81.50984926705004,Lake
"Lake Cawood",28.484712757103335,-81.58687109063726,Lake
"Lake Myrtle",28.09083599041233,-81.82716345280919,Lake
"Lake Sara",28.046537742720524,-81.62970580242737,Lake
"Lake Stemper",28.13324539375038,-82.45566824431927,Lake
"Wild Cow Prairie",28.596568867962166,-82.19815628774329,Lake
"Johns Lake",28.533649850819636,-81.65443782461327,Lake
"Wilson Marsh",28.695670569226436,-81.93545957937407,Lake
"Honeycut Lake",28.66739239813069,-81.92090826282312,Lake
"Reedy Creek Swamp",28.189522311725774,-81.52232665074862,Lake
"Lake Carlton",28.761248971019807,-81.65709601924264,Lake
"Lake Idamere",28.766480868771897,-81.74715461914066,Lake
"Bear Lake",28.45212112574494,-81.7502303546647,Lake
"Devils Creek",28.460115047588108,-82.1304652078187,Lake
"Lake Serene",28.442357754141515,-81.49993996686757,Lake
"Lake Ingram",28.46075930442027,-81.64420863636228,Lake
"Hancock Lake",28.377217608070637,-81.66531368206893,Lake
"Lake Marion",28.081381463407073,-81.53789672623,Lake
"Lake Arietta",28.10290861344302,-81.80736371390299,Lake
"Spring Lake",28.592650188003823,-81.78081858208823,Lake
"Cherry Lake",28.596070588257394,-81.81800962508527,Lake
"Lake Star",28.38427805532147,-81.65030213767245,Lake
"Lake Henry",28.092965610558768,-81.66656487935715,Lake
"Lake Sherwood",28.550787409965306,-81.49845432247326,Lake
"Lake David",28.557448294280388,-81.86036117500771,Lake
"Drawdy Pond",28.661943125821743,-82.13521567976854,Lake
"Lake Cannon",28.038485794195573,-81.7530925697885,Lake
"Green Swamp",28.24195132692196,-81.74150548487445,Lake
"Lake Frances",28.813034526662072,-81.71751211204445,Lake
"Wolf Pond",28.623581717894794,-82.07976723240839,Lake
"Lake Meadow",28.59947965479616,-81.52095672314711,Lake
"Reedy Lake",28.41522122452641,-81.6133101557871,Lake
"Lake Ariana",28.079375672108526,-81.79886809492554,Lake
"Lake Howard",28.02190979128701,-81.74427923284819,Lake
"New River Pond",28.357398043730036,-82.42511847956938,Lake
"Sawgrass Bays",28.413097745061588,-81.67702330402929,Lake
"Saint Claire Lake",28.125358815515444,-81.7479620227009,Lake
"Magnolia Lake",28.780762996804594,-82.3012785673591,Lake
"Pretty Lake",28.463874682252914,-81.82321036992872,Lake
"Princess Lake",28.797824455826227,-82.16904221673877,Lake
"Brant Lake",28.126321198093923,-82.47403554236426,Lake
"Bonnet Lake",28.732838465784862,-82.23370183596748,Lake
"Lake Hartley",28.477715212762444,-81.62041780526195,Lake
"Chapman Lake",28.105831005163484,-82.46421000143273,Lake
"Island Prairie Pond",28.540457654866465,-82.14883042449875,Lake
"Merritt Pond",28.562387438311823,-82.0099924473347,Lake
"Matchett Lake",28.61278758189382,-82.11228382242754,Lake
"Green Bay Swamp",28.458325814360922,-81.84569597935942,Lake
"Withlacoochee River Swamp",28.32190907040611,-81.96283982008873,Lake
"Lake Memory",28.562323690475694,-81.79249440958442,Lake
"Lower Lake Swamp",28.496871401893124,-82.13303741149505,Lake
"Montgomery Lake",28.63761069091828,-81.77141138977736,Lake
"Green Swamp",28.397550579290193,-81.73478569561105,Lake
"Lake Lowery",28.13007811636015,-81.6797947258796,Lake
"Lake Sims",28.61281204545109,-81.52360956180182,Lake
"Tub Lake",28.427165558489317,-81.61328451171383,Lake
"Lake Enola",28.923310760433292,-81.67349634126008,Lake
"Reed Hammock Pond",28.724497232917233,-81.93094504455176,Lake
"Lake Lindsey",28.62967222250473,-82.36603387619718,Lake
"Brantly Lake",28.44218878883015,-81.7605560413907,Lake
"Big Bass Lake",28.986910557207246,-81.78138771558693,Lake
"Lake Needham",28.443841390566284,-81.65755455242643,Lake
"Suwannee Lake",28.360622982372842,-82.22782093565897,Lake
"Saint Clair Lake",28.44370409877909,-82.31171983976388,Lake
"Unity Lake",28.875567804906932,-81.87777976831933,Lake
"Bonnet Lake",28.14408803041029,-81.6625132303546,Lake
"Lake Camp",28.123473466413174,-81.73780635651048,Lake
"Lake Davenport",28.334197605024862,-81.65895697612424,Lake
"Lake Swoope",28.101173599372462,-81.72644915977762,Lake
"Lake Eva",28.09582271311296,-81.62818009482302,Lake
"Hampton Prairie",28.737398164612515,-81.93509836566106,Lake
"Blacks Still Lake",28.57351552106853,-81.70366746752232,Lake
"Tower Lake",28.133316041759617,-81.63643098495471,Lake
"Lake Reams",28.44121349419033,-81.57287315290758,Lake
"Middle Lake",28.42107724840006,-82.31573281754125,Lake
"Lake Crescent",28.509045833619652,-81.55906112638894,Lake
"Lake Hunter",28.03273176431754,-81.96588932967585,Lake
"Lake Dalhousie",28.901088076925483,-81.62312315393615,Lake
"Lake Bracy",28.895986458929606,-81.67517045681647,Lake
"Island Lake",28.444713823964165,-81.69241841418491,Lake
"Lake Stanley",28.582040996573596,-81.50022628805876,Lake
"Lake Rose",28.53783796618197,-81.50484796797399,Lake
"Lake Ellen",28.061285659949885,-82.49634200139637,Lake
"Morgan Pond",28.570036765034907,-82.0385951884708,Lake
"Sherwood Forest Lake",28.138437930325637,-81.91323523936776,Lake
"Oriole Lake",28.55486563841555,-82.22909552676238,Lake
"Lake Mattie Marsh",28.138142639209317,-81.76551829942633,Lake
"Lake Minnehaha",28.53386114121913,-81.77011181245216,Lake
"Turkey Creek",28.342743437258754,-81.75705999108867,Lake
"Lake Ruby",28.39653843299689,-81.4974347255713,Lake
"Lake Pansy",28.067939308285304,-81.74268908720434,Lake
"Clearwater Lake",28.168503224106804,-81.83259965384137,Lake
"Lake Bartho",28.77850913830341,-81.5117428073043,Lake
"Bay Lake",28.4849847053887,-81.8973774170502,Lake
"Little Everglades",28.647633001076034,-81.7863465164162,Lake
"Clear Water Lake",28.676098489494287,-81.55143495976888,Lake
"Lake Saint Charles",28.17150909042585,-81.64865452309729,Lake
"Lake Maude",28.040068743266822,-81.72064190287573,Lake
"North Crystal Lake",28.139783326407546,-82.47479894989708,Lake
"Lake Mattie",28.138481275923052,-81.78021964780294,Lake
"Schoolhouse Lake",28.620890035989344,-81.77501140821893,Lake
"Bird Prairie",28.53555643155972,-82.21058843103647,Lake
"Grand Prairie",28.810158943556623,-82.20279654424908,Lake
"Lake Miona",28.903542854984785,-82.00337409810442,Lake
"Lake Seneca",28.8692196581042,-81.59154083354535,Lake
"Bay Lake",28.413703354826072,-81.57439226424371,Lake
"Lake Crago",28.093989647717148,-81.94743900580819,Lake
"Meadow View Lake",28.09961697309744,-81.98458041076594,Lake
"Lake Geneva",28.503351383063254,-82.18339673818707,Lake
"Lake Denham",28.76767078700861,-81.90802278572637,Lake
"Hammond Lake",28.432637247373137,-81.7222316892051,Lake
"Lake Murphy",28.922712401295858,-81.59739804805564,Lake
"Skyview Lake",28.029702401939307,-81.89619668381755,Lake
"Dobes Hole",28.43214230116334,-82.16655330339543,Lake
"Ella Lake",28.963518356249054,-81.71092907323292,Lake
"Thomas Lake",28.691162447654882,-81.90381792494131,Lake
"Pine Island Lake",28.493329766331318,-81.82713299615773,Lake
"Yankee Swamp",28.487149397015,-82.11121160193596,Lake
"Robinson Lake",28.822449238176254,-81.9311659302276,Lake
"East Lake",28.20969688143872,-82.44207018096418,Lake
"Gator Hole",28.41753968152663,-81.93471054212652,Lake
"Devils Creek Swamp",28.38580636235123,-82.0235891752213,Lake
"Lake Beauclair",28.7727105865436,-81.66132369186641,Lake
"Spring Hammock Run",28.553464148150194,-82.16812071221621,Lake
"Lake Carroll",28.04927318972285,-82.48924027831822,Lake
"Lake Agnes",28.170051863477934,-81.8185984467267,Lake
"Lady Lake",28.91729481656526,-81.8967900180117,Lake
"Turkey Lake",28.701848645232342,-81.8515846994098,Lake
"Stewart Lake",28.550081688457624,-81.84013028896462,Lake
"Long Lake",28.528168352445167,-82.179539516801,Lake
"Moody Lake",28.413151305298626,-82.30136197849137,Lake
"Cowpen Bay",28.05398109929754,-81.5506741590159,Lake
"Gum Lake",28.13318195385664,-81.72957445714873,Lake
"Lake Smart",28.059353289683205,-81.71145564500905,Lake
"Eustis Meadows",28.893022034782426,-81.65439497024542,Lake
"Nichols Pond",28.927159926772188,-82.11655725635231,Lake
"Crescent Lake",28.505694748646533,-81.7723883852266,Lake
"Moody Lake",28.409713273211263,-82.2948480210656,Lake
"Lake Iola",28.394464702556512,-82.29938498347981,Lake
"Lake Bryan",28.367839225792125,-81.49636555052295,Lake
"Lake Tilden",28.52013094012038,-81.59416529113197,Lake
"Trout Lake",28.866085770944608,-81.68189771833292,Lake
"Indianhouse Lake",28.623935994167535,-81.82830572669262,Lake
"Little Creek",28.406400105144105,-81.77686927989538,Lake
"Lake Palatlakaha",28.55008225806335,-81.78374973132233,Lake
"Lake McCoy",28.689419319678972,-81.49720863783875,Lake
"Lake Conine",28.059620230078995,-81.72411940140898,Lake
"Dog Fennel Prairie",28.709343304908096,-82.02822752879726,Lake
"Saddlebag Lake",28.987768832561446,-81.87707505282495,Lake
"Platt Lake",28.094763057702774,-82.47810342418211,Lake
"Lake Victoria",28.751076234073892,-81.67150510507372,Lake
"Lake Sheen",28.43194960877285,-81.5203287660221,Lake
"Lake Little Sawyer",28.47314332898445,-81.57468024017943,Lake
"Pike Lake",28.441444698735882,-81.70772427163968,Lake
"Lake Whistler",28.090600487191878,-81.81142660901811,Lake
"Sap Pond",28.73395989879034,-81.82511822793505,Lake
"Bradley Lake",28.734228533660577,-82.28517319433462,Lake
"Lake Lena",28.065340893129378,-81.80879704452778,Lake
"Lake Jessie",28.057432325786493,-81.76242822884569,Lake
"Long Sun Lake",28.176127051681217,-82.49041433225374,Lake
"Gator Pond",28.893419086875884,-82.06091325677097,Lake
"Lake Tennessee",28.144647803333708,-81.81282849252042,Lake
"Buck Sawgrass",28.63424747848694,-82.19965942534802,Lake
"Lake Smith",28.9014126689573,-81.68108948102338,Lake
"Lake Arthur",28.62654319033335,-81.84048089618759,Lake
"Mulehead Lake",28.681667974612505,-81.84490165664364,Lake
"Cypress Lake",28.429787834477413,-81.76342413877674,Lake
"Lake Palmer",28.472301707898414,-81.52907491426355,Lake
"Erie Lake",28.477803409183917,-81.8488371347875,Lake
"Dowling Lake",28.43525714084542,-82.24947843604099,Lake
"East Lake",28.931058305054425,-81.65435164390308,Lake
"Parker Lake",28.33138652604258,-82.44171804972612,Lake
"Plum Lake",28.577051592589047,-81.7332319770439,Lake
"Pocket Lake",28.421356222165205,-81.51246840006849,Lake
"Lake Bonny",28.03775034845225,-81.92717860608812,Lake
"Hancock Lake",28.43030959267587,-82.32988739439837,Lake
"Neighborhood Lakes",28.790018494540554,-81.51523929838886,Lake
"Cricket Lake",28.35184051236067,-81.66139713746904,Lake
"Hydrilla Lake",28.080761721722602,-81.90429667234511,Lake
"Davenport Creek Swamp",28.314237603872353,-81.62742052309625,Lake
"Lake Alfred",28.098505637481036,-81.74710032169718,Lake
"West Lake Ellis",28.223045929713553,-82.46341578792733,Lake
"Padgett Lake",28.20307332531592,-82.45824802277167,Lake
"Hobb Prairie",28.664673977570764,-82.46336377121926,Lake
"Indian Head Swamp",28.047344808007125,-81.51606052983271,Lake
"Owensboro Swamp",28.44110936358287,-82.18539390272542,Lake
"Hammock Pond",28.978854056608757,-81.89255788286471,Lake
"Sears Lake",28.007591265648202,-81.77258078327684,Lake
"Mill Stream Swamp",28.509849555733314,-81.85678419437255,Lake
"Lake Harris",28.76261342474409,-81.80372605759723,Lake
"Little Lake Hamilton",28.070645415067993,-81.63452721010546,Lake
"Lake Buckeye",28.039915855024045,-81.70588272080772,Lake
"Dukes Lake",28.57580208959467,-81.87303488134215,Lake
"Lake Dorr",29.00190612469272,-81.6201332873341,Lake
"Trout Lake",28.61753545316377,-81.51361678457356,Lake
"Lake Elbert",28.02484521760251,-81.71103391283184,Lake
"Lake Otis",28.012839867780375,-81.71019658039751,Lake
"Grass Pond",28.929544359370627,-81.97028562643703,Lake
"Grant Slough",28.68399381989351,-82.17257042598204,Lake
"Lake Avalon",28.50940243002795,-81.6426440178528,Lake
"Green Swamp",28.233626263887974,-81.68002599911969,Lake
"Lake Down",28.50314174075495,-81.52533755701994,Lake
"Lake Umatilla",28.9193665800091,-81.66274590364796,Lake
"Lake May",28.01280019444267,-81.73859683806803,Lake
"Lake Hartridge",28.055015832568152,-81.74252718782945,Lake
"Lake Medora",28.093155497261012,-81.75885896962276,Lake
"Lake Eldorado",28.883313896799752,-81.6281383791179,Lake
"Lake Desire",28.61487386571207,-81.84113972571633,Lake
"Shepherd Lake",28.614677565598196,-81.75223062038746,Lake
"Big Creek",28.358513043496888,-81.72428860239758,Lake
"Lake Rochelle",28.071243194164246,-81.7176880740967,Lake
"King Lake",28.290933564970697,-82.2911617536552,Lake
"Hog Pond Swamp",28.47835461604737,-82.02591433327555,Lake
"Marshall Bay",28.568880033075366,-82.06392239286991,Lake
"Silver Lake",28.573918330925174,-82.21049933655202,Lake
"Sixteen Section Pond",28.333434188726496,-82.06947514014402,Lake
"Lake Pearl",28.942686595690986,-81.65867725210472,Lake
"Lake Dora",28.789744062671716,-81.69961988992209,Lake
"Lake William Davis",28.485363332155142,-81.57084266112038,Lake
"Open Pond",28.455561292097876,-81.5536845585463,Lake
"Lake Thomas",28.146534114830022,-82.48619329349596,Lake
"Egypt Lake",28.012348530669026,-82.4924420860741,Lake
"Cork Prairie",28.03679197728386,-82.14624467706422,Lake
"Grassy Lake",28.1188884978399,-81.74647808668077,Lake
"Lake Owen",28.942363152270413,-81.68192264390986,Lake
"The Wonders",28.72021005027948,-82.22187782287347,Lake
"North Boat Lake",28.44673636394812,-81.82098542466281,Lake
"Lake Bessie",28.488510582757876,-81.52694669119812,Lake
"Huckleberry Lake",28.4348801946588,-81.61241195712095,Lake
"Lake Spencer",28.617673159732355,-81.83379659768133,Lake
"Lake Wash",28.529557438800023,-81.81477920221421,Lake
"Lake Butler",28.492222252020724,-81.55063321811315,Lake
"Lake Cooley",28.948192568436163,-81.67419125056405,Lake
"Big Cypress Swamp",28.23887177273217,-82.4107908832,Lake
"Mills Bay",28.357684849218355,-82.0611371954609,Lake
"Lake Fuller",28.662660068054624,-81.53014500587516,Lake
"South Boat Lake",28.444149430481243,-81.81867207264493,Lake
"Lake Fannie",28.056900090761488,-81.69063747271456,Lake
"Neighborhood Lakes",28.786131691805036,-81.52540018437432,Lake
"Island Lake",28.95215828721059,-81.68485481641387,Lake
"Lake Mirror",28.03813396948714,-81.74099917737084,Lake
"Karney Lake",28.318680707547145,-82.26495189547809,Lake
"Mud Lake",28.168840111432964,-81.84428447271503,Lake
"Flat Lake",28.490598907806547,-81.67506395143519,Lake
"Adain Lake",28.437245761132864,-81.70053724878858,Lake
"Bell Lake",28.222071012033762,-82.4524257321845,Lake
"Cabbage Swamp",28.20556861064735,-82.3876533774926,Lake
"Buddy Lake",28.30827861018613,-82.22153202900587,Lake
"Dilly Marsh",28.690783023873344,-81.86394136611581,Lake
"Lake Aura",28.757953199896644,-81.72210198747412,Lake
"Lake Gary",28.467865390114017,-81.78983130141384,Lake
"Grass Lake",28.22724980660163,-81.69852171089514,Lake
"Lake Silver",28.03192266717142,-81.72856112075927,Lake
"Cooper Lake",28.146580583175112,-82.47058339358819,Lake
"Lake Roberts",28.516780086422308,-81.57212749552853,Lake
"Spring Lake",28.49287776744997,-82.29437868919234,Lake
"Church Lake",28.64144719651588,-81.8394031718481,Lake
"Marshall Lake",28.67788346878847,-81.53244112886068,Lake
"Starke Lake",28.569301472646508,-81.53606935532004,Lake
"Saw Grass Lake",28.443398835204693,-81.60715876683477,Lake
"Lake Gibson",28.1091817316925,-81.95925789332236,Lake
"Clear Lake",28.341129103907544,-82.2630588933449,Lake
"Dry Prairie",28.587211891240024,-82.34834127490291,Lake
"West Crooked Lake",28.833329788403898,-81.6751775971366,Lake
"Little Everglades",28.649453457937923,-81.79379788457936,Lake
"Jessamine Lake",28.418143316107905,-82.27206864955382,Lake
"Big Sand Lake",28.429126854952813,-81.4864227752696,Lake
"Big Gant Lake",28.576500132570008,-82.0843725447434,Lake
"Sumner Lake",28.360523032183686,-82.16151883887926,Lake
"Moccasin Slough",28.858579387084866,-82.24118426600866,Lake
"Okahumpka Swamp",28.77122117982087,-81.9099371591418,Lake
"Lake Lucy",28.60027294551413,-81.85539631435104,Lake
"Lake Ola",28.754119048119346,-81.63610149466136,Lake
"Lake Hamilton",28.05664752796421,-81.65383168327638,Lake
"Lake Haines",28.09296778118582,-81.7073542462166,Lake
"Lake Echo",28.082287196340612,-81.73403834328158,Lake
"New River Pond",28.350776203425525,-82.41770278789284,Lake
"Lake Juliana",28.129624750682297,-81.8034600807869,Lake
"Wildcat Swamp",28.407087357264345,-82.12038132276834,Lake
"Alligator Lake Swamp",28.399935676178835,-81.8421078880408,Lake
"Nelson Lake",28.715099445334676,-82.24981861712195,Lake
"Kirkland Lake",28.447605365020053,-81.80587186304584,Lake
"Lake Winona",28.545986045164465,-81.76958516725166,Lake
"Lake Weir",29.005657113084787,-81.95444875959295,Lake
"Charley Pond",28.703586476735662,-81.96228286313503,Lake
"Neff Lake",28.478825626370185,-82.3236788209276,Lake
"Lake Steer",28.529966271127012,-81.50005761390517,Lake
"Green Pond Swamp",28.471338738325628,-82.03918038933571,Lake
"Connell Lake",28.869297773394454,-82.34868104005504,Lake
"Lake Saunders",28.8112847997646,-81.69156811681367,Lake
"Lake Louisa",28.479229346028788,-81.74218898353753,Lake
"Lake Glona",28.4814490590286,-81.78954394678101,Lake
"Lake Parker",28.06938751331381,-81.93536940617545,Lake
"North Twin Lake",28.95770162608454,-81.66385324199172,Lake
"Lake Deer",28.02557388681965,-81.76249112340722,Lake
"Indian Prairie",28.740253634886216,-82.14054772962481,Lake
"Little Lake Agnes",28.160519743487207,-81.80767129767561,Lake
"Apshawa Lake",28.601747550420562,-81.77527681078917,Lake
"Fort Cooper Lake",28.806014496377525,-82.30157172392656,Lake
"Lake Apopka",28.607349475606778,-81.64391428497589,Lake
"Cherry Lake",28.913263798689904,-81.97432718139626,Lake
"Lake Woodward",28.824714881773634,-81.67934373898964,Lake
"Lake Gibson",28.947731128299182,-81.65205890418126,Lake
"Flag Pond",28.440418745180743,-82.25999359403947,Lake
"Clear Lake",28.875460311141886,-81.65452631282912,Lake
"Hammock Lake",28.133787945274705,-81.65215976993863,Lake
"Lake Standish",28.70038593806029,-81.55155114754594,Lake
"Lake Wilson",28.335935349358422,-81.59839453619767,Lake
"Lake Norris",28.936519696940817,-81.54189749057909,Lake
"Bay Lake",28.925047100478114,-81.52280834595048,Lake
"Fish Lake",28.08651432460051,-81.92039624742131,Lake
"Saxon Lake",28.19987775832398,-82.45045393132112,Lake
"Lake Sidney",28.593143748016214,-81.51967424876469,Lake
"Sandbar Lake",28.347363873574388,-82.16194645074823,Lake
"Tsala Apopka Lake",28.78415280879298,-82.20963507619578,Lake
"Hickorynut Lake",28.424569645821915,-81.64292597150921,Lake
"Black Water Swamp",28.954238832258522,-81.57679733898499,Lake
"South Lake",28.417440150252794,-81.53657177741361,Lake
"Lake Davenport",28.161136866670162,-81.61139458274377,Lake
"Big Bear Lake",28.545594284590116,-81.85985264542227,Lake
"Bystre Lake",28.544497096139633,-82.32758030230555,Lake
"Moon Lake",28.633864551491783,-81.85628537319343,Lake
"Lake Siena",28.582599985170017,-81.66886597544858,Lake
"Lake Eustis",28.84740377712209,-81.7319939220442,Lake
"Emeralda Marsh",28.930551684161173,-81.7987576700974,Lake
"Lester Lake",28.121795031668835,-81.99781947898842,Lake
"Lake Pasadena",28.31756922523266,-82.21558659861162,Lake
"Lake Marden",28.63035813694627,-81.52985507244489,Lake
"Saw Mill Lake",28.493091747423495,-81.7805497415622,Lake
"Hogeye Sink",28.806220725113796,-82.0162089962732,Lake
"Lake Martha",28.028747842492898,-81.72104461293331,Lake
"Black Lake",28.527041555262755,-81.60051896288643,Lake
"Crescent Lake",28.937375556432453,-81.67845437280579,Lake
"Loggy Pond Swamp",28.364803900456433,-81.88067356861983,Lake
"Lake Louise",28.477264142718287,-81.53589935304403,Lake
"Lake Thomas",28.24011246753114,-82.46915224597882,Lake
"Lake Gifford",28.36263138251246,-81.64264251559015,Lake
"Thomas Lake",28.01095437831728,-81.78191007312522,Lake
"Lake Tracy",28.113062604346254,-81.63422447621248,Lake
"Bird Lake",28.18186913702309,-82.45408664557083,Lake
"Haywood Pond",28.65278861770237,-82.07937955983822,Lake
"Weeks Pond",28.46118233163586,-82.03293690179146,Lake
"Blanton Lake",28.400515826957765,-82.24730495115234,Lake
"Lake Swatara",28.865524407994176,-81.64419029317443,Lake
"Church Lake",28.647739174241277,-81.84140434634229,Lake
"Black Lake",28.509783418856504,-81.83227329990781,Lake
"Evans Prairie",28.855047929675337,-81.9934896818358,Lake
"Lake Hiawatha",28.56690314744366,-81.78480692175089,Lake
"Lake Susan",28.514148979669823,-81.75812679738581,Lake
"Jumper Creek Swamp",28.740867337122538,-82.1939653036726,Lake
"Lake Whitney",28.521898287172796,-81.55270850392934,Lake
"South Twin Lake",28.952673300105328,-81.66592898591942,Lake
"Lake Townsend",28.655392156245263,-82.28373424380385,Lake
"Lake Van",28.107143496564458,-81.76794061453496,Lake
"Towns Prairie",28.712360303015284,-82.06774976424366,Lake
"Hamilton Lake",28.38536611212022,-82.17343279369537,Lake
"Freds Lake",28.855913229062523,-82.30697714576475,Lake
"Lake Emma",28.613482873960923,-81.85080385585334,Lake
"Lake Akron",28.997165046836606,-81.52325910830955,Lake
"Skinner Lake",28.65721604736422,-82.46572295179762,Lake
"Oakes Pond",28.34887127298428,-82.39484851145752,Lake
"Mill Stream Swamp",28.48847606132815,-81.84948776618023,Lake
"Emeralda Marsh",28.962635841429616,-81.80681633775325,Lake
"Blue Spring Lake",28.707377356750982,-81.81723486166598,Lake
"Lake Mariam",28.015794400143683,-81.69572201520732,Lake
"Indianhouse Swamp",28.5226330466918,-82.11232240074322,Lake
"Lake Minneola",28.5742424737875,-81.7696795452546,Lake
"Moon Lake",28.71549741987789,-82.27452875192046,Lake
"Cypress Creek",28.40913851145789,-81.51719411397417,Lake
"Lake Mabel",28.42982543097197,-81.54497142923665,Lake
"Lake George",28.07665788579911,-81.74465232270525,Lake
"King Lake",28.23067853140455,-82.45112360442947,Lake
"Lake Magdalene",28.079759345558593,-82.48354021542497,Lake
"Lake Joanna",28.841305672768843,-81.64680599048268,Lake
"Lake Melton",28.749597918571368,-81.72281249810895,Lake
"Lake Nellie",28.47131304993573,-81.77548014240251,Lake
"Lake Deaton",28.833463105907338,-81.98288622940598,Lake
"New River Pond",28.359516399157673,-82.42357400870321,Lake
"New River Pond",28.354159002704538,-82.41747399308643,Lake
"Lake Idylwild",28.05076940391745,-81.75648390842503,Lake
"Lake Okahumpka",28.824243546126336,-82.00520153155696,Lake
"Spring Lake",28.871888801399173,-81.9242110348887,Lake
"Hog Pond",28.48675025739453,-82.02003614312622,Lake
"Middle Bear Lake",28.539043121716432,-81.85621578865924,Lake
"Grump Pond",28.461398483000334,-82.01438418102195,Lake
"Big Pond",28.428873277444968,-82.02685462248833,Lake
"Giddon Lake",28.552359321605774,-82.0244470991224,Lake
"Mill Stream Swamp",28.49521972830277,-81.86011066123254,Lake
"Head Swamp",28.506697507773257,-82.01778768776325,Lake
"Loggy Pond Swamp",28.432107483031874,-81.88817936604252,Lake
"Akins Sawgrass",28.5609655207304,-82.07299269665694,Lake
"Gator Hole Slough",28.44541032381963,-82.02550720168024,Lake
"Cross Creek Swamp",28.34701353974704,-82.01591705008902,Lake
"Seminole Swamp",28.83431227648777,-81.49651541339995,Lake
"Lake Needham",28.44032550565016,-81.65375566065049,Lake
"Hickorynut Lake",28.429089032774723,-81.65456698388968,Lake
"Lake Speer",28.479562139432236,-81.59971404204475,Lake
"Lake Chase",28.474790012852154,-81.52172683460925,Lake
"Sawgrass Lake",28.433254893995958,-81.68709925925366,Lake
"Lake Trask",28.026869764080455,-81.59655740273529,Lake
"Mount Plymouth Lake",28.808280981589302,-81.52510125468208,Lake
"Middle Lake Hamilton",28.068123418731556,-81.64910951082288,Lake
"Black Water Swamp",28.966503796526506,-81.60102433955372,Lake
"Thomas Prairie",28.35044025907296,-82.33680316351291,Lake
"Hancock Lake",28.43773661496677,-82.33481380287006,Lake
"The Willows",28.696882508690237,-82.18050027472819,Lake
"Lake Felter",28.519286580839402,-81.72205359621944,Lake
"Shepherd Lake",28.61995679389256,-81.75305650825585,Lake
"Tsala Apopka Lake",28.791231781803084,-82.22645535407601,Lake
"Tsala Apopka Lake",28.895783326967976,-82.35321254532008,Lake
"Tsala Apopka Lake",28.85284389827668,-82.29322299726054,Lake
"Tsala Apopka Lake",28.886818708942126,-82.33915895187502,Lake
"Tsala Apopka Lake",28.848058871197892,-82.32986906198909,Lake
"Lake Irma",28.59099236603193,-81.26624627357626,Lake
"Lake Pleasant",28.65678135901533,-81.48126654746713,Lake
"Akins Bay",29.004750412898108,-81.1418577928413,Lake
"Lake Destiny",28.6412850032699,-81.39247427248962,Lake
"Lake Cone",28.55629105962145,-80.96077547299699,Lake
"The Savannah",28.858290587521804,-81.15773571564868,Lake
"Lake Orienta",28.656220585189928,-81.37460993542621,Lake
"Lake Sybelia",28.6247930415545,-81.37515941699645,Lake
"Jug Creek Swamp",28.18579179064357,-81.12195032059695,Lake
"Lake Tohopekaliga",28.235109047793575,-81.37800720760379,Lake
"Gopher Swamp",28.76620529313029,-81.0224049192923,Lake
"Silver Lake",28.62599902701746,-80.95676864923837,Lake
"Lake Lizzie",28.244502715614125,-81.18628197089981,Lake
"Cypress Lake",28.077195541993003,-81.32083075431413,Lake
"Louise Lake",28.884129480981457,-81.19257262659855,Lake
"Boggy Creek Swamp",28.38078140719257,-81.3315247888799,Lake
"Lake Pearl",28.604348143622946,-81.26410358488562,Lake
"Corner Lake",28.581695710707923,-81.12960845678819,Lake
"Live Oak Lake",28.23113597711096,-81.23431883991238,Lake
"Lake Proctor",28.732368364119964,-81.10322562399388,Lake
"Cat Island Swamp",28.231180893454113,-81.09533557252757,Lake
"Otter Pond",28.30943819080417,-81.05129554024627,Lake
"Wekiva Swamp",28.746042811924713,-81.44103091162886,Lake
"Fennel Slough",28.288615580367264,-81.34106304181252,Lake
"Buck Lake",28.20969740883156,-81.15403112264175,Lake
"Bear Lake",28.652946112886283,-81.45226196460334,Lake
"Lake Lucien",28.627543727569268,-81.39107838463178,Lake
"Major Slough Lake",28.16436100344157,-81.10468067435002,Lake
"Bee Tree Swamp",28.327379260689405,-81.07451595479881,Lake
"Three Island Lakes",28.942067783367683,-81.21198892483353,Lake
"Mud Lake",28.98957061654004,-81.37204804071666,Lake
"Black Cypress Swamp",28.814104278709628,-81.02580893775718,Lake
"Lake Tanner",28.58285498466514,-81.1526187883928,Lake
"Lake Warren",28.459381862875706,-81.32367762975748,Lake
"Lake Fran Urban Wetlands",28.520658153190002,-81.45172498320075,Lake
"Long Lake",28.61821552238629,-81.46584033107301,Lake
"Lake Barton",28.550824141212313,-81.31519951846627,Lake
"Lake Mary",28.753905378739695,-81.3124361857596,Lake
"Konomac Lake",28.864764413851443,-81.33827819419383,Lake
"Bear Bay",28.35277361968542,-81.35379527437999,Lake
"Rocky Pond",28.149006674610074,-81.08159483187669,Lake
"Lake Waunatta",28.60215403207491,-81.2785555812523,Lake
"Lake Jessamine",28.48222505008003,-81.38445049078561,Lake
"Lake Lotus",28.648756715854198,-81.42554802936264,Lake
"Spring Lake",28.649692533171834,-81.39569520894713,Lake
"Brown Lake",28.158298166857403,-81.43311039975956,Lake
"Angela Lake",28.91811384040632,-81.19063078641098,Lake
"Lake Maitland",28.617753355483323,-81.35073753475764,Lake
"Crooked Lake",28.59525988629392,-81.48337706966349,Lake
"Buck Lake",28.407862089817545,-81.24963119266579,Lake
"Harris Bay",28.900133553794404,-81.03636917071381,Lake
"McGarity Lake",28.89728255830991,-81.2222244512994,Lake
"Lake Pickett",28.60512598414707,-81.11395321860245,Lake
"Red Lake",28.404357500314735,-81.25803739286388,Lake
"Bear Gully Lake",28.624293143796844,-81.27246461832864,Lake
"Lake Poinsett",28.337512969934824,-80.82882867385727,Lake
"East Lake Tohopekaliga",28.303596111568464,-81.29706075297655,Lake
"Lake Killarney",28.600937795172932,-81.37490151092874,Lake
"Lake Virginia",28.589531134370425,-81.34482389347525,Lake
"Lake Mary",28.47611380515804,-81.37737390553666,Lake
"Alligator Lake",28.21114119768002,-81.2061381077245,Lake
"Lake Wekiva",28.596447037368037,-81.43144821784968,Lake
"Little Lake",28.842013361703675,-81.17592098555835,Lake
"Lake Minnie",28.754482159473692,-81.29178145435996,Lake
"Lake Howell",28.639577488684914,-81.30809163356798,Lake
"Lake Underhill",28.538996992410205,-81.33775633550671,Lake
"Long Lake",28.664660464408634,-81.18997508293033,Lake
"Lake Jennie",28.777171205392705,-81.28067481216746,Lake
"Sylvan Lake",28.80497156919029,-81.38121539598333,Lake
"Lake Heron",29.002705142623597,-81.44250266046078,Lake
"Lake Monroe",28.83344630799683,-81.24493046097733,Lake
"Little Sand Lake",28.446398036462792,-81.48448906998684,Lake
"Mud Lake",28.38927618580295,-81.29006068838918,Lake
"Page Lake",28.66002357979664,-81.47351018708618,Lake
"Lake Sue",28.576597528130794,-81.35475854149055,Lake
"Crystal Lake",28.770750608591843,-81.31372080984526,Lake
"Lake Ada",28.769919114332083,-81.288192674362,Lake
"Lake Mann",28.537155535101142,-81.42597078772596,Lake
"Myrtle Bay",28.4038426615768,-81.23107178683716,Lake
"Econlockhatchee River Swamp",28.329447151303942,-81.11592017198085,Lake
"Lake Jesup",28.737362972446665,-81.2094807999369,Lake
"Lake of the Woods",28.64442617224068,-81.34822867986502,Lake
"Little Lake Conway",28.488943138068052,-81.35045965110015,Lake
"Lake Harney",28.748634007173973,-81.04676419241204,Lake
"Maple Head Pond",28.31607253623556,-81.04227543169013,Lake
"Lake Center",28.276415388558945,-81.1923503942944,Lake
"Lake Silver",28.578213079187805,-81.39635781812758,Lake
"Barton Lake",28.389287371751273,-81.23711225164496,Lake
"Ajay Lake",28.34095335776078,-81.22393243236728,Lake
"Lake Beresford",28.99427322646107,-81.35061146233066,Lake
"Fox Lake",28.59253005246102,-80.87003229260398,Lake
"Marsh Swamp",28.94971027520794,-81.14047863292164,Lake
"Gee Hammock",28.693491315912464,-81.27781719442014,Lake
"North Ox Pond",28.021522940428515,-81.10916563319986,Lake
"Crystal Lake",28.762141674062473,-81.33011096491228,Lake
"Mullet Lake",28.7915587552262,-81.1314063417219,Lake
"Lake Florence",28.32599632551782,-80.78429187943745,Lake
"Fourmile Swamp",28.283915401064206,-81.05671080960101,Lake
"Lake Burkett",28.610821506903566,-81.26850433552306,Lake
"Lake Shadow",28.62257048141414,-81.40330098597155,Lake
"Lake Willis",28.398058903531325,-81.47860091728475,Lake
"Crosby Island Marsh",28.40891954322676,-81.1881183607406,Lake
"Lake Corrine",28.57237309664773,-81.32227368902069,Lake
"Lake Osceola",28.602259762386296,-81.34145635573638,Lake
"Lake Lancaster",28.524351872265004,-81.36479675587798,Lake
"Clear Lake",28.519906213813417,-81.41185202492876,Lake
"Lake Catherine",28.502944375958247,-81.41144763441164,Lake
"Sardine Lake",28.219872646635043,-81.22083640246385,Lake
"Triplet Lake",28.66818334941155,-81.32688704354419,Lake
"Hell Bays",28.362495222241726,-81.0611802425008,Lake
"Jacksons Bay",28.851104734680213,-81.13973821257552,Lake
"Lake Runnymede",28.258366024867183,-81.25790122583047,Lake
"Lake Minnehaha",28.631605725204718,-81.35544755458102,Lake
"Roach Hole",28.645965768424563,-80.78287912425674,Lake
"Lake Ivanhoe",28.563458317310253,-81.37884965975604,Lake
"Lake Georgia",28.6062979758461,-81.24689805566969,Lake
"Wide Cypress Swamp",28.468332132965074,-81.20386553011227,Lake
"Loughman Lake",28.637145933926796,-80.93215541853816,Lake
"Lake Fairview",28.59197424742101,-81.4060350053389,Lake
"Lake Louisa",28.47840414627628,-81.4832706487646,Lake
"Roberts Island Slough",28.388790441598353,-81.16332599392494,Lake
"Trout Lake",28.907049299918288,-81.26919215849085,Lake
"Lake Bethel",28.847796230277734,-81.21214646271359,Lake
"John H Bay",28.211540640142204,-81.04924291420247,Lake
"Lake Colby",28.96311709734045,-81.23293165793251,Lake
"Lake Markham",28.800102098649894,-81.3965158523106,Lake
"Hog Pen Slough",28.10833457350906,-81.11342915504348,Lake
"Cat Lake",28.20835758979536,-81.12580173509399,Lake
"Sawgrass Lake",28.07362318085903,-80.77807416981649,Lake
"Little Lake Fairview",28.59133881521531,-81.38989048773416,Lake
"Lake Holden",28.50402346587365,-81.38798435207292,Lake
"Brick Lake",28.16694111870894,-81.19795529204542,Lake
"Lake Gentry",28.1399955936866,-81.24329427586582,Lake
"Lake Fredrica",28.507778251141634,-81.30662029132304,Lake
"Bay Lake",28.46040461019585,-81.37199899745715,Lake
"Sand Lakes",28.95604890084448,-81.22567267988826,Lake
"Horseshoe Lake",28.637318661631756,-81.13736991874372,Lake
"Lake Price",28.59706451753085,-81.175040123238,Lake
"Prevatt Lake",28.712108274273486,-81.48964260406319,Lake
"Island Lake",28.776007661877834,-81.37019468995831,Lake
"Island Pond",28.72237844363209,-81.13403511693238,Lake
"Bay Lake",28.230017819103594,-81.16403833112048,Lake
"Lake Barber",28.500865017663557,-81.31985209647982,Lake
"Jake Bay",28.988270245832123,-81.42261622951374,Lake
"Honeymoon Lake",28.274286106825606,-80.67069372368466,Lake
"Lake Preston",28.31252026043133,-81.13997804178673,Lake
"Lonesome Camp Swamp",28.084549347117875,-81.20674779047192,Lake
"Lake Hiawasee",28.527179227905723,-81.48195231859029,Lake
"Lake Prairie",28.658650537731624,-81.35201183273129,Lake
"Fanny Bass Pond",28.170829656519423,-81.28801910822395,Lake
"Elizabeth Lake",28.91064282069186,-81.19451965850597,Lake
"Lake Estelle",28.57515497122935,-81.36449679286353,Lake
"Big Lake",28.86849759927939,-81.2145478098651,Lake
"Lake Pinelock",28.507519003289367,-81.3669715202823,Lake
"Turkey Lake",28.504085321570642,-81.47177122708312,Lake
"Peg Horn Slough",28.237486770616673,-81.29746887708352,Lake
"South Lake",28.611563746301226,-80.87307434076718,Lake
"Yankee Lake",28.816539207098522,-81.39092011096396,Lake
"Lake Nona",28.41054046961299,-81.2719602623937,Lake
"Coon Lake",28.266460228618463,-81.18339978174784,Lake
"Buck Lake",28.718064072109787,-81.12550494119424,Lake
"Salt Lake",28.64892288389297,-80.91089528683602,Lake
"Little Sawgrass Lake",28.06513289968795,-80.78925264306156,Lake
"Rattlesnake Lake",28.46613017119974,-81.40592325721828,Lake
"Lake Joel",28.292398689680546,-81.15644500469399,Lake
"Lake Cockran",28.739035209085134,-81.13776023547219,Lake
"Rocky Pond",28.253603637789627,-81.0210911079737,Lake
"Lake Lucy",28.57406368422706,-81.49489283421947,Lake
"Lake Myrtle",28.31469165980418,-81.16457176211397,Lake
"Turkey Creek Bay",28.40669238553809,-81.13774062227421,Lake
"Lake Concord",28.556773827632973,-81.3855061897629,Lake
"Grape Hammock Slough",28.184578387107404,-81.10216602437565,Lake
"Lake Rowena",28.571081712187144,-81.36045719102415,Lake
"Lake Conway",28.469087255911564,-81.34953579003812,Lake
"Lake Mary Jane",28.36878157830171,-81.1793730256885,Lake
"Lake Charity",28.636293632093636,-81.37906794038257,Lake
"Big Bend Swamp",28.151553831768627,-81.1549771007032,Lake
"Spruce Creek Swamp",28.88200869985584,-80.96893729975733,Lake
"Theresa Lake",28.897424401771268,-81.19093040886473,Lake
"Deep Lake",28.612920406555222,-81.2532300345206,Lake
"Island Lake",28.692488813884506,-81.36463340539935,Lake
"Lake Winder",28.255359899001316,-80.84716714367947,Lake
"Taylor Lake",28.717664584366727,-81.10278457853674,Lake
"Lake Cain",28.485281785155088,-81.47226381663454,Lake
"Lake Russell",28.132507187539602,-81.41691809515389,Lake
"Taylor Creek Reservoir",28.323315111794976,-80.968103053882,Lake
"Lake Irish",28.78971809038008,-81.37769613826099,Lake
"Lake Susannah",28.561733430363404,-81.32335033532529,Lake
"Lake Buchanan",28.496492922614,-81.40596790578577,Lake
"Spring Lake",28.455003280817852,-81.48319325284426,Lake
"Rice Lake",28.75044829042295,-81.37759114495859,Lake
"Pearl Lake",28.190319901555732,-81.1903194869197,Lake
"Bullock Lake",28.303002756866317,-81.17373860028374,Lake
"Little Lake Howell",28.66795402682618,-81.28111483410102,Lake
"Lake Conlin",28.226560329914463,-81.1154723950417,Lake
"Lake Ashby",28.931350105965823,-81.09451027322739,Lake
"Lake Hellen Blazes",28.01808868851923,-80.79542236183708,Lake
"Lake Berry",28.58612323922053,-81.33327817435357,Lake
"Buck Lake",28.97352880216808,-81.43937372412753,Lake
"Trout Lake",28.258832084275248,-81.16903892186691,Lake
"Lake Louise",28.589518454967248,-81.09855852371858,Lake
"Dupont Lake",28.914831879937857,-81.21172608579103,Lake
"Moore Pond",28.538148414477934,-80.72440562211074,Lake
"Fish Lake",28.269719560139084,-81.34445607743334,Lake
"Lake Washington",28.14130769295467,-80.74518119252245,Lake
"Lake Butler Chain",28.8726367315419,-81.18214461690953,Lake
"Grass Lake",28.945939313066877,-81.41592970560633,Lake
"Ruth Lake",28.60589231397658,-80.94966192827057,Lake
"Lake Mizell",28.59347661992045,-81.33802124412239,Lake
"Fourmile Swamp",28.26336580923362,-81.05168601262889,Lake
"Rock Lake",28.546649257301095,-81.40169774301214,Lake
"Lake Cecile",28.328393237469626,-81.47841506592913,Lake
"Lake Seminary",28.64219538457478,-81.35986441537598,Lake
"Hinden Lake",28.32267217705615,-81.22711968237863,Lake
"Lake Brantley",28.69082320002721,-81.42185093215778,Lake
"Islet Pond",28.299977212065016,-81.0611733895348,Lake
"Lake Fairy",28.689148833798146,-81.33306655617,Lake
"Dupont Lake",28.926255029114625,-81.20239016376506,Lake
"Halfway Lake",28.403274166110315,-80.88178955350487,Lake
"Drawdy Bay",28.15580500524948,-81.29113062193927,Lake
"Lake Jennie Jewel",28.498219306491137,-81.37209645346883,Lake
"Turn Around Bay",28.17511641504496,-81.0619083114105,Lake
"Lake Drawdy",28.59229633469707,-81.12488911895123,Lake
"Lake Gleason",28.892101903470603,-81.26607689436975,Lake
"Lake Hutchinson",28.847586768525073,-81.18392251456496,Lake
"Lake Hart",28.376779297848074,-81.21256315882508,Lake
"Ellis Lake",28.651253945852833,-80.95562492474524,Lake
"Lake Kathryn",28.68270523835464,-81.32986976767775,Lake
"Mill Lake",28.634459115395362,-81.11469849235003,Lake
"Lawne Lake",28.563174122469555,-81.43774954170122,Lake
"Buck Lake",28.697258656789685,-80.9654137245242,Lake
"Acorn Fish Lake",28.87332073402804,-81.13999334663559,Lake
"Lake Gatlin",28.48871889952558,-81.36783914433006,Lake
"Prather Ponds",28.233967188281678,-81.26665074769647,Lake
"Long Lake",28.724062131475545,-81.10421805402977,Lake
"Mullet Lake",28.857711421863982,-81.31192148604417,Lake
"Puzzle Lake",28.67244831307795,-81.01179377331769,Lake
"Clark Lake",28.616159031723434,-80.9502787987495,Lake
"Naked Place",28.751782491333476,-81.21565832539363,Lake
"Lake Tracy",28.963539653664558,-81.47113303239261,Lake
"Jane Green Swamp",28.061358935109737,-80.87287891995028,Lake
"Big Whirl",28.85571947447518,-81.3536105384306,Lake
"Giddings Lake",28.964495063515415,-81.22621762454398,Lake
"Thornhill Lake",28.799873882618645,-81.17245899895853,Lake
"Mud Lake",28.80513006737042,-81.14209175371772,Lake
"Oakey Pond",28.073443416091255,-81.1101638414582,Lake
"Marl Bed Flats",28.729832201776862,-81.23520518833205,Lake
"The Lagoon",28.938724932332402,-81.34131387952593,Lake
"Island Pond",28.079031191781933,-81.0344214485944,Lake
"Soil Conservation Service Site 21 Reservoir",29.991825675109286,-96.7878422711501,Lake
"Crooked Creek Lake",29.525006736077703,-96.66426778754956,Lake
"Winkenwerder Lake",29.532429435708487,-97.40102500771357,Lake
"Lake Fayette",29.935077257180225,-96.73383672699578,Lake
"Kuester Lake",29.02106710195293,-97.05831136385534,Lake
"Stagners Lake",29.97192206988157,-97.12970249106466,Lake
"Double D Ranch Lake",29.872791589320244,-97.29473873326671,Lake
"Shipp Lake",29.994444894422276,-97.1148499805625,Lake
"Soil Conservation Service Site 23 Reservoir",29.985629619031496,-96.73136056601983,Lake
"Eagle Nest Lake",29.2264115574514,-95.61335829106359,Lake
"Venetian Lake",29.61897300109082,-95.62424432811717,Lake
"Munson Lake",29.236604305855447,-95.51677291761457,Lake
"Black Ranch Lake",29.238791701221555,-95.5655053939524,Lake
"Flag Pond",29.132503384187935,-95.5467451637495,Lake
"Cannons Lake",29.713668293921714,-96.01893357012682,Lake
"Smithers Lake",29.492095015403674,-95.65984924704576,Lake
"Brooks Lake",29.606192503864488,-95.62895711250339,Lake
"Turner Lake",29.378335147401806,-95.5688745964728,Lake
"Tenneco Lake Number 1",29.156230612089264,-95.62330698701666,Lake
"Pilant Lake",29.37817645932158,-95.62479556185872,Lake
"Horseshoe Lake",29.589022992950415,-95.7161309074723,Lake
"Mann Lake",29.191543479165432,-95.59547314439506,Lake
"Tankersley Lake",29.33985647069653,-95.51655258629651,Lake
"Hog Lake",29.2216566216465,-95.51255155908457,Lake
"Garret Lake",29.844061192650667,-96.098162396285,Lake
"Eagle Lake",29.5691094331144,-96.34254881396252,Lake
"Jennings Lake",29.03077005044901,-96.04774364076896,Lake
"Frost Lake",29.591735858264506,-95.57196395930467,Lake
"Horseshoe Lake",29.616943488656826,-95.6153758979712,Lake
"Lake Paw Paw",29.404690563530735,-95.6706287814451,Lake
"Horseshoe Lake",29.071446665772378,-95.54846803978987,Lake
"Warren Estate Reservoir",29.983456796786154,-95.84318006838149,Lake
"Figure Four Lake",29.65209214700663,-95.73230175161913,Lake
"Tenneco Lake Number 2",29.15396660121701,-95.59361837577394,Lake
"Mallard Lake",29.961828963211754,-95.7564700697077,Lake
"Brazoria Reservoir",29.06866180487944,-95.52516082819594,Lake
"Harris Reservoir",29.242574371804793,-95.53970989844137,Lake
"San Bernard Reservoir Number 2",29.095718660607982,-95.71715830045996,Lake
"Bell Lake",29.247205542429384,-95.57376723901646,Lake
"Coffee Lake",29.366119108995722,-95.53305781473725,Lake
"Flag Pond",29.090432803007957,-95.74665016624155,Lake
"Manor Lake",29.219537408581814,-95.5799565283566,Lake
"Alligator Hole",29.702150619677248,-96.07173392102294,Lake
"Old River Lake",29.591737159852812,-95.73960574351614,Lake
"Brazoria Reservoir",29.05328825815691,-95.53311959568708,Lake
"Beal Reservoir",29.18966885658175,-95.62310089615204,Lake
"Northington Lake",29.369581941156145,-96.25297113138893,Lake
"York Reservoir",29.078125504841395,-95.5730239648066,Lake
"Shoe Sugar Pond",29.12751138858077,-95.8672161841166,Lake
"Twin Basin",29.155013908190703,-96.20864567940704,Lake
"Big Lake",29.1679937854136,-95.88553008372305,Lake
"Clemens Reservoir Number 2",29.01906487074518,-95.50237074626351,Lake
"Dennison Lake",30.002998561074868,-95.87859301719743,Lake
"Gordy Marsh",29.5935968531245,-94.66709941297486,Lake
"W Scott Frost Reservoir Number 1",29.884043926695284,-94.95610551763232,Lake
"Moses Lake",29.424635646958986,-94.9310365246889,Lake
"Archer Lake",29.359760358809176,-95.41615337575963,Lake
"Lake Como",29.213708011628647,-94.94906307090028,Lake
"Hudeck Reservoir",29.24201993437444,-95.3858590719561,Lake
"Lost Lake",29.08665836256748,-95.21076288362346,Lake
"Lynchburg Reservoir",29.773400076672914,-95.07064178520272,Lake
"Day Lake",30.01216092372787,-94.84099437039237,Lake
"Mustang Lake East",29.301866996918147,-95.19101700622784,Lake
"Lake Jackson",29.39537592606846,-95.4953044089636,Lake
"Division Lake",29.33937202613814,-95.42217363975297,Lake
"Wallis Lake",29.547940922864264,-94.70466533785243,Lake
"Lost Lake",29.855548032568795,-94.78321714518135,Lake
"Tigner-Farrer Reservoir",29.173775477649944,-95.37557991978828,Lake
"Robinson Lake",29.581509335434614,-94.59602506411053,Lake
"Dunn Lake",29.785273954523603,-94.77160149825859,Lake
"Swinney Marsh",29.937789020280498,-94.73939461816276,Lake
"Wolf Lake",29.038622302480732,-95.23717885632081,Lake
"Swan Marsh",29.660406315905966,-94.92114185173989,Lake
"McCormack Reservoir",29.13926558246489,-95.32351013050099,Lake
"Smith Bayou",29.80421252468349,-94.71336034410312,Lake
"Clemens Reservoir Number 1",29.019438177483995,-95.49712125965489,Lake
"Club Lake",29.07504389915942,-95.47235123936102,Lake
"Lake Sandy",29.793854768516077,-95.08449876020423,Lake
"Highlands Reservoir",29.83018082672917,-95.02773893255033,Lake
"Mustang Lake West",29.298195761239867,-95.19650277690046,Lake
"Ward Lake",29.12240056656097,-95.49014451072122,Lake
"Muleshoe Lake",29.85003731851092,-95.09785214663165,Lake
"Garrett Lakes",29.270210345406383,-95.32618348784789,Lake
"Lake Stephenson",29.58126098241979,-94.66092719463431,Lake
"Lake Charlotte",29.866198268134404,-94.72778880418464,Lake
"Round Lake",29.818440265268958,-94.7725818171852,Lake
"Thurmond Lake",29.368373099872425,-95.47749296482232,Lake
"Chenango Lake",29.24451399892984,-95.46726713164102,Lake
"Sheldon Reservoir",29.872037587745982,-95.17694861637551,Lake
"Turkey Creek Marsh",29.99773845191681,-94.74767792037933,Lake
"Reservoir Number 17",29.23676588697951,-95.32012210331828,Lake
"McCormack Reservoir Number 3",29.131511657052048,-95.32796922940028,Lake
"Salt Lake",29.04670885561153,-95.24994046187878,Lake
"Gordy Marsh",29.598162123911337,-94.68602167894993,Lake
"Lawrence Lakes",29.798669366827284,-94.7591273834843,Lake
"Lake Jackson",29.058444207581168,-95.47162342654741,Lake
"Wallisville Lake",29.808657874660746,-94.72967423159838,Lake
"Carancahua Lake",29.245967799530842,-95.02914584035688,Lake
"Bieri Lakes",29.197768042868415,-95.35259815076581,Lake
"Evans Lake",29.104400486122977,-95.3466858944301,Lake
"Mesquite Pond",29.79494801388645,-94.78349869239803,Lake
"Nicks Lake",29.026652380252933,-95.24088456113034,Lake
"Taylor Lake",29.59003414980875,-95.04560636508943,Lake
"Monsanto Reservoir",29.26531969073578,-95.21193174307655,Lake
"Old River Lake",29.821493830114388,-94.78790628044663,Lake
"Buckhorn Lake",29.886390115681618,-95.1363242429952,Lake
"Mud Lake",29.56985590652604,-95.07513598117455,Lake
"Lostak Lake Number 1",29.19317208713804,-95.33114702968749,Lake
"Lake Anahuac",29.797877653507584,-94.68413450440548,Lake
"Mud Lake",29.85481213692797,-94.72090887454056,Lake
"Peterson Bayou",29.820978341183782,-94.75751168147772,Lake
"Cox Lake",29.075590276652335,-95.23402193414394,Lake
"Cedar Bayou Lake",29.8902206648013,-94.98947507761035,Lake
"Cotton Lake",29.80032402760973,-94.80198408529297,Lake
"Greens Lake",29.283142937769302,-94.99828112133589,Lake
"Lake Miller",29.84834720504636,-94.73420711337472,Lake
"Chubb Lake",29.013852315956765,-95.34837984346596,Lake
"Lemon Reservoir",29.159543652439112,-95.3234138060129,Lake
"Galveston County Industrial Water Reservoir",29.44076530882079,-94.97411106085777,Lake
"Cedar Lake",29.192695388495356,-95.08296182813804,Lake
"McCormack Reservoir Number 4",29.12734187299594,-95.321623651099,Lake
"Bieri Lake Number 3",29.205365384575757,-95.35871088201024,Lake
"Horseshoe Lake",29.374000923828557,-94.76459207547155,Lake
"Lake Surprise",29.556964655360566,-94.67782132996389,Lake
"Mayes Lake",29.827143457482517,-94.76802844750061,Lake
"Dutton Lake",29.769030380673716,-94.81763784673853,Lake
"Alligator Lake",29.110413039765675,-95.21496623781593,Lake
"Duck Lake",29.266511180172813,-95.22159139737369,Lake
"Lake Houston",30.007996309258896,-95.17945783380962,Lake
"Dingle Lake Number 1",29.279651489494835,-95.30446574551506,Lake
"Peterson Lake",29.812226170098594,-94.74974180054029,Lake
"Dane Lake",29.135791770199255,-95.49036058767314,Lake
"Follet Lake",29.06198835627818,-95.37882023962833,Lake
"Peltier Lakes",29.21235922443032,-95.28702851022643,Lake
"Round Lake",29.79959019155673,-93.95999361005256,Lake
"Willow Slough Marsh",29.769569922333147,-94.12688780542575,Lake
"Stanolind Reservoir",29.696634462150726,-94.38126953471932,Lake
"Mud Lake",29.580620202501784,-94.33489622025895,Lake
"Shallow Prong Lake",29.7855550738133,-94.0649668949196,Lake
"Salt Lake",29.718945535328015,-94.01085751104878,Lake
"Viterbo Reservoir",29.927584469176455,-94.08377601755595,Lake
"Lost Lake",29.78623608120906,-93.98324986647975,Lake
"Barnett Lake",29.75095581354199,-94.05296175800802,Lake
"Willow Slough Marsh",29.771231786927196,-94.10061618172759,Lake
"Dipping Vat Ponds",29.68700892217221,-94.06304223643762,Lake
"Dipping Vat Ponds",29.691092662612867,-94.05091649999788,Lake
"Fence Lake",29.70261887181784,-94.02018331280428,Lake
"Willow Lake",29.759062945102887,-94.03968087024339,Lake
"Marshall Estate Lake Number 2",29.751315523532394,-94.36890354784832,Lake
"Knight Lake",29.70440655608297,-93.98458041124921,Lake
"Big Hill Reservoir",29.865636271001538,-94.02331406950319,Lake
"Sabine Lake",29.879910235776048,-93.82059187429861,Lake
"Five Lakes",29.907195004609445,-93.57454501551481,Lake
"Vincent Lake",29.937916934262333,-93.54548787246588,Lake
"Dore Lake",29.9327900858218,-93.58315773538118,Lake
"Horseshoe Marsh",29.581871174270972,-94.41156441686168,Lake
"Willow Lake",29.98883748313475,-93.19417028084764,Lake
"Sweet Lake",29.958399986633392,-93.14786579518193,Lake
"Lake Arthur",30.020283093051088,-92.74871311020637,Lake
"Oyster Lake",29.799506360097308,-93.39298489217731,Lake
"Mud Lake",29.8023164254372,-93.44998816606801,Lake
"Mosquito Lake",29.93322895937714,-93.17408057767776,Lake
"West Cove",29.85906391248595,-93.39525088139804,Lake
"Black Lake",30.01195637133301,-93.41864409025754,Lake
"Wild Cow Lake",29.954675872958184,-93.44844246331365,Lake
"Blind Lake",29.931062640541146,-93.14754720871618,Lake
"Browns Lake",29.927393819524116,-93.40824056350249,Lake
"Broussard Lake",29.88289531524904,-93.17079168260544,Lake
"Calcasieu Lake",29.956022145247186,-93.29644059204021,Lake
"Blackfish Lake",29.85422616421774,-92.62302123212024,Lake
"Second Lake",29.70859296371888,-92.86371071132642,Lake
"Boudreaux Lake",29.909766367282558,-93.08963706690771,Lake
"Round Lake",29.858380234303592,-92.65092123596612,Lake
"Broussard Lake",29.86409773432375,-93.13354249451504,Lake
"Lake Le Bleu",29.822794234431317,-92.61356592742311,Lake
"Little Lake Misere",29.918501280343445,-92.9462770107419,Lake
"The Narrows",29.9156319341821,-92.93458952890825,Lake
"Grand Lac L'Huit",29.783209710769917,-92.64117642168867,Lake
"Mud Lake",29.942847164093866,-92.84681093057503,Lake
"Rollover Lake",29.6034315638735,-92.55154585984853,Lake
"Latania Lake",29.924021766927375,-92.83714366813751,Lake
"Mallard Bay",29.924151103037204,-92.68129451825521,Lake
"Alligator Lake",29.812191458618948,-92.63665152284649,Lake
"Blackfish Bay",29.841775205055125,-92.64274149971102,Lake
"Little Catfish Lake",29.852119667555844,-92.81359483384419,Lake
"Catfish Lake",29.8450389285975,-92.83028411781972,Lake
"Umbrella Bay",29.895725755415633,-92.70010094701902,Lake
"Little Pecan Lake",29.797083246395896,-92.87394360543766,Lake
"Lake Misere",29.9080565156145,-92.9011843279773,Lake
"East Constance Lake",29.617225602810592,-92.57817942952165,Lake
"Flat Lake",29.582635978145476,-92.5639125185845,Lake
"White Lake",29.743814595459902,-92.4982181227085,Lake
"Go Around Bayou",29.78588441756152,-92.80867281633222,Lake
"Willow Lake",29.88877296202794,-92.668349794393,Lake
"Devils Lake",29.87638074794835,-92.63574378546978,Lake
"Snake Lake",29.881165598882433,-92.65503264795255,Lake
"Miller Lake",29.641441224517322,-92.77811862999832,Lake
"Deep Lake",29.65177203108251,-92.71260639415814,Lake
"Grassy Lake",29.66301294734473,-92.66227776644013,Lake
"Collicon Lake",29.827645354784206,-92.65899104841093,Lake
"Grand Lake",29.876451844930436,-92.75214270536719,Lake
"Turtle Lake",29.787496399046184,-92.62564861040858,Lake
"Tolan Lake",29.689319420502038,-92.8489465103697,Lake
"Dr Miller Canal",29.78289502109949,-92.84329841124699,Lake
"Alligator Lake",29.671042770730033,-92.81340746387724,Lake
"Teal Lake",29.682772337498783,-92.84477119957617,Lake
"Price Lake",29.688566400398628,-92.81594170710541,Lake
"Petit Lac L'Huit",29.787400198541746,-92.6484154780509,Lake
"Long Lake",29.819778624565885,-92.7200222784172,Lake
"Lake Benoit",29.82395816440206,-92.74230469964446,Lake
"Lake Monzelum",29.896478128255914,-92.6861505968837,Lake
"Blue Lake",29.631845144939515,-92.67003599290057,Lake
"Bear Lake",29.709162596919832,-92.55801316327397,Lake
"Grande Volle Lake",29.71372393459173,-92.58267053888844,Lake
"Alligator Lake",29.72444974317263,-92.6018865625037,Lake
"Grand Avoille Cove",29.920876222201997,-91.5570410825975,Lake
"Lake Peigneur",29.982370185384113,-91.97845287793135,Lake
"Mud Lake",29.753996906699694,-91.5872858744341,Lake
"Lake Fausse Pointe",30.008726782751697,-91.61005004674188,Lake
"Clear Lake",29.784570594560535,-92.44433568835088,Lake
"Big Charles Bayou",29.599529258214535,-91.98030412112222,Lake
"Bayou Michael",29.60399880578699,-91.92555185379763,Lake
"Belle Isle Lake",29.68067346823102,-92.20121008149547,Lake
"Fearman Lake",29.686469464991387,-92.1651820139926,Lake
"Green Island Bayou",29.77400597937193,-92.0614798903623,Lake
"Onion Lake",29.768246337584088,-92.11628342623908,Lake
"Tigre Lagoon",29.831736745711904,-91.95046639556959,Lake
"Hammock Lake",29.714790211990607,-91.84625445694591,Lake
"Lake Sand",29.5668512847223,-91.75132199491564,Lake
"Lake Blanc",29.575245626747755,-91.79651387368575,Lake
"Portage Lake",29.60289844042395,-92.1066727604078,Lake
"Big Charles Bayou",29.607442855666033,-91.98403418434667,Lake
"Hog Lake",29.628313854508225,-92.13866333963885,Lake
"South Lake",29.667547835519866,-92.14330620219269,Lake
"Lake L'isle a Pete",29.792100540662428,-92.02406987700846,Lake
"Scat Lake",29.562295766559522,-91.79229812366466,Lake
"Lake Michael",29.578552445437555,-91.81487589383674,Lake
"Bob Lake",29.68439619529507,-92.13660925542136,Lake
"Teal Ponds",29.657928983805842,-92.19794289909072,Lake
"Nicks Lake",29.641171882915113,-92.18710041629781,Lake
"Lucien Lake",29.562901400620117,-91.89650735625517,Lake
"Lake Ferme",29.543548082994302,-91.86847424981204,Lake
"Oyster Lake",29.52359135470847,-91.87006292575592,Lake
"Long Lake",29.559879269970637,-91.88677637359194,Lake
"Lake Jefferson",29.58635372644859,-91.94340930612132,Lake
"Lake Cock",29.79758944111281,-92.0036879379682,Lake
"Lake Tripod",29.762558056227995,-92.09277816437141,Lake
"Big Island Lakes",29.66627432933626,-92.17514638073399,Lake
"Hebert Lake",29.799901028031886,-92.03393593882056,Lake
"Lake Cleodis",29.763294016609755,-92.08406826340781,Lake
"Bayou Platte",29.604889302919688,-91.89298832224974,Lake
"Joe Aucoin Bayou",29.60683850166475,-91.83920868325937,Lake
"Hawkins Bayou",29.555956639568542,-91.73167543056118,Lake
"East Branch Oyster Bayou",29.510460786785593,-91.78126927250479,Lake
"Little White Lake",29.75635873714498,-92.17084696303642,Lake
"North Lake",29.68101166543718,-92.12892128968281,Lake
"Bayou Pirre",29.75430436416221,-91.8562107825114,Lake
"Worm Cove",29.592450900185533,-91.7989393456719,Lake
"Hell Hole",29.615574474726102,-92.10618139231546,Lake
"Lake Long",29.580067485847593,-90.55492686968508,Lake
"Lake Fields",29.643535078230485,-90.57731877869219,Lake
"Lake Palourde",29.714365609655378,-91.13711853607029,Lake
"Lac des Allemands",29.924847170744005,-90.5813910179894,Lake
"Grassy Lake",29.78088019057337,-91.1151949662487,Lake
"Lake Hackberry",29.583822699464857,-90.94919344066855,Lake
"Sixmile Lake",29.779192947124404,-91.38873561441221,Lake
"Lake Verret",29.890570238617425,-91.14116979489131,Lake
"Lake Boeuf",29.787252143122938,-90.6236313916324,Lake
"Boutte Cove",29.83658651322461,-91.34521991976777,Lake
"Dufrene Ponds",29.803742415346637,-90.4875541502239,Lake
"Duck Lake",29.82954547014686,-91.30691308572051,Lake
"Lake Cocodrie",29.600363019131887,-90.97511870446985,Lake
"Lake Hackberry",29.589127611762905,-90.9439485410129,Lake
"Bay Wallace",29.642847255787018,-90.99749115627155,Lake
"Sword Bayou",29.54738621486409,-91.20726093288252,Lake
"Mosquito Bay",29.27445543463794,-91.19646707521098,Lake
"Bay Castagnier",29.246329963187634,-91.16113055374309,Lake
"Bayou New Route",29.279592238461724,-90.99860066097223,Lake
"Grand Bayou du Large",29.1954857448185,-90.96647418257417,Lake
"Treasure Bayou",29.28028931623673,-90.78962229037313,Lake
"Lake Boudreaux",29.39382903673998,-90.64969935296803,Lake
"Caillou Lake",29.242599641966514,-90.91844926710493,Lake
"Lake Chapeau",29.295726149381306,-91.25611608300818,Lake
"Old Oyster Bayou Lake",29.247574992464955,-91.09102722415695,Lake
"Deep Saline",29.250191237479335,-90.69992027343672,Lake
"Bay Sale",29.208139660628984,-90.70890803531512,Lake
"Lake Penchant",29.44103851303047,-90.91824687519394,Lake
"Lake De Cade",29.401579528509725,-90.85908154512013,Lake
"Bay Banan",29.234670275461244,-91.01760743988771,Lake
"Lake Theriot",29.469098845690908,-90.83037460716699,Lake
"Bay Long",29.289713154710896,-90.85123666539644,Lake
"Lost Lake",29.337076133875463,-91.05299432351852,Lake
"Fiddlers Lake",29.270634094033547,-91.06434997060092,Lake
"Bayou la Loutre",29.377546045419194,-90.95904071591202,Lake
"Carencro Lake",29.385053146002598,-91.0674640259535,Lake
"Lake Mechant",29.296401365219953,-90.97788380602694,Lake
"Bay Junop",29.235640305795823,-91.05110364711369,Lake
"King Lake",29.252215788879713,-90.98333112653508,Lake
"Lake Gascha",29.55933782219065,-91.19685841958474,Lake
"Eagle Lake",29.321033818286654,-91.01905354843387,Lake
"Lake Hatch",29.51613484689364,-90.79791751426633,Lake
"Lake Pagie",29.340352580506394,-90.99848387150095,Lake
"Jack Stout Bay",29.204763503720294,-91.00483606057465,Lake
"East Bay Junop",29.199181941237562,-91.03966155737908,Lake
"Mudhole Bay",29.24649623865211,-91.02370763069739,Lake
"Proveausal Bay",29.200333295244775,-91.02031358587236,Lake
"Goose Bay",29.325629312557382,-90.9911739450222,Lake
"Raccourci Bay",29.355831849880108,-90.94555770878476,Lake
"Bay Voisin",29.21342727391322,-90.97982695894336,Lake
"Hackberry Lake",29.19783180264606,-90.87045694971219,Lake
"Felix Lake",29.323890198309215,-90.73969247487203,Lake
"Moncleuse Bay",29.240075621315288,-90.84972576211574,Lake
"Salt Bay",29.16676901468912,-90.77639291624165,Lake
"Mangrove Bay",29.173816906562962,-90.74114094147666,Lake
"Dog Lake",29.162169031939857,-90.84517046567701,Lake
"Bay Charlie",29.17591476689726,-90.79871203539626,Lake
"Bay Long",29.372861102252088,-90.98374454704285,Lake
"Jug Lake",29.37439511721193,-90.94512709247235,Lake
"Big Misale Bayou",29.135481049483907,-90.76379458302934,Lake
"Deer Bay",29.211518279690935,-90.73426057025367,Lake
"Big Misale Bayou",29.176151851124562,-90.75394506846196,Lake
"Bay Touch-me-not",29.192844836619606,-90.70395769751764,Lake
"Lake Gero",29.392612822908276,-90.6843022674843,Lake
"Lake Quitman",29.340288912951262,-90.67490869609705,Lake
"Bay Baptiste",29.3759853242912,-90.52606806859038,Lake
"Wonder Lake",29.434383767052935,-90.50823001773348,Lake
"Madison Bay",29.380065019848008,-90.5632220187926,Lake
"Bayou Chouvere",29.36364302633274,-90.51355977195855,Lake
"Big Hellhole Lake",29.216504711899493,-91.08792790300164,Lake
"Indian Bay",29.2243772751202,-91.01562880092966,Lake
"Billy Goat Bay",29.413349826217086,-90.56190644994378,Lake
"Oyster Bayou",29.152686939175414,-90.70969322459486,Lake
"Bay de Mongles",29.15682470330911,-90.75071431351068,Lake
"Pelican Lake",29.099532456285452,-90.82575428311641,Lake
"Bay Wilson",29.08312870910768,-90.83993985188133,Lake
"Bay Round",29.072104669004982,-90.8123700814391,Lake
"Bay California",29.116717460999084,-90.77939540435557,Lake
"Mud Lake",29.284373708516323,-90.91359747201994,Lake
"Wax Lake",29.599837783937303,-91.4203059575549,Lake
"Towhead Lake",29.590361505127113,-91.37510571335523,Lake
"Lake Salve",29.580971663413102,-91.30692191921365,Lake
"Spanish Lake",29.61230908726046,-91.34031136150344,Lake
"Bateman Lake",29.639384408042467,-91.22875496556682,Lake
"Belle Isle Lake",29.522180312391274,-91.3951929057821,Lake
"Lake Salvador",29.71542173523842,-90.23833452508589,Lake
"Bayou Plat",29.70728010054928,-90.07540396207904,Lake
"Lake Cataouatche",29.837577739716053,-90.22772380499433,Lake
"Baie du Cabanage",29.765681843232976,-90.2960983739474,Lake
"Baie des Chactas",29.74478692516605,-90.33334636036348,Lake
"Simoneaux Ponds",29.792124926709597,-90.40566769078976,Lake
"Mink Bayou",29.373907781855095,-90.24943825099737,Lake
"Lake Laurier",29.19296208682264,-90.13716415020832,Lake
"Bay Jaque",29.301321733740814,-90.13963491407361,Lake
"North Lake",29.263429776505934,-90.17486927406652,Lake
"Lake Jesse",29.25621881089485,-90.19138425172804,Lake
"South Lake",29.248093853364992,-90.17201109253534,Lake
"Brusle Lake",29.490386892121155,-90.21051218683623,Lake
"Bay Dosgris",29.486778741358297,-90.07875748593061,Lake
"Coffee Bay",29.447819506482404,-90.11749041035881,Lake
"Catfish Lake",29.384225304393453,-90.31322173202922,Lake
"Bay Courant",29.32280423458729,-90.34722911586606,Lake
"Little Lake",29.238617135193625,-90.27327429508226,Lake
"Laurier Bay",29.292752965344963,-90.27577561574377,Lake
"Little Grand Bay",29.32518545332321,-90.32883279492079,Lake
"Bay des Conards",29.30474145446856,-90.37152089967496,Lake
"Hackberry Bay",29.228957092401917,-90.24344340653491,Lake
"Lake Billiot",29.337571974844305,-90.38895950875391,Lake
"Chinaman Bayou",29.29875122156941,-90.33597985321735,Lake
"Pickett Bay",29.209830867305193,-90.2563988128995,Lake
"Bay Sevin",29.346706734901993,-90.29209807302682,Lake
"Lake Bully Camp",29.445092277621825,-90.40728221696286,Lake
"Lake Cheniere",29.39883296792073,-90.36435161768706,Lake
"Calm Lake",29.36882091027642,-90.37280268724587,Lake
"Mud Bay",29.487755259936307,-89.64936880352046,Lake
"Bayou Fon Gera",29.710833266727114,-89.73357320196929,Lake
"Grand Lagoon",29.949187911982218,-89.52864091103518,Lake
"Sun Lagoon",29.736761306703734,-89.84217813740717,Lake
"Bayou Catilano",29.79353028635999,-89.64963411213117,Lake
"Brick Lagoon",29.950895940574583,-89.51442995677641,Lake
"Hopedale Lagoon",29.807364936670314,-89.64716388122704,Lake
"Little Halfmoon Bay",29.834759111100293,-89.51506454568043,Lake
"Bottle Lagoon",29.69900535951996,-89.62738902888954,Lake
"Cochon Bay",29.763999772946274,-89.6927463944258,Lake
"Bell Bayou",29.59073673901338,-89.77260179488393,Lake
"Lake Batola",29.67840943917095,-89.79718552677065,Lake
"Pointe Fienne Bay",29.65699370687969,-89.78410867574881,Lake
"Stump Lagoon",29.89202392070081,-89.51498186622456,Lake
"Gasper Bay",29.458174604620947,-89.56820619922428,Lake
"Lake Jean Louis Robin",29.722821192051207,-89.62633996256618,Lake
"Bayou Barge",29.614482205253946,-89.78444771533036,Lake
"Wreck Bay",29.614716394478627,-89.7715449635688,Lake
"Bayou Batola",29.697804036247465,-89.82004627031652,Lake
"Adema Pond",29.631805669128383,-89.67794055904257,Lake
"Bay Shallow",29.681773644336293,-89.7273077978797,Lake
"Bay Jack Nevette",29.648004013019815,-89.76512289911129,Lake
"Long Lagoon",29.823387931452093,-89.48862384927392,Lake
"Bay Denesse",29.37635460591866,-89.49470515365674,Lake
"Clam Bay",29.54885675009453,-89.70904522733186,Lake
"Second Bay",29.603565854473374,-89.77427271043182,Lake
"Daylight Bay",29.64860472880621,-89.73969907169912,Lake
"Lake John",29.724686052811116,-89.71418794584332,Lake
"Spanish Lake",29.71115550835356,-89.88823611205925,Lake
"Bayou Batola",29.757912433311247,-89.66906742824176,Lake
"Round Lake",29.675534735071054,-89.6932397047221,Lake
"Long Bayou",29.57558980209099,-89.73717152681313,Lake
"Lagoon Brady",29.828677110048073,-89.54510752795888,Lake
"Bay Schayot",29.58791991604711,-89.76356267347995,Lake
"Lakes of Bayou Marron",29.997083449213157,-89.49333051888638,Lake
"Lake Pato Caballo",29.678482998593083,-89.66256416651146,Lake
"Alligator Pass",29.721469744989133,-89.81964504671805,Lake
"Felicity Bay",29.560596706909184,-89.73121597369052,Lake
"Halfmoon Pass Bay",29.819455129914854,-89.52319764258006,Lake
"Shrimp Lagoon",29.715417124263425,-89.76305905630728,Lake
"Petain Lagoon",29.7405714548337,-89.68799689783764,Lake
"Muscle Bay",29.902331400582455,-89.50502037978862,Lake
"Bayou Pisana",29.80919143464561,-89.55007183949307,Lake
"Lagoon Giraud",29.85493291783631,-89.52379846226451,Lake
"Little Oak Pond",29.68463437901308,-89.92017481622104,Lake
"Sister Bayou",29.674394564605187,-89.7188864578512,Lake
"Lake Lery",29.794436336701114,-89.82490488313388,Lake
"Lost Flat Bay",29.6414299692447,-89.70840682934691,Lake
"Cox Bay",29.481726181869952,-89.61871501230715,Lake
"Negro Lagoon",29.88687709950469,-89.58314779019624,Lake
"Lena Lagoon",29.84706704006867,-89.60256224669538,Lake
"Portman Lagoon",29.83027092778524,-89.63914521908222,Lake
"Antonios Lagoon",29.867847438307216,-89.70126726541915,Lake
"Bernard Lagoon",29.79441740233926,-89.62273366453367,Lake
"Lake Cuatro Caballo",29.6911439969728,-89.69595732905108,Lake
"Petes Lagoon",29.9134513574811,-89.51792736206419,Lake
"Little Lake Batola",29.7227430175611,-89.78333417180568,Lake
"Grand Lagoon",29.821258857239307,-89.71435459041189,Lake
"Third Bay",29.600061774067235,-89.75781288244353,Lake
"Cutoff Lagoon",29.926464043065234,-89.5235479669295,Lake
"Magnolia Lagoon",29.869832399431008,-89.54837327805437,Lake
"First Bay",29.610380311226514,-89.78806446594699,Lake
"Lake Ameda",29.800840408962582,-89.66709769339363,Lake
"Pontons Bay",29.646110982660627,-89.75124572396692,Lake
"Schayots Canal",29.668129581469376,-89.91197867227571,Lake
"Biloxi Lagoon",29.944671890560425,-89.51889812263319,Lake
"Branville Bay",29.660040865046383,-89.71042725656612,Lake
"Lake Fausan",29.66709966931963,-89.75178848748133,Lake
"Bayou Pisana",29.774353142115192,-89.59791955528964,Lake
"Bayou Batola Bay",29.75851564455693,-89.6477576140365,Lake
"Pintail Flat",29.67588610649154,-89.67654472938501,Lake
"The Garigue",29.702652984832188,-89.77962601116221,Lake
"Oyster Bay",29.792787586359932,-89.63872156700262,Lake
"Magill Lagoon",29.996258498905373,-89.5237340625782,Lake
"Lost Lake",29.76755999673088,-89.82493775923997,Lake
"Shell Lake",29.699446340285395,-89.75890173952929,Lake
"Grand Lake",29.713865147885446,-89.84747017868274,Lake
"Big Mar",29.841359631219245,-89.90988183039316,Lake
"Petit Lake",29.71740805448135,-89.8017044549463,Lake
"Tanasia Lagoon",29.77497517901431,-89.68461193679836,Lake
"Caquin Bay",29.580838359564204,-89.75465868158392,Lake
"Blind Lagoon",29.837379309759303,-89.45643524442325,Lake
"Drum Lake",29.860952248229793,-89.46367728258824,Lake
"Joe Shiman Pass",29.822011707437323,-89.46579474101945,Lake
"Lake Eugenie",29.920779023001177,-89.41849668831169,Lake
"Halfmoon Lake",29.80867135779151,-89.46059714475564,Lake
"Bayou Muscle",29.920623354219764,-89.38869786028594,Lake
"Redfish Bayou",29.952515042913003,-89.40925227559266,Lake
"Lake of the Mound",29.882221097736064,-89.38974430858397,Lake
"Lake Athanasio",29.748765640822967,-89.4539994543146,Lake
"Lake Eloi",29.77446400375236,-89.43994757876447,Lake
"Alexis Bay",29.317660485321287,-89.33616424313341,Lake
"Deep Pass",29.802292434686656,-89.46339874825783,Lake
"Drum Hole",29.867155539961434,-89.4796304170975,Lake
"Flat Bay",29.85409947555296,-89.4182873181207,Lake
"Crooked Bayou",29.907413794889035,-89.47446632883569,Lake
"Bobs Lakes",29.967523862655383,-89.45813424016765,Lake
"Busters Bayou",29.939907912605783,-89.39135543327512,Lake
"Goose Flat",29.937319560699102,-89.48324470433019,Lake
"Panther Swamp",29.90246010697501,-85.35074001055682,Lake
"Van Horn Bay",29.900298988148517,-84.9997110629472,Lake
"Teal Miller Flats",29.853075173413007,-84.68339881518256,Lake
"Otter Creek Swamp",29.794028935117723,-84.7854308990345,Lake
"Bird Swamp",29.792671898463986,-84.8336768348078,Lake
"Duck Lake",29.88015363031922,-84.6188839557392,Lake
"George Washington Swamp",29.79441245895694,-85.2825683761699,Lake
"Pickett Bay",29.894091879375733,-84.7022979485912,Lake
"Oyster Pond",29.640037423235274,-85.1382393268628,Lake
"Thousand Yard Bay",29.95689540198288,-84.70376265735239,Lake
"Tates Hell Swamp",29.822375936562878,-84.76648306060162,Lake
"Bear Swamp",29.986597535188015,-85.3989124917285,Lake
"Robinson Bay",29.96470481877059,-85.11556788536436,Lake
"Womack Creek Swamp",30.00962942830489,-84.58277467749531,Lake
"Cerser Swamp",29.987346984954808,-85.30202709483521,Lake
"Lake Wimico",29.79646767128595,-85.14272078986197,Lake
"Big Slough Branch",29.984676047256183,-84.86470394119527,Lake
"Cash Swamp",29.80953840311593,-84.80991838611598,Lake
"Warrior Swamp",29.971217997235232,-83.53435047403252,Lake
"Big Trail Pond",29.93649728756848,-83.54630549613209,Lake
"Corn Landing Lake",29.953181092665215,-84.4386072666099,Lake
"Minom Sog",29.846900557200367,-83.50303420513931,Lake
"Metcalf Lake",29.951636031849937,-84.3899828145653,Lake
"White Oak Swamp",29.885253848014784,-83.50470193835028,Lake
"Silver Lake",29.99779554550784,-84.42241325654521,Lake
"Big Trail Pond",29.93608201621579,-83.56546128044702,Lake
"Adams Pond",29.92830667785182,-83.57751917302181,Lake
"Tucker Lake",29.921226397090887,-84.35849769165597,Lake
"Coker Sog",29.829712075278334,-83.50401038248516,Lake
"Jones Pond",29.556586912356433,-82.72924259039098,Lake
"Picket Lake",29.986934618668837,-83.04437991026327,Lake
"Long Pond",29.615609821557168,-83.07660762625783,Lake
"Waccasassa River",29.508949367826126,-82.7075631038117,Lake
"Half Moon Pond",29.59291495542647,-82.57458050290307,Lake
"Grass Pond",29.747660314126353,-82.7684460638887,Lake
"California Swamp",29.410889441469124,-83.15144138726252,Lake
"Bowen Lake",29.560620660530304,-82.71001108378616,Lake
"Shirley Lake",29.575430811048378,-82.72548604333637,Lake
"McCain Lake",29.568755218326256,-82.71364794457863,Lake
"Sand Slough",29.136997621507042,-82.54699620910893,Lake
"Bonable Lake",29.13801640506238,-82.52419112714406,Lake
"Land Bay",29.972379550534207,-83.1874902370676,Lake
"Long Pond",29.44342523726371,-82.84831826716616,Lake
"Lake Rousseau",29.037203050112335,-82.54238384463504,Lake
"Bagget Lake",29.773024573715265,-82.74464654555364,Lake
"Dallis Waterhole",29.851695337555096,-83.47433354207887,Lake
"Barrel Pond",29.531266885043376,-82.5899780708732,Lake
"Buzzard Roost Prairie",29.930731213285796,-82.585030269249,Lake
"Winquipin Lake",29.526490714195248,-82.72436325452607,Lake
"Rocky Hammock",29.34505804976681,-82.8488612784208,Lake
"Turner Lake",29.10718549958208,-82.49538161624943,Lake
"Oaky Heads",29.954369051783424,-83.27671062418865,Lake
"Station Pond",29.52396957945479,-82.6599755319835,Lake
"Knighting Lake",29.633265228408266,-82.73278153633281,Lake
"Blue Pete Lake",29.503066241157413,-82.50572187757055,Lake
"Board Pile Bay",29.82400523041706,-83.02179820380822,Lake
"Little Bonable Lake",29.151093141642075,-82.53230466781623,Lake
"Chunky Pond",29.409313452904065,-82.63258724426399,Lake
"Fox Lake",29.540179954782342,-82.66340942438492,Lake
"Horseshoe Pond",29.572690986887185,-82.61257458617264,Lake
"Coon Bay",29.951070003212514,-83.31763249379398,Lake
"Big Wolf Arbor",29.234807992804225,-82.59450297011361,Lake
"Governor Hill Lake",29.756493950526973,-83.03983270148144,Lake
"Jake White Pond",29.503122560462177,-82.5319328560505,Lake
"Waters Lake",29.703613320620352,-82.73280642897042,Lake
"Cat Pond Creek",29.951963954693724,-83.29597245928214,Lake
"Hellcat Bay",29.06785749925859,-82.55157295755761,Lake
"Big Bay",29.09458073061111,-82.5381490396844,Lake
"Sand Pond",29.14861366902727,-82.5492808715405,Lake
"Brushy Hammock",29.962859322932953,-83.10548932835704,Lake
"Weeks Waterhole",29.739993285704077,-82.75563182058424,Lake
"Fish Pond",29.751953514750607,-82.75241692956773,Lake
"Coon Pond",29.101572521722794,-82.49898947961763,Lake
"Horseshoe Pond",29.570990598637035,-82.60364926691946,Lake
"Fourmile Lake",29.694870473145166,-82.7971193638748,Lake
"Long Pond",29.460877411164308,-82.87980625173833,Lake
"Lindsey Lake",29.112109498277704,-82.50338516671648,Lake
"Mallory Swamp",29.848854283339328,-83.07494675625655,Lake
"Watermelon Pond",29.550759265808107,-82.61735265410124,Lake
"Adams Lake",29.97968321806161,-83.03787129407921,Lake
"Weeks Lake",29.732863002134483,-82.7618003011612,Lake
"Gosman Pond",29.520485152319043,-82.57553043357673,Lake
"Poley Cow Pen",29.75723166202136,-82.82060744088025,Lake
"Careless Prairie",29.763921469125123,-82.99230531683662,Lake
"Sand Pond",29.464034358921673,-82.96888820720051,Lake
"Crane Bay",29.96291362368328,-83.12275016521626,Lake
"Clearwater Pond",29.73010614346878,-83.02094938480683,Lake
"Tom Pond",29.500492082329657,-82.71577342247217,Lake
"Matthis Lake",29.793265015234716,-83.01032315674622,Lake
"Drummond Pond",29.455734552212423,-82.96932005212815,Lake
"Cow Pond",29.78595659776658,-82.95965907184852,Lake
"The Meadows",29.98712010402496,-83.43446319202867,Lake
"Board Bay",29.95271735765039,-83.16943891817951,Lake
"Pumpkin Swamp",29.604523745095204,-83.2850042975606,Lake
"Cedar Swamp",29.60564295729723,-83.27867484865367,Lake
"Tiger Bay",29.59241558093218,-83.27263249243673,Lake
"Blue Lake Swamp",29.602361027545783,-83.30277806055823,Lake
"Bear Bay Swamp",29.583870514799436,-83.30657238365879,Lake
"Wolf Pond",29.965199627767085,-83.29849790900734,Lake
"Bird Bay",29.923687587068088,-83.23227023712083,Lake
"Rattlesnake Pond",29.91807985624255,-83.22367659924507,Lake
"Cat Ponds",29.967432981733175,-83.27265511171679,Lake
"Crawford Sog",30.000219373677016,-83.48966154758111,Lake
"Dark Bay",29.93423808479434,-83.1438440913762,Lake
"Johnson Bay",29.960120255242725,-83.14552877167512,Lake
"Ever Pond",30.00166208757062,-83.30273304352345,Lake
"Little Rock Swamp",29.57122856992173,-83.25956118048983,Lake
"Pine Log Swamp",29.654728477523747,-83.3720545759714,Lake
"Still Bay",29.991260159565137,-83.2172054084438,Lake
"Rocky Creek Swamp",29.629114574707966,-83.32682123000755,Lake
"Owl Creek Bay",29.93767838489838,-83.25632589049911,Lake
"Bear Bay",29.965770707827307,-83.16066538502854,Lake
"Tooles Bay",29.842506645201123,-83.19725300528324,Lake
"Rawhide Sog",29.85541038753512,-83.17406036796437,Lake
"Willow Slough",29.902739585121047,-83.30223550689078,Lake
"Mud Swamp",29.866777081717647,-83.24878593936721,Lake
"Tiger Lake",29.13048135271153,-82.51789586072786,Lake
"Deerpen Pond",29.373285236866053,-82.61686859415614,Lake
"Devils Hammock",29.440210444889168,-82.71831110425538,Lake
"Crow Rookery Slough",29.18032840672583,-82.5946255192536,Lake
"Coffee Creek",29.169811478374616,-82.60253897835489,Lake
"Calbet Slough",29.233868225665827,-82.80132613881315,Lake
"Sawgrass Springs",29.52598575513041,-82.70020871538024,Lake
"Black Point Swamp",29.193941818898853,-83.04639207852897,Lake
"Lindsey Lake",29.11475109561015,-82.50161828148148,Lake
"Lake Susan",29.53008488101188,-81.99404488043703,Lake
"Lake Lily",29.737679773415135,-82.02523320764219,Lake
"Dekles Millpond",29.98152126685566,-82.37798346616685,Lake
"Right Arm Lochloosa Lake",29.48233766383721,-82.14022488992853,Lake
"Gardners Prairie",29.05747359629857,-81.79102174102653,Lake
"Halfmoon Lake",29.153348779266636,-81.83055343327378,Lake
"Johnson Lake",29.447095508899736,-82.39356364026077,Lake
"Lake Crosby",29.9436236603315,-82.15770422825551,Lake
"Priest Prairie",29.46665769687226,-82.44286330043506,Lake
"Buck Bay",29.72992889681969,-82.32549827965549,Lake
"Hewitt Lakes",29.54205417001279,-81.9264108629047,Lake
"Lake Green Sills",29.644648566392476,-81.96487479482307,Lake
"Clear Lake",29.422894424417976,-81.55613927318738,Lake
"Enslow Lake",29.698762870142705,-81.94860744302144,Lake
"Big Island Swamp",30.021891402460263,-81.5266432248524,Lake
"Lake Lagonda",29.61912363354462,-81.89154347432027,Lake
"Mosquito Bay",29.55341615767711,-82.17781854521935,Lake
"Hasenjaeger Lake",29.61710133400174,-81.86774781402217,Lake
"North Prairie",29.187216103057455,-81.85194487202824,Lake
"Pine Island Prairie",29.203406964950684,-82.44395372480555,Lake
"Bream Lake",29.561895445254073,-82.041488339023,Lake
"Como Lake",29.469703513160894,-81.58293854511766,Lake
"Buck Lake",29.095629270556675,-81.65220254520592,Lake
"Lake Grandin",29.67787554452538,-81.8814977967982,Lake
"Lake Pendarvis",29.070798596141852,-81.88419562107653,Lake
"Mariner Lake",29.645174117199993,-81.88923883656868,Lake
"Marshall Swamp",29.13283725570678,-81.98520049319775,Lake
"White Sands Lake",29.812357032707666,-81.97384653603984,Lake
"Trout Lake",29.05027766652223,-81.82511700354095,Lake
"Wildcat Lake",29.163602599972624,-81.62556286600524,Lake
"Lake Geneva",29.772006914474506,-82.04496510788734,Lake
"Picnic Lake",29.514494290661535,-81.9756931131542,Lake
"Halford Lake",29.120554157957244,-81.87508409208745,Lake
"Putnam Prairie",29.727468057978243,-81.96702196391081,Lake
"Hickory Pond",29.781993183762644,-82.11657679879596,Lake
"Pegram Lake",29.471796857205337,-81.98625730623583,Lake
"Paynes Prairie",29.569643613261462,-82.37491093521963,Lake
"Long Lake",29.090470743495302,-81.85286936344109,Lake
"Higginbotham Lake",29.561634376023132,-81.96911296482172,Lake
"Duck Pond",29.107101732112582,-81.86017240145813,Lake
"Buckskin Prairie",29.4261341709615,-81.74850363879816,Lake
"Mill Creek",29.689016858111362,-82.0238989855743,Lake
"Davis Lake",29.35804813285203,-81.51195161304389,Lake
"Lake Sampson",29.928615014531147,-82.18469477158393,Lake
"Wall Lake",29.72547559815851,-81.96126948115607,Lake
"Halfmoon Lake",29.73914985889663,-81.986010724003,Lake
"Fowlers Prairie",29.610993517105165,-82.0537708177192,Lake
"Swim Pond",29.047100590305266,-81.81531374578609,Lake
"Devils Bay",29.038942677410677,-81.6524022336665,Lake
"Lake Geneva",29.765555343465703,-82.04597511031038,Lake
"Gator Bone Lake",29.814582300472665,-81.96054198912718,Lake
"Lake Hutchinson",29.746830191489266,-82.01847142443101,Lake
"Hog Pond",29.518365441598252,-82.26241249257872,Lake
"Smith Lake",29.06199993734215,-81.98965650875681,Lake
"Lake Dexter",29.111919368879207,-81.48528588816284,Lake
"Black Sink Prairie",29.376346789830716,-82.0697283547322,Lake
"Long Pond",29.06743600825388,-81.8017674992874,Lake
"Crystal Lake",29.830080410702298,-82.04729621981852,Lake
"Saratoga Lake",29.535477391302148,-81.65787652847804,Lake
"Ross Lake",29.70326363808468,-81.99748245870668,Lake
"Silver Lake",29.01525932750242,-81.89746258571286,Lake
"Sunshine Lake",29.839859832082983,-82.33216995829939,Lake
"Crane Ponds",29.550502214764965,-81.63022120169929,Lake
"Lake Kanapaha",29.61634184336769,-82.40425495633062,Lake
"Lake Rosa",29.71197849485656,-82.00791583753272,Lake
"Boyds Lake",29.685118378123033,-81.89048750419418,Lake
"Bowers Lake",29.044839949323173,-81.95393238150834,Lake
"Fish Prairie",29.476172507873127,-82.3661433042189,Lake
"Clubhouse Lake",29.685991592224806,-81.93305114136571,Lake
"Holdens Pond",29.565091226526047,-82.06117868499368,Lake
"River Styx",29.517137080770052,-82.22203837159955,Lake
"Stella Lake",29.429736683522897,-81.51933776153754,Lake
"Crescent Lake",29.454473395847327,-81.49888760591028,Lake
"Lake Winnott",29.648738892820585,-82.04452889151109,Lake
"California Scrub",29.40627048717452,-82.05251933676358,Lake
"West Lake",29.626857659788747,-81.97042692610381,Lake
"Joes Lake",29.280127613684492,-81.90926356860348,Lake
"Zay Prairie",29.215534101173017,-81.82864628045716,Lake
"Long Swamp",29.56224125979091,-81.56440893815206,Lake
"Cowpen Lake",29.606935550022087,-82.0071666118299,Lake
"Spring Lake",29.819128581920303,-81.98689219582509,Lake
"Trotting Pond",29.665849202460016,-81.92803200386075,Lake
"Kingsley Lake",29.96559360934071,-82.00019866711145,Lake
"Ross Pond",29.035621106650634,-82.32083030331349,Lake
"Stagger Mud Lake",29.090426403587223,-81.49977633999005,Lake
"Gillis Pond",29.567819109257712,-81.98484607282326,Lake
"Grassy Prairie",29.05805711771077,-81.81438207196294,Lake
"Goose Lake",29.69941089032109,-81.97617533681841,Lake
"North Lake",29.165086892968176,-81.8755753250255,Lake
"Wash Pond",29.123142276712347,-81.86892575400002,Lake
"Blue Sink",29.07207599707163,-81.89938855632843,Lake
"Tiger Branch",29.406067127862272,-81.58243568494993,Lake
"Winding Tree Lake",29.789062603022003,-81.95888430256726,Lake
"Mason Bay",29.297034804374494,-81.90034174327334,Lake
"Sawgrass Pond",29.537467046909086,-82.28750237437436,Lake
"Lowman Pond",29.528579854142727,-82.25307710174036,Lake
"Mirror Lake",29.633578927388186,-81.87283515240344,Lake
"Santa Fe Lake",29.748803906556436,-82.08223947951174,Lake
"Schimmerhorn Lake",29.152155042029747,-81.5840640089337,Lake
"Hopkins Prairie",29.27850693034805,-81.70525122079434,Lake
"Smith Lake",29.801343450428565,-81.94035565350907,Lake
"Paynes Prairie",29.59538638021696,-82.27562583299893,Lake
"Long Swamp",29.577986378929285,-81.57716305296468,Lake
"Rush Lake",29.036320602663757,-82.47392974672547,Lake
"Lake Geneva",29.764164249513676,-82.01923847059611,Lake
"Mud Swamp",29.864799454372708,-82.31655613485553,Lake
"Fish Pond",29.514515615414048,-82.2499629657809,Lake
"Upper Lake Louise",29.348095740030328,-81.5095818783094,Lake
"Owens Lake",29.181899390211225,-81.87745680362877,Lake
"Potato Patch Bay",29.718475101392485,-82.34003607755648,Lake
"Sellers Lake",29.116894344988182,-81.64033027277888,Lake
"Lake Melrose",29.69552288723019,-82.04643280547893,Lake
"Waldron Millpond",29.455777339202104,-82.01463284190045,Lake
"Lake Catherine",29.061193169588865,-81.83476903606845,Lake
"Bear Hole",29.169208637710504,-81.82796136460975,Lake
"Nancy Prairie",29.102674830216532,-81.84534727538224,Lake
"Pecan Lake",29.035717307245232,-81.89273082594632,Lake
"Lake Serena",29.728115647193928,-81.99358431704957,Lake
"Deer Back Lake",29.4869810610747,-81.96944186974909,Lake
"Gum Root Swamp",29.6997478224293,-82.23942343967752,Lake
"Lake Bryant",29.145317078456955,-81.86360403128295,Lake
"Riley Lake",29.51825547375981,-82.03358357970566,Lake
"Indian Lake Prairie",29.293835252576127,-82.04261770448701,Lake
"Lake Jumper",29.219655413163295,-81.85531895162742,Lake
"Redwater Lake",29.564565425986334,-82.01732996523535,Lake
"McCarthy Lake",29.523940534814365,-81.97223645660837,Lake
"Long Pond",29.392431623839176,-82.29131529652656,Lake
"Silver Pond",29.368397230756784,-81.51525836449254,Lake
"Crystal Lake",29.82381526714772,-82.04025193247462,Lake
"Deer Lake",29.200184917058245,-81.83788876188265,Lake
"Silver Lake",29.61865826789438,-81.71557147050953,Lake
"Rice Creek Swamp",29.66888559610851,-81.7542624823293,Lake
"Island Lake",29.47880409518332,-81.9766747043951,Lake
"Hay Lake",29.519430189433788,-82.24282743095208,Lake
"Lake Galilee",29.6225597383201,-81.94905753636536,Lake
"Tuscawilla Lake",29.493074060163604,-82.27017501392625,Lake
"Santa Fe Swamp",29.81486354887772,-82.09869925726365,Lake
"Cue Lake",29.673755854803805,-81.9723013295013,Lake
"Kitchen Cow House Pond",29.225607463949846,-82.4887557313228,Lake
"Hawthorn Prairie",29.404109661172132,-82.1566877240751,Lake
"Georges Pond",29.534083037444123,-82.31196733027095,Lake
"Parramore Prairie",29.282745078876886,-81.8990649174347,Lake
"North Grasshopper Lake",29.147851191818585,-81.60750017408874,Lake
"Lake Brooklyn",29.798083010822143,-82.02986400064262,Lake
"Georges Lake",29.792706977553124,-81.85037046774832,Lake
"Bivans Arm",29.625400158785123,-82.34732277768782,Lake
"Lake Mary",29.076261503445775,-81.82922996759336,Lake
"Jewel Lake",29.644552656521743,-81.86955409785831,Lake
"Long Lake",29.671993578276417,-81.99540949236082,Lake
"Brantley Lake",29.684287678372613,-81.94745271108268,Lake
"Wauberg Lake",29.5303362380515,-82.3018371635794,Lake
"Scrub Pond",29.13543134351595,-81.82327112621186,Lake
"Darkwater Lake",29.585556908969224,-81.95710753127901,Lake
"Little Lake Weir",29.0178070000713,-81.98030402704468,Lake
"South Grasshopper Lake",29.13865689528526,-81.61384822714533,Lake
"Lake Eaton",29.256619384582315,-81.86503902239669,Lake
"Burnetts Lake",29.790462011074556,-82.46672714817885,Lake
"Lake Kerr",29.358222491394194,-81.77994742447783,Lake
"Junior Lake",29.657028580605623,-81.8797693518967,Lake
"Trout Lake",29.626088088625217,-82.27423448087146,Lake
"Lake Bedford",29.809292534264106,-82.05093742675815,Lake
"Saluda Swamp",29.737531433581516,-82.12854704783261,Lake
"Levy Lake",29.51684479483734,-82.39215872586908,Lake
"Lake Geneva",29.76606585033837,-82.03775883326806,Lake
"Ashley Prairie",29.707801590087843,-81.97963516481707,Lake
"Lake Issue",29.525950199607543,-82.00690356356672,Lake
"Skinner Lake",29.550182835922328,-81.95821426120338,Lake
"Moores Pond",29.463031140319075,-82.3354384904622,Lake
"Church Lake",29.1951494036973,-81.92089800260752,Lake
"Margaret Lake",29.44214791675031,-81.6078304363993,Lake
"Lake Fay",29.067217408459058,-81.89403558327841,Lake
"Cracker Swamp",29.680091462332268,-81.53411281698301,Lake
"Lowry Lake",29.84752018792341,-82.00365963503326,Lake
"Chacala Pond",29.545202737637,-82.28439037504116,Lake
"Lake Jeffords",29.54773731451092,-82.09088650711041,Lake
"Mud Lake",29.300368975456074,-81.8659849078332,Lake
"Lake Broward",29.51273829801889,-81.5923056830902,Lake
"Ross Prairie",29.041692379636366,-82.28706115492702,Lake
"Lake Ocklawaha",29.51269258224318,-81.8686773448068,Lake
"Kanapaha Prairie",29.546875902276707,-82.42304276022146,Lake
"Farles Lake",29.113180019370404,-81.67420985314459,Lake
"Brantley Lake",29.68710808491747,-81.95793644730973,Lake
"Lake Suggs",29.68801709034265,-82.01739304592985,Lake
"Hell Cat Bay",29.611372717966997,-81.55856237416644,Lake
"Grass Lake",29.35457848792134,-81.97154459893727,Lake
"Hogtown Prairie",29.644390468855455,-82.38704432188642,Lake
"Tomahawk Lake",29.132567788448824,-81.90620245818249,Lake
"Stevens Lake",29.892937574172404,-82.00968500303543,Lake
"Whitmore Lake",29.900332539091387,-81.97820669715155,Lake
"Lake Bessiola",29.1134486467658,-81.86364152480283,Lake
"Lake Elizabeth",29.698943216456193,-82.09328114011328,Lake
"Smith Lake",29.79793147697025,-81.95187160072331,Lake
"Lake Lou",29.23296992844528,-81.85332769197194,Lake
"Dream Pond",29.413211401407573,-81.52071822679792,Lake
"Lake Goodson",29.66888371238173,-82.00769689163018,Lake
"Stanley Prairie",29.616212923086255,-82.05829950742725,Lake
"Hardesty Lake",29.603329213513955,-81.85425747213263,Lake
"Lake Loyal",29.64920334843836,-81.98346119082436,Lake
"The Slash",29.58737875655234,-81.7822334872475,Lake
"Twin Lakes",29.62207365909842,-81.8506532088324,Lake
"Redwater Lake",29.201300992842114,-81.89023937543553,Lake
"Clear Lake",29.005020019127386,-81.86384454694637,Lake
"Hogtown Prairie",29.62446413653128,-82.40589215151034,Lake
"Mason Lake",29.664667693125242,-81.98281285305212,Lake
"Paynes Prairie",29.58299922867968,-82.35129232057739,Lake
"McMeekin Lake",29.590918678066522,-82.00931170377518,Lake
"Varnes Lake",29.890845977388924,-81.96438278806157,Lake
"Morans Prairie",29.685578052287024,-82.11404923809143,Lake
"Orange Lake",29.456955257514245,-82.17668376884019,Lake
"Blocker Lake",29.698425793997284,-81.91909527431895,Lake
"Star Lake",29.525542778560062,-82.03765895095191,Lake
"Lake Fanny",29.559606302821667,-81.98463820150192,Lake
"Twin Lakes",29.621083459843387,-81.85860226390282,Lake
"Lake Ida",29.63099383667334,-81.85816312138421,Lake
"Beakman Lake",29.123212749874376,-81.62612592819603,Lake
"Moss Lee Lake",29.559275506096682,-82.05434236068609,Lake
"Magnolia Lake",29.8239441947981,-82.01723296412793,Lake
"Morris Lake",29.614868278097365,-81.97267913428365,Lake
"Gooski Prairie",29.33563090866288,-82.05355444299846,Lake
"Ladys-Slipper Lake",29.621838625311632,-81.92766516765646,Lake
"Lake Chipco",29.628385400391796,-81.89181470503529,Lake
"Levys Prairie",29.64276907546948,-82.00819677130558,Lake
"Graveyard Lake",29.358953865224738,-81.91758323292339,Lake
"Cowpen Lake",29.601388207248256,-81.99796534217998,Lake
"Johnson Lake",29.592424916746815,-82.08171255182314,Lake
"Doe Lake",29.03788789084125,-81.82210183087767,Lake
"Oldfield Pond",29.75350842842509,-81.98906440606568,Lake
"Lake Alto",29.778011463438485,-82.14331712355298,Lake
"Lake Keuka",29.60251308425827,-81.90539192619993,Lake
"Lake Charles",29.231950363698402,-81.90512161396805,Lake
"Silver Lake",29.444335351274344,-81.57036142129456,Lake
"Tishler Pond",29.232269635484315,-81.88804565682322,Lake
"Cow Heaven Bay",29.558406320300733,-81.7671121465668,Lake
"Ledwith Lake",29.49475683615946,-82.35145210586687,Lake
"Hampton Lake",29.858178261858356,-82.1692656927919,Lake
"Juniper Prairie",29.230494840181773,-81.70983350963525,Lake
"Brantley Lake",29.690821050152397,-81.94554307707068,Lake
"South Bull Pond",29.638958529254836,-82.04613576501903,Lake
"Sanchez Prairie",29.75056620801772,-82.45801664238981,Lake
"Clear Lake",29.620762588903325,-81.96015441793998,Lake
"Lake Delancy",29.42527257921436,-81.77040806153342,Lake
"Pittman Swamp",29.01642560828883,-81.65248624908938,Lake
"Mill Dam Lake",29.17912035481118,-81.84280785239655,Lake
"Blue Pond",29.87515911944122,-82.02529240442412,Lake
"Black Lake",29.715402088219598,-82.06988572401818,Lake
"Orange Creek Camp Lake",29.638311493761027,-82.08258920200412,Lake
"Watson Prairie",29.53069498275623,-82.17049356110641,Lake
"Little Lake Bryant",29.148481490683093,-81.89881806139208,Lake
"Lake Rowell",29.920345955692856,-82.15796662305928,Lake
"Goodson Prairie",29.735304069706817,-81.93939081368661,Lake
"Newnans Lake",29.636548104326796,-82.22589474496246,Lake
"Mud Prairie Lake",29.104668917109173,-81.88430540809419,Lake
"Wells Pond",29.130738874325417,-81.83635169494852,Lake
"Lower Lake Louise",29.331176613748266,-81.50433567252732,Lake
"Fern Pond",29.978371932240293,-82.42857121233958,Lake
"Lochloosa Lake",29.52544485347028,-82.13408295407001,Lake
"Church Lake Prairie",29.186146276354734,-81.92576654043121,Lake
"Lake George",29.289707918034438,-81.59069691996224,Lake
"Ocala Pond",29.13143925372337,-81.66536930243169,Lake
"Little Lake George",29.452432577267707,-81.67454890549534,Lake
"Hopkins Prairie",29.27289064841802,-81.69453217397336,Lake
"Little Lochloosa Lake",29.50161549232895,-82.15639494972213,Lake
"Little Lake Kerr",29.364498939690424,-81.7478812333928,Lake
"Chain O Lakes",29.122905886039835,-81.65031682913762,Lake
"Tiger Den",29.0654208682395,-81.93114466483229,Lake
"Swan Lake",29.726408013671456,-82.01045756644805,Lake
"Hall Lake",29.796660854834588,-81.92348694903414,Lake
"Billies Bay",29.07528500616757,-81.60398444621369,Lake
"Melrose Bay",29.714178904696848,-82.05201436029549,Lake
"Lake Ocklawaha",29.431857198301064,-81.92550368974564,Lake
"Lake Ocklawaha",29.458580180523057,-81.92099848888003,Lake
"Hickman Prairie",29.444817268350064,-82.28005670611128,Lake
"Lake Ocklawaha",29.393729356947894,-81.90110106490518,Lake
"Lake Ocklawaha",29.452820926085874,-81.92150445953207,Lake
"Lake Ocklawaha",29.43668231294561,-81.92494524594817,Lake
"Lake Ocklawaha",29.422024520602235,-81.92207835023268,Lake
"Lake Ocklawaha",29.380575377747853,-81.90039758660248,Lake
"Little Orange Lake",29.575438152731124,-82.05455704159768,Lake
"Lake Woodruff",29.096216221653417,-81.41605266375782,Lake
"Gore Lake",29.460342204649397,-81.21753707490659,Lake
"Dan George Lake",29.205860866460128,-81.3273439023978,Lake
"Lake Clifton",29.160626783266025,-81.34570270048275,Lake
"Cowpen Pond",29.01767499591962,-81.45582997874446,Lake
"Tank Lake",29.517664382822705,-81.32053476801102,Lake
"Little Tiger Bay",29.147386311669997,-81.20964340289342,Lake
"Lake Roberts",29.313852256646342,-81.47718650053274,Lake
"Dead Lake",29.416123164146445,-81.43728890645284,Lake
"Lake Emporia",29.193764175493776,-81.47202061316032,Lake
"Sixmile Swamp",29.906025458307337,-81.40623700468124,Lake
"Cain Lake",29.216130540816668,-81.43723155856839,Lake
"Lake Disston",29.288451891252787,-81.3892510770098,Lake
"Lake Purdom",29.2083907821856,-81.4375370270271,Lake
"Indian Lake",29.168006309413848,-81.16492960913652,Lake
"Scoggin Lake",29.184123035008803,-81.17243982571803,Lake
"Lake Winnemisett",29.024146878241478,-81.25018138675615,Lake
"Big Cypress Swamp",29.550953913350522,-81.41628413958216,Lake
"Spring Garden Lake",29.123725820378368,-81.37172849292168,Lake
"Hulett Swamp",29.576439517699082,-81.26604640981027,Lake
"Black Lake",29.52775833143747,-81.32312854487704,Lake
"Lake Mamie",29.09607860305786,-81.30459739219985,Lake
"Sweetwater Swamp",29.3988907442238,-81.28547500365423,Lake
"Lake Odom",29.158562859192422,-81.35302882410477,Lake
"Horseshoe Mud Lake",29.056952030015054,-81.44964283478569,Lake
"Hull Cypress Swamp",29.303815242670808,-81.22141444186222,Lake
"Cow Pond",29.346904432822082,-81.49037089412565,Lake
"Clark Bay",29.12898597381881,-81.22820767436069,Lake
"Pringle Swamp",29.625226071686473,-81.30847640473249,Lake
"Fivemile Swamp",29.929101744751367,-81.39645124458029,Lake
"North Lake Talmadge",29.047246723733004,-81.26541811666551,Lake
"Lake Skull",29.19412088797009,-81.3360501090714,Lake
"Mud Lake",29.40588828396212,-81.42040955067283,Lake
"Lake Daugharty",29.10433723174509,-81.28244771397203,Lake
"Black Branch Swamp",29.458973026051495,-81.23584546676858,Lake
"Kimball Lake",29.083473648376113,-81.47633020497317,Lake
"Twin Lakes",29.05541467368817,-81.43627552816014,Lake
"Bennett Swamp",29.189927236696327,-81.1534442230507,Lake
"Lake Pierson",29.23359405113788,-81.47382360427717,Lake
"Drudy Lake",29.216291942625183,-81.46993669799939,Lake
"Saint Marks Pond Swamp",29.99204686393552,-81.39853880105323,Lake
"Blue Lake",29.032932253248674,-81.26952835805544,Lake
"Fourmile Swamp",29.931415059570224,-81.38393312385105,Lake
"Deep Creek",29.062143093217124,-81.21297177364279,Lake
"Lake Juanita",29.33515647445293,-81.48774659388211,Lake
"Tiger Bay",29.184505856920254,-81.19922149772991,Lake
"Caraway Lake",29.174629131356284,-81.31776362851721,Lake
"Turnbull Swamp",29.956795776886572,-81.45082908565567,Lake
"Tedder Lake",29.14804799717724,-81.35183197993466,Lake
"Fish Swamp",29.69899299982926,-81.34463142686141,Lake
"Lake Dias",29.16144586574886,-81.31475847718133,Lake
"Tick Island Mud Lake",29.08864633830018,-81.44161571413736,Lake
"Cowarts Lake",29.304596743531256,-81.47404888333968,Lake
"Lake Hires",29.119790310528426,-81.29410652014634,Lake
"Lake Winona",29.17968259212234,-81.335393725832,Lake
"Shaw Lake",29.235456140577423,-81.44428503208256,Lake
"Trestle Bay Swamp",29.842941293594638,-81.39872185198598,Lake
"South Lake Talmadge",29.039111019976453,-81.26563905910174,Lake
"Graham Swamp",29.516035089546477,-81.17956835040405,Lake
"White Oak Swamp",29.45616475007804,-81.47010288407157,Lake
"Speckled Perch Lake",29.54239759268339,-81.3321553199642,Lake
"Cowan Swamp",29.890306196950863,-81.38631978502092,Lake
"Saw Grass Bay",29.28107441781037,-81.42537645081498,Lake
"Twelvemile Swamp",30.001796105178624,-81.4409188151382,Lake
"Silver Lake",29.494899517917702,-81.13921904319155,Lake
"White Strand",29.19085829649344,-81.13619460790007,Lake
"Gator Head",29.24415860429099,-81.18212233631034,Lake
"Stooping Saplings",29.208320208522498,-81.2060109280813,Lake
"Wampee Strand",29.141093737104853,-81.19162603628253,Lake
"Sandy Drain",29.171617357243054,-81.2214958212537,Lake
"Sawgrass Strand",29.163272692080533,-81.19839374732028,Lake
"Black Point Swamp",29.45559673058739,-81.31270587668217,Lake
"Soaking Gully",29.18293525098887,-81.23311796532502,Lake
"Sixmile Swamp",29.928690688863608,-81.4085122058804,Lake
"Boggy Strand",29.006805416958787,-81.16867975303985,Lake
"Buck Bay",29.198287046666184,-81.12737392104252,Lake
"Graham Swamp",29.558738944123583,-81.18548207830013,Lake
"Dark Entry",29.121929814237156,-81.19400153829876,Lake
"Tiger Bay",29.10601205551081,-81.16543790663007,Lake
"Lake Swamp",29.325086301150378,-81.18597709807817,Lake
"Pellicer Flats",29.643385008286327,-81.22388471657048,Lake
"Soil Conservation Service Site 10 Reservoir",30.071558899204717,-96.76681060590913,Lake
"Somerville Lake",30.314096374288116,-96.58895808467204,Lake
"Soil Conservation Service Site 7 Reservoir",30.134360390911763,-96.71452421445203,Lake
"Young Lake",30.72482605909832,-96.64401736832028,Lake
"Newton Lake Number 2",30.65702721064703,-96.7929541755296,Lake
"Alcoa Lake",30.57929851787205,-97.06074169005315,Lake
"Balcar Lake",30.411103445245253,-96.78347315752178,Lake
"Lake Bastrop",30.15746002915627,-97.27685977571089,Lake
"Moelhman Slough",30.615318987058952,-96.52510965318812,Lake
"Hobson Lake",30.87221944453284,-96.90097431003377,Lake
"Brockstein Lake",30.208776211647976,-97.16664165757112,Lake
"Newton Lake Number 1",30.66139760011249,-96.79990361931182,Lake
"Molty Smith Lake",30.353549328034553,-96.97431744132409,Lake
"Footprints Lake",30.488370877276722,-96.96229884739569,Lake
"Cade Lakes",30.51656629089424,-96.7769946897431,Lake
"Flag Pond",30.30726759631782,-96.69727542368645,Lake
"Droemer Lake",30.121432549102785,-97.13564450581174,Lake
"Soil Conservation Service Site 1 Reservoir",30.15723594940272,-96.85446541542531,Lake
"Hegar Brothers Lake",30.055314850896227,-95.83662987840306,Lake
"Eichenour Lake",30.704077179774902,-95.92762194035767,Lake
"Lake Livingston",30.8877721977468,-95.39933992826953,Lake
"Clifty Creek Lake",30.442444721823893,-96.2242764566932,Lake
"Lake Wayne",30.813951455508803,-95.89539220294131,Lake
"Becker Lake",30.132333576293888,-96.01441546465496,Lake
"Gibbons Creek Reservoir",30.631250576550205,-96.05364946345408,Lake
"Neidigk Lake",30.14525732258099,-95.62149866967242,Lake
"Herrling Lake 2",30.85818708588997,-96.1945625516115,Lake
"Lake Bedias",30.762045387210996,-95.96010399741495,Lake
"Lake Irine",30.709046126373906,-95.95358826415162,Lake
"Eastham Reservoir",30.976696156266843,-95.66653793953547,Lake
"Baker Lake",30.351125798091406,-96.43324838538067,Lake
"Elkins Lake",30.66461336518067,-95.53206179270691,Lake
"Carter Lake",30.591140894752552,-96.25131348932433,Lake
"Carr Lake",30.676857305093996,-96.14120289983445,Lake
"Lewis Creek Reservoir",30.434909374992802,-95.5270389574263,Lake
"Wichman Lake",30.530921108387997,-96.13300220901183,Lake
"Perry Lake",30.062649937676255,-96.12520310090385,Lake
"Lake Conroe",30.45076453119856,-95.60228246480087,Lake
"Lake Raven",30.618694449771624,-95.53343639272671,Lake
"Soil Conservation Service Site 1 Reservoir",30.96414607934859,-95.90400399236921,Lake
"Muecke Lake",30.738179887271944,-95.67444712498782,Lake
"Yarboro Lake",30.355134382988055,-95.9518610860272,Lake
"Guerrant-Adams Company Lake",30.798518768954494,-95.74839888826837,Lake
"Seaberg Reservoir Number 2",30.03227857056712,-95.05653678922147,Lake
"Hanners Bend Lake",30.315514407326642,-94.78904536016215,Lake
"Seaberg Reservoir Number 4",30.03049423385826,-95.04966893493915,Lake
"Josie Lake",30.11017384313221,-94.79376723219376,Lake
"McCardell Lake",30.57960263826023,-94.93451272901532,Lake
"Bryants Marsh",30.38130220922699,-94.91421221643728,Lake
"Ward Prairie Lakes",30.408523379275092,-94.78585093830355,Lake
"Lake Baygall",30.44420626847552,-95.19413888813587,Lake
"McAnally Break",30.402972458853213,-94.85050998706106,Lake
"The Marsh",30.3330909689271,-94.99957222311798,Lake
"Lake Liberty",30.07860219908325,-94.75941364939142,Lake
"Jeko Lake",30.839403199542744,-94.54943932835053,Lake
"Dunwoody Lake",30.482530877622377,-95.48135121871017,Lake
"Smith Break",30.48419046161919,-94.88688590144878,Lake
"George Taylor Lake",30.519108651519044,-94.85002746986136,Lake
"New River Lake",30.39399338197736,-94.82378548923471,Lake
"Rosewood Lake",30.162241020049645,-94.81776407942701,Lake
"Oneal Lake",30.46004522058268,-94.85658703808421,Lake
"Gaylor Lake",30.291380403675088,-94.8280587800157,Lake
"Carter Lake",30.903516214003606,-94.74290219464125,Lake
"Grand Lake",30.26584935998646,-95.4776525066265,Lake
"Horseshoe Lake Number 2",30.805640781589975,-95.46434255030974,Lake
"Clayton Bayou",30.008187916221818,-94.78234748579615,Lake
"Payne Lake",30.180039994151393,-94.84380350283408,Lake
"Duke Lake",30.498291692019144,-94.83371276061594,Lake
"Palmer Lake",30.38106191442703,-94.87749377218978,Lake
"Horseshoe Lake",30.464900636721904,-94.86954443909721,Lake
"Striplin Marsh",30.23985725633531,-94.75387747288971,Lake
"Horseshoe Lake",30.298069355817553,-94.80401963690746,Lake
"Rayburn Lake",30.29130308304455,-94.79717392488506,Lake
"Peach Creek Lake",30.194631316589376,-95.1785929148202,Lake
"Lake Woodlands",30.16410495562108,-95.47920372533129,Lake
"Lake Livingston",30.86294129572794,-95.38719213171588,Lake
"Daisetta Swamp",30.11854989094025,-94.65430894522,Lake
"Bass Baygall",30.364235718151807,-94.60938495097507,Lake
"Persimmon Pond Slough",30.976455665440387,-94.15598688893084,Lake
"Phoenix Lake",30.08132839077315,-93.71474928037898,Lake
"Plant Reservoir",30.050657684755873,-93.74795530256665,Lake
"Hyatt Lake",30.58066270636714,-94.38481502484501,Lake
"Mayhaw Marsh",30.47284876917411,-93.81443628665656,Lake
"Griners Marsh",30.45909887731232,-93.77790273202257,Lake
"Amanda Lake",30.893960086152354,-94.40686115555361,Lake
"Lake Charmaine",30.67591124503079,-94.41045552157912,Lake
"Timber Lakes",30.681993393258587,-94.42439139329537,Lake
"Potato Pond Slough",30.983238930517782,-94.16076542775473,Lake
"Negro Marsh",30.295433921779395,-93.76824585646895,Lake
"Frog Lake",30.88361018419505,-94.40241205552576,Lake
"Reese Marsh",30.51700922293394,-93.77786768803063,Lake
"Robinson Marsh",30.011779925341678,-93.8595436637234,Lake
"Ged Lake",30.140100286799196,-93.59758272776857,Lake
"Gum Slough",30.978471240860898,-94.14889917146361,Lake
"Sutton Lake",30.707248400632974,-94.44954588138768,Lake
"Jack Gore Baygall",30.465153002924975,-94.15871068637682,Lake
"Bee Tree Swamp",30.925262721968323,-94.19365393435535,Lake
"Big Marsh",30.439258344827913,-94.01878290811383,Lake
"Sawgrass Marsh",30.199937928997645,-93.96421303561387,Lake
"Robinson Marsh",30.337582279612608,-94.13061464036551,Lake
"Moss Lake",30.11991819259386,-93.3392177128222,Lake
"Lake Charles",30.22877499583973,-93.23463440545723,Lake
"Longville Lake",30.609957984643174,-93.24057618367821,Lake
"Bundick Lake",30.750878878146686,-93.11038332792829,Lake
"Prien Lake",30.178217626399647,-93.2895359389376,Lake
"Clear Marais",30.07123241728477,-93.46000434045007,Lake
"Brown Lake",30.037915386577836,-93.36424571405169,Lake
"Big Buttonwood Lake",30.903374016375583,-92.03327030651232,Lake
"Shaw Lake",30.802007243958148,-91.55117532759502,Lake
"Crooked Creek Reservoir",30.84285883485452,-92.47504136570335,Lake
"Tiger Lake",30.921340880887602,-92.33404337249029,Lake
"Sugar Lake",30.929559327641687,-91.60320866892933,Lake
"Lake la Pointe",30.219430767516236,-91.90963287067711,Lake
"Monday Lake",30.84321266011336,-91.56683601721224,Lake
"McCrea Lake",30.869027273613813,-91.79348747789875,Lake
"Lake Killarney",30.968546664070896,-91.58386192615433,Lake
"Indian Lake",30.791306114295597,-92.23664425818951,Lake
"Green Lake",30.906529195711077,-91.6055048334652,Lake
"Spanish Lake",30.05456427569731,-91.86213565484564,Lake
"Catahoula Lake",30.204642021636353,-91.69962566179268,Lake
"Lake Breeze",30.857700593593588,-91.64945862632918,Lake
"Mountain Bayou Lake",30.860027503932244,-92.3020056699671,Lake
"Haha Bay",30.153596219644488,-91.63335474183665,Lake
"Lahaye Lake",30.682836282267726,-92.40865022120259,Lake
"Jackass Bay",30.067742729350673,-91.5745531146884,Lake
"Warner Lake",30.31384828040308,-91.64547627266295,Lake
"Cow Island Lake",30.282325982826883,-91.6370633636343,Lake
"Dossman Lake",30.850305745936833,-92.29453764446367,Lake
"Big Lake Moreau",30.93743068957611,-91.67913593561566,Lake
"Lake Bigeux",30.328562763282726,-91.74071546579088,Lake
"Bay Lake",30.821188912632977,-91.58911266833285,Lake
"Millers Lake",30.745197170886165,-92.35485794607816,Lake
"Negro Lake",30.794685154176886,-92.2511310809594,Lake
"Tanner Lake",30.94491687882745,-92.15785103840909,Lake
"Lake Chicot",30.80259965682782,-92.27340749654087,Lake
"Bay Baron",30.14309523781305,-91.65559612884529,Lake
"Lake Bigeux",30.3506601862358,-91.76692186694709,Lake
"Lake Bigeux",30.352516162208946,-91.76078533191065,Lake
"Lake Pelba",30.360529508544595,-91.7358117072265,Lake
"Bay Toni",30.161073518512712,-91.66088376556775,Lake
"Brooks Lake",30.587045868884104,-91.25944512564925,Lake
"Spanish Lake",30.293803014574042,-91.03721287287838,Lake
"Tunica Swamp",30.82268911043708,-91.46608725833063,Lake
"Mitchell Lake",30.68283139157561,-91.3023179462693,Lake
"Lake Rosemound",30.990629616180527,-91.36409362312777,Lake
"University Lake",30.41492584139641,-91.16524710873226,Lake
"Lake Maurepas",30.254283846699686,-90.49925234682742,Lake
"Lake Platt",30.76736968005059,-91.47778805274905,Lake
"Capitol Lake",30.461399213747256,-91.18491710247918,Lake
"Davis Lake",30.780774784698522,-91.45957784211457,Lake
"Grand Lake",30.701364379474544,-91.3344585315633,Lake
"Devils Swamp",30.55373257238625,-91.22917769478441,Lake
"Gum Swamp",30.399509438938825,-90.69908473994226,Lake
"False River",30.64947552121923,-91.44892955089752,Lake
"Devils Swamp Lake",30.560207290271816,-91.22498155950274,Lake
"Lake Martin",30.293340208896822,-90.83207531111071,Lake
"Grand Bay",30.64198109659451,-91.35038140402627,Lake
"City Park Lake",30.42514047136507,-91.16664128056793,Lake
"Gar Pond",30.53619086933292,-91.28246290068671,Lake
"Crossing Cove",30.07125901195122,-91.46022334735208,Lake
"Double Bayou Lagoon",30.176535033122047,-89.72054340363748,Lake
"Lee Lake",30.528791668043638,-89.50764613924818,Lake
"Lake David",30.61157559685024,-89.74079253724418,Lake
"Lake Ramsay",30.53085454724381,-90.17802079419988,Lake
"Becky Lake",30.504791930259692,-89.8098016134025,Lake
"Anchor Lake",30.63362353432528,-89.6053674059764,Lake
"North Pass",30.172793818387227,-89.60184704059178,Lake
"Lake Hide-A-Way",30.568701255760555,-89.6429734259119,Lake
"Little Lagoon",30.196466184875717,-89.7475514261341,Lake
"Bayou Des Mats",30.296790301307674,-89.98346845699041,Lake
"Grand Lagoon",30.22633400287427,-89.79853045477316,Lake
"Goodyears Pond",30.547203290231092,-89.95888164485658,Lake
"Lake Pontchartrain",30.19467330739456,-90.01876960763671,Lake
"Blind Lagoon",30.086067037632755,-89.8788260270587,Lake
"Chico Lagoon",30.078894750520202,-89.8380223337465,Lake
"Goose Pond",30.15998977501073,-89.67231156081087,Lake
"Lake Saint Catherine",30.12426589886155,-89.73157007529498,Lake
"Lake Michoud",30.058133787476145,-89.92051431268087,Lake
"Lake Marseille",30.063704588242153,-89.91819000712974,Lake
"Lake Antoinne",30.092644458019418,-89.89879663221659,Lake
"Lake Maisson",30.100559627587515,-89.89312419841423,Lake
"Little Deedie Lake",30.124488612020855,-89.66090903307015,Lake
"Big Deedie Lake",30.119161487219635,-89.6679704840639,Lake
"Seven Lagoons",30.132027585691098,-89.65506736955332,Lake
"Big Lake",30.414591303447704,-88.60323144667717,Lake
"Jackson Marsh",30.280934890819967,-89.40238723247987,Lake
"Happiness Lake",30.935021890772063,-89.44005162166363,Lake
"O'Leary Lake",30.411456897093643,-88.53028577202265,Lake
"Black Creek Cooling Pond",30.56341943071682,-88.52547818115404,Lake
"Riverline Lake",30.554800867515127,-89.16836374003437,Lake
"Cutoff Lake",30.35699074729876,-89.39548027433788,Lake
"Rogers Lake",30.73849221239937,-89.31158917099228,Lake
"Farrigut Lake",30.441385668048053,-88.6213218184133,Lake
"Morning Glory Lake",30.573945178753064,-89.36616059244969,Lake
"Red Gap Lake",30.71545907666392,-89.29834486845022,Lake
"Beardslee Lake",30.419180548808384,-88.54903511579883,Lake
"Caswell Lake",30.604093920732357,-88.58970011122254,Lake
"Happy Lake",30.66716240132638,-89.26822111716885,Lake
"Lake Catch-em-all",30.39702084582794,-88.57038836350902,Lake
"Silver Run Lakes",30.740218288063197,-89.32219825944316,Lake
"Moon Lake",30.47531939169635,-88.61249324626273,Lake
"Broadus Lake",30.487066200551624,-88.64293499728592,Lake
"Lake Yazoo",30.34754267303808,-88.55968211959711,Lake
"Flint Creek Reservoir",30.887819354396083,-89.12961082889,Lake
"Lake Toc-O-Leen",30.858619716874102,-89.31651006185777,Lake
"Marsh Lake",30.384571542803425,-88.57795345822498,Lake
"Red Gap Lakes",30.729973957761327,-89.29314998023872,Lake
"Kirkwood Lake",30.565503808131776,-88.57851861270628,Lake
"Green Dead River",30.796790308915938,-88.7316347985024,Lake
"McCrea Dead River",30.82923643744756,-88.74903714440296,Lake
"Whiskey Bayou",30.010139695805286,-89.46500154521678,Lake
"Shelby Lakes",30.259287865088773,-87.66336460830124,Lake
"Justins Bay",30.67969893888331,-87.94008698361985,Lake
"Dead Lake",30.895157963952382,-87.984405083339,Lake
"Lake Forest",30.650388391900762,-87.899361135573,Lake
"Briar Lake",31.040138287857037,-87.89246511356535,Lake
"Goodes Mill Lake",30.490924817514585,-88.43173604782578,Lake
"Pace Lake",30.52200299531682,-87.5097599337664,Lake
"Steelwood Lake",30.700543538346377,-87.73386201460269,Lake
"Bay Grass",30.728283167496535,-88.008975707798,Lake
"Little Bateau Bay",30.72598876833011,-87.95511421080889,Lake
"The T",30.96127836314079,-87.90887611357908,Lake
"Oyster Bay",30.274500081807023,-87.73098494544145,Lake
"Little Lagoon",30.246392032424,-87.74054791806458,Lake
"Negro Lake",30.89927337950748,-87.9391124951322,Lake
"Big Creek Lake",30.757778615840003,-88.33378746256659,Lake
"Crescent Lake",30.470391297564213,-87.27489936865062,Lake
"Hurricane Lake",30.93979025300178,-86.75956084951949,Lake
"Lake Stone",30.9659179775484,-87.29113179155189,Lake
"Garcon Swamp",30.338502784242213,-87.38062235912149,Lake
"Tarkiln Bayou",30.365854905550712,-87.41808847900583,Lake
"Karick Lake",30.897567210532785,-86.64487087511208,Lake
"Marquis Basin",30.62335270087305,-87.02724946204702,Lake
"Prairie Ponds",30.490460862376178,-86.78490387652239,Lake
"Jones Swamp",30.394188533051512,-87.29836035109642,Lake
"Bear Lake",30.86252549982184,-86.82898733627368,Lake
"East Bay Swamp",30.462068280281684,-86.735022982161,Lake
"Forty Acre Pond",30.810590303340902,-87.18895624458958,Lake
"Reeder Lake",30.482885553718532,-87.44191527493248,Lake
"Cooper Basin",30.652499205212287,-86.9868558922629,Lake
"McLellan Bay",30.9774882435738,-86.92081835979491,Lake
"Harris Bay",30.747079874687643,-87.26865810630568,Lake
"Blue Branch",30.97720479242311,-87.2225661956681,Lake
"Tigertail Branch",30.59966472169959,-86.7981777397931,Lake
"Duck Puddle",30.796408747798242,-86.14366612742772,Lake
"Jack Bay",30.893887598118148,-86.15146980416765,Lake
"Buzzard Roost Swamp",30.52619293657493,-85.91552151498581,Lake
"Pippin Lake",30.459909254198756,-86.40961267249271,Lake
"Lake Jackson",30.993558490036555,-86.32635952322956,Lake
"Turner Bay",30.800495445846927,-86.3218530879917,Lake
"Gum Creek Bay",30.873658555490962,-86.09536635553621,Lake
"Powell Lake",30.275643830889074,-85.98090218313855,Lake
"Indian Well Bay",30.658029929052287,-85.739779422995,Lake
"Golf Lake",30.516535826363512,-85.61427270131286,Lake
"Lucas Lake",30.54608245663808,-85.69482387658314,Lake
"Newman Bayou",30.272257350263725,-85.67420785538597,Lake
"Merial Lake",30.387541775679743,-85.67600475245318,Lake
"Russ Pond",30.508416727617774,-85.73457585803646,Lake
"Kings Lake",30.784376990103876,-86.18977879241531,Lake
"Owens Lake",30.662997257963475,-85.59356445163104,Lake
"Gap Lake",30.548912294523095,-85.57023796373097,Lake
"Holly Lake",30.77665360717938,-86.17546240949065,Lake
"Running Lake",30.54046051595598,-85.81438703612064,Lake
"Gum Pond",30.600737609221728,-85.6890962354594,Lake
"Millers Bay",30.616997263181258,-85.85085242278342,Lake
"Big Brushy Lake",30.547834371157258,-85.80653632126085,Lake
"Broom Bay",30.89200948995218,-85.55138042812916,Lake
"Kennedy Bay",30.39966153770126,-85.60120685031048,Lake
"Fannin Bayou",30.28290841950691,-85.64735184513721,Lake
"Foll Lake",30.679894709243396,-85.7241696821804,Lake
"Lower Spring Ponds",30.4665961527046,-85.69007377108701,Lake
"Wages Pond",30.5063706448291,-85.60134720391508,Lake
"Howard Swamp",30.513791836179994,-85.58718757010706,Lake
"Becton Pond",30.64733743078659,-85.70741974727514,Lake
"Dukes Bay",30.946948873411763,-86.10900841912681,Lake
"Roundabout Swamp",30.523653976707486,-85.56141470093212,Lake
"Titi Swamp",30.39011962352415,-85.92360188279015,Lake
"Watering Lake",30.53594164108799,-85.58388662626342,Lake
"Gin Lake",30.573708070993934,-85.55209639439795,Lake
"Open Lake",30.48615959850355,-85.71110542561557,Lake
"Bear Bay",30.36076551232805,-85.8128927826983,Lake
"Quiet Lake",30.96088892756826,-86.29128250654786,Lake
"Crystal Lake",30.4536932393233,-85.70298502239267,Lake
"Ealum Bay",30.876144526514473,-86.11761859008888,Lake
"Warmouth Lake",30.557861130935397,-85.79034700629678,Lake
"Western Lake",30.329455471169194,-86.15215031511511,Lake
"Doe Head Swamp",30.343857533009043,-85.97115683445648,Lake
"Boat Lake",30.535516255572972,-85.60877686827837,Lake
"Reedy Swamp",30.600888699699578,-85.58224882026599,Lake
"Double Pond Swamp",30.58657798480036,-85.55392929103309,Lake
"Big Swamp Annex",30.903590514691533,-86.1851575212549,Lake
"Tyner Bay",30.93246627452219,-86.46404665392352,Lake
"Yates Bay",30.639714649742718,-85.7877466110231,Lake
"Brunner Pond",30.62930220527831,-85.73970116859381,Lake
"Jane Bay",30.617141453252742,-85.62904701547694,Lake
"Big Island Lake",30.41260263788296,-85.65358640623859,Lake
"Hammock Lake",30.47971390401281,-85.58839350143653,Lake
"Gainer Lake",30.68112544104601,-85.5661575815315,Lake
"Pikehole Bay",30.897396978389928,-86.03565865538079,Lake
"Blue Pond",30.853781738576167,-86.03709599546337,Lake
"Dykes Mill Pond",30.51470453968358,-85.67933567509844,Lake
"Court Martial Lake",30.422501764016953,-85.74838970823484,Lake
"Fivemile Lake",30.420869083079012,-85.62180726901968,Lake
"Watson Bay",30.984205455681465,-86.44323899333217,Lake
"Take in Swamp",30.635725591474614,-85.54196876955153,Lake
"Long Lake",30.514304901084056,-85.83804792235793,Lake
"Dog Lake",30.516551082975738,-85.71768952881055,Lake
"Deer Point Lake",30.29509075153579,-85.5823468400233,Lake
"Harper Creek",30.64375284208066,-85.50136948844725,Lake
"Bruner Bay",30.643048829942472,-85.75386260245679,Lake
"Long Lake Slough",30.48457986458816,-85.64964610378813,Lake
"Warren Bayou",30.27759256389998,-85.73114241150309,Lake
"Cow Bay",30.85900711501209,-86.15448940367888,Lake
"Bear Flat Swamp",30.94844150499814,-86.32346373546564,Lake
"Teal Bay",30.7941532687317,-86.2987209273524,Lake
"Lake Martin",30.139572619640997,-85.60748050566832,Lake
"Williams Bay",30.642650162456178,-85.76550542774666,Lake
"Big Blue Lake",30.47060089769674,-85.74075615204981,Lake
"Big Swamp",30.893386528943097,-86.19522055549106,Lake
"Campbell Lake",30.364203012132595,-86.28748839879532,Lake
"Swift Creek Swamp",30.45931292362807,-85.56758694128978,Lake
"Sand Lake",30.467572679728075,-85.64933859658498,Lake
"Hicks Lake",30.55617494013365,-85.70972625167423,Lake
"Sweetwater Lake",30.55633346773327,-85.63286788012775,Lake
"Tiller Mill Lake",30.495544257073266,-85.78811027551875,Lake
"Little Blue Pond",30.50037225421304,-85.76256573277522,Lake
"Bryant Bay",30.661845450648897,-85.80016375702478,Lake
"Compass Lake",30.45986446490298,-85.7114879218811,Lake
"Gordon Pond",30.935010514600435,-86.35127590751753,Lake
"Bonnet Lake",30.596430877133407,-85.85532577240437,Lake
"Chain Lake",30.515226354985796,-85.70509651282988,Lake
"Indian Island",30.404534233196923,-86.11376838583452,Lake
"River Lake",30.442645151158818,-85.67722963900898,Lake
"California Swamp",30.133072101646444,-85.48671279048617,Lake
"North Spring Lake",30.47294857954791,-85.67817405840937,Lake
"Little Island Lake",30.42397509080763,-85.67303373214584,Lake
"Marshall Swamp",30.324453424337033,-85.96170877067698,Lake
"Blue Homestead Lake",30.535991230081944,-85.62427105310046,Lake
"Gully Lake",30.49635645664427,-85.6180789802292,Lake
"Fuller Lake",30.3730495309725,-86.3182039467218,Lake
"Little Blue Lake",30.413544792323428,-85.63590120194328,Lake
"Eastern Lake",30.30963936101471,-86.09316584266982,Lake
"White Oak Creek Swamp",30.53751267537646,-85.54639505141084,Lake
"Deep Edge Lake",30.51642880543221,-85.7566464540814,Lake
"Pippin Mill Swamp",30.59968513795333,-85.67243878986187,Lake
"White Western Lake",30.403730061489455,-85.70472178397812,Lake
"Porter Lake",30.506440661108268,-85.53842473926136,Lake
"Shaky Joe Swamp",30.637685344048148,-85.8413126996834,Lake
"Devils Swamp",30.372628097132207,-86.06097939229255,Lake
"Grassy Lake",30.506344161914157,-85.64948126281928,Lake
"Cypress Drains",30.8680094539398,-86.18473459052989,Lake
"Morris Lake",30.36939065919316,-86.30486009213173,Lake
"Long Lake",30.55227895951031,-85.7362835375218,Lake
"Juniper Bay",30.860119797907572,-86.12634742434851,Lake
"Parrish Bay",30.643679327226916,-85.79751118090692,Lake
"Roundabout Lake",30.50566949759851,-85.56151288589528,Lake
"Pearl Bayou",30.099200622268185,-85.62136473691103,Lake
"Pine Log Lake",30.558602051740333,-85.63898039924501,Lake
"Dismal Swamp",30.479826512181816,-85.92030183000206,Lake
"Major Lake",30.49864516919295,-85.71444880190585,Lake
"Dunford Lake",30.55775289516822,-85.68232348304905,Lake
"Mitchell River Island",30.413705271134916,-86.09388373293709,Lake
"Bunker Island",30.399853223386728,-86.09508747538892,Lake
"Mobile Swamp",30.555614290099097,-85.60549984351013,Lake
"Porter Bay",30.9709082751179,-86.03284722654517,Lake
"Long Lake",30.476030965945647,-85.63092218436032,Lake
"Andrews Lake",30.86252421478182,-85.97233066663424,Lake
"Holmes Valley Swamp",30.596275839275883,-85.65438086947279,Lake
"Freshwater Bayou",30.119420567943646,-85.65153785801334,Lake
"Bay Gut",30.424946312072432,-85.59068261838391,Lake
"Register Bay",30.80151234335821,-85.61774475508437,Lake
"Lawlor Bay",30.86252690182855,-85.52032006947776,Lake
"Eldridge Bay",30.886508862869928,-85.94513508063909,Lake
"Rattlesnake Bay",30.84727117000319,-85.99372295124353,Lake
"Collins Bay",30.98999352986943,-85.54843546487257,Lake
"Rattlesnake Bay",30.802580065302227,-85.61068357228082,Lake
"Pate Lake",30.690905080007745,-85.7485464364352,Lake
"Carswell Bay",30.965759219656203,-85.64081277333227,Lake
"Turkeypen Bay",30.871961291543293,-85.97970537316131,Lake
"Lake DeFuniak",30.717196786713817,-86.11264165162204,Lake
"Martins Bay",30.835377341732368,-85.65488322101237,Lake
"Green Bay",30.787069286753937,-85.59760557475231,Lake
"Still Head",30.830160277986412,-85.98827240600878,Lake
"McCloud Bay",30.822771728728604,-85.9708464966809,Lake
"Kirkland Bay",30.935925790373823,-85.6946711163248,Lake
"Anderson Bay",30.859800332645108,-86.07296377019986,Lake
"Thompson Bay",30.715466659019363,-85.67365315004557,Lake
"Williams Pond",30.82783157306986,-85.53700892246778,Lake
"Bear Bay",30.688627321005928,-85.80854740850155,Lake
"Spence Bay",30.799720958568493,-85.57884551003269,Lake
"Boggy Bay",30.726613050462593,-85.69106377927646,Lake
"Juniper Creek",30.751205109537928,-86.10944169883064,Lake
"Bear Bay",30.814135840565875,-85.70066367314038,Lake
"Long Bay",30.760836395274065,-85.72414882012202,Lake
"Yates Bay",30.964419875875105,-85.70440703734063,Lake
"Blackburn Bay",30.932847021516285,-85.65858052401022,Lake
"Gum Creek Swamp",30.821097422218013,-85.6837778694752,Lake
"Drake Bay",30.815597233302032,-86.06373095700705,Lake
"Eighty Acre Bay",30.744088419182994,-85.6641865964124,Lake
"Williams Bay",30.89818012473432,-85.66601941580842,Lake
"Little Devils Garden",30.706821947744466,-85.7271982576701,Lake
"Clovin Bay",30.95785005938138,-85.75456751503604,Lake
"Lake Cassidy",30.81783854095683,-86.03016120769263,Lake
"Glass Pond",30.842075653663517,-85.9249588621106,Lake
"Double Spring Bay",30.85862925232685,-85.61369112779491,Lake
"Pine Log Swamp",30.547216450322942,-85.65274883026444,Lake
"Tom Williams Bay",30.8541853123164,-85.64444357249653,Lake
"Sand Path Bay",30.78493103537606,-85.70602943285367,Lake
"Powell Bay",30.88040127040872,-85.92932929712276,Lake
"Grass Bay",30.792306744345908,-85.61849387306495,Lake
"Hardwood Lake",30.802527964130803,-85.85217542731732,Lake
"Lauflin Bay",30.931971092875827,-85.70403040004076,Lake
"Gillis Bay",30.83671113339573,-85.98152788185955,Lake
"Jack Bay",30.70678539524884,-86.0036294883045,Lake
"Hurricane Bay",30.840734103389632,-85.62812953042994,Lake
"Buzzard Bay",30.946955659648633,-85.57825003820207,Lake
"Osborne Bay",30.960326945322098,-85.71752321562151,Lake
"Long Round Bay",30.821477226029703,-85.7164618270338,Lake
"Boggy Flat Bay",30.69312186234536,-85.67001423888513,Lake
"Lake Stanley",30.740022933306783,-86.1393603900031,Lake
"Register Branch",30.93492319270695,-85.64022234553457,Lake
"Thomas Bay",30.817972749604902,-85.91306062844006,Lake
"Underwood Bay",30.952896282803728,-85.52818975406531,Lake
"Sun Lake",30.75164747337283,-85.69246752901994,Lake
"Richardson Bay",30.9258678242457,-85.59848921157733,Lake
"Mandy Bay",30.950528604064804,-85.70223035774535,Lake
"Hamm Bay",30.748500709494866,-85.59784178318944,Lake
"Cooks Mill Pond",30.734423681858274,-85.71574656951721,Lake
"Wolf Bay",30.732097934382537,-85.91431174879611,Lake
"Janes Branch Bay",30.726853755503363,-85.70112344680169,Lake
"Moccasin Bay",30.86508072924345,-85.63051607574718,Lake
"Wolf Bay",30.813203002450972,-85.57359583588477,Lake
"Spring Lake Number One",30.751272785496138,-86.06121090871815,Lake
"Jenkins Bay",30.74488777718095,-85.95360571262916,Lake
"Black Lake",30.785965894915915,-85.63715209179529,Lake
"Chance Bay",30.758346373650262,-85.6015643966252,Lake
"Field Bay",30.684659451952836,-85.78662295603776,Lake
"Beech Bay",30.76716844113917,-85.90417309007228,Lake
"Juniper Lake",30.769215107143243,-86.13008757272277,Lake
"Reedy Bay",30.68978039948939,-85.68266807102003,Lake
"Mud Path Bay",30.799573978695108,-85.71611197018976,Lake
"Sand Hammock Pond",30.975788121154412,-85.63866269013037,Lake
"Hicks Old Bay",30.88258673298753,-85.5678566780874,Lake
"Smith Pond",30.73813010496574,-85.67540113154193,Lake
"Hog Bay",30.740829589271502,-85.74657081988818,Lake
"Devils Garden",30.714216590540083,-85.71733843885927,Lake
"Reedy Bay",30.83926828656071,-85.96242842855379,Lake
"Larkin Holland Bay",30.881315019979617,-85.69682841499719,Lake
"Burkett Bay Swamp",30.890607947832827,-85.70063614334141,Lake
"Danford Bay",30.901652540626454,-85.51874418106738,Lake
"Gilmore Bay",30.700758241775056,-85.65289633357851,Lake
"Yates Swamp",30.68261801342226,-85.82860589861764,Lake
"Skinner Bay",30.76829146289715,-85.93787335700675,Lake
"Black Pond",30.516810369377776,-85.68735023715988,Lake
"Dry Lake",30.522887585889013,-85.685089449777,Lake
"Bishop Lake",30.42753778877315,-86.0493612389924,Lake
"Mud Swamp",30.594985525482404,-85.6429570371982,Lake
"Hood Lake",30.802792130726488,-85.91665556180455,Lake
"Old Buzzard Bay",30.947009301970034,-85.6653270068503,Lake
"McDaniel Lake",30.527163847041614,-85.66356124178779,Lake
"Dish Bay",30.661099735217906,-85.72810729783228,Lake
"Caps Bay",30.64370421878455,-85.77581174874645,Lake
"Wallace Bay",30.54780186374787,-85.54511959035041,Lake
"Swindle Swamp",30.527212009823604,-85.53972630296435,Lake
"Gap Lake Swamp",30.55281700010145,-85.55729865362372,Lake
"Hamlin Lake",30.495989494363066,-85.5898987594693,Lake
"Still Pond",30.499697776386135,-85.57244749738541,Lake
"Blackman Swamp",30.857692422618722,-85.89333334197055,Lake
"Campground Bay",30.840505711197345,-85.88522446697282,Lake
"Sodom Swamp",30.59569679179488,-85.60917249712165,Lake
"Horton Bay",30.800598438337083,-85.99317848620613,Lake
"Old Bay",30.621092338736442,-85.68247026810576,Lake
"Spring Bay",30.81104722890093,-85.61008080180626,Lake
"Bullhead Swamp",30.40217163791324,-85.09637793157566,Lake
"Lake Seminole",30.80421713309865,-84.7090956045985,Lake
"Lands Lake",30.085993970680892,-85.18729674789687,Lake
"McNealy Pond",30.792845878956424,-85.35002330063038,Lake
"Interlocking Lakes",30.615595148863022,-84.60192718474508,Lake
"Old Camp Four Swamp",30.361304138042453,-85.36073022189781,Lake
"Merritts Mill Pond",30.77241741322976,-85.16870625192749,Lake
"Douglas Pond",30.730644188054903,-85.12770241079004,Lake
"Hammond Lake",30.50536684049992,-85.4942454374881,Lake
"Wolf Pond",30.883484750987503,-85.0436330058779,Lake
"Briar Head",30.540458467494027,-85.30284805716312,Lake
"Carmichael Head",30.52368345427896,-85.35271372491488,Lake
"Bearthick Swamp",30.326652882844996,-85.37300724540043,Lake
"Lake Mystic",30.38329477879794,-84.9826910247397,Lake
"Burns Pond",30.844880570863477,-85.03097862180448,Lake
"Page Pond",30.54028537852963,-85.19829487132239,Lake
"Peterson Bay",30.735554901198814,-85.43992090003029,Lake
"Cedar Pond",30.93141459295474,-85.0425589781876,Lake
"Browns Mill Pond",30.444724975465462,-85.12456520580324,Lake
"Whittakers Lake",30.843063517753244,-84.82390981293776,Lake
"Bill Swamp",30.127815753260133,-85.32663918859905,Lake
"Cypress Pond",30.972385172799733,-85.22053610550043,Lake
"Morris Pond",30.644044467021608,-85.41132364130672,Lake
"Fourmile Pond",30.933617760733597,-84.5141883456392,Lake
"C W Thomas Lake",30.62467099414696,-84.68473355334572,Lake
"Fiddlestring Bay",30.28431470677784,-84.9401032643926,Lake
"Brantley Pond",30.968530079667193,-85.40552551343711,Lake
"Zannie White Bay",30.73812237718512,-85.41368366070347,Lake
"Newcumber Pond",30.783193142960453,-85.0148866737669,Lake
"Honey Hill Bay",30.676102341802064,-85.06104611017176,Lake
"Wildcat Bay",30.985590597283004,-85.27607916084933,Lake
"Rum Pond",30.889810292414,-85.42151412004523,Lake
"Jericho Pond",30.894608396390247,-85.20987244201284,Lake
"Hosford Pond",30.070600239156185,-85.10790103965634,Lake
"Bush Hammock Bay",30.73237981229743,-85.40181744671528,Lake
"Elsie Lake",30.191524869562556,-85.09157201854553,Lake
"Mill Pond",30.801290537851326,-84.96172038254898,Lake
"Cow Pen Pond",30.796430408022356,-85.01402925928748,Lake
"Mud Swamp",30.379000658952506,-85.00369105765857,Lake
"Taylor Bay",30.941003736386875,-85.22215504266914,Lake
"Kent Mill Lake",30.665016263323864,-85.43085027834127,Lake
"Honey Hill Bay",30.659974409123052,-85.05740011600132,Lake
"Walford Bay",30.199656451420072,-85.35648551755209,Lake
"Bullhead Bay",30.43552327576517,-85.0725908715558,Lake
"Crooked Island",30.895212958696266,-85.391014335491,Lake
"Taylor Bay",30.95121810375465,-85.22700670697314,Lake
"Boram Lake",30.8599106075587,-84.97407903752922,Lake
"Lake Talquin",30.444147597453078,-84.53665894370617,Lake
"Three Sisters Pond",30.744602640488374,-85.4206802773081,Lake
"Arron Bay",30.293925333273513,-85.21245104220476,Lake
"Williams Bay",30.699420152282933,-85.09547986214415,Lake
"Kemp Pond",30.732221384164585,-84.94574970961982,Lake
"Bear Pond",30.867952428989113,-85.39119776401681,Lake
"Thirty One Swamp",30.354019920633483,-85.2810055965016,Lake
"Holy Pond",30.33805830861581,-84.91546728537504,Lake
"Cook Bay",30.54410613450086,-85.20232749401724,Lake
"Durham Bay",30.621053594554034,-85.09724623950748,Lake
"Bonnet Pond",30.833497919128035,-85.37199986255881,Lake
"Bellamy Bay",30.72197515255747,-85.44605719378163,Lake
"Hog Pen Pond",30.972691121316927,-85.19040789593566,Lake
"Dickson Bay",30.660032505607543,-85.01591533088926,Lake
"Drummond Bay",30.827723287169057,-85.40542332315421,Lake
"Baxter Bay",30.938757088852466,-85.16066387248728,Lake
"Thousand Yard Bay",30.037122313953486,-84.69721003156744,Lake
"Mossy Pond",30.511970834675754,-85.31160639753818,Lake
"Lockey Pond",30.840150171963863,-85.36776656872394,Lake
"Grant Pond",30.931956803772035,-85.42671926551944,Lake
"Clewis Swamp",30.363867782228745,-85.26689953248534,Lake
"Silver Lake",30.81484765351868,-84.75061173225231,Lake
"Seventeenmile Pond",30.57846904711401,-85.315413244091,Lake
"Williams Bay",30.068983675135076,-85.38857667401734,Lake
"Doc Tharpe Bay",30.742213340550414,-85.38282883605159,Lake
"Race Pond",30.776945899946273,-84.98683125811135,Lake
"Scott Hammock Pond",30.722005344000035,-85.10121194964728,Lake
"Buchanan Bay",30.708347313582063,-85.43587407151388,Lake
"Lake Douglas",30.885932922062437,-84.55015274498636,Lake
"Compass Lake",30.597651100158412,-85.38151484107289,Lake
"Victory Swamp",30.655058474742564,-85.36866002890096,Lake
"Jordan Bay",30.9886903765786,-85.2029063946034,Lake
"Tenmile Swamp",30.21825819907017,-85.32472633599816,Lake
"Bear Bay",30.21437197395922,-85.2656270476325,Lake
"Soldier Pond Bay",30.341739279214874,-84.89015304444453,Lake
"Devils Old Field Swamp",30.223618731506047,-84.99629786369536,Lake
"Lake Seminole",30.817542741017746,-84.81878372134014,Lake
"Bateau Pond",30.81379583563073,-85.01717997288574,Lake
"Graham Bay",30.304230556926516,-85.1959050798752,Lake
"Waddells Mill Pond",30.872487082935056,-85.33822258602231,Lake
"Cutoff Island",30.083399391515282,-85.15376445887833,Lake
"Big Bay",30.80492727765557,-85.39495177621541,Lake
"Harvel Pond",30.79998967943455,-84.86238495216642,Lake
"Crescent Lake",30.742729788784548,-84.5097462740131,Lake
"Wolf Head Pond",30.815252195876777,-85.0244974752787,Lake
"Bee Pond",30.203364090479663,-85.27533616656915,Lake
"Long Pond",30.340935731378792,-85.20329555749596,Lake
"Edenfield Bay",30.656773606243608,-85.04569119691189,Lake
"Honey Hill Bay",30.667908134662657,-85.0512200707379,Lake
"Long Pond",30.819912184961428,-85.00998573309226,Lake
"Buck Bay",30.232716286899787,-84.72747543478285,Lake
"Juniper Swamp",30.324799016661462,-85.0979523310622,Lake
"Wildcat Swamp",30.14177444501375,-85.35570582858938,Lake
"Registered Bay",30.924951963034545,-85.41143402991912,Lake
"Bazzell Pond",30.88496416406082,-85.0344122768806,Lake
"Twin Lakes",30.896111076128655,-84.54298346207011,Lake
"Cypress Swamp",30.572824164794653,-85.39275213110528,Lake
"Dead Lakes",30.21021468377026,-85.1838867077396,Lake
"Reedy Creek Bay",30.74276003944051,-85.39641282387475,Lake
"Petticamp Swamp",30.16879228488554,-85.33993040574428,Lake
"Fish Pond",30.307691539284484,-85.0234538401204,Lake
"Old Briar Bay",30.72071743245001,-85.4208330695132,Lake
"Long Pond",30.643531793111613,-85.06715441285851,Lake
"McCormick Lake",30.635580402661045,-85.33389601128506,Lake
"Brushy Pond",30.699934502984906,-85.0547530392858,Lake
"Wolf Trail Bay",30.32790278601029,-84.93265883532935,Lake
"Bear Bay",30.08527722353305,-84.96320740095452,Lake
"Harts Pond",30.952330862195204,-85.18396108007792,Lake
"G W Sewell Pond",30.76855553500802,-85.47081674997806,Lake
"Skipper Lake",30.756625748668636,-85.44341027840555,Lake
"Melvin Bay",30.80054291932972,-85.41258852513181,Lake
"Riley Lake",30.7143057260417,-85.46336484122013,Lake
"Iamonia Lake",30.26618375088302,-85.08086950968305,Lake
"Big Cypress Swamp",30.074886249527108,-85.09057592355046,Lake
"Hathcock Bay",30.088951665691134,-85.08688882270054,Lake
"Devils Swamp",30.22501912123922,-85.00301751014143,Lake
"Fillman Hill Bay",30.246119521809238,-84.99297288983927,Lake
"Hasty Pond",30.591406982979592,-85.19309978128813,Lake
"Fox Pond",30.334918426907777,-85.20953002541407,Lake
"Big Bear Bay",30.493159211756318,-85.36842591450396,Lake
"Boggy Jordan",30.0171572295015,-85.13611519551016,Lake
"West Arm of Dead Lakes",30.133446301857038,-85.20044010906695,Lake
"Big Bertha Swamp",30.182320178168837,-85.35261111170985,Lake
"Brenson Pond",30.92671831015427,-85.02433904003023,Lake
"Alligator Swamp",30.033064193278417,-84.55550734948613,Lake
"Bumpy Bay",30.425538622443266,-84.85788908245478,Lake
"Gulley Bay",30.354938923978985,-84.62941080311539,Lake
"Wolf Trap Bay",30.36330427528083,-84.56080144111013,Lake
"Freeman Bay",30.37520125682743,-84.57887735179217,Lake
"Big Thick",30.26758372587618,-84.78060937785287,Lake
"Tin Top Bay",30.169563216770012,-84.74089763434155,Lake
"Preachers Bay",30.152512739332057,-84.73033380712613,Lake
"Stallion Bay",30.14487046356169,-84.72129456639449,Lake
"Washington Bay",30.262283919264856,-84.87723106578176,Lake
"Spring Head",30.22296377889031,-84.82759468206406,Lake
"Low Bay",30.21291121705397,-84.8403790663863,Lake
"Saplin Head Swamp",30.19445187703318,-84.86051600692932,Lake
"Glover Head",30.190686302359232,-84.90091182616757,Lake
"Thomas Bay",30.160818585741566,-84.913616577955,Lake
"Lindsey Bay",30.155511371637157,-84.88671493029523,Lake
"Boggy Jordan",30.037645866602404,-84.91868966672,Lake
"Mud Swamp",30.055378326553054,-84.87901337747222,Lake
"Long Bay",30.120645438625264,-84.69235600915125,Lake
"Long Bay",30.11878728225628,-84.72070186520683,Lake
"Gum Bay",30.06163136697526,-84.72464470594556,Lake
"Coxwell Swamp",30.15738950268234,-85.28853294969886,Lake
"Wetappo Swamp",30.2551876393102,-85.31769094834208,Lake
"Green Bay Swamp",30.248198792613767,-85.36515299349361,Lake
"Grape Swamp",30.254120155338253,-85.46154368466921,Lake
"Bayou George",30.25709998219816,-85.41633238770756,Lake
"Johnson Juniper Swamp",30.29536581934201,-84.99119460188851,Lake
"Buggar Bay",30.276854356270913,-84.9184698245725,Lake
"Franklin Juniper Swamp",30.207621245526674,-85.01522017850151,Lake
"Wilder Bay",30.18537577690216,-85.02105671384504,Lake
"Wilder Bay",30.230917215883284,-85.01429284028212,Lake
"Post Office Bay",30.080573564459474,-85.00554955571522,Lake
"Bird Bay",30.03667383976719,-85.0483476343276,Lake
"Long Bay",30.339983631717384,-84.63979873547123,Lake
"Mosquito Bay",30.236738622048044,-84.51263953191561,Lake
"Black Lake",30.98065608544711,-84.4251346327785,Lake
"Stony Bayou Pool",30.115328351916286,-84.12983567790393,Lake
"Gum Pond",30.54476315541245,-84.09000943494436,Lake
"Cascade Lake",30.422242596822766,-84.35870604386047,Lake
"Carr Lake",30.571892243988504,-84.30238858195524,Lake
"Lake Hall",30.522133876828942,-84.24794158444777,Lake
"Renfro Lake",30.006889511158626,-84.42711544128807,Lake
"Lake Tom John",30.543705016778524,-84.21458375176339,Lake
"Kellys Pond",30.650127262607977,-83.95578071451573,Lake
"Hay Pond",30.612441684649326,-83.82188382133788,Lake
"Reed Branch Swamp",30.595641541335137,-83.65111701218464,Lake
"Lake Elizabeth",30.54106066717089,-84.26632301057563,Lake
"Razor Lake",30.59997476556436,-83.7600867707521,Lake
"Gress Swamp",30.47612166857437,-83.8046650634727,Lake
"Moore Pond",30.552777049629167,-84.26339411046612,Lake
"Otter Lake",30.023886451144087,-84.42150721309163,Lake
"Silver Lake",30.574798604812838,-83.77506752593384,Lake
"Hixtown Swamp",30.450793472079095,-83.55257703338745,Lake
"Huggle Pond",30.598972539891612,-84.13610845312826,Lake
"Upper Lake Lafayette",30.449836469715933,-84.20041379567925,Lake
"Lake Kanturk",30.532358092949615,-84.19216175314162,Lake
"Holley Pond",30.573848019314784,-84.27990363143202,Lake
"Lake Miccosukee",30.57360006046047,-83.98624998680192,Lake
"Anderson Bay",30.364071556781713,-83.84394731572657,Lake
"Robin Bay",30.976275816987837,-83.94307529481142,Lake
"Lake McBride",30.563497725705496,-84.23501287516414,Lake
"McMullen Bay",30.684238866966165,-83.65397022124355,Lake
"Lower Dianne Lake",30.592408001010647,-84.23562592776896,Lake
"Crevasse Pond",30.90337642715476,-83.57881418226388,Lake
"Sampala Lake",30.38209678807892,-83.5240368394761,Lake
"Roberts Pond",30.54446754623413,-84.16531458224716,Lake
"Piney Z Lake",30.440085925687832,-84.1854061976743,Lake
"Alligator Lake",30.062658177042206,-84.40823525407795,Lake
"Lake Bradford",30.40612933658078,-84.34084319847254,Lake
"Sampala Swamp",30.372828624595282,-83.520125748619,Lake
"Stony Bayou Pool",30.117456153259198,-84.14299109411073,Lake
"Foshalee Slough",30.64908900947614,-84.14814479874504,Lake
"Bricknell Lake",30.80624565493314,-84.03533567084231,Lake
"Mounds Pool",30.102696379471553,-84.14889946529975,Lake
"Massey-Ferguson Pond",30.785794219167602,-83.81738638522096,Lake
"The Flat",30.59954769289839,-83.63857313803312,Lake
"Old Fern Pond",30.576665099192123,-83.64759265432976,Lake
"Boggy Bay",30.60558895957626,-83.50291907942807,Lake
"Pickle Pond",30.604238995445726,-84.1655438611099,Lake
"Lake Lafayette",30.435850108893078,-84.17256057536483,Lake
"Lake Iamonia",30.629375483597624,-84.23010574588065,Lake
"Moore Lake",30.39230481843356,-84.40368555434615,Lake
"Lake Pope",30.887176695765927,-83.72003506487938,Lake
"Mitchell Pond",30.725705494385956,-83.93302488340107,Lake
"Lutterloh Pond",30.354997197897497,-84.22848727740062,Lake
"Alagood Lake",30.64849765643012,-83.813399203823,Lake
"Lake Tallavana",30.59843938365185,-84.46242450177527,Lake
"Lake Iamonia",30.355430715468668,-83.88694831135398,Lake
"Heards Lake",30.890303963620095,-83.9064466552273,Lake
"Hawkins Lake",30.745143051907103,-84.18299303745363,Lake
"Ferguson Pond",30.647747807786743,-84.04274585741246,Lake
"Devils Woodyard",30.523964226493877,-83.505168834892,Lake
"Upper Dianne Lake",30.599743591483573,-84.23763158169021,Lake
"Lake Ellen",30.114965477948523,-84.39843013516139,Lake
"Sneads Smokehouse Lake",30.591535573884684,-83.72063478411845,Lake
"Alford Arm",30.443505837750738,-84.14975249312235,Lake
"Stanley Bay",30.70046384358338,-83.62822759982964,Lake
"Lake Fontaine",30.658296920183123,-83.84136163648617,Lake
"Lake Nichols",30.971089670325266,-83.6562546297255,Lake
"Little Lake Jackson",30.523452491997784,-84.35944168106121,Lake
"Foshalee Lake",30.643559911113222,-84.11903195161524,Lake
"Open Pond",30.957188853562077,-84.43773232024839,Lake
"Windom Lake",30.639842149417788,-83.69686504451013,Lake
"Buck Pond",30.5990397573863,-84.31559912577092,Lake
"Andrews Lake",30.27332171683973,-83.64850435988897,Lake
"Orchard Pond",30.582581054209662,-84.32537428013934,Lake
"Halls Pond",30.878457174605305,-83.91818296600862,Lake
"San Pedro Bay",30.257796105386216,-83.53639123634053,Lake
"East River Pool",30.136471651415043,-84.14720977287026,Lake
"Lake Killarney",30.531917923989074,-84.20839270424945,Lake
"Long Lake",30.049286586391137,-84.39719605117504,Lake
"Cane Water Pond",30.97898720383645,-84.43430298586054,Lake
"Lake Logan",30.50415589497253,-83.69932094138585,Lake
"Mitchell Pond",30.71021108224439,-84.15229001917801,Lake
"Lake Overstreet",30.53001679331715,-84.25754691197209,Lake
"Lake Jackson",30.530629989024288,-84.32335105540021,Lake
"Lake Munson",30.368900005492286,-84.30755188328622,Lake
"Hundred Acre Pond",30.508321304988947,-83.54226873653253,Lake
"San Pedro Bay",30.191179553540483,-83.59299266585049,Lake
"Mallard Pond",30.584766223991338,-84.30139559235779,Lake
"Johannah Lake",30.5265025995643,-83.56280573732833,Lake
"Linton Lake",30.671158373283646,-83.77160819746314,Lake
"Stella Lake",30.689556970419613,-83.63239855506534,Lake
"Cabbage Creek",30.15116275716374,-83.80858074373015,Lake
"Hosford Branch",30.191705942149206,-84.01843632000002,Lake
"Morrison Branch",30.193271977082606,-84.0783936063868,Lake
"Wilson Shepherd Pond",30.534389693169718,-83.88675963237705,Lake
"Gum Creek",30.183646121464438,-84.03940737788855,Lake
"Gum Swamp",30.45029987348063,-84.35297898439066,Lake
"Mays Pond",30.591835612941942,-83.95136551375069,Lake
"Hamlin Branch",30.311774549403996,-84.15817495107652,Lake
"Chicken Branch",30.320799866205505,-84.11969294657486,Lake
"Sanders Hammock Pond",30.59208288340178,-84.09059020583163,Lake
"Mill Bay",30.164225392101894,-84.42764593579653,Lake
"Gum Creek",30.25241427396283,-84.03728555555819,Lake
"Black Swamp",30.409334583182332,-84.32874520650847,Lake
"Cow Swamp",30.245871192543653,-84.43242961338608,Lake
"Willow Swamp",30.35156210092495,-84.08723628737826,Lake
"Gum Swamp",30.16441819087224,-84.08239819288127,Lake
"San Pedro Bay",30.312029797233492,-83.4842185084426,Lake
"San Pedro Bay",30.271663160689965,-83.49974959072507,Lake
"San Pedro Bay",30.279170086264287,-83.52099247763981,Lake
"San Pedro Bay",30.283781325497284,-83.51446081962294,Lake
"San Pedro Bay",30.272424868919117,-83.52751648289465,Lake
"San Pedro Bay",30.270637379488026,-83.53352065270259,Lake
"San Pedro Bay",30.257896535171497,-83.50263510891992,Lake
"San Pedro Bay",30.25483135214222,-83.5071517439496,Lake
"San Pedro Bay",30.2690774563513,-83.49067031889209,Lake
"San Pedro Bay",30.22296885687945,-83.56184957263568,Lake
"San Pedro Bay",30.231672909037023,-83.462740086573,Lake
"Little Camp Pond",30.50028288141484,-82.5449512426852,Lake
"Indian Mound Swamp",30.280292627155887,-82.74399935403225,Lake
"Little Rice Field",30.6397156811229,-82.97113385723193,Lake
"Oak Head",30.344419145127773,-82.51109327625433,Lake
"Piney Bay",30.92088750982052,-82.72082469404668,Lake
"Stalvey Bay",30.863423391471688,-82.7594253327265,Lake
"Shaky Pond",30.51006772708962,-82.91329943777367,Lake
"Old Grassy Lake",30.072426098408933,-83.28638510173593,Lake
"Butler Lake",30.619163559220144,-83.3681848835328,Lake
"Fly Pond",30.66801559020549,-83.24637131250533,Lake
"Long Pond",30.69556403247866,-82.50359980164505,Lake
"Smith Bay",30.554492626867315,-82.93273933775541,Lake
"Cowhouse Flats",30.70168560484446,-82.72995379836263,Lake
"San Pedro Bay",30.19425255990022,-83.34661168473991,Lake
"Coon Bay",30.02533423254187,-83.14196316260652,Lake
"Rachel Lake",30.45770696171001,-83.46629676541347,Lake
"Saw Hill Bay",30.56131392192314,-82.90806405313772,Lake
"Bear Garden Swamp",30.66028066364223,-83.27779343455393,Lake
"Orange Pond",30.2413919064901,-82.74662653198523,Lake
"Cabbage Head",30.642633180307598,-82.68146690750675,Lake
"Cherry Lake",30.904297959827108,-83.29657281968251,Lake
"Jordan Bay",30.957498745846273,-82.64884913478872,Lake
"Bell Creek Swamp",30.5763698333643,-82.87582840346877,Lake
"Tenmile Pond",30.285225681673467,-83.31511291096072,Lake
"Lake Verne",30.893764038113662,-82.82023114117199,Lake
"Hancock Lake",30.23246048000509,-82.74392279590224,Lake
"Watertown Lake",30.192560457690035,-82.59981585998045,Lake
"Lake Harris",30.192245775555484,-82.68444941614585,Lake
"Sand Hill Bay",30.77063622311225,-82.946508888001,Lake
"Simmons Bay",30.71699158277896,-82.88721769086912,Lake
"Christmas Bay",30.607337702371105,-82.84395241679148,Lake
"Boggy Bay",30.794438716463596,-82.97746511691616,Lake
"Sawgrass Pond",30.74768157121433,-82.62799364881621,Lake
"Mystic Lake",30.48318991889451,-83.445236369453,Lake
"George Carter Island Bay",30.9595395873931,-83.09047863906638,Lake
"White Arm",30.65458835140352,-82.81662925934614,Lake
"Wood Pond",30.466179244840838,-83.46607316946015,Lake
"Kaiser Bay",30.774770238783066,-82.79755412721507,Lake
"Upper Bulge",30.68063176321531,-82.64112560779523,Lake
"Piddlins Lake",30.408693989850736,-83.45848395165628,Lake
"Carter Lake",30.967511239422837,-83.077129264909,Lake
"Sandy Drain",30.328773791756106,-82.57178870485346,Lake
"Whitewater Club Lake",30.678912960802695,-83.26659102815525,Lake
"Tiger Bay",30.680052966055335,-82.84137410712974,Lake
"Ocean Hole",30.539035037814614,-83.46922022837735,Lake
"Lake Hamburg",30.183181881488792,-82.64468658489048,Lake
"Peacock Lake",30.238369256497986,-82.89746847786101,Lake
"Schoolhouse Bay",30.92429803957789,-82.7453569367529,Lake
"Peters Bay",31.002370823754454,-83.13374801893265,Lake
"Mud Swamp",30.76885089170252,-83.33778877298312,Lake
"Lanes Pond",30.72409851449297,-83.35549243338848,Lake
"Beaverdam Bay",30.72379019248798,-82.95838411438847,Lake
"Whitehead Bay",30.884582225458374,-82.83568117457173,Lake
"Blue Sog",30.06146830423336,-83.39564633492384,Lake
"Rock Island Pond",30.594334050088634,-83.46147488675766,Lake
"Owl Bay",30.926610964918016,-83.00414927918183,Lake
"Nasty Pond",30.638467272931365,-83.24410308129241,Lake
"Okefenokee Swamp",30.568097316350563,-82.3472779227641,Lake
"Bonnet Lake",30.51062172084955,-83.45829126351082,Lake
"Loch Laurel",30.752067086666827,-83.2476139167799,Lake
"Jerry Bay",30.275300865416607,-82.56638797694158,Lake
"Fiftythree Bay",30.67645261262852,-82.9243137673483,Lake
"Riberon Pond",30.912935745879565,-82.64431903318103,Lake
"Bear Bay",30.51030078836652,-82.74857109595042,Lake
"Greens Prairie",30.321572453869013,-82.81608579257752,Lake
"Alligator Lake",30.170421954696778,-82.6267084332494,Lake
"Blue Lake",30.18900855606932,-82.9306494262637,Lake
"Black Bay",30.371462117132822,-82.84284097274899,Lake
"Browns Pond",30.7247253999138,-83.23769491897455,Lake
"Lake Louise",30.31850866120762,-82.8778991803541,Lake
"Mett Bay",30.626670856714533,-82.59094957091274,Lake
"Impassable Bay",30.411759166792304,-82.47527571578112,Lake
"Tarver Bay",30.69380992882572,-82.92916100369592,Lake
"Wolf Bay",30.660551431460693,-82.64765557227278,Lake
"Lake Jeffery",30.210415427302756,-82.69113569318785,Lake
"Big Water Pond",30.97773572814763,-82.69150107002017,Lake
"Cowhouse Bay",30.397324659467056,-82.58711207974918,Lake
"West Bay",30.31099710211429,-82.5929589963174,Lake
"Pike Pond",30.661758866563115,-83.2193712015753,Lake
"Lake Lona",30.20047383209546,-82.7371374933747,Lake
"Briary Bay",30.910282409457402,-82.69294634461785,Lake
"Double Run Swamp",30.589351292038195,-82.51834627148091,Lake
"Cypress Creek Swamp",30.58693688595619,-82.79983540532147,Lake
"Owens-Illinois Corporation Lake",30.696931891788292,-83.30028681444033,Lake
"Rice Field Swamp",30.59922184596388,-82.86301219135083,Lake
"Schoolhouse Bay",30.53498006404152,-82.90849766366232,Lake
"Duval Pond",30.545178960605654,-83.41910820548273,Lake
"Cart Island Swamp",30.77562886369359,-82.6904757827629,Lake
"Plant Pond",30.50107538229501,-83.466246393107,Lake
"Langdales Pond",30.808544456307597,-83.28279090368228,Lake
"Cowhouse Bay",30.686280611420443,-82.68591873540805,Lake
"Wolf Bay",30.696626226838053,-82.75774891273586,Lake
"Mile Pond",30.56527513033198,-83.45981136976587,Lake
"Long Pond",30.695941527412703,-83.19585761399871,Lake
"Ogden Lake",30.21091541489309,-82.76870053719513,Lake
"Patterson Sink",30.352568501475677,-83.3539199414467,Lake
"Fearnside Lake",30.688019549016186,-83.48080290222228,Lake
"San Pedro Bay",30.310807190048926,-83.44894073054104,Lake
"Fish Pond Bay",30.986005562718518,-83.08758957345188,Lake
"Langdale Lake",30.761185850783626,-83.38753406944926,Lake
"Horseshoe Swamp",30.733107769182162,-82.5716361939559,Lake
"Big Cypress",30.66196599995798,-82.61291651764037,Lake
"Martin Hammock",30.607303533276152,-82.8145990204375,Lake
"Double Run Bay",30.01535484167719,-83.25142889699885,Lake
"Florid Pond",30.553975185329225,-83.42284179007406,Lake
"Green Bay",30.68673401670538,-82.84680689784813,Lake
"Big Prairie",30.281549295647647,-82.69008840000802,Lake
"Big Bulge",30.682366472570315,-82.62577899997322,Lake
"Low Lake",30.220386887859313,-82.83584269678781,Lake
"Hankings Prairie",30.420977496744946,-83.48668208345914,Lake
"Hankins Sink Pond",30.575229454020317,-83.40496469365729,Lake
"Corbett Estate Pond",30.544819661199675,-83.10978877036413,Lake
"Beede Bay",30.929145104798828,-82.70780378701355,Lake
"Alligator Lake",30.158318834670425,-82.63531299605232,Lake
"Monk Pond",30.966227557841847,-83.11650253912336,Lake
"Bee Bay",30.799835147799556,-82.9325132780838,Lake
"East Bay",30.314174557656774,-82.58401639592319,Lake
"Lake Wilson",30.208760908554595,-82.74319129784223,Lake
"Turtle Bay",30.334085970322842,-82.58392254302012,Lake
"Ocean Pond",30.670907755623645,-83.20218287097362,Lake
"Lake Octahatechee",30.60497840440858,-83.20158018932045,Lake
"Townsend Pond",30.036818310662557,-83.11956837590829,Lake
"White Lake",30.248004270020502,-82.91353294716275,Lake
"Alton Lake",30.041541751532417,-83.13919615334996,Lake
"Fern Pond",30.76944578241902,-83.28093760497629,Lake
"Flamingo Bay",30.369017053078846,-82.9701426289535,Lake
"Boggy Drain",30.759213522160607,-82.84173455373049,Lake
"Caney Hammock",30.258594299567548,-82.82634283012555,Lake
"Bird Pond",30.34094979678008,-82.65128465215255,Lake
"Musgrove Bay",30.744250220448098,-82.51702570686295,Lake
"Hutto Pond",30.437450638795056,-83.46321426911206,Lake
"Blair Pond",30.58714249452667,-83.38415670747314,Lake
"River Swamp",30.368714894667384,-82.67587675297695,Lake
"Savannah Bay",30.736623090820785,-82.81250178478835,Lake
"Peeler Pond",30.591052252138386,-83.45410166089852,Lake
"Armstrong Pond",30.53373717920458,-83.431273691079,Lake
"Anderson Lake",30.44746026762886,-83.4275659440888,Lake
"Bivins Bay",30.649553605663186,-82.62848056714974,Lake
"Railroad Bay",30.348145262146353,-82.62772173394397,Lake
"Martin Pond",30.50353211846162,-83.43822255403121,Lake
"Soldier Drain",30.79755386468172,-82.78835975246434,Lake
"Little Bulge",30.686230386871543,-82.61082025233111,Lake
"Piney Bay",30.713898024097094,-82.83996766776279,Lake
"Brown Pond",30.664556593987054,-83.26090844838407,Lake
"Indian Bay",30.69331909128452,-82.80373338360505,Lake
"Falling Creek",30.25538597136622,-82.59737271014315,Lake
"Buzzard Bay",30.52988705726856,-82.924704786895,Lake
"Impassable Bay",30.403247517631247,-82.5263806555645,Lake
"Ruddy Bay",30.83046161225093,-82.97338222631936,Lake
"Owens Illinois Lake",30.702615190132725,-83.30373759510198,Lake
"Double Run Swamp",30.629713181607876,-82.53068512488198,Lake
"Tiger Bay",30.28304558257415,-82.80338344201665,Lake
"Stanton Bay",30.157504527969547,-83.34934782406476,Lake
"Big Sog",30.0202876677094,-83.38604971885874,Lake
"Foreman Bay",30.97391532593632,-82.74066227250945,Lake
"Otter Bay",30.260281406895547,-82.55561471725795,Lake
"Bethea Lake",30.21814739414118,-82.7987205221782,Lake
"Onemile Bay",30.356951871684277,-82.72697438035091,Lake
"McCallum Bay",30.36652734503658,-82.76893255366242,Lake
"Bee Haven Bay",30.49650815224815,-82.84878261968919,Lake
"Bull Bay",30.35710826053507,-82.74442864096281,Lake
"Long Pond",30.188592434303214,-82.7770611891487,Lake
"Swift Creek Swamp",30.44171879325468,-82.82486878521829,Lake
"Basin Swamp",30.49774821495652,-82.9651340678335,Lake
"Cheshire Bay",30.450699656388096,-82.7671309386674,Lake
"Grassy Pond",30.591309249686333,-83.31829440233716,Lake
"Turkey Prairie",30.27382014372182,-82.7634031324925,Lake
"Altmans Bay",30.421361717014452,-82.77884785376801,Lake
"Goose Pond",30.424569875656264,-83.4535943587283,Lake
"Horton Sog",30.026289144808196,-83.35567315893401,Lake
"Burnett Bay",30.45059182851249,-82.50107439347997,Lake
"San Pedro Bay",30.371374209604777,-83.42462889018427,Lake
"Falling Creek",30.244802335738996,-82.61328474364439,Lake
"Bee Haven Bay",30.521838232383377,-82.8535728881521,Lake
"San Pedro Bay",30.374462572372252,-83.43944858701393,Lake
"San Pedro Bay",30.301289750404926,-83.46532434178569,Lake
"San Pedro Bay",30.29447281407899,-83.47163018902424,Lake
"San Pedro Bay",30.29890121587138,-83.47093878231183,Lake
"San Pedro Bay",30.291468683035983,-83.46202401559631,Lake
"San Pedro Bay",30.29414158051188,-83.45669236629556,Lake
"San Pedro Bay",30.282543329896072,-83.47247807664328,Lake
"San Pedro Bay",30.285415110230005,-83.48361062995143,Lake
"San Pedro Bay",30.280200843860282,-83.48809523688436,Lake
"San Pedro Bay",30.307955282845008,-83.41066488681184,Lake
"Granny Bay",30.121156232563433,-82.36252238885999,Lake
"Big Cypress Pond",30.940912552327983,-81.53996924209436,Lake
"Big Strand",30.884861453600358,-81.64441756897305,Lake
"Sparkman Bay",30.489023216243936,-82.25900987466181,Lake
"Scout Pond",30.321061891239566,-82.20803718029386,Lake
"Swift Creek Swamp",30.067839445903093,-82.3909139519234,Lake
"Spell Swamp",30.660535501575154,-81.80104047406,Lake
"Little Boggy Swamp",30.674897628563848,-81.8873185435618,Lake
"Caney Swamp",30.809885338704245,-81.67326386550214,Lake
"Lake Asbury",30.057543194627204,-81.82005329288599,Lake
"Cedar Swamp",30.343606692287292,-81.49939495967867,Lake
"South Lake Asbury",30.043388880375577,-81.81886358552921,Lake
"Fanny Bay",30.263074451105666,-82.40608266819966,Lake
"Buford Bay",30.705163405678086,-81.94799310760735,Lake
"Ocean Bay",30.394261282515565,-82.36248992219764,Lake
"McQueen Swamp",30.697375557956683,-81.66684623880215,Lake
"Pinhook Swamp",30.471765389025478,-82.43822414159179,Lake
"Little River Bay",30.47833909939428,-82.34934754841159,Lake
"Cattail Bay",30.416705229332333,-82.3275207273359,Lake
"Wilder Swamp",30.728681681131032,-81.7927157687788,Lake
"Winding Branch",30.932070518036486,-82.06824464582841,Lake
"Hells Bay",30.254643128926013,-82.23996817210045,Lake
"Fivemile Bay",30.00983640539497,-82.40712019517655,Lake
"Little Bear Bay",30.41461965730825,-82.36367082685892,Lake
"Palestine Lake",30.11981545489134,-82.40914576601409,Lake
"Moorehead Bay",30.567653581863357,-82.46599584655023,Lake
"Big Bay",30.999831106228147,-82.0016573661536,Lake
"Cedar Head",30.066645024622268,-81.61635679232084,Lake
"Big Island Swamp",30.26868694341247,-81.53294072080705,Lake
"Cabbage Swamp",30.753890731740334,-81.8480832219391,Lake
"Baker Bay",30.412100413233343,-82.25775519520747,Lake
"Bee Gum Lake",30.617151923193433,-82.14141673522438,Lake
"Gum Swamp",30.22936812342611,-81.53089816870096,Lake
"Ellis Bay",30.462675230769264,-82.25529120351082,Lake
"Plummer Swamp",30.650333125342474,-81.71206247651948,Lake
"Black Swamp",30.053615747662604,-82.31188388410598,Lake
"Surveyors Bay",30.44737562964061,-82.3521936213595,Lake
"Perch Lake",30.936613170944916,-82.16350558273348,Lake
"Doctors Lake",30.13324894316438,-81.73119597942437,Lake
"Barber Bay",30.304068862938994,-82.10266133163083,Lake
"Long Lake",30.799600857047707,-82.3423259537567,Lake
"Center Bay",30.09204144612054,-82.38434460770642,Lake
"Wolf Bay",30.27217532799151,-81.54620464127136,Lake
"Wampee Bay",30.140776377951035,-82.33393728617175,Lake
"Butler Lake",30.031738884415052,-82.33859502806266,Lake
"Tower Swamp",31.003046641454663,-81.76132875316935,Lake
"Barrel Head Swamp",30.93108441285,-81.58178426976686,Lake
"Hurricane Bay",30.28784138518509,-82.3676231405979,Lake
"White Oak Swamp",30.722757633769273,-81.73885074909988,Lake
"House Lake",30.864010725525336,-82.19081328968693,Lake
"Caney Branch",30.936078081093992,-82.08870422031576,Lake
"Little Gum Swamp",30.24622976256551,-82.4671470233913,Lake
"Little Okefenokee Swamp",30.983995471180073,-82.08824601516734,Lake
"Sample Swamp",30.48941931194504,-81.5632847560432,Lake
"New River Swamp",30.17636043482443,-82.1182124038713,Lake
"Scout Pond",30.33669362779802,-82.20596953247228,Lake
"Cabbage Swamp",30.74899426626264,-81.83228554205391,Lake
"Holder Bay",30.154029304444556,-82.3874992782054,Lake
"Copeland Swamp",30.913831512792047,-81.55321511132871,Lake
"Clapboard Swamp",30.4802880523983,-81.5408533366796,Lake
"South Prong Swamp",30.181321749190673,-82.32307020684044,Lake
"Swift Creek Pond",30.123485478397352,-82.2988584858357,Lake
"Tom Mann Swamp",30.628547595337952,-81.73167460072365,Lake
"Pinhook Swamp",30.510918824793354,-82.35907602084723,Lake
"Walker Swamp",30.922388386645167,-81.69799340487378,Lake
"Big Water Lake",30.922037588832886,-82.28405901115093,Lake
"Spell Swamp",30.650009223402243,-81.77371655952355,Lake
"Baldwin Bay",30.326348994772502,-81.98926408405583,Lake
"Mud Lake Swamp",30.200924956108224,-82.22961162802913,Lake
"Fisher Lake",30.0685750944639,-82.38131390690594,Lake
"Cattail Swamp",30.054007646166635,-82.15853050572188,Lake
"Waterhole",30.074195156577485,-81.59204330821409,Lake
"Cabbage Swamp",30.75265952907922,-81.87348798665505,Lake
"Honey Swamp",30.990946590426287,-81.67119582149749,Lake
"Rose Creek Swamp",30.891872751799383,-81.69646520106511,Lake
"Cooper Swamp",30.906404854485675,-81.53366544619358,Lake
"Shingle Swamp",30.85901616429921,-81.68455763215397,Lake
"Crosby Bay",30.47129367701395,-81.95091703954037,Lake
"Moccasin Swamp",30.510242342500877,-82.2926496101606,Lake
"Hampton Lake",30.773294036919452,-81.96861873290389,Lake
"Richard Millpond",30.029789268109948,-82.30389857388492,Lake
"Caney Swamp",30.48786135385028,-81.58302016592455,Lake
"Bulls Bay",30.355039929585935,-81.78498578094946,Lake
"Dark Thick",30.99660401639847,-82.04455177543242,Lake
"Blackjack Lake",30.70361607059987,-82.21496879245292,Lake
"Big Gum Swamp",30.331646610786862,-82.43999192860846,Lake
"Ellis Bay",30.466873165009055,-82.26391316958163,Lake
"Ryals Swamp",30.276478952070484,-81.5015788057013,Lake
"Buck Lake",30.74389927129095,-82.20215139645809,Lake
"Cannon Swamp",30.79921598935213,-81.58244752335517,Lake
"Brandy Branch Swamp",30.379956632358567,-81.9817489288276,Lake
"Ocean Pond",30.228032509300398,-82.43632099380311,Lake
"Bluff Creek Bay",30.38432995681911,-82.25401413351224,Lake
"Sometime Hole",30.820584724727535,-82.2228019331041,Lake
"Halls Swamp",30.916981594065604,-81.57689958582243,Lake
"Turner Pond",30.41447355641205,-81.63585818335703,Lake
"Maul Hammock Lake",31.010226677425123,-82.27394283324821,Lake
"Pottsburg Creek Swamp",30.216244951994447,-81.57538638843077,Lake
"Cabbage Swamp",30.75117229514221,-81.8972552276329,Lake
"Cartwheel Bay",30.06755099119219,-81.53728251447858,Lake
"Wolf Bay",30.47188161483052,-81.63468616156828,Lake
"Flat Swamp",30.07834849101703,-81.55902383809804,Lake
"Blackjack Lake",30.72029422496885,-82.17513861354531,Lake
"Powers Bay",30.148464664691996,-81.48751506965277,Lake
"Williams Bay",30.35428553500341,-82.49086259622642,Lake
"McQueen Swamp",30.674091725758636,-81.6208909010131,Lake
"Tom Mann Swamp",30.608646429989538,-81.70494542508925,Lake
"Moccasin Bay",30.480400684810952,-82.24316383757207,Lake
"Betts Eddy Bay",30.43889415134297,-82.3249551802979,Lake
"Buckhead Swamp",30.37983165939562,-82.41112998162578,Lake
"Edwards Flats",30.50837003079383,-81.50724308689507,Lake
"Lake Vedra",30.240272299486126,-81.3804308558238,Lake
"Durbin Swamp",30.154053682192092,-81.45773915235955,Lake
"Lake Ponte Vedra",30.145245515904207,-81.35865952531056,Lake
"Snowden Bay",30.083770492303234,-81.42340747613353,Lake
"Mesa Marsh",30.537593524537634,-81.47669268449135,Lake
"Cabbage Swamp",30.174406769109048,-81.40641642421082,Lake
"Dry Swamp",30.101901310945077,-81.40754129201767,Lake
"Cabbage Hammock Swamp",30.485273432990844,-81.49394097775722,Lake
"Cedar Swamp",30.335234566610197,-81.49468116506539,Lake
"Twin Oak Reservoir",31.20327706431342,-96.48019347102367,Lake
"Belton Lake",31.18569991318983,-97.48357980191764,Lake
"Springfield Lake",31.59456898893032,-96.54199570363684,Lake
"Robertson Lake",31.025613119277022,-96.74818133349339,Lake
"Lake Whitney",31.952105526969042,-97.40429196307507,Lake
"Navarro Mills Lake",31.95224325955843,-96.74584231578329,Lake
"Tradinghouse Creek Reservoir",31.566712259241378,-96.95751229433989,Lake
"Aquilla Lake",31.92943455275431,-97.2058582937155,Lake
"Soil Conservation Service Site 12 Reservoir",31.814326682369853,-96.62937353704771,Lake
"Waco Lake",31.54054245241783,-97.23205496615249,Lake
"Lake Mexia",31.65594161517044,-96.59724643246109,Lake
"New City Lake",31.34583166430712,-96.86337132661494,Lake
"Soil Conservation Service Site 10 Reservoir",31.774833242148475,-96.66356952041217,Lake
"Felton Lower Lake",31.59128076185794,-96.95531841120646,Lake
"New Lake Mart",31.5729505637219,-96.92372833076382,Lake
"Marlin City Lake",31.357423688394526,-96.87055783176737,Lake
"Lake Creek Lake",31.464902272535944,-96.97750287149941,Lake
"Soil Conservation Service Site 118 Reservoir",31.935430745040527,-96.5543894359651,Lake
"Lake Elverda",31.44290112603291,-95.87907819616309,Lake
"Clear Lake",31.39998728657751,-95.71228886906232,Lake
"Spring Creek Country Club Lake",31.372598676274336,-95.50578526721189,Lake
"Upper Club Lake",31.641541762387767,-96.29950051248582,Lake
"Normangee Lake",31.03353321188327,-96.20839997136723,Lake
"Lost Prairie Lake",31.79115408854348,-95.52731923736854,Lake
"Lake Dogwood",31.846553461742037,-95.49996068844713,Lake
"Teague City Lake",31.644364597126053,-96.3287330669555,Lake
"Red Lake",31.66882414515009,-95.96623452938898,Lake
"Hunt Ranch Lake Number 1",31.526719607786887,-96.18065494686157,Lake
"Blue Lake",31.68523954609012,-95.8402804834587,Lake
"Rush Lake",31.46771874293708,-96.44121842051774,Lake
"Black Bay",31.00920650119149,-96.27186993598747,Lake
"Calhoun Lake Number 1",31.734612369937057,-95.57676747554109,Lake
"Gator Lake",32.0058011655008,-95.89526190124145,Lake
"Chaney Lake",31.163712596285183,-96.213268873069,Lake
"Red Oak Lake",31.391525513635003,-96.04109705880327,Lake
"Old Salt Works Lake",31.733354131419492,-95.72978798364763,Lake
"Artesian Lake",31.202283171298372,-96.3166360731032,Lake
"Texas Industries Lake",31.961456167710164,-96.23964213414041,Lake
"Haverlah Lake",31.825607274211272,-95.6141728282407,Lake
"Lower Club Lake",31.634703801224337,-96.3046673834226,Lake
"Crystal Lake",31.749033266030303,-95.50636502011162,Lake
"Elkhart Lake",31.636747012136205,-95.54909179298397,Lake
"Fairfield Lake",31.797291904058998,-96.06206283408703,Lake
"Patterson Lake",31.097499141954714,-95.71634790059585,Lake
"Burleson Lake",31.656544262302894,-95.95949155963834,Lake
"Camp Creek Lake",31.056923139564063,-96.30563341549959,Lake
"Stanmire Lake",31.42951196460576,-95.7173709183661,Lake
"Evergreen Marsh",31.939776771525814,-95.72076984034663,Lake
"Crews Lake Number 1",31.36714364654773,-96.09656813652867,Lake
"Glaze Lake",31.59120076560122,-95.77941277448747,Lake
"Lake Reed",31.150510369272858,-96.06317211792395,Lake
"Houston County Lake",31.416199465894046,-95.57779353782905,Lake
"Lake Corsicana",32.04252717610007,-96.26171323215893,Lake
"Lake Limestone",31.4024847180978,-96.34833003996285,Lake
"Pineywoods Lake",31.98131507312347,-95.5494133042967,Lake
"Dry Lake",31.089812007647847,-95.72374196968094,Lake
"Beaver Dam Marsh",31.30172585984759,-95.78641531814047,Lake
"Circle R Lake Number 1",31.74983254472983,-95.54110907371337,Lake
"Simms Lake",31.16311137888684,-96.07635482217798,Lake
"Lake Francis",32.00233327317167,-95.93853602991074,Lake
"Big Lake",31.71507554994726,-95.83508991975633,Lake
"Lake Tonkawa",31.064947906542685,-96.19479032492988,Lake
"Hayden Lake",31.17719428351342,-96.0065220669248,Lake
"Lake Frankston",31.967186682431496,-95.54136307558635,Lake
"Indian Creek Lake",31.7328263954539,-95.96368112077569,Lake
"Browns Lake",31.555233059652256,-96.34091612266234,Lake
"Lake Jacksonville",31.91998264229736,-95.29312950352421,Lake
"Fern Lake",31.51998215138257,-94.70196993264972,Lake
"Fiberboard Lake",31.15023573936781,-94.81791440237485,Lake
"Coon Pond",31.58109615276716,-95.21749371983881,Lake
"Soil Conservation Service Site 3 Reservoir",31.868779907413057,-94.59692453123552,Lake
"Sam Rayburn Reservoir",31.21823590808868,-94.23409582423426,Lake
"Ratcliff Lake",31.39031862411463,-95.15344559698617,Lake
"Lake Kurth",31.442605536658604,-94.68666640472948,Lake
"Ioni Lake",31.608219816551685,-95.4664665556208,Lake
"Pine Crest Lake",31.952259971635492,-95.19646891854374,Lake
"Dead Water Lake",31.874470445616026,-95.41872367117901,Lake
"Buzzard Slough",31.866259411618795,-95.42076329898691,Lake
"Little Cedar Creek Lake",31.195952207642634,-94.83848151439626,Lake
"Black Cat Lake",31.28830994368413,-94.90356965650658,Lake
"Lake Acker",31.976364285076585,-95.29602362864006,Lake
"Duren Lake",31.57764442578283,-95.14357792232535,Lake
"Grassy Pond",31.531751429800202,-95.10187057830873,Lake
"Lake Striker",31.968277364334416,-94.99077206284345,Lake
"Lake Nacogdoches",31.623225593824127,-94.82087370937079,Lake
"Cameron Lake",31.011962703026104,-95.26029789149605,Lake
"Grapeland Lake",31.517110955801236,-95.43863106875254,Lake
"Alazan Lake",31.509260369193303,-94.75558581052458,Lake
"Soil Conservation Service Site 5 Reservoir",31.882995200633935,-94.52707020034634,Lake
"Pinkston Reservoir",31.709133645546206,-94.34886588320805,Lake
"Lake Timpson",31.85236354309511,-94.4243097307321,Lake
"City Lake",31.512885885087808,-94.09915502770922,Lake
"Soil Conservation Service Site 15 Reservoir",31.752119489522098,-94.33343028850743,Lake
"Lake Center",31.73431771305254,-94.16241487644825,Lake
"Loring Lake",31.605808246198432,-93.59023669832078,Lake
"Cross Bayou Lake",31.08070174695616,-93.51141567036879,Lake
"Toledo Bend Reservoir",31.50877251741696,-93.73080438985117,Lake
"Saint Maurice Lake",31.733063415579984,-92.96113192713528,Lake
"Anacoco Lake",31.11809991696085,-93.37187214158347,Lake
"Dunn Lake",31.69190350286072,-92.94610522638163,Lake
"Lake Iatt",31.601320212504735,-92.65771028846633,Lake
"Passoit Lake",31.87281170822372,-93.15891061625504,Lake
"Cotile Lake",31.308365009649307,-92.7413611652418,Lake
"Valentine Lake",31.24223232454861,-92.68477560835791,Lake
"Lake Rodemacher",31.38751753273167,-92.74360241508782,Lake
"Mill Pond",31.412352566326767,-92.6984299307512,Lake
"Spillway Lake",31.92661960294441,-92.71495260375586,Lake
"Red Oak Lake",31.950657747438143,-93.29492220693396,Lake
"Saline Lake",31.891656313281427,-92.9020727104641,Lake
"Black Lake",31.931510470222815,-93.04674406607519,Lake
"Long Bridge Lake",31.472759169049514,-92.71383326647398,Lake
"Blanchard Lake",31.533979634803863,-92.8724894839186,Lake
"Lee Lake",31.70292968380026,-93.04062630030184,Lake
"Bird Lake",31.57259069792397,-93.0242993006329,Lake
"Lake Chicot",31.67560648780743,-93.07011415360762,Lake
"Crane Lake",31.355480888941734,-92.72654635079931,Lake
"Provencal Lake",31.604032100243888,-93.12055446529665,Lake
"Clear Lake",31.47264484977357,-92.72373299633733,Lake
"Bayou Grande Lake",31.6348810889175,-93.07883237020567,Lake
"Bayou Grande Lake",31.634277116230752,-93.07864926099612,Lake
"Blague Lake",31.61582440160212,-93.08343856897127,Lake
"Nantachie Lake",31.626628843947106,-92.80299681117768,Lake
"Quinn Brake",31.734241241616157,-92.9515399127614,Lake
"Quinn Brake",31.738362604318805,-92.95278439958078,Lake
"Boyce Lake",31.39980274430356,-92.69864745568073,Lake
"Gourney Lake",31.341980757468374,-92.73764946699376,Lake
"Bayou Luce Lake",31.574058887320966,-93.04088157807408,Lake
"Lake Cocodrie",31.567561407515655,-92.82898739219645,Lake
"Lake Morgantine",31.518436963173954,-92.76272238926859,Lake
"Coochie Brake",31.793535634176543,-92.81137225603572,Lake
"Oden Lake",31.191689987271015,-92.51665656792227,Lake
"Kincaid Reservoir",31.26598308356981,-92.63120278277829,Lake
"Teloque Lake",31.946876300886956,-93.42728667516714,Lake
"Sandy Lake",31.690745750752495,-91.89515131571723,Lake
"Turkey Creek Lake",31.97527436757313,-91.75503702945163,Lake
"Artonish Lake",31.13190470077858,-91.59971056215753,Lake
"Little Lake",31.554573786196265,-92.02593872355627,Lake
"Kellers Lake",31.01062872469655,-91.69577508125305,Lake
"Fish Bayou Lake",31.02012328167323,-91.88806666435774,Lake
"Williams Lake",31.270690681063762,-92.3760283539482,Lake
"Lac Ophelia",31.21537106484931,-91.88622481949652,Lake
"Shanty Lake",31.694555952831337,-91.67788199791858,Lake
"Welsh Lake",31.332297160011393,-91.85270542476579,Lake
"Catahoula Lake",31.497209442503582,-92.14592981179906,Lake
"Fletchers Lake",31.753540469078924,-91.4972816130054,Lake
"Beaver Lake",31.28056003777411,-92.38916420221705,Lake
"Petit Lac du Grand Bryon",31.128985575210983,-91.92671720762793,Lake
"Blue Lake",31.207740652161696,-91.54814784226058,Lake
"Round Lake",31.726086147069683,-91.68189064484595,Lake
"Grand Bay",31.083662834088546,-91.69502469437477,Lake
"Lehman Lake",31.500660125352667,-92.2636621971975,Lake
"Old River Slough",31.507757579387164,-91.79445646266572,Lake
"Hoover Lake",31.817659315664375,-91.5782802523605,Lake
"Foster Lake",31.175868413697735,-91.50953174058411,Lake
"Morel Lake",31.10737955938616,-91.71048291784153,Lake
"Hardwater Lake",31.515512839598586,-92.29014646410221,Lake
"French Lake",31.75290871771363,-91.60243091358694,Lake
"Middle Prairie",31.46878696946442,-92.2237387840866,Lake
"Horseshoe Lake",31.94510490515437,-91.922594150533,Lake
"Donnelly Lake",31.36758667868255,-91.84682680888983,Lake
"Larto Lake",31.360998539036327,-91.92034365559097,Lake
"Long Lake",31.293995407344223,-91.504156033019,Lake
"Dempsey Lake",31.606092712404504,-91.97759532113847,Lake
"Willow Lake",31.60142858339053,-92.03036221565652,Lake
"Boggy Lake",31.772329019367906,-91.4972102393555,Lake
"Bayou Maria Basin",31.308888491745957,-92.39279608801709,Lake
"Cross Lake",31.181658584723955,-91.71188157439892,Lake
"Lac Sainte Agnes",31.21190467225083,-91.95953434437624,Lake
"Green Lake",31.986372265056183,-91.53064104093102,Lake
"Indian Creek Reservoir",31.112811902303328,-92.47101573517313,Lake
"Buttonwood Lake",31.25975107154185,-92.36328433725227,Lake
"Martin Bay",31.045005270913883,-91.73129942529887,Lake
"Long Lake",31.637686808751496,-91.94255392204083,Lake
"Sutton Lake",31.039148341664976,-91.86328808374321,Lake
"Big Lake",31.79149715552707,-91.56960811776656,Lake
"Maknockanut Lake",31.44307046835717,-91.95742022035026,Lake
"Lac Volee",31.195946431325645,-91.84352617684783,Lake
"Rock Lake",31.91631475584533,-91.83365838047521,Lake
"Lorran Lake",31.27827291211221,-91.84109223343178,Lake
"Dailey Lake",31.94254013780181,-91.85593514177596,Lake
"Brushy Bayou",31.674389253437162,-91.6964257410508,Lake
"Belson Lake",31.057288911965472,-91.79815497644256,Lake
"Wise Lake",31.311831155078902,-91.8842322213931,Lake
"Lac Bois Sec",31.164957276487915,-92.0242688252211,Lake
"Black Lake",31.58130684897559,-91.72808942249077,Lake
"Lac Grand Bayou",31.145956166848386,-91.9735344571336,Lake
"Coco Lake",31.03130383267316,-91.90658641878603,Lake
"Royster Lake",31.412520284870766,-91.84114121612534,Lake
"Tanyard Lake",31.25309508424625,-92.35318494376867,Lake
"Blue Hole Slough",31.526877968360385,-92.28697101108453,Lake
"Catfish Prairie",31.474964946669495,-92.21479050796266,Lake
"Kisatchie Lake",31.45532001552958,-92.44415220772827,Lake
"Lac Ambroise",31.160063837202202,-91.90919569398912,Lake
"Red River Bay",31.177241074928663,-91.69509589197206,Lake
"Lac Didier",31.115906417894095,-91.87229012958905,Lake
"Lac Calebasse",31.218173912559784,-91.85790727691892,Lake
"Lower Sunk Lake",31.150753415264,-91.6974685616629,Lake
"Lac a Paul",31.19563621853312,-91.87905465484452,Lake
"Smith Bay",31.142181074389438,-91.72893887708285,Lake
"Nichols Lake",31.271189535670356,-91.89617003414327,Lake
"Lac de Johnson",31.205523733618108,-92.10203872561391,Lake
"Grassy Lake",31.520191143027276,-91.80468211210379,Lake
"Snaggy Lake",31.51615977271327,-91.86832204687057,Lake
"Lake Concordia",31.649920796731745,-91.5226407035135,Lake
"Williams Lake",31.35166205895831,-91.84811181653218,Lake
"Ox Lake",31.743698505361554,-91.58668383327188,Lake
"Turtle Lake",31.62083506656786,-91.597260444159,Lake
"Lake Buhlow",31.33539054872177,-92.44513675280925,Lake
"Big Brake",31.90157460008771,-91.7681322758885,Lake
"Lac aux Perles",31.02665903531068,-92.12367138677213,Lake
"Sargent Lake",31.791169426060748,-91.79507187179307,Lake
"Big Lake",31.89826765446611,-91.8432140750025,Lake
"Bens Lake",31.735554245778545,-91.73442533401342,Lake
"Sandy Bayou",31.99552122712312,-91.94330931432884,Lake
"Wallace Lake",31.673032246019517,-91.82409065618847,Lake
"Rhinehart Lake",31.622119382705183,-91.9891591959629,Lake
"Rock Island Lake",31.258722113489434,-92.3581992625755,Lake
"Jeff Lake",31.178184592744415,-91.72576866872637,Lake
"Jeff Lake",31.16441547823929,-91.7154045030099,Lake
"Shad Lake",31.400089849682725,-91.97125010833793,Lake
"Lake Mary",31.195338364086663,-91.55269943132375,Lake
"Big Lake",31.180464652197397,-91.56428479652214,Lake
"Tew Lake",31.70405008896141,-91.81637668331054,Lake
"Mean Lake",31.690170145625828,-91.79097405447966,Lake
"Flatland Lake",31.856521782548736,-91.21872394877386,Lake
"Flat Lake",31.596977472101266,-91.47618482242342,Lake
"Big Blue Hole",31.67874163870361,-91.40916633425529,Lake
"Lake Lakanardia",31.993072262252422,-91.15593931266811,Lake
"Gilliam Chute",31.818645674353778,-91.32595834436404,Lake
"Holmes Lake",31.77318103182573,-91.25860715128178,Lake
"Butler Lake",31.42586220097863,-91.45533142226375,Lake
"Marengo Lake",31.600358389320867,-91.47282838716517,Lake
"Kings Point Lake",31.760322121478296,-91.28454364479003,Lake
"Lake Tangipahoa",31.186331152682875,-90.52376453942762,Lake
"Junkins Lake",31.744402205485045,-91.3050129321624,Lake
"Hurricane Lake",31.50798765514039,-90.60152950166605,Lake
"Okhissa Lake",31.417526165596612,-90.82982868392018,Lake
"Alford Lake",31.039791953826533,-90.53575521930469,Lake
"Gorton Chute",31.788312199906233,-91.38288499421309,Lake
"Thornburg Lake",31.70709247791613,-91.37174961951493,Lake
"Grassy Lake",31.628119884848317,-91.44733625888234,Lake
"Duck Pond",31.747207462045925,-91.28011572700558,Lake
"Piazza Lake",31.83984311541375,-91.2412601590312,Lake
"Fields Lake",31.737235635874963,-91.35730764905898,Lake
"Mud Lake",31.640618108493562,-91.44650533570717,Lake
"Cypress Grove Lake",31.769544700174485,-91.29138579772444,Lake
"Brushy Lake",31.971291747680834,-91.2218456685744,Lake
"Lake Formosa",31.993177930881963,-91.45576220276106,Lake
"Lake Saint John",31.702780175443657,-91.43420519759712,Lake
"Lake Mike Connor",31.57529704461216,-89.648858850193,Lake
"Dry Creek Lake",31.751067760176102,-89.73266005456134,Lake
"Lake Walthall",31.06246838491759,-90.13252160758925,Lake
"Lake Copiah",31.94925672526344,-90.40696608920001,Lake
"Simpson Legion State Fishing Lake",31.917870795390684,-89.78951316592453,Lake
"Jefferson Davis Lake",31.56462442584251,-89.8376990191771,Lake
"Dixie Springs Lake",31.33303843747825,-90.46372241385598,Lake
"Lake Mary Crawford",31.57636068842546,-90.1601032202152,Lake
"Lake Ross Barnett",31.829723044683295,-89.59310146053267,Lake
"Lake Bill Waller",31.195621030045643,-89.71913916914485,Lake
"Allen Lake",31.934981908891338,-90.18361521688543,Lake
"Lake Columbia",31.18691047709934,-89.73588837581647,Lake
"Clarks Lake",31.56536614608327,-90.36308535237622,Lake
"Hennington Lake",31.30829634113808,-89.43428653063572,Lake
"Masonite Lake",31.672920483469532,-88.99615176374871,Lake
"Alec Lake",31.026105606614927,-88.75765553721787,Lake
"Cole Lake",31.321532591294904,-89.43069450199472,Lake
"Elks Lake",31.197231230410498,-89.30328994506786,Lake
"Geiger Lake",31.142053383550103,-89.24209081081335,Lake
"Lake Bogue Homo",31.711238969421238,-89.01066833189024,Lake
"Beaver Lake",31.14141065516324,-89.3560587786524,Lake
"Lake Perry",31.130644962218646,-88.90499884748235,Lake
"Turkey Fork Reservoir",31.34745087636239,-88.70333670998139,Lake
"Big Chippewa Lake",31.0319545002153,-87.98417547038325,Lake
"Citronelle Lake",31.068454969794615,-88.31734118630386,Lake
"Silver Lake",31.2220784209764,-87.85201455513604,Lake
"Jim Burr Lake",31.217102958548168,-87.9226534161373,Lake
"Smith Lake",31.313846404662996,-87.75762729876844,Lake
"Three Rivers Lake",31.30653732649943,-87.9700078030116,Lake
"Dunham Pond",31.344636174301936,-87.91061040867031,Lake
"Doctor Lake",31.200932871433714,-87.92652110778387,Lake
"David Lake",31.10147219005257,-87.96988536254318,Lake
"Emmit Wood Lake",31.621732592270284,-88.35240681668598,Lake
"Stiggins Lake",31.09025295065451,-87.91659470195044,Lake
"Bunny Lake",31.98455244366919,-88.0586615258877,Lake
"Little Chippewa Lake",31.032511129634393,-87.9722744252077,Lake
"Patterson Lake",31.16175132038916,-87.70384683312729,Lake
"South Lake",31.2750175873268,-87.90033946339967,Lake
"Bates Lake",31.217606323621148,-87.94540032325601,Lake
"Fishing Lake",31.329440331430185,-87.96383393607466,Lake
"Sibley Lake",31.269191710121582,-87.81233544714986,Lake
"Driesbach Lake",31.285751909068676,-87.8081575874256,Lake
"Coffeeville Lake",32.083843939984554,-88.0653722030451,Lake
"Hellcat Lake",31.2422469743828,-87.95563991053457,Lake
"Big Cypress Pond",31.950180518662368,-88.1081139672995,Lake
"S C M Waste Treatment Pond",31.48591136712445,-87.90233992112334,Lake
"Flynns Lake",31.434570725332083,-87.59737471513694,Lake
"Horseshoe Lake",31.65690633483996,-88.06592191801116,Lake
"Coker Bend Lake",31.827524040372914,-88.21217370517142,Lake
"Choctaw Lake",31.36889057981028,-87.75778379208549,Lake
"Hatchetigbee Lake",31.66683088836012,-88.08738619053845,Lake
"Wilderness Swamp",31.508977556051832,-88.07644691169341,Lake
"The Cove",31.267017885447547,-87.98779728918336,Lake
"Little Lake",31.0793088286606,-87.90844241643599,Lake
"Pigeon Creek Swamp",31.859161358833795,-86.48530454145323,Lake
"Blue Lake",31.113780470021144,-86.55347119596277,Lake
"Blackwater Bay",31.086623743938173,-86.58993790385897,Lake
"Natchez State Lake",31.7222495018433,-87.26354568247437,Lake
"Wolf Thicket Bay",31.06691705659908,-86.6116029629968,Lake
"L Pond",31.269069368196323,-86.9479173038021,Lake
"Bear Bay",31.105695252043223,-86.6377808886354,Lake
"Gum Swamp",31.107049292995057,-86.58018340861815,Lake
"Lake Tanner",31.813142557783504,-86.54857299438358,Lake
"MacMillan Bloedel Incorporated Waste Pond",31.974142126086104,-87.468847408619,Lake
"Leon Brooks Hines Lake",31.032003500665905,-86.83178647985537,Lake
"Falco Bay",31.052785941637342,-86.6021308163775,Lake
"Container Corporation Treatment P",31.06852602560206,-87.11224650930433,Lake
"Lake Shirley",31.504192541454426,-86.95874090966402,Lake
"Beaver Pond",31.258301821414584,-86.12116710101544,Lake
"Youngblood Lake",31.849536442531964,-86.0721249676254,Lake
"County Lake",31.473325494002225,-86.1504984331072,Lake
"Crenshaw County Public Lake",31.65185383145152,-86.27305580143825,Lake
"Lake Tholocco",31.407550561594512,-85.7125806079804,Lake
"Stump Pond",31.235886349220223,-86.1257795051928,Lake
"Gantt Lake",31.437797049019593,-86.43419783586226,Lake
"Essayons Lake",31.421933417374124,-85.85968408289816,Lake
"The Beaver Pond",31.827516448174045,-86.19528554132653,Lake
"Dale County Public Lake",31.479454766031786,-85.63308865838482,Lake
"Lake Clara",31.30799456349427,-84.96307961446618,Lake
"Phillips Pond",31.874149241976824,-84.90850247690092,Lake
"Lake Myda",31.596652170577666,-84.74329239477562,Lake
"Cordrays Pond",31.592877971109477,-84.56366789606918,Lake
"Mathison Lake",31.618411554351223,-85.23169681076429,Lake
"Singer Pond",31.972087556851534,-84.74890667039372,Lake
"Walter F George Reservoir",31.922848050088476,-85.08493045284025,Lake
"Lake Kolomoki",31.465553510784215,-84.92882267727991,Lake
"Calhoun Pond",31.214002058069056,-85.11793784840707,Lake
"Porter Pond",31.18350614956275,-85.06320239727526,Lake
"County Lake",31.966629622289215,-85.44620814562694,Lake
"Goodwins Pond",31.981200866509948,-84.64151968383462,Lake
"Glenn Lawrence Lake",31.226639300155917,-85.24075362115855,Lake
"Merrett Pond",31.61560132308189,-84.61995900878742,Lake
"McClendon Lake",31.516346190495042,-84.54933935865883,Lake
"Hundred Acre Pond",31.67121264740946,-84.56745042919137,Lake
"Indigo Pond",31.007238097845264,-85.18377139640822,Lake
"Albany Lake",31.64020240748527,-84.36536661194044,Lake
"Bryan Lake",31.386317479021344,-83.61862820281816,Lake
"Halls Pond",31.404595510473012,-84.35614237320979,Lake
"Whiddons Millpond",31.546168832310624,-83.60777050487789,Lake
"Lake Worth",31.61309166008621,-84.14591955541547,Lake
"Sea Pond",31.30556986472281,-84.43101737521083,Lake
"Mile Pond",31.998654837410655,-83.90374191804081,Lake
"Rigsby Lake",31.24337999954507,-84.08111793711633,Lake
"Indian Lake",31.23196667064468,-83.75424746774738,Lake
"Williams Lake",31.976940772119942,-83.81272153823049,Lake
"Long Pond",31.411433982799675,-84.34790978614222,Lake
"Reed Bingham Park Lake",31.16966403411108,-83.54334595541647,Lake
"Featherfield Lake",31.65014716251394,-84.42279931902274,Lake
"McGill Pond",31.838029156530745,-84.3176793197506,Lake
"Windmill Pond",31.4520719861972,-84.36481214946738,Lake
"Long Pond",31.660454694645676,-84.3987768435071,Lake
"Big Cypress Lake",31.45225717496933,-84.29120143290157,Lake
"Basin Pond",31.342837216960458,-84.39878692245676,Lake
"Lake Philema",32.00158805768235,-84.17769708239929,Lake
"Mims Millpond",31.229655767750156,-84.00151789326208,Lake
"Conner Lake",31.88305344695181,-83.53704983208785,Lake
"Chickasaw Lake",31.097723802801273,-84.15629020760692,Lake
"James Pond",31.69898432591823,-84.21018005620725,Lake
"Rawls Pond",31.535314948284373,-84.24488910022409,Lake
"Lake Blackshear",31.945380158476315,-83.93126675739936,Lake
"Rockhole Pond",31.3465973954886,-84.42483348408479,Lake
"Hellgate Pond",31.429130475958843,-84.40655640252035,Lake
"Wells Millpond",31.92409135636131,-84.26018631631406,Lake
"Long Pond",31.350299057382152,-84.41272765633144,Lake
"Jones Pond",31.35490127079418,-84.39535298073156,Lake
"Slash Pond",31.155992238699717,-83.27349592647717,Lake
"Weaver Pond",31.636526503899116,-83.30019451148097,Lake
"Guest Millpond",31.19388551353844,-82.85839669794527,Lake
"Hog Bay",31.165651488338504,-82.81034713774758,Lake
"Hutchinson Pond",31.058488966298924,-83.35821383512248,Lake
"Gaskins Pond",31.257589518053063,-83.15636708325324,Lake
"Still Bay",31.23901576491162,-83.00027256097587,Lake
"Stallard Bay",31.137456828781673,-82.57169622751832,Lake
"Tiger Bay",31.345111672608507,-83.21438989971512,Lake
"Lake Patrick",31.404989961733925,-83.3616518602406,Lake
"Rice Pond",31.15634519863103,-82.58785877845581,Lake
"Camp Bay",31.291899956530617,-82.99742901058976,Lake
"Hog Creek Bay",31.266857193216623,-82.98395136143861,Lake
"Lake Bobben",31.406753965131216,-83.35364695493377,Lake
"Phoeba Bay",31.19770699941758,-83.09385671688081,Lake
"Buzzard Bay",31.16563176424438,-82.66982808442896,Lake
"Sweetgum Bay",31.162643508861564,-82.83392610742317,Lake
"Varnadoe Lake",31.870379731404014,-82.85207278611006,Lake
"Lee Pond",31.065263587282065,-83.1041245587057,Lake
"Milltown Bay",31.02585436367615,-83.085135545608,Lake
"Bee Pond Flats",31.11190737286568,-82.94517912063715,Lake
"Sumner Lake",31.64272682524898,-83.22745382176726,Lake
"Halls Pond",31.174761051499154,-83.44501959676185,Lake
"Berryhill Pond",31.054122341553814,-83.11121707727911,Lake
"McCrain Lake",31.421314653269917,-83.37593342292247,Lake
"Useless Bay",31.05284794455655,-82.8149316600873,Lake
"Buzzard Bay",31.830597882217546,-82.90379212601528,Lake
"Scott Bay",31.80903567674415,-82.91061710156131,Lake
"Wolf Bay",31.228652384392596,-82.94822506858685,Lake
"Pee Dee Bay",31.225178239750754,-82.87621239514228,Lake
"Bear Bay",31.04935531566534,-82.87584617848476,Lake
"Parrish Pond",31.158480809729635,-83.34543372105112,Lake
"Huckleberry Bay",31.194145037838073,-82.65726872669238,Lake
"Sweetgum Bay",31.14577111430918,-82.83551948512154,Lake
"Still Bay",31.839597397294817,-82.88406130057474,Lake
"Isiac Bay",31.075238817820683,-82.71643041245548,Lake
"Daniels Pond",31.09387684312688,-83.34507850561344,Lake
"Devils Bay",31.070637411978723,-82.93763435479717,Lake
"Hilliards Pond",31.458775943208952,-82.91943009973345,Lake
"Bush Lake",31.75399154321777,-82.91840850176027,Lake
"Roundabout Swamp",31.289512946558784,-82.9293867150551,Lake
"Dan Bland Bay",31.820154313649233,-82.86225953487882,Lake
"Rays Millpond",31.086983068351348,-83.16767451616992,Lake
"Cribb Bay",31.14153172645203,-82.61468431863777,Lake
"Ricketson Bay",31.313539989362877,-82.8119359230985,Lake
"Giddens Pond",31.16517108833714,-83.47772478518591,Lake
"Skinner Bay",31.01864866080428,-82.85586963509617,Lake
"Adcock-Morris Lake",31.536158206525798,-83.44355898590496,Lake
"Old Ninety Bay",31.190729509669957,-82.83026951418545,Lake
"Bussell Pond",31.635332164626035,-83.35378098059545,Lake
"Rays Millpond",31.091589945061283,-83.15674540484379,Lake
"Light Bay",31.069454420601758,-82.83954060733622,Lake
"Whitehurst Pond",31.070705563565348,-83.47124791163405,Lake
"Tenmile Bay",31.29668571056312,-83.19177877682091,Lake
"Meeting House Bay",31.25513675923352,-83.01995676987197,Lake
"Buzzard Roost",31.879816328242914,-83.25628209679486,Lake
"Featherbed Bay",31.214656452663778,-82.98712437879853,Lake
"Bennett Pond",31.140449211671562,-83.27495836856434,Lake
"Morris Pond",31.174061857414344,-83.25331792457649,Lake
"Dickerson Millpond",31.021142149723328,-82.74287993093618,Lake
"Gator Slide",31.88200580033848,-83.26529414559758,Lake
"The Bay",31.70294253764511,-83.44260363635277,Lake
"Thornhill Bay",31.171280039944875,-83.40291260362545,Lake
"Head of the Creek",31.20547003024891,-82.71061911495501,Lake
"Averys Millpond",31.228650599660643,-83.19041352060377,Lake
"Rays Millpond",31.099083961285228,-83.16173286164076,Lake
"Boyette Pond",31.106665620870952,-83.35581645225263,Lake
"Hendrix Bay",31.031973136766187,-82.56342690946192,Lake
"Steve Bay",31.14050476489159,-83.01518794463283,Lake
"Banks Lake",31.027291018270397,-83.1074412656873,Lake
"Steedley Bay",31.170763043889778,-82.60124150204604,Lake
"Devils Bay",31.011606169978624,-82.63800373108927,Lake
"Powder Horn Branch",31.35060228996997,-81.69490760886718,Lake
"Lake Lindsay Grace",31.58034452043516,-82.04761353253907,Lake
"Martin Strand",31.388463988454454,-81.66709899253101,Lake
"Gardi Swamp",31.501661650455098,-81.73902250399382,Lake
"Turkey Swamp",31.25391993582438,-81.71587768073995,Lake
"Lake Lure",31.554939990780593,-82.48418249834359,Lake
"Davis Swamp",31.812345700406038,-81.57793094878406,Lake
"Kneeknocker Swamp",31.23984116071587,-82.03226498055172,Lake
"Millpond Branch",31.220919452009714,-82.10692053258985,Lake
"Snuff Box Swamp",31.537008633906527,-81.55573863282218,Lake
"Deep Branch",31.45352599796741,-81.64622115695346,Lake
"Hughes Old River",31.720446748951293,-81.87494301888503,Lake
"Big Pond",31.846639712270033,-82.41823963218634,Lake
"Dark Thick",31.103234784252145,-82.15227872552795,Lake
"Gum Pond",31.292167908135077,-81.65788429984605,Lake
"Big Swamp",31.907430608510285,-81.53814035293848,Lake
"Duck Pond",31.388543811624814,-81.97394261225003,Lake
"Raulerson Swamp",31.26114458775218,-82.08418936099507,Lake
"Jardine Bay",31.231364252730312,-81.95406912041885,Lake
"Strum Bay",31.983959875298137,-81.66028492948273,Lake
"Sandy Swamp",31.98860251729346,-81.71326055003028,Lake
"Big Bay",31.604732592364975,-81.53033327316834,Lake
"Musket Bay",31.222667632161205,-82.44295918942349,Lake
"Tiger Swamp",31.119572962129684,-81.73418047442193,Lake
"Johns Pond",31.062984355699083,-82.15242309559733,Lake
"Jackie Camp Swamp",31.54950513111931,-81.48790614380442,Lake
"Sandhill Bay",31.474376538647377,-81.578433613969,Lake
"Caney Bay",31.188302805586602,-82.0486958043716,Lake
"Penholoway Bay",31.382656116937184,-81.7991922170556,Lake
"Bull Town Swamp",31.661712763375597,-81.45132583140453,Lake
"Patterson Swamp",31.693082515559148,-81.8532701247924,Lake
"Buffalo Swamp",31.241959246915798,-81.57103917651929,Lake
"Big Cypress Swamp",31.44229370920269,-81.78280690984653,Lake
"Canoe Swamp",31.03458291317607,-81.68696152750125,Lake
"Mosely Bay",31.584340437301474,-81.92890122224854,Lake
"Cypress Swamp",31.448105762214567,-81.87194668894467,Lake
"Johnson Lake",31.517847828405593,-82.39317845923158,Lake
"Layway Swamp",31.420727719018263,-81.6350860686571,Lake
"Mud Swamp",31.34847671595994,-82.07240978850882,Lake
"The Bay",31.429889050680757,-81.85347477151697,Lake
"Churchill Swamp",31.524257503735036,-81.4911874666046,Lake
"Turtle River Swamp",31.230874551748656,-81.72335778238418,Lake
"White Oak Swamp",31.257217916429088,-81.6485350619814,Lake
"Kneeknocker Swamp",31.228475984329737,-82.03749376530128,Lake
"Gator Head",31.667142493977394,-81.6846956689168,Lake
"Ohio Lake",31.01968665750355,-82.2069399783642,Lake
"Knights Swamp",31.22342713432948,-81.74758690494897,Lake
"Hayner Swamp",31.127385433462536,-81.67527246093198,Lake
"Barkers Swamp",31.0876820755701,-81.67826449076566,Lake
"Water Bay",31.05498961460979,-82.3959428725129,Lake
"Lake Mayers",31.79164989944448,-82.47758736135992,Lake
"District Pond",31.06396015921782,-82.43379487543481,Lake
"Rayonier Lake",31.64328657680293,-81.81773235234867,Lake
"Huckleberry Bay",31.151655021333603,-82.36085704776694,Lake
"Cherokee Lakes",31.75326254459597,-81.95509826181201,Lake
"Big Mortar Swamp",31.583479332008157,-81.5153898945118,Lake
"Snuff Box Swamp",31.498476902253103,-81.50081438211244,Lake
"Kneeknocker Swamp",31.243415945875046,-82.01709462065851,Lake
"Millpond Branch",31.232534865635163,-82.10933434087413,Lake
"Buffalo Swamp",31.298460995700104,-81.62858922587509,Lake
"Rayonier Lake North",31.661368781696474,-81.83653187456072,Lake
"Waverly Swamp",31.08414376965669,-81.76959860201322,Lake
"Burnt Scrub Swamp",31.275381289441377,-81.72900079899235,Lake
"Chisholm Swamp",31.43812830235735,-81.46733282008978,Lake
"White Oak Swamp",31.039750518042897,-81.75223818046152,Lake
"Terrells Millpond",31.81171865670286,-81.62916698855554,Lake
"Laura S Walker Lake",31.140267998027145,-82.21652845059567,Lake
"Duboise Bay",31.171095604073628,-82.37996034094274,Lake
"Indian Swamp",31.283743419218908,-81.98514677206934,Lake
"Indian Swamp",31.24068350525896,-82.06649085337955,Lake
"Fishhole Swamp",31.3191061245087,-81.68026018477568,Lake
"Canal Branch",31.447068331831453,-81.63324786615124,Lake
"Lakeview Country Club Lake",31.287123976514664,-82.22979380958665,Lake
"Lake Floree",31.194054486632464,-82.23677671410314,Lake
"Kings Bay",31.115155786396503,-81.84996673917338,Lake
"Tiger Bay",31.14902958756579,-82.06292617138243,Lake
"Little Okefenokee Swamp",31.049836896173325,-82.08807299729898,Lake
"Millikin Bay",31.614846585094586,-81.91701383003962,Lake
"Dunns Lake",31.809447874862347,-82.3181506647624,Lake
"Melvin Swamp",31.844862044448387,-81.57389627378494,Lake
"Fort Camp Branch",31.216975666591953,-82.07625575052144,Lake
"Romerly Marshes",31.91462962244863,-81.02046503885741,Lake
"Willows Pond",31.76231783555148,-81.09365204783937,Lake
"Youngs Swamp",31.532645870531493,-81.47828567914421,Lake
"Pine Hill Swamp",31.523662491040714,-81.45340291748583,Lake
"Lost Swamp",31.974220143178247,-81.2995761840753,Lake
"Lake Mayer",31.99514531941654,-81.08738847587081,Lake
"Oscar Swamp",31.59367048291576,-81.45067248559407,Lake
"Elbow Swamp",31.903926099247496,-81.325714214392,Lake
"Flag Pond",31.520797295305204,-81.19808069225796,Lake
"North Pond",31.520500314815425,-81.20701741223843,Lake
"Goose Pond",31.76765677345995,-81.12397143709207,Lake
"Bloody Marsh",31.15711837165179,-81.37464198414669,Lake
"Poplar Swamp",31.885525218215697,-81.29550386243093,Lake
"Boggy Gall Swamp",31.44216504170556,-81.40516491252545,Lake
"Vilbig Lakes",32.79170907699957,-96.9659461314572,Lake
"Lemmon Lake",32.69813252066385,-96.73431240532108,Lake
"Marine Creek Reservoir",32.83094430339993,-97.39853552277518,Lake
"Lancaster Club Lake",32.64246521121443,-96.6754210425885,Lake
"Fin and Feather Club Lake",32.66180536705894,-96.68359275205557,Lake
"Lake Pat Cleburne",32.306701906782465,-97.4359216257684,Lake
"Joe Pool Lake",32.59719672467826,-97.03264292621172,Lake
"Grapevine Lake",32.989303052949154,-97.10854974891636,Lake
"Lake Waxahachie",32.34098687026406,-96.82993993557254,Lake
"North Lake",32.937110932902954,-96.98198839975949,Lake
"Dallas Hunting and Fishing Club Lake",32.64648342596851,-96.66845863741182,Lake
"Lake Worth",32.81204276076914,-97.4618506075469,Lake
"Bachman Lake",32.85510209799188,-96.86208921558314,Lake
"White Rock Lake",32.837240708981426,-96.72214501649205,Lake
"Bardwell Lake",32.29253136278921,-96.67755294315839,Lake
"Lake Carolyn",32.868632312393004,-96.93656271487416,Lake
"Benbrook Lake",32.61700931324852,-97.47817129932767,Lake
"Corder Lake",32.89614848142752,-96.5231422469343,Lake
"Soil Conservation Service Site 138 Reservoir",32.0685827160705,-96.56388564791355,Lake
"Lake Clopton",32.461053110683494,-96.77493484333723,Lake
"Lake Arlington",32.70583348082799,-97.21700109581887,Lake
"Mountain Creek Lake",32.71517731419027,-96.96815068993298,Lake
"Soil Conservation Service Site 137g Reservoir",32.06543550862983,-96.58216416737699,Lake
"Lake Clark",32.33268239454697,-96.65925388112288,Lake
"Eagle Mountain Lake",32.93228444348807,-97.49659171902297,Lake
"Dennis Lake",32.12536874826404,-95.73761001347198,Lake
"Murchison Lake",32.109240420875324,-95.86212409265451,Lake
"Rainbo Lake",32.09294132080361,-95.73871186882089,Lake
"Coon Creek Lake",32.05800553686902,-95.8519620292357,Lake
"Callender Lake",32.3669844191656,-95.69557314799928,Lake
"Lake Palestine",32.18805878445097,-95.47538880460995,Lake
"Catfish Creek Ranch Lake",32.05704235173773,-95.79026759239026,Lake
"Beaton Lake",32.06120199846742,-96.44249824340068,Lake
"Lake Tawakoni",32.8806824293837,-95.9970961995542,Lake
"Tawakoni Balancing Reservoir",32.812263783084674,-96.27052293796544,Lake
"Hollywood Lake",32.12806057266256,-95.87546436335212,Lake
"Van Lake",32.54326343711164,-95.58812744442456,Lake
"Caruth Lake",32.94347581815564,-96.45212145658361,Lake
"Kerens City Lake",32.13248201684504,-96.18389856313505,Lake
"Soil Conservation Service Site 1 Reservoir",32.47471140266258,-96.41025072929774,Lake
"Wilson Lake",32.05912616780173,-95.88035411016293,Lake
"Metzger Lake Number 1",32.560376791346194,-95.75036359251764,Lake
"Flag Lake",32.27591648808476,-96.21917020936215,Lake
"Jonnson Lake",32.069556275225004,-95.90003198680239,Lake
"Old Terrell City Lake",32.736954169541114,-96.2415822948741,Lake
"Greenbrier Lake",32.080471572229456,-95.74007210963,Lake
"Bailey Branch Reservoir",32.28004796678465,-95.67969445111393,Lake
"Athens Fish and Game Club Lake",32.24134225507434,-95.78258255069177,Lake
"Gallimo Lake",32.09935053555594,-96.0976820566665,Lake
"Rhine Lake",32.49996273301923,-95.68709988961533,Lake
"Case Lake",32.876897715255076,-95.59055159066159,Lake
"Reservoir Number One Hundred Twentynine",32.21196199580119,-96.45646675393209,Lake
"Hall Lake",32.10367276179882,-96.01016855301305,Lake
"Lake Athens",32.21464596899976,-95.75308007852017,Lake
"Lake Halbert",32.063870701004774,-96.42035182781171,Lake
"Greenes Lake",32.81035985567153,-95.74618352542339,Lake
"Kaufman Lake",32.59257740876747,-96.25024577387168,Lake
"Echo Lake",32.2536782917456,-95.6517956547664,Lake
"Caddo Creek Lake",32.08381329363482,-95.65233879969799,Lake
"Magnolia Lake",32.07994362635627,-96.43059239708224,Lake
"Murphy Lake",32.590081240139256,-96.43487953002939,Lake
"New Terrell City Lake",32.74686685586394,-96.17088042150556,Lake
"Campbell Lake",32.593303604566366,-95.55855406058733,Lake
"Reservoir Number One Hundred Twentyeight",32.21203278845194,-96.47263661174823,Lake
"Sky Lake",32.56469104010345,-95.58652455361936,Lake
"Farmer Lake",32.13139155686989,-95.74085387715847,Lake
"Cedar Creek Reservoir",32.295397520318545,-96.12139294836646,Lake
"Garden Lake",32.59826422965217,-95.60308392792784,Lake
"Neil Lake",32.70198793472741,-95.62408876908069,Lake
"T P Lake",32.71947584830684,-95.97626271197913,Lake
"Daniels Lake",32.138762264293355,-96.11017770336666,Lake
"City Lake",32.16138128509714,-96.07819010007961,Lake
"Hume Lake",32.13335438179027,-95.69371982467861,Lake
"Trinidad Lake",32.1223008724269,-96.09104793179611,Lake
"Edgewood City Lake",32.71217703651335,-95.90422638341312,Lake
"Creslenn Ranch Lake",32.06781437255991,-96.06778706676947,Lake
"Club Lake",32.805220874447045,-96.28772211057898,Lake
"Kaufman City Lakes",32.595552955112325,-96.28542793560202,Lake
"Soil Conservation Service Site 10 Reservoir",32.551758285979815,-96.41330479983506,Lake
"City Lake",32.680480776150524,-95.73815602490767,Lake
"Rockwall Lake",32.88455565001702,-96.45473752188404,Lake
"Fincastle Lake",32.07236532354546,-95.7296292800131,Lake
"Crysup Lake",32.02606911116189,-95.31235688838889,Lake
"Hide-A-Way Lake Number Two",32.50234237795295,-95.45604219977824,Lake
"Johnson Creek Reservoir",32.85433298517846,-94.55453867815903,Lake
"Sundowner Lake",32.72834350900801,-95.3831099407773,Lake
"Ferguson Creek Reservoir",32.43946501435049,-94.6954382415466,Lake
"Rock Falls Lake",32.662791066933245,-95.40338805916224,Lake
"Brooks Lake",32.682797874022185,-95.22421412364741,Lake
"Hitts Lake",32.445369698505566,-95.30008465357521,Lake
"Greenbriar Lake",32.317220072977584,-95.36897483185741,Lake
"Hamrick Lake",32.425907079046155,-95.0606538547361,Lake
"Lake Park",32.37483656169272,-95.35045998691625,Lake
"Lake Quitman",32.8675552209772,-95.44979702218657,Lake
"Ellison Creek Reservoir",32.94240727400669,-94.72315615295226,Lake
"Woodvale Lake",32.63930141922906,-95.39635425262769,Lake
"Pleasant Acres Lake",32.31496258165685,-95.18522395508188,Lake
"Big Woods Spring Lake",32.826474613994705,-95.24598067565626,Lake
"Lake Hawkins",32.63019721437553,-95.2557069326936,Lake
"Grove Club Lake",32.17851732014707,-95.21253651355104,Lake
"Lake Greenbriar",32.71542347419109,-95.1839824927852,Lake
"Arp Club Lake",32.25546930066924,-95.1473656108241,Lake
"Lower West Lake",32.656481773330505,-95.27959741890163,Lake
"Lake Deverina",32.52264365590556,-94.89082667549845,Lake
"Hide-A-Way Lake Number One",32.49177286469334,-95.46137035581175,Lake
"Tyler State Park Lake",32.478452200681325,-95.29618787529907,Lake
"Lake Franklin",33.00429931382612,-95.28871658578716,Lake
"Gunstream Lake Number 1",32.78767599568376,-95.2252594883903,Lake
"Lake Murvaul",32.038432543220445,-94.45780856467135,Lake
"Brumley Lake",32.589913022697075,-95.26920539569632,Lake
"Lake Manr",32.09057197974674,-94.72441719887239,Lake
"Martin Lake",32.234979086079214,-94.57964607796804,Lake
"Highland Club Lake",32.93885012313158,-94.98265711937925,Lake
"Tanyard Branch Reservoir",32.43293597902807,-94.68013521533983,Lake
"Lake Cherokee",32.35503597605745,-94.66313027045963,Lake
"Lake Tyler",32.23955580749835,-95.15437631738332,Lake
"Barnes Creek Reservoir",32.93400581411114,-94.69585341729876,Lake
"New Wells Lake",32.77421280996725,-95.45513478272203,Lake
"Macs Creek Lake",32.58443380348836,-95.42132362209864,Lake
"Simpson Lake",32.8962386365571,-94.60474435201895,Lake
"Horseshoe Lake",32.337346937891574,-95.19662612815566,Lake
"Upper West Lake",32.66779550283864,-95.28647878063735,Lake
"Ferndale Lake",32.950514753952866,-95.07717364454882,Lake
"Lindale Club Lake",32.5568313606061,-95.41528178674663,Lake
"Lake Lydia",32.78016830280541,-95.39432503503824,Lake
"Lake Winnsboro",32.910093342660225,-95.34964231922287,Lake
"Timber Lake",32.49537949552813,-95.22727299807282,Lake
"Howell Club Lake",32.4343050257936,-95.07015876335207,Lake
"Lake O' the Pines",32.80031637882547,-94.60169134743347,Lake
"Miller Lake",32.199638039091624,-94.9073290960565,Lake
"Bellwood Lake",32.328043498617674,-95.36234634819746,Lake
"Dixie Lake",32.13040339477301,-94.37428178807039,Lake
"Bodcau Lake",32.65903975302609,-93.573401696137,Lake
"Flag Lake",32.52065912467238,-93.5837485963334,Lake
"Caddo Lake",32.738152117664214,-94.01151116767976,Lake
"Clear Lake",32.72019095192433,-94.21991069049233,Lake
"Lake Dogwood",32.92606497283352,-93.71141419439313,Lake
"Old River",32.967543159676445,-93.80870643435769,Lake
"Littletons Lake",32.70801022840148,-94.21672460916658,Lake
"Cypress Lake",32.72257563307726,-93.76967806829738,Lake
"Swan Lake",32.593260446410504,-93.6835619671063,Lake
"Clear Lake",32.694429927944405,-93.77072635711751,Lake
"Cross Lake",32.51472811491573,-93.87210969721782,Lake
"Pine Island Pond",32.719883095065576,-94.15659715423949,Lake
"Monterey Lake",32.830450551882635,-94.04106808977293,Lake
"Iron Ore Lake",32.96570537298211,-94.32523008598585,Lake
"Lake Shadowood Reservoir",32.6092719087448,-94.29649833673733,Lake
"Wattle Duck Pond",32.32445751482993,-94.32267945940946,Lake
"Harmon Lake",32.51122691534458,-93.55527862712293,Lake
"Dutch Johns Lake",32.85178674050003,-93.80478067070288,Lake
"Gold Point Lake",32.640591125088385,-93.77677989675769,Lake
"Lake Plain Dealing",32.914648945176914,-93.72438066283084,Lake
"Moon Lake",32.46785932394823,-93.61193736417455,Lake
"Sunny Point Lake",32.40056449262037,-93.65511981488444,Lake
"Paper Mill Pond",32.948011686410474,-93.5028564137938,Lake
"State Line Lake",32.472127195416455,-94.02444548859677,Lake
"Bossier City Reservoir",32.55903544827366,-93.74477647611882,Lake
"Highland Lake",32.65663431335879,-94.30060003765621,Lake
"Akins Lake",32.266515956996116,-94.31656050502733,Lake
"Stumpy Lake",32.457585060649684,-93.62443147535274,Lake
"Black Bayou Lake",32.91913733236406,-93.95666157242084,Lake
"Rogers Lake",32.44665783802639,-94.47659894224752,Lake
"Holmes Lake",32.59703171594517,-94.3621799351105,Lake
"Lakeland Farm Lake",32.367828672787304,-94.02594328871267,Lake
"Clinton Lake",32.75028161928824,-94.11799370191858,Lake
"Fern Lake",32.638062886049255,-94.29473130973099,Lake
"Old River Lake",32.375014750677146,-93.60917347242255,Lake
"Pruitts Lake",32.416014593498204,-93.66405704699588,Lake
"Cypress Bayou Reservoir",32.68141882087243,-93.67208149303144,Lake
"Black Bayou Reservoir",32.655933473484374,-93.6964526900232,Lake
"Clear Lake One",32.1336399831233,-93.58828928133924,Lake
"Lachute Lake",32.24954203802133,-93.51807275175645,Lake
"Halfmoon Lake",32.990658122893635,-93.79813912755382,Lake
"Ivan Lake",32.83245357519134,-93.50627175743956,Lake
"Upper Caney Lake",32.672503949250206,-93.28915870740597,Lake
"Lake Ninock",32.25127128051933,-93.47156253830188,Lake
"Mill Creek Reservoir",32.165156077048394,-93.0113143951873,Lake
"Williams Lake",32.97992955753201,-93.46959929022017,Lake
"Lake Foursome",32.63381280584695,-92.85295508222409,Lake
"Caney Lakes",32.66811676062174,-93.30329263144087,Lake
"Crichton Lake",32.12731833565527,-93.44803483310756,Lake
"Black Pond",32.264467944327535,-92.7462629209667,Lake
"Black Pond",32.26892424518015,-92.73984836457116,Lake
"Kepler Creek Lake",32.33366108600835,-93.1331688536661,Lake
"Wilson Lake",32.09688255923552,-93.47180236428524,Lake
"Polly Lake",32.05075249809126,-93.42734312972884,Lake
"Lake Bistineau",32.42781018672122,-93.38147503480002,Lake
"Bayou D'Arbonne Lake",32.77004006720424,-92.46334911405208,Lake
"Lake Claiborne",32.75715988202877,-92.96070524368574,Lake
"Caney Creek Reservoir",32.24848681857675,-92.52549643087585,Lake
"Jordan Lake",32.52227177409477,-91.71226141813837,Lake
"Fish Lake",32.583350457345944,-92.09564985489168,Lake
"Crew Lake",32.09308159960584,-91.9640956441839,Lake
"Bussy Brake",32.86033502185658,-91.93236250423675,Lake
"Thompson Brake",32.08845557672563,-92.00294725040948,Lake
"Irvine Lake",32.97696983367116,-92.01810654783579,Lake
"Davis Lake",32.132841693276674,-92.07296043654223,Lake
"Horseshoe Lake",32.97095194947409,-91.67388424611015,Lake
"Eagle Lake",32.646092839723934,-92.23622641223793,Lake
"Woolen Lake",32.200988037586576,-91.96637630423434,Lake
"Moon Lake",32.60446775122092,-92.09616845997711,Lake
"Clear Lake",32.40716839597004,-91.8752514655794,Lake
"Whites Lake",32.60323899789004,-92.1092299472238,Lake
"Long Lake",32.04826025214394,-92.00808160987675,Lake
"Pace Lake",32.646075027743365,-92.12833783431118,Lake
"Hamilton Lake",32.67133667239318,-92.12789958992289,Lake
"Wall Lake",32.62878805738604,-92.13541556187447,Lake
"Horseshoe Lake",32.613313708036074,-92.10306570452987,Lake
"Anderson Lake",32.79433723567743,-91.95078013092578,Lake
"Horseshoe Lake",32.71656239597237,-91.70183833809307,Lake
"Board Tree Lake",32.01803314078623,-91.54088305802406,Lake
"Finch Lake",32.854482622808995,-92.08624451196513,Lake
"Big Lake",32.93567730528323,-92.11087842962846,Lake
"Lake Dean",32.0070089949196,-91.56773357785602,Lake
"Devils Hole",32.6781642559819,-92.10582425240608,Lake
"Mud Lake",32.898328702683166,-92.07512195985885,Lake
"Haggerty Camp Lake",32.9332054809531,-92.0460643956218,Lake
"Fish Lake",33.00192926567255,-92.09292284286117,Lake
"Blasingame Brake",32.65886318234145,-92.15952915407638,Lake
"Hollywood Lake",32.21794013687445,-91.5696431690677,Lake
"Black Bayou Lake",32.59076590525048,-92.04364503460971,Lake
"Black Bayou Lake",32.60066555743093,-92.0346834524295,Lake
"Swim Lake",32.1359265220498,-92.10646616443807,Lake
"Volman Lake",32.14797348523814,-92.10423035113548,Lake
"Lake Catherine",32.3276594432936,-92.09291685657082,Lake
"Dixon Lake",32.0575291472526,-92.03463949789837,Lake
"McGuire Lake Number Two",32.54769791128261,-92.13201477209036,Lake
"Brushy Lake",32.14339119796324,-92.09296407199881,Lake
"Pucketts Lake",32.47011915584231,-92.2144167970025,Lake
"Humble Lake",32.09098000607591,-92.04347734212112,Lake
"Lake Lafitta",32.28624538830742,-92.11887048216055,Lake
"Chatham Lake",32.31267100782111,-92.45216252694577,Lake
"Lake Claiborne",32.014442790982685,-90.99120281652057,Lake
"Long Lake",32.405180250628696,-90.89720867902786,Lake
"Sandbank Lake",32.33351601267499,-91.07711704134218,Lake
"Thompson Lake",32.43146290172475,-90.84461795642898,Lake
"Five Mile Lake",32.94770952458286,-90.5399950893666,Lake
"Dump Lake",32.64728643419199,-90.61029573920172,Lake
"Greasy Lake",32.58363842024946,-90.76355072914187,Lake
"Horseshoe Lake",32.12881262881308,-90.98946318798649,Lake
"Texas Lake",32.32843262685501,-91.07051479223796,Lake
"Yucatan Lake",32.05958347504599,-91.12961895740071,Lake
"Big Lake",32.169747140554186,-91.48574245641011,Lake
"Palmyra Lake",32.183805979837594,-91.11630119885402,Lake
"Centennial Lake",32.359367557414025,-90.89171976522258,Lake
"Fivemile Lake",32.67419424856999,-91.02487098404903,Lake
"Fitler Lake",32.735225599393864,-91.04687932006027,Lake
"Jones Lake",32.56961318898579,-91.0302113345604,Lake
"Hamilton Lake",32.00913168296966,-91.06537714634506,Lake
"Willow Lake",32.44042631193418,-91.22375015777504,Lake
"Eagle Lake",32.50862324316385,-91.0353181058708,Lake
"Indian Lake",32.28145744633619,-91.45280428034356,Lake
"Round Lake",32.836725432602385,-91.17645101005454,Lake
"Hodges Lake",32.225657772928855,-91.04004307812407,Lake
"Lake Providence",32.82459400436853,-91.19606173136509,Lake
"Goose Lake",32.465358305520105,-90.87940165425422,Lake
"Johnson Lake",32.0906782624881,-91.18642122455961,Lake
"Gin Lake",32.02384733963331,-91.05842907622407,Lake
"Little Johnson Lake",32.05565165817097,-91.19436913638489,Lake
"Queens Hill Lake",32.39538350987384,-90.53994876403877,Lake
"Rock Lake",32.046582493392926,-91.0490777454632,Lake
"Blue Hole",32.005272341219374,-91.17454400384442,Lake
"Long Lake",32.1635207437622,-91.11819369402932,Lake
"Old Chute",32.18601562380369,-91.09877479409002,Lake
"Paine Lake",32.17154928712357,-90.98665302507516,Lake
"Cypress Lake",32.61326156515945,-90.90825256128096,Lake
"White Oak Lake",32.05776219831615,-91.17260434872334,Lake
"Pervis Lake",32.4863920373127,-91.06609700509902,Lake
"Cypress Lake",32.17121645686027,-91.09942662564333,Lake
"Big Lake",32.324250433601954,-91.05942497913146,Lake
"Old River Lake",32.00925356342168,-91.12379322438352,Lake
"Indian Camp Lake",32.41715296012398,-90.88169523376898,Lake
"Lake Saint Joseph",32.05228682747007,-91.21070650107573,Lake
"Louisiana Lake",32.59501988327986,-91.09503922218468,Lake
"Gassoway Lake",32.98412319069815,-91.21157699679519,Lake
"Halpino Lake",32.460535198483164,-91.00747100612698,Lake
"Stump Hole",32.75018465667027,-91.17453572607849,Lake
"Old River",32.921289989697016,-91.17463598342378,Lake
"Blue Hole",32.946999710841034,-91.06742112988084,Lake
"Tennessee Lake",32.617560441221634,-91.09340344442651,Lake
"Doe Lake",32.98533446784564,-91.20104350993365,Lake
"Valley Park Lake",32.63014967357826,-90.85596918966743,Lake
"Flag Lake",32.97129001170906,-90.92255330735918,Lake
"Lafayette Lake",32.992204001362644,-90.97757362143946,Lake
"Reigelea Lake",32.177727765002714,-90.30125167939377,Lake
"Reno Sportsman Lake",32.16195503716915,-90.17661323978712,Lake
"Yazoo City Cut-Off 1940",32.85743775809406,-90.45292548922575,Lake
"Big Kilby Lake",33.004117268630864,-90.47703096966278,Lake
"Lake Dockery",32.19952698200946,-90.26731423099443,Lake
"Cooper Lake",32.25057353554562,-89.68458996432612,Lake
"Lake Castle",32.462893558257505,-90.14775302416312,Lake
"Lake Lorman",32.47865338469952,-90.23275453210283,Lake
"Lake Catherine",32.232712245722794,-90.26086767557246,Lake
"County Lake",32.336510520192064,-89.81418332485427,Lake
"Raymond Lake",32.2423437468813,-90.40885840922934,Lake
"Costas Lake",32.40607265112717,-90.18487776185604,Lake
"Shadow Lake",32.31879011218368,-89.68133262405846,Lake
"Robinhood Lake",32.21356739100043,-89.96229666371109,Lake
"Lake Cavalier",32.470193582180485,-90.21984235453627,Lake
"Lake Neoma",32.69511160899417,-90.01891966965957,Lake
"Stribling Lake",32.528676742258824,-90.18066363260704,Lake
"Lake Hico",32.364835807669174,-90.20098339689933,Lake
"Tithelo Lake",32.71462553455452,-89.95849826327988,Lake
"Wanita Lake",32.24131594567433,-88.88422787537493,Lake
"Long Creek Reservoir",32.33094299618355,-88.6171154070819,Lake
"Dalewood Shore Lake",32.48284653403198,-88.509395050442,Lake
"Bailey Lake",32.425087085505375,-88.52208805858271,Lake
"McRae Lake",32.267674197996676,-88.52717076331962,Lake
"Lake Claude Bennett",32.10087615897615,-89.03676359930394,Lake
"Bonita Reservoir",32.36084697338223,-88.66312506572187,Lake
"Okatibbee Lake",32.5038920192282,-88.80043637838709,Lake
"Ivy Lake",32.10129931060916,-88.69256768351352,Lake
"Martha Lake",32.564127108266064,-88.60374406670553,Lake
"Marathon Lake",32.20018633549536,-89.35887854160966,Lake
"Ozborn Lake",32.45640294182501,-89.11819495275768,Lake
"Gainesville Lake",32.93843838147909,-88.18464039020202,Lake
"W D Johnston Lake Number 2",32.638856042028074,-88.00814112631024,Lake
"Carpenters Lake",32.999511245420315,-88.04815299645017,Lake
"Cypress Swamp",32.803943598300656,-88.12999588782887,Lake
"Phillips Lake",32.734561813026495,-87.72158290324425,Lake
"Woodward Lakes",32.847786463854696,-88.1947039129614,Lake
"Carmichael Lake",32.644555086703384,-87.60938116983603,Lake
"Warrior Lake",32.92573325147102,-87.71307801047797,Lake
"Martin Slough",32.908086550416385,-87.74932210521915,Lake
"Lake Mark Hanna",32.74172308972656,-87.83422073060778,Lake
"Final Mill Effluent Treatment Pon",32.218953154590665,-88.01160935356165,Lake
"Storers Lake",32.922195787410274,-87.76172384704866,Lake
"Lake L U",32.60349505412665,-88.19416802465669,Lake
"Lewis Lawson Lake Number Five",32.65296225325876,-87.57386422806545,Lake
"Cypress Swamp",32.805106774864484,-87.8370172259116,Lake
"Charleston Swamp",32.613114827295306,-87.99538895164001,Lake
"Big Slough",32.99405395720131,-88.20247126184509,Lake
"W D Johnston Lake Number 1",32.64663305562046,-88.01233624475162,Lake
"Cypress Cutoff Lake",32.97205409304713,-87.72746232544135,Lake
"Dollarhide Swamp",32.7516991392826,-87.84244932623596,Lake
"Lake Louise",32.47467500057857,-88.33554450600407,Lake
"New Big Lake",32.85826030272037,-88.26202422868708,Lake
"Keaton Lake",33.00336355206989,-87.69938775356732,Lake
"Mason Swamp",32.72178730997906,-87.81325018910704,Lake
"Boligee Creek Swamp",32.78856413998288,-88.01231598239687,Lake
"Mitchell Lake",32.85960746573835,-86.44165504813009,Lake
"Valley Creek Lake",32.600676974392606,-86.98829874554173,Lake
"Walkers Lake",32.57128206826914,-86.86661448371522,Lake
"Dallas County Lake",32.21796298912151,-87.02485397626619,Lake
"Lay Lake",33.105518063777744,-86.49656650778415,Lake
"Hammermill Waste Treatment Pond",32.42286208863124,-86.85930792512501,Lake
"Payne Lake",32.88692622085975,-87.44215620953382,Lake
"Beech Creek Swamp",32.45999645774889,-86.9745069018139,Lake
"Prattville Industrial Board Waste Pond",32.40476841982057,-86.48521123139288,Lake
"Lake Miriam",32.59483938213446,-87.36997454378714,Lake
"R E 'Bob' Woodruff Reservoir",32.39165394564896,-86.52233163237626,Lake
"Robinson Pond",32.41531152780559,-86.60891238596074,Lake
"Bridge Creek Lake",32.54622217604639,-86.51012156053643,Lake
"Watershed Structure Number Twelve",32.63471441861032,-87.48467134785726,Lake
"Jim Adams Lake",32.39949028630689,-86.81321890012553,Lake
"Hammond Lake",32.09535466036061,-86.52245267054853,Lake
"William 'Bill' Dannelly Reservoir",32.12142654368515,-87.36595526209395,Lake
"Sawyer Swamp",32.29481810039599,-86.65006353170051,Lake
"Savanna Swamp",32.404123896441824,-86.50245717708083,Lake
"Blue Gurth Swamp",32.43869971818553,-86.93852903529152,Lake
"Merritt Swamp",32.44231849542314,-86.49835029662015,Lake
"Russell Pond",32.89489337235739,-85.98695857206155,Lake
"Jacobs Swamp",32.378267546847276,-86.48870684922039,Lake
"Suggs Pond",32.2485565367743,-86.38856309568781,Lake
"Gerald Wallace Lake Number Two",32.350379168448924,-86.02594459731246,Lake
"City Lake",32.42332728277724,-85.67683338386647,Lake
"Speigner Lake",32.57420558499329,-86.3475061956285,Lake
"Martin Lake",32.79474947880309,-85.90508848253548,Lake
"Old Town Creek Watershed Lake Number Thirty-two",32.1935897260492,-85.73146643752818,Lake
"E B and S L Payne Lake",32.10671497421602,-86.48705771316018,Lake
"Jordan Lake",32.66698505938089,-86.30976783613943,Lake
"Jordan Lake",32.93301070645788,-86.0496863549634,Lake
"Old Town Creek Watershed Lake Number 25",32.0534601517628,-85.80736435093858,Lake
"Maytags Lake",32.18108506735458,-85.69956389019991,Lake
"Big Swamp",32.35833728293708,-85.51385974193377,Lake
"Crescent Lake",32.43739606138545,-86.36668317342573,Lake
"Cobbs Lake",32.44303491654026,-86.3729775771534,Lake
"Sehoy Lake",32.17915429627318,-85.53489413280597,Lake
"Conners Lake",32.377098042662276,-85.64840960027914,Lake
"Lake Oliver",32.50679768906611,-84.99804132102302,Lake
"Johnson Lake",32.551990633390034,-85.38805139945761,Lake
"Chambers County Public Lake",32.82845875169946,-85.35386583551808,Lake
"Peterson Lake",32.74426741720761,-85.0110180611195,Lake
"Torbert Lake",32.3750736545876,-85.36612105234946,Lake
"Kennedy Lake",32.05562760663175,-84.56633020088317,Lake
"Lambert Lake",32.44870787584748,-84.61857404891583,Lake
"Mountain Creek Lake",32.82596761962381,-84.85414825814536,Lake
"Harps Pond",32.32859104444061,-84.88705704467662,Lake
"Sougahatchee Lake",32.67622984845851,-85.42511843891295,Lake
"Weems Pond",32.3071720365922,-84.84056072051905,Lake
"Bartletts Ferry Lake",32.69356639175954,-85.10867352704142,Lake
"West Point Lake",33.05850690208839,-85.1423584875776,Lake
"Lees Lake",32.58922402919663,-85.36053837419945,Lake
"Lake Ogletree",32.55482267896456,-85.43867737994604,Lake
"Lafayette Reservoir",32.88810519725533,-85.45751849196945,Lake
"Lake Bickerstaff",32.375489815115884,-85.00435421540338,Lake
"Gum Pond",32.410393765895776,-85.0013504938611,Lake
"Lee County Public Lake",32.55031949098564,-85.31675579437811,Lake
"Robin Lake",32.842053586262274,-84.84968217050658,Lake
"Bull Creek Watershed Lake Number Three",32.51101455166792,-84.91235048406871,Lake
"Juniper Lake",32.5276260030802,-84.59944698015744,Lake
"Kings Pond",32.364447838295334,-84.80119560132133,Lake
"Pine Lake",32.807728627161616,-85.05235287945528,Lake
"Lake Oliver",32.55537136415832,-85.03683000996034,Lake
"Lake Williams",32.694805590646276,-85.05924364984065,Lake
"Cane Creek Structure Number Two Lake",32.967808752409944,-84.62094103352077,Lake
"Goat Rock Lake",32.63700223286536,-85.0936970087772,Lake
"Whitewater Pond",32.35128678357638,-84.07660796081367,Lake
"Lake Tobesofkee",32.83448720488991,-83.80295760714536,Lake
"Lake Joy",32.51460109894378,-83.70112596910093,Lake
"Youngs Millpond",32.093669948974146,-84.40886384912133,Lake
"Free Lake",32.403044875504285,-83.82923903534848,Lake
"Bond Swamp",32.742281702773695,-83.5884527350603,Lake
"Rays Swamp",32.74200809363492,-83.57004855498481,Lake
"Mossy Lake",32.48272574407584,-83.64724110333643,Lake
"Tharpe Lake",32.13835447688815,-84.13762882204291,Lake
"Browns Millpond",32.05481802133016,-84.09884433756866,Lake
"Taylor Mill Lake",32.515841580678575,-84.1303196494236,Lake
"Ryner Pond",32.13112069430371,-83.80885035537909,Lake
"Lake Wildwood",32.868431613751035,-83.77103265821025,Lake
"Smith Lake",32.51845953940362,-83.64470952343497,Lake
"John James Lake",32.13878464629137,-84.16165423950346,Lake
"Forbes Lake",32.42936359629404,-83.85463573708904,Lake
"Denson Marsh",32.685351664231206,-83.56794250150782,Lake
"Rays Swamp",32.73353710993881,-83.57138826369467,Lake
"Lester Pond",32.17484355298708,-83.96769636943623,Lake
"Hightower Lake",32.91416199611111,-84.36613500013989,Lake
"Bartenfield Lake",32.06301123246922,-83.87026728923729,Lake
"Lakeside Reservoir",32.846311496276336,-83.57321203428259,Lake
"Houston Lake",32.504138681071275,-83.67738202448575,Lake
"McCants Millpond",32.614788461396465,-84.25204437195129,Lake
"Horsehead Creek Lake",32.32241865839384,-83.93837610638185,Lake
"Chapman Lake",32.39343462778303,-84.45890508146117,Lake
"Wilkinson Lake",32.58359564556017,-83.63242048228588,Lake
"Lake Collins",32.10727106420452,-84.25266326406872,Lake
"Ben Hall Lake",32.644235599010145,-82.85602684405345,Lake
"Stuckey Boone Lake",32.69472815655319,-83.16774985711281,Lake
"Lake Destiny",32.21977322448431,-83.09862620124605,Lake
"Archers Pond",32.60865401080207,-82.61996832469104,Lake
"Thunder Springs Lake",32.64850621628018,-82.84176340165587,Lake
"Anderson Pond",32.49655920040178,-82.62149086069049,Lake
"Jackson Pond",32.69646087853242,-82.83270504216085,Lake
"Fortner Pond",32.72554514224231,-82.57476143867247,Lake
"Napier Pond",32.938550749486154,-83.15959787761233,Lake
"Lake Tchukolaho",32.9087165511562,-83.30458872338986,Lake
"Rayonair Pond",32.711460178656935,-82.52090408948231,Lake
"Cow Hell Swamp",32.68308061416583,-82.91415203761598,Lake
"Lake Cypress",32.016869159472066,-83.23015755177849,Lake
"Tobe Lake",32.74097988859083,-82.95864527334325,Lake
"Lake Linda",32.37101619364418,-83.35044360747405,Lake
"Lewis Lake",32.89793084375048,-82.53575411500239,Lake
"Sand Hill Lake",32.43497609319623,-82.55738990759262,Lake
"Bearcamp Lake",32.78727479438872,-83.15676264276243,Lake
"Keas Old Millpond",32.52973011192104,-82.52895119463768,Lake
"Little Ocmulgee Lake",32.096485616694835,-82.90081918875188,Lake
"Hodges Lake",32.96319123025554,-83.25061245769884,Lake
"Herds Pond",32.77883009722463,-82.88936567800069,Lake
"Beaverdam Swamp",32.65928170430145,-82.94505470682054,Lake
"Myricks Millpond",32.78777443409269,-83.37670268678865,Lake
"Thiele Kaolin Mining Company Lake",32.969211277561755,-82.83019218505076,Lake
"Harrisons Lake",32.85239437537489,-83.45321211584798,Lake
"Sands Pond",32.128903367280834,-81.79676140946432,Lake
"Brannen Lake",32.31072911676859,-82.0183118733414,Lake
"Overstreet Lake",32.64763966576011,-82.21850499504319,Lake
"Ski Pond",32.94513218545409,-81.68794730840713,Lake
"Durden Pond",32.49965028454172,-82.19515686186551,Lake
"Spring Run",32.917505492444704,-81.46520325839522,Lake
"Cypress Lake",32.39637783456866,-81.86804364069737,Lake
"McGars Pond",32.757723674470974,-82.30936808721854,Lake
"Youngblood Pond",32.420538570902,-81.6446222120032,Lake
"Mobley Bay",32.61084022574083,-81.62826123207398,Lake
"Turkey Pond",32.92766922736523,-82.24706851974041,Lake
"Jarrell Pond",32.576916076366196,-81.65900622834302,Lake
"Anderson Pond",32.224738876732445,-81.80136281397846,Lake
"McCullough Millpond",32.96225903505256,-82.12658842565713,Lake
"Cooks Pond",32.43512864813934,-82.017703772376,Lake
"McKinney Pond",32.78833270673945,-82.22720014531315,Lake
"Kennedy Pond",32.33064186187726,-81.82119412992215,Lake
"Watson Pond",32.54967353919703,-82.1228452187232,Lake
"Wildwood Lake",32.39401756773691,-82.46818791504903,Lake
"Wade Lake Number One",32.92816177059042,-81.52853538313235,Lake
"Smith Lake",32.89959463166229,-82.44801441302687,Lake
"Quattlebaum Pond",32.37270496478688,-81.74671938903627,Lake
"Simmons Pond",32.24963648048737,-81.69126824236403,Lake
"Hendley Pond",32.61706023921602,-82.05108073434698,Lake
"Oglesby Pond",32.5659419993244,-81.96988517501774,Lake
"Rachels Pond",32.83887186080227,-82.43917169625607,Lake
"Canoe Pond",32.431779061661494,-82.14167577044746,Lake
"Morgan Bay",32.56996097759856,-81.69692134234158,Lake
"Hershman Lake",32.91962935622173,-81.49661047279444,Lake
"Mount Lake",32.9597315503629,-81.49939000509713,Lake
"Lake Collins",32.51462902695323,-81.97079897848336,Lake
"Brinson Lake",32.856035015349626,-82.10579503346268,Lake
"Meldrin Millpond",32.61160018319175,-81.50161018995009,Lake
"Beegles Farm Pond",32.80459956232635,-82.37714083080844,Lake
"Holloways Pond",32.59096991126987,-82.36341225066485,Lake
"Boggy Pond",32.12389816738756,-81.56625463816019,Lake
"Culvert Swamp",32.07151247712647,-81.26877519140217,Lake
"Mars Branch",32.93336262962044,-81.44104640041964,Lake
"Griffin Lake",32.419616342843774,-81.46338489704448,Lake
"Warren Branch",32.948556377238354,-81.43527226087458,Lake
"Culvert Swamp",32.06217404682687,-81.25863888971199,Lake
"Sam Hole Bay",32.474471326474884,-81.23250827351217,Lake
"Walthour Swamp",32.13992325218629,-81.28616970790898,Lake
"Hardin Swamp",32.1398211943725,-81.33591927258173,Lake
"Sawdust Bay",32.48836831067154,-81.24396497097328,Lake
"Moselle Swamp",32.97032349129196,-80.9993513915276,Lake
"Sweet Leaf Swamp",32.488163648219405,-81.15983697550871,Lake
"Walthour Swamp",32.17361680785176,-81.228236584121,Lake
"Big Boar Flat",32.471850433177686,-81.1793850763157,Lake
"Skinners Bay",32.23537066141961,-81.30002214459182,Lake
"Haskell Barony Swamp",32.655388783736946,-81.34709046218055,Lake
"Culvert Swamp",32.06059387541156,-81.24751806613301,Lake
"Horse Pen Swamp",32.10219122747957,-81.34893197354418,Lake
"Coldbrook Swamp",32.218431872337646,-81.24663377391222,Lake
"Horse Bay",32.95414916147727,-80.9031974500857,Lake
"Three Men Swamp",32.22479646423546,-81.29067325162299,Lake
"Horning Swamp",32.21086632504964,-81.32887963943136,Lake
"Fosters Bay",32.98628037456107,-80.7612875528171,Lake
"Lake Lucious",32.88293267711762,-80.61484423217107,Lake
"Buckfield Pond",32.680982627751895,-80.89473134957461,Lake
"Lake George Warren",32.83107814482281,-81.1741662453231,Lake
"Moon Change Swamp",32.715970663527145,-81.44757303094022,Lake
"Horse Savanna",32.84088227549472,-80.2065986378697,Lake
"Spooler Swamp",32.93247734764885,-80.38142989789425,Lake
"Goose Creek Reservoir",32.950466006887396,-80.02696444863763,Lake
"Bear Swamp",32.85210833381992,-80.16943143168298,Lake
"Round Savanna",32.93454902348689,-80.24024766071622,Lake
"Buck Dam Swamp",32.89921699860893,-80.33604371743287,Lake
"Riley Bay",32.73327576512431,-80.32561112245726,Lake
"Big Bay Swamp",32.994700578973436,-80.44649889659046,Lake
"Bluehouse Swamp",32.99584266069443,-80.06504955780524,Lake
"Brick Bound Swamp",33.007369282295095,-80.01060890865851,Lake
"Cypress Swamp",33.016485158068676,-80.2896976858239,Lake
"Loy Lake",33.73114342616102,-96.59262732098084,Lake
"Oknoname 085006 Reservoir",33.92860343050542,-97.3043459352185,Lake
"McKinney Club Lake",33.115812825411716,-96.52506202046091,Lake
"Lavon Lake",33.081540899990664,-96.47747400029016,Lake
"Hubert M Moss Lake",33.76689538207342,-97.23634732131745,Lake
"Leeper Lake",33.73603798981903,-97.12184647541093,Lake
"Lake Lewisville",33.14385209792985,-96.97587033887767,Lake
"Lake Kiowa",33.56771153485867,-97.01214263330593,Lake
"Lake Texoma",33.87325420681017,-96.80496337815586,Lake
"Randell Lake",33.79469257201004,-96.5871256945264,Lake
"Waterloo Lake",33.7429665970868,-96.57114080625672,Lake
"Lake Crockett",33.72975400669893,-95.92509767745213,Lake
"Reservoir Number Eleven",33.274443918391746,-96.49591607857451,Lake
"City Lakes",33.351082847825865,-95.65386779717242,Lake
"Coffee Mill Lake",33.732836392886306,-95.9874261232307,Lake
"Lake Sulphur Springs",33.16892084446724,-95.63260007817551,Lake
"Lake Gibbons",33.703346655723614,-95.65027773606542,Lake
"Lake Crook",33.714175735884716,-95.59119849074689,Lake
"Greenville Club Lake",33.02498694492404,-96.0359006602892,Lake
"City Lake",33.56627505891205,-96.13551299504944,Lake
"Lake Coleman",33.128637840084004,-95.62077270745388,Lake
"South Lake",33.1384455681854,-96.346289572498,Lake
"Gordon Lake",33.64277201278692,-95.61026305496671,Lake
"Lake Quail Haven",33.71961881661237,-96.01012549232499,Lake
"Wolfe City Reservoirs",33.37481630290791,-96.04892470872338,Lake
"Lake Bonham",33.65262605435399,-96.15298638361877,Lake
"Pat Mayse Lake",33.83060536811725,-95.59514105669574,Lake
"Roebuck Lake",33.9206896717683,-95.53538443072767,Lake
"Wright Patman Lake",33.27879862241277,-94.31344460376415,Lake
"River Crest Lake",33.39491069918314,-95.15729624505333,Lake
"Romal Lake",33.28302081032029,-95.14275533358409,Lake
"South Lake",33.52189285846117,-95.05342489968044,Lake
"Welsh Reservoir",33.0687594858393,-94.83717823371494,Lake
"Forty-one Cut-off Lake",33.75153558995843,-94.76865217877321,Lake
"Lake Cypress Springs",33.06126575001512,-95.19002468739663,Lake
"Daingerfield State Park Lake",33.00695247741044,-94.6974418046433,Lake
"Minor Lake",33.107424056859244,-94.67520130672679,Lake
"Red Lake",33.78912348856588,-94.8924365292014,Lake
"Glass Club Lake",33.18541790242123,-94.72017678016361,Lake
"Mintubbe Lake",33.774046443699426,-94.8002575035835,Lake
"New City Lake",33.19253231883195,-94.98472533683272,Lake
"Gunn Lake",33.621128770395764,-94.52566142620782,Lake
"Tankersley Lake",33.17560707896682,-95.01664367333429,Lake
"Soil Conservation Service Site 1 Reservoir",33.54196466908,-95.31644832639161,Lake
"Charles Lake",33.76084848914072,-94.84211938227327,Lake
"Duck Slash",33.308399571653865,-94.82087632624155,Lake
"Magic Valley Lake",33.501489660970506,-94.98936987179984,Lake
"Ward Lake",33.730354022177906,-94.60711060823878,Lake
"Womack Lake",33.859924991766285,-95.3903396067952,Lake
"Breedlove Lake",33.65651304514897,-94.53102395794438,Lake
"Hatchel Lake",33.56827430472523,-94.6035157065035,Lake
"Grassy Lake",33.774421258141395,-94.78782140728846,Lake
"Thomas Lake",33.27081639978719,-94.48233409587822,Lake
"Monticello Reservoir",33.067818588195856,-95.06871435802096,Lake
"Broseco Lake Number 1",33.2913946323591,-94.75310161737389,Lake
"Dawson Lake",33.38163563491524,-95.25742625617544,Lake
"Soil Conservation Service Site 1 Reservoir",33.628348569363446,-95.0439926172849,Lake
"Clear Lake",33.69406620043247,-94.62084754862794,Lake
"Patterson Lake",33.225132028176766,-95.48648246390374,Lake
"Mount Vernon Municipal Reservoir",33.14962216973082,-95.23219585313625,Lake
"Prairie Lake",33.372789153203364,-95.076990423592,Lake
"New Lake",33.626014084849764,-94.50523800133482,Lake
"North Lake",33.66816711963822,-95.04964740402393,Lake
"Broseco Lake Number 2",33.30970205053588,-94.77710730599544,Lake
"Paradise Lake",33.29024620883837,-95.28176967770234,Lake
"Lake Raymond Gary",34.0113233909034,-95.26172451886816,Lake
"Oak Lake",33.191639115761625,-93.76959302669744,Lake
"Keller Lake",33.305293387070904,-93.71933538504265,Lake
"Moore Lake",33.38716689199985,-93.64341935854364,Lake
"Kuykendall Lake",33.55879222214403,-93.8340430265612,Lake
"Copeland Lake",33.241737223397806,-93.70180512242467,Lake
"Bluff Lake",33.54004819107739,-93.81964020190915,Lake
"Price Lake",33.05980581361685,-94.34702740746006,Lake
"Applewhite Cut-off Lake",33.548225871588684,-94.35409728781482,Lake
"Meriwether Pond",33.39352785398833,-93.56622895977658,Lake
"Mill Lake",33.58343788854603,-94.0605613080271,Lake
"Bois d'Arc Lake",33.55571726944317,-93.69794256149152,Lake
"Dunn Lake",33.604346495944654,-94.27905999037523,Lake
"Mays Lake",33.280606970547375,-93.66095968415524,Lake
"Cypress City Lake",33.37856935160632,-93.71458264329443,Lake
"Swan Lake",33.25431446557778,-93.6753654627224,Lake
"Roseborough Lake",33.56306022827492,-94.19479723855913,Lake
"Crabtree Lake",33.24953232303934,-93.95640437768304,Lake
"Willow Lake",33.55125672627803,-93.82033480292188,Lake
"New Lake",33.57886398159105,-94.44669636488909,Lake
"Kitchen Bayou",33.422624739540154,-93.67780758348023,Lake
"Whaley Lake",33.54497210476605,-94.33381785862807,Lake
"Bear Lake",33.58387611740548,-93.95784320193398,Lake
"Palmer Lake",33.04595346067583,-93.84175322117831,Lake
"Mays Lake",33.43186195381105,-93.70132032006978,Lake
"Nacoosa Paper Retention Pond",33.62302693901427,-94.10873500167361,Lake
"Duck Pond",34.002388459184296,-94.05484717739378,Lake
"Ash Flat",33.68665013888528,-93.91871047191256,Lake
"Candler Lake",33.315963102300586,-93.70536097175842,Lake
"Kennedy Lake",33.32943648616287,-94.0657512705326,Lake
"Grassy Lake",33.68762129989656,-93.86813194564735,Lake
"Clear Lake",33.49580790787112,-93.7085049000387,Lake
"Nineteen hundred and forty Cut-off Lake",33.52541927711138,-93.74429459073642,Lake
"Hurricane Bend Lake",33.60183009651002,-94.46917100601408,Lake
"Red Lake",33.57884154028143,-93.78667467320584,Lake
"Scotty Lake",33.84128807905791,-93.99029016550614,Lake
"Elliott Creek Reservoir",33.39186521605626,-94.26655489690152,Lake
"Lower Red Lake",33.516980498957444,-93.7121330768626,Lake
"Scott Lake",33.56971056085539,-93.83190495765278,Lake
"Winham Lake",33.54593749455763,-94.0284411974627,Lake
"1927 Cut-off Lake",33.46614282391622,-93.70892829246766,Lake
"Spirit Lake",33.344947726278185,-93.66330396158929,Lake
"Lake Arrowhead",33.11505595862472,-94.20854494117388,Lake
"Red Lake",33.461066504009985,-93.74915167339448,Lake
"Lake Erling",33.10146144091843,-93.54613521027419,Lake
"Adams Cut-off Lake",33.586971698921325,-93.85847318689247,Lake
"Bee Lake",33.178609464786405,-93.79220549176812,Lake
"Caney Creek Reservoir",33.41062640631661,-94.31835715858251,Lake
"Long Slough",33.2483692751215,-94.02231549812295,Lake
"Lower Lake Jew Jon",33.15252473389564,-93.69662473726613,Lake
"Silt Retainer Reservoir",33.06402281462966,-94.36083998127071,Lake
"Lower Moore Lake",33.45001481675255,-93.92929552881817,Lake
"Bringle Lake",33.50117269240203,-94.10534175253845,Lake
"Pleasant Lake",33.56502962318846,-94.04757823607228,Lake
"Second Old River Lake",33.482689784964165,-93.75093997781433,Lake
"Bradley Lake",33.24953932672997,-93.74337964151746,Lake
"First Old River Lake",33.50521462180805,-93.76820974926208,Lake
"Gurdon Pond Two",33.90050877421058,-93.16622021208305,Lake
"Bragg Lake",33.648055655623565,-92.97497635980446,Lake
"Lower White Oak Lake",33.68978701597201,-93.08575232859684,Lake
"Signboard Brake",33.338091397824485,-92.51134781039399,Lake
"Saxon Lake",33.67905513259443,-92.95592959884983,Lake
"Upper White Oak Lake",33.65040062891762,-93.08819469979294,Lake
"Cobeen Brake",33.35689498161849,-92.52008483134188,Lake
"Dead Brake",33.36230703336256,-92.53159590348034,Lake
"Big Horseshoe Brake",33.42519777059733,-92.5588188682884,Lake
"Lake June",33.35643861685147,-93.49005196283767,Lake
"Hollingsworth Brake",33.40000683517049,-92.55602456205098,Lake
"Gurdon Pond One",33.912152306411144,-93.17191709720716,Lake
"Shaw Brake",33.340417342846,-92.60885912184433,Lake
"Mustin Lake",33.57391028620534,-92.75722259082018,Lake
"Ben Davis Lake",33.40033157599764,-92.65358294484705,Lake
"Calion Lake",33.3208250848907,-92.53881869108396,Lake
"Lake Columbia",33.30007859554515,-93.37280398777371,Lake
"Artificial Lake",33.343294442095576,-92.51134518107844,Lake
"Viney Brake",33.38998684833529,-92.55313012119889,Lake
"Bear Brake",33.24010415432618,-91.55668581593773,Lake
"Horseshoe Lake",33.28769138321936,-91.57035721672679,Lake
"Jerden Brake",33.655884758987355,-91.49805083940528,Lake
"Curry Brake",33.91948849448938,-91.51909421183748,Lake
"Fletcher Brake",33.84103423524025,-91.55768549091673,Lake
"Harrell Brake",33.30510983898147,-92.43163510329147,Lake
"Walnut Lake",33.852448960717794,-91.50035479225274,Lake
"Lloyds Bayou",33.3068471822782,-91.53235462546111,Lake
"Black Pond",33.28587247165864,-91.51801394127745,Lake
"Pereogeethe Lake",33.23435313887543,-92.20623081509946,Lake
"Horseshoe Brake",33.88656543056658,-91.63240419281632,Lake
"Wilson Brake Reservoir",33.219427789196146,-91.53624993230403,Lake
"Wilborn Brake",33.8290550647567,-91.53523841109356,Lake
"Trotters Brake",33.720656485691514,-91.5273527033855,Lake
"Northern Brake",33.61161237322851,-91.49878085097502,Lake
"Arrington Brake",33.82032766067699,-91.59480094397016,Lake
"Open Brake",33.13230162603903,-92.13066288884927,Lake
"Lake Georgia-Pacific",33.225998539990606,-92.02903246379448,Lake
"Boeut Brake",33.156689816311726,-92.14811593492996,Lake
"Mossy Lake",33.04467722527051,-92.07564288571729,Lake
"Poff Brake",33.63077137354236,-91.50338905981523,Lake
"Horseshoe Brake",33.720332240250954,-91.51218002093913,Lake
"Saint Marion Brake",33.16339328357785,-91.54964204158695,Lake
"Wildcat Lake",33.07958511749409,-92.1215184765927,Lake
"Simpson Brake",33.362191112295186,-91.5201905614616,Lake
"Lake Grampus",33.326104051525036,-91.5482027952797,Lake
"Dean Brake",33.25278587677641,-91.51929547153517,Lake
"Green Slough",33.289186717842334,-92.27493572960638,Lake
"Sanders Lake",33.216904918758814,-91.56321266139247,Lake
"Campbells Brake",33.802761406898526,-91.57513881856245,Lake
"Cane Creek Lake",33.931453443727555,-91.77781792270778,Lake
"Gibson Brake",33.93484427612342,-91.72000194455296,Lake
"Redeye Lake",33.074051439323235,-92.10929374293104,Lake
"Avery Brake",33.941710651351244,-91.66746272586452,Lake
"Purtris Brake",33.9196021751058,-91.70312605168695,Lake
"Townsend Lake",33.43095268578908,-91.51141625773363,Lake
"Open Brake",33.11754298674287,-92.14329542105206,Lake
"Campbell Brake",33.894548178163106,-91.68080538477076,Lake
"Tri-County Lake",33.783089004005724,-92.37166474790597,Lake
"Jones Lake",33.18979386856968,-92.22628551801114,Lake
"Coon Bayou Brake",33.75866178153533,-91.49084296127361,Lake
"Short Brake",33.285878046957905,-92.28985709224324,Lake
"Holloway Brake",33.261883199325396,-91.53228518937951,Lake
"Mink Track Brake",33.72927329467719,-91.53186168714981,Lake
"Raymond Lake",33.29935454605291,-92.33572940309357,Lake
"Redeye Lake",33.104615165530845,-92.11350745473581,Lake
"Marais Saline",33.1642959088564,-92.11311372789214,Lake
"Eastman Brake",33.80579499952992,-91.5188452610346,Lake
"Touchstone Prairie",33.76787676511222,-91.6764505302492,Lake
"Lake Enterprise",33.05867488796997,-91.5943748121198,Lake
"Little Lake",33.023056486972784,-92.12041067755356,Lake
"Grand Marais",33.074291793596,-92.14569689680229,Lake
"Mill Pond",33.11116022420554,-92.02613011813197,Lake
"Seven Devils Lake",33.58269052940828,-91.58158823175445,Lake
"Loggy Bayou",33.72489322062917,-91.48514742305488,Lake
"Kate Adams Lake",33.58854122861192,-91.21847310024637,Lake
"Swan Lake",33.761474262976975,-91.17444982247692,Lake
"La Grues Lake",33.988255336421645,-91.17275350990967,Lake
"Deep Lake",33.76696988581977,-91.18181107701565,Lake
"Camp Lake",33.420174850618146,-91.16594318051237,Lake
"Red Fork Lake",33.9476057468455,-91.2780430073503,Lake
"Garland Lake",33.97861653630927,-91.21038135931039,Lake
"Yancopin Lake",33.921272530865245,-91.19069367916342,Lake
"Lake Whittington",33.686315269584675,-91.09318109488038,Lake
"Open Lake",33.676900601708915,-91.48748433090152,Lake
"Lake Paradise",33.47185128399257,-91.17404417199687,Lake
"Old River Lake",33.96722480954271,-90.98535713428093,Lake
"Lake Britton",33.07049215870493,-91.10579583474464,Lake
"Porter Lake",33.94605549433942,-90.86963718589791,Lake
"Cypress Brake",33.96284033543179,-91.40779936726311,Lake
"John Smith Lake",33.96491832873659,-91.1580324787906,Lake
"Shell Lake",33.49613609262963,-90.90955280652588,Lake
"Hard Cash Lake",33.12966735902329,-90.51067452337735,Lake
"Sanders Lake",33.84837888428675,-91.07689987388456,Lake
"Blue Hole Lake",33.387252960528286,-91.09808161310461,Lake
"Sky Lake",33.28175992215507,-90.50224717351583,Lake
"Otter Lake",33.202088620208286,-91.18612564730562,Lake
"Lake Beulah",33.77407533191121,-91.00972481268471,Lake
"Blue Hole",33.95039574504129,-91.32936003243093,Lake
"Bar Lake",33.706293297940945,-91.10689683922745,Lake
"Lake Lenox",33.96853693623414,-91.378168793082,Lake
"Eunice Chute",33.497207761220444,-91.20938070828139,Lake
"Lake Port",33.24166125335591,-91.13472152016527,Lake
"Lake Chicot",33.289474407586056,-91.21954211899802,Lake
"Silver Lake",33.97457836611469,-91.42724043038262,Lake
"Silver Lake",33.169857762509935,-91.01172349429568,Lake
"Deer Lake",33.08372793423757,-90.99002280779067,Lake
"Callie Lake",33.823176426610004,-91.14233564249677,Lake
"Mound Crevasse",33.58640945504846,-91.1288961808706,Lake
"Archer Lake",33.40794354492101,-91.09067243044865,Lake
"Otter Bayou",33.18118533931514,-91.19596425776676,Lake
"Swan Deer Lake",33.880565358716375,-91.11038641487082,Lake
"Tillar Brake",33.70154615952149,-91.47443873509461,Lake
"Cottonwood Chute",33.299243146285264,-91.14637975004466,Lake
"Long Lake",33.8736184068603,-90.57933950447914,Lake
"Yancopin Lake",33.93030961775719,-91.19357719529216,Lake
"Lake Jackson",33.051867842967674,-91.09901462792234,Lake
"Ozark Lake",33.781190433550535,-91.13162712105593,Lake
"Coono Brake",33.92297330374946,-91.10026488981332,Lake
"Cypress Brake",33.695778754632435,-91.45496357889596,Lake
"Tupelo Brake",33.54042137648973,-91.45789269817895,Lake
"Belcoe Lake",33.93903985980197,-91.30327009355109,Lake
"Moon Chute",33.151629848292224,-91.16319947151268,Lake
"Lake Wallace",33.46306962315665,-91.46202393030022,Lake
"Lake Vermilon",33.72642152763242,-91.02519415881147,Lake
"Lake Cheatham",33.811675705326415,-91.20064051951488,Lake
"Dead Lake",33.808975861160604,-91.18891630995736,Lake
"Echubby Lake",33.99519848843737,-91.42410311495075,Lake
"Raineys Lake",33.882021458176474,-90.77392878436153,Lake
"Willow Lake",33.42460277704385,-91.19024043053003,Lake
"Lake Bolivar",33.62017575073207,-91.06610168340708,Lake
"Austin Brake",33.654379725324745,-91.45360356512204,Lake
"Mud Lake",33.43120680388721,-91.15369537460204,Lake
"Lake Washington",33.06466901552811,-91.04879016455182,Lake
"Leland Chute",33.35579037653335,-91.16092934947275,Lake
"Cornfield Chute",33.15078901588502,-91.12630164632652,Lake
"Grand Lake",33.06858448263238,-91.204012690485,Lake
"Beulah Crevasse",33.760252145176175,-91.03796188625815,Lake
"Sky Lake Swamp",33.28767538151912,-90.49509666652722,Lake
"Sky Lake Swamp",33.26546601347004,-90.48975789273993,Lake
"Whiskey Chute",33.15622514105754,-91.0400445109103,Lake
"Cope Impoundment",33.07960895628225,-90.96451482744415,Lake
"Big Lake",33.09237363852851,-90.97803366427328,Lake
"Swan Lake",33.098919938116296,-90.95812747405625,Lake
"Swan Lake",33.110371461100755,-91.00398301315795,Lake
"Swan Lake",33.1255622591652,-90.98793510596983,Lake
"Little Mossy Lake",33.34157712840297,-90.42381036605272,Lake
"Walkers Lake",33.31004455876369,-90.43376451299211,Lake
"Beat Three Lake",33.60408652852804,-89.56764324205867,Lake
"Bonnett Lake",33.83924326134124,-90.28821921216321,Lake
"Mossy Lake",33.35787038566138,-90.40029683251156,Lake
"Hampton Lake",33.83832379940346,-90.23550337098727,Lake
"Bee Lake",33.069509440952544,-90.36948016718182,Lake
"Horseshoe Lake",33.24047972414407,-90.28175319397549,Lake
"Beards Lake",33.36094927529048,-89.99392273163289,Lake
"Wasp Lake",33.2355708008915,-90.44234060791574,Lake
"Blue Lake",33.91390057759533,-90.43676973038588,Lake
"Blue Lake",33.46907119425352,-90.35456452264417,Lake
"Texas Lake",33.92803918833163,-89.80554517810775,Lake
"Barrentine Lake",33.500009145984755,-89.81462719395726,Lake
"Fourmile Lake",33.28343988562529,-90.46394429537987,Lake
"Swan Lake",33.87584769285369,-90.31284102141898,Lake
"Pinchback Lake",33.29514656878029,-90.21225605815349,Lake
"Grass Patch Lake",33.66845890973909,-90.13043134855954,Lake
"Goose Pond",33.62856107489134,-90.1354614802569,Lake
"Gee Lake",33.46142969099792,-89.93361868664181,Lake
"Lake Ascalmore",33.91544632663747,-89.99219510949143,Lake
"Six Mile Lake",33.69535826619314,-90.19872048275826,Lake
"Old Orchard Lake",33.576355783760484,-90.18149229574993,Lake
"Lake Tillatoba",33.97921637232515,-89.81996896444964,Lake
"Pleasant Lake",33.44453486003842,-90.15199956042343,Lake
"Third Bridge Lake",33.39780967267714,-90.15466401536281,Lake
"Spring Lake",33.382725512152035,-89.88089373980975,Lake
"Buzzard Bayou Lake",33.97310283203733,-90.25341067669761,Lake
"Macon Lake",33.35545861379876,-90.48934114570739,Lake
"Sixmile Lake",33.33660101931558,-90.46063569427135,Lake
"Grassy Lake",33.92576176136615,-90.20308206285914,Lake
"Eagle Lake",33.142931411514056,-90.35592734640555,Lake
"Country Club Lake",33.033992047258096,-89.62904138668209,Lake
"American Legion Lake",33.50593924182988,-89.7767332369525,Lake
"Carroll Lake",33.535225114552276,-89.8855376106375,Lake
"Sanders Lake",33.33229476067822,-89.9584246668254,Lake
"Bailey Lake",33.478126069841366,-89.83778534143042,Lake
"Grenada Lake",33.83843421248744,-89.69826420150667,Lake
"Booths Lake",33.416411348824006,-89.87244339065778,Lake
"Youth Center Lake",33.072972513861615,-89.68439663090402,Lake
"Elim Lake",33.63768159387475,-90.14884590516702,Lake
"Tipton Brake",33.08896275192941,-90.26935975128106,Lake
"Horseshoe Brake",33.109557451636796,-90.31893740432618,Lake
"Toney Brake",33.17736213069316,-90.39724120501674,Lake
"Mathena Brake",33.1910753861252,-90.37122682797734,Lake
"Cypress Swamp",33.21475713990098,-90.17706390952239,Lake
"Morgan Brake",33.24865348503164,-90.20284448413938,Lake
"Eagle Brake",33.276301451852326,-90.29832121677217,Lake
"Beaver Dam Brake",33.29908287097901,-90.47431145650901,Lake
"Snake Creek Brake",33.20979859918511,-90.338077068153,Lake
"Beckham Swamp",33.28048952339732,-90.40169230362666,Lake
"Roundaway Lake",33.26923928960343,-90.18346668232391,Lake
"Paxton Brake",33.309583490495136,-90.47433679198193,Lake
"Gayden Brake",33.457011034807664,-90.33075816970698,Lake
"Oktibbeha County Lake",33.508839405133585,-88.94106138104674,Lake
"Weaver Creek Cutoff",33.89892873516939,-88.52801641061991,Lake
"Walker Lake",33.604346636916034,-88.73738701703647,Lake
"Loakfoma Lake",33.26019680486427,-88.78150798706206,Lake
"Columbus Lake",33.54125796010015,-88.49400867040598,Lake
"Barge Lake",33.13660737681445,-88.79051158430602,Lake
"Bluff Lake",33.278656438720205,-88.78529867778745,Lake
"Simpson Lake",33.88657394444755,-89.04723897510365,Lake
"Lake Tiak-O' Khata",33.09496391925976,-89.07791758400931,Lake
"Lake Monroe",33.9483354788086,-88.56629790072623,Lake
"Scarbrough Lake",33.85331936886106,-89.05566761234097,Lake
"Moccasin Slough",33.90311896642372,-88.50884087786558,Lake
"Reed Swamp",33.06244773298955,-87.75756427364088,Lake
"Lake Lowndes",33.4301062428159,-88.29907054418345,Lake
"William Bacon Oliver Lake",33.23395230891279,-87.52598436283704,Lake
"Sulligent Lake",33.86607399602311,-88.17791363774126,Lake
"Lake Warner",33.21537452889022,-87.69475943569056,Lake
"Aliceville Lake",33.299186196690684,-88.33237810056664,Lake
"Moodys Swamp",33.161165196146825,-87.61358716596568,Lake
"Pates Lake",33.19028704203588,-88.10965626860157,Lake
"Bugs Lake",33.700278027947405,-87.656242450673,Lake
"Norris Lake",33.47421876357813,-88.41098773324956,Lake
"Cypress Pond",33.06825161124117,-87.63801532433396,Lake
"Sewage Lagoon South",33.16464402495485,-87.57138601214855,Lake
"McShan Lake Number Two",33.409383599310615,-88.12167941633126,Lake
"Dead River",33.04989706119074,-88.18396513025745,Lake
"Lake Lurleen",33.297784317711674,-87.6802973736393,Lake
"Lake Catherine",33.47491883419159,-88.42948052844277,Lake
"County Lake",33.77854221455357,-88.237460506675,Lake
"Lake Tuscaloosa",33.34555195020484,-87.55762248322594,Lake
"Fayette County Lake",33.652033661249185,-87.74492523770294,Lake
"P M Johnston Lake Number One",33.151406683099964,-88.03430101813498,Lake
"Scribner Lake",33.90129004168166,-88.49388004730494,Lake
"Coldwater Pond",33.359925208346006,-87.76401344097576,Lake
"Mimosa Lake",33.15633841771965,-87.56594838650659,Lake
"Snag Lake",33.03591768306754,-87.65056005737547,Lake
"Goose Pond",33.167759539467184,-87.66139281823715,Lake
"Northwood Lake",33.25364744908491,-87.58205986593966,Lake
"Sulligent Lake",33.8595681760112,-88.17844198498668,Lake
"Sipsey Swamp",33.228979159766006,-87.78730607222451,Lake
"Englewood Swamp",33.10398340012042,-87.5863682429084,Lake
"Echo Lake",33.728194201837994,-86.54218774595623,Lake
"Bayview Lake",33.5583856800638,-86.96794120408573,Lake
"Ruffin Swamp",33.26036163398281,-86.84646728017832,Lake
"Crystal Lake",33.06920906409057,-87.22528969453757,Lake
"McCay Lake",33.85555455823896,-86.77277682222417,Lake
"Great Pine Lake",33.45128600056459,-86.5971069899735,Lake
"Lake Nicol",33.30591257950582,-87.47943257573421,Lake
"Rock Lakes",33.33023421778123,-87.07018838615063,Lake
"Zamora Lake",33.751194162204165,-86.60588996949298,Lake
"Ingram Arkadelphia Lake",33.922379499217456,-86.91181381488681,Lake
"Ski Lake",33.28728180964528,-87.140897677342,Lake
"Lunker Lake",33.37987997342923,-86.69080622789465,Lake
"Walker County Lake",33.80269534458255,-87.22941919208422,Lake
"Indian Valley Lake",33.376462688342244,-86.76306815687795,Lake
"West Jefferson Reservoir",33.64337497981047,-87.08004470420572,Lake
"Quickhaven Lake",33.74215860161932,-86.56859438117688,Lake
"The Narrows",33.46524442606813,-86.64595124174194,Lake
"Heather Lake",33.4157647429652,-86.70807643086722,Lake
"Lake Harris",33.27384818917598,-87.47767321711335,Lake
"Bankhead Lake",33.4959502134601,-87.3007169375447,Lake
"Oak Mountain Lake",33.37086628425885,-86.70109301086775,Lake
"Coleman Lakes",33.28079178266909,-87.03303038113955,Lake
"Wehapa Lake",33.47006253534602,-86.56988805417922,Lake
"Holt Lake",33.32451043241703,-87.40817019416976,Lake
"Hollybrook Lake",33.458302863961414,-86.59038554921646,Lake
"Rattlesnake Lake",33.631931381068874,-87.18191241806676,Lake
"Double Oak Lake",33.32823098027837,-86.75656944832674,Lake
"Mountain Lake",33.7795973101404,-86.61218478991218,Lake
"Lewis Smith Lake",34.051019099325046,-87.18855423907702,Lake
"Bounds Lake",33.227731562876585,-86.71840204453844,Lake
"Inland Lake",33.8414618340451,-86.51523066995246,Lake
"Springville Sportsmen Lake",33.71850612995525,-86.41685826229406,Lake
"Logan Martin Lake",33.609834409898454,-86.19756077625657,Lake
"Choccolocco Creek Lake Number 7",33.7473890437042,-85.57762616135759,Lake
"Brooks Lake",33.65833410343881,-86.09322853387478,Lake
"Caudles Lake",33.16950188710434,-86.39634988004302,Lake
"Deerwood Lake",33.37538716363801,-86.47410456572686,Lake
"R L Harris Reservoir",33.283590598419316,-85.60402349950505,Lake
"Terrapin Creek Lake Number 8",33.99726658189353,-85.55990629266283,Lake
"La Garde Lake",33.96318507798542,-85.55081223219973,Lake
"Choccolocco Number 11 Lake",33.56893566900109,-85.74725421249148,Lake
"Chandler Mountain Lake",33.94556748326084,-86.23718772282147,Lake
"Tallaseehatchee Watershed Number 1",33.201511971915984,-86.18312486090987,Lake
"Finks Lake",33.743512145617146,-85.84190599230024,Lake
"H Neely Henry Lake",33.904210884149414,-86.04312095238357,Lake
"Lay Lake",33.35771617223756,-86.35857219674202,Lake
"Highland Lake",33.8876246041586,-86.42430040529646,Lake
"Old Glade Swamp",33.29749750919031,-86.43181594075432,Lake
"Etowah Conservation Lake",33.98775744928086,-86.27842918170664,Lake
"Pinedale Lake",33.83785111996591,-86.31480002225314,Lake
"Lake Gerald",33.433567877135836,-85.67432921127092,Lake
"Boy Scout Lake",33.520066450057975,-85.6671335767729,Lake
"Lake Sumatanga",33.95672079016232,-86.2647313717204,Lake
"Lees Lake",33.883418675326205,-85.92972478836552,Lake
"Whitesides Mill Lake",33.74025274390798,-85.65128207976343,Lake
"Tumlin Lake",33.74808491655226,-84.95715666759669,Lake
"Lake Tyrone",33.44942080931621,-84.61641957749751,Lake
"Jones Millpond",33.08330047417497,-84.61753126788447,Lake
"Wynns Pond",33.4031832731912,-84.61308191891082,Lake
"High Pine Creek Lake Number 2",33.17718189148977,-85.37525069256647,Lake
"Big Lake",33.64435579494242,-84.70400383285397,Lake
"Clearwater Lake",33.31682361368956,-84.67532174363207,Lake
"Newnan Waterworks Reservoir Number One",33.34592394158873,-84.81184036231097,Lake
"Blalock Lake Number Two",33.292979416588764,-84.88231913922218,Lake
"Newnan Waterworks Reservoir Number Three",33.351041315340154,-84.80098787602894,Lake
"Blalock Lakes",33.28622387148451,-84.89892238824402,Lake
"Eubank Lake",33.90394215436641,-85.0868927166874,Lake
"Lake Carroll",33.59502752993528,-85.05595420203927,Lake
"Little Tallapoosa Lake",33.71314480273644,-84.9952780826604,Lake
"Richards Lake",33.56593543996296,-85.06315921513136,Lake
"Legion Lake",33.79281072812988,-84.94725023248266,Lake
"Lake Val-Do-Mar",33.74276176116233,-84.89098017463051,Lake
"Humphries Lake",33.65993025924155,-85.00559511913593,Lake
"Terrapin Creek Lake Number 33",33.92250936601613,-85.45890479765308,Lake
"Yellow Jacket Creek Structure Number 15 Lake",33.18214256804975,-84.88164590779522,Lake
"Upper Twin Lake",33.63497181171777,-84.63911128594653,Lake
"Carmichel Lake",33.60000738832361,-84.75905659831749,Lake
"Crystal Lake",33.188068164398935,-85.41157122756847,Lake
"Piney Woods Lake",33.058034498596406,-85.05201798963778,Lake
"Cowart Lake",33.67077795556441,-84.53513409990924,Lake
"Nelson Lake",33.405184388552286,-85.49521469432136,Lake
"Lake Olympia",33.81570109205653,-85.14040293830934,Lake
"Pine Valley Lake",33.83773072476642,-84.73018131247012,Lake
"Lake Peachtree",33.39767490548597,-84.57706268717557,Lake
"Treasure Lake",33.637912979394905,-84.92106310867219,Lake
"Mathis Lake",33.07038547190788,-84.72749820946426,Lake
"George H Sparks Reservoir",33.75779394530831,-84.63523357956818,Lake
"Bibbs Lake",33.42566844918731,-84.85336612568108,Lake
"Callaway Lake",33.05453556323964,-85.06791715083885,Lake
"Hannah Swamp",33.81361400027853,-84.98964197373039,Lake
"Pinley Lake",33.481216244929875,-84.5404221122821,Lake
"Chief McIntosh Lake",33.24746523439272,-83.93503710732668,Lake
"Berkeley Lake",33.98327893498385,-84.18283218585901,Lake
"Lake Matthews",33.89520170343805,-84.03369347028797,Lake
"Shamrock Lake",33.48138810215547,-84.30145348901709,Lake
"Lake Bulow Campbell",33.46522637865304,-83.86791986378486,Lake
"Freeman Lake",33.91945594885313,-84.14402459079272,Lake
"Murder Creek Lake",33.44944562619087,-83.72484366136354,Lake
"Lake Dow",33.442217130030954,-84.07802748948264,Lake
"Clayton County Reservoir",33.52514053875522,-84.17823057529145,Lake
"Parkers Lake",33.74642793028414,-83.94210917966541,Lake
"Boyle Murder Lake",33.45574015380324,-83.73234224960683,Lake
"Boyle Lake Number Five",33.44212244385677,-83.73545876945072,Lake
"Cardinal Lake",33.97807678114822,-84.13161524301604,Lake
"Lake Bennett",33.45512742976165,-84.49596531404646,Lake
"Swan Lake",33.58426351368678,-84.20639100480358,Lake
"DeKalb County Water Works",33.937947675998,-84.28026223727815,Lake
"Heads Creek Reservoir",33.28901453917215,-84.36101536683819,Lake
"Vason Lake",33.45326397205277,-83.52976042826087,Lake
"Club Lake",33.41919153792202,-84.36060932459469,Lake
"High Falls Lake",33.190217501687115,-84.03287008519338,Lake
"Norris Lake",33.7644085255329,-84.04088456906756,Lake
"Lower Williams Lake",33.669155847736285,-83.80875217080118,Lake
"Rockdale Lake",33.706622778996675,-83.97478382447719,Lake
"Barnesville Reservoir",33.1212636467153,-84.11826684982616,Lake
"Sams Lake",33.4055074890566,-84.4677528869772,Lake
"Lake Rutledge",33.64790380749243,-83.58706284861415,Lake
"Malone Lake",33.26357830737339,-83.68030464644835,Lake
"Stone Mountain Lake",33.81008570118174,-84.13490602347048,Lake
"Watershed Lake",33.95623751122519,-83.62099420795354,Lake
"Jackson Lake",33.367149664847545,-83.86340425947164,Lake
"Harbins Lake",33.482641543327766,-84.28323082380223,Lake
"Skyland Lake",33.3450659412406,-84.08867669122557,Lake
"Lake Erma",33.453433671664285,-84.2583932861549,Lake
"Bull Sluice Lake",33.988831678060755,-84.37901282179958,Lake
"Covington Reservoir",33.62977065828063,-83.8485776213339,Lake
"Lake Jodeco",33.514336415193135,-84.29418263808392,Lake
"Beaverdam Creek Lake",33.7318018805315,-82.82842307964263,Lake
"Jordan Millpond",33.04204881030233,-82.6806431485653,Lake
"J. Strom Thurmond Reservoir",33.851087238812056,-82.38156505653637,Lake
"J. Strom Thurmond Reservoir",33.65504018517344,-82.43496543499388,Lake
"Johnsons Lake",33.364645818777085,-82.63362569237023,Lake
"Lake Oconee",33.46552260569902,-83.2359415190875,Lake
"Lake Oglethorpe",33.86889739410312,-83.22930260082845,Lake
"Hamburgh Millpond",33.210781742110214,-82.78924614380038,Lake
"Lake Sinclair",33.21866547895533,-83.2586026967229,Lake
"J. Strom Thurmond Reservoir",33.97917963805361,-82.61049824887057,Lake
"Archers Lakes",33.12123581078058,-82.69579132927248,Lake
"Rock Eagle Lake",33.418007672076,-83.39171801057348,Lake
"Mays Millpond",33.084679959423454,-82.768985802894,Lake
"Shivers Lake Number One",33.46529152536591,-82.79891834065235,Lake
"Warrenton City Pond",33.40003585569562,-82.71340472075875,Lake
"Mobley Swamp",33.01148000747756,-81.55991701291987,Lake
"Vaucluse Pond",33.61958047817697,-81.80886938180355,Lake
"Neeses Lake",33.58769138126374,-81.51121216214383,Lake
"Clearwater Lake",33.50720321375641,-81.89494317785561,Lake
"Lake Olmstead",33.49490859948772,-82.00322854436071,Lake
"Reynolds Pond",33.623942368105055,-81.70639050908859,Lake
"Kellys Pond",33.03116740809716,-82.35684474947234,Lake
"Pond Five",33.256909179363475,-81.57099649714367,Lake
"Harrison Lake A",33.51785459537385,-82.46166146324653,Lake
"Phinizy Swamp",33.41173856773829,-81.9719243353086,Lake
"Odell Memorial Lake",33.77959518640939,-81.89557362199979,Lake
"Langley Pond",33.534319066657915,-81.82998737511421,Lake
"The Big Bay",33.06438719665247,-81.52491606291544,Lake
"Clarks Mill Pond",33.081022565408475,-82.46905542515817,Lake
"Richmond Factory Pond",33.34869515976973,-82.05919452615613,Lake
"Bennock Millpond",33.26042989998312,-81.89377678723443,Lake
"Telfair Pond",33.11532777661096,-81.76795290465385,Lake
"The Bay",33.089443225255586,-81.54994989970405,Lake
"Fort Gordon Reservoir",33.4329768931228,-82.10625949421087,Lake
"Huber Lake",33.2737786124481,-82.41979703390044,Lake
"Oliver Swamp",33.00982658130607,-81.588960376294,Lake
"Pond B",33.29904700030896,-81.5449382208452,Lake
"D'Antignac Swamp",33.1921822691977,-81.77867324219497,Lake
"Wastewater Treatment Pond Number Two",33.32965954564689,-81.9445500197236,Lake
"Millers Pond",33.21636021705492,-81.8804469783269,Lake
"Lower Leitner Pond",33.34861627794171,-82.24367399313353,Lake
"Wastewater Treatment Pond Number Four",33.325312246881516,-81.94278530232388,Lake
"Smiths Lake",33.02212332977365,-81.50447525083295,Lake
"Bowdens Pond Number One",33.32507892368923,-82.40286474669574,Lake
"Harrison Lake B",33.53260211402529,-82.46393934855652,Lake
"Graniteville Pond Two",33.580687100543514,-81.80727094522588,Lake
"Kaolin Mines Lake",33.33014402555266,-82.44860453733322,Lake
"Davis Pond",33.87583047435906,-81.54476249404254,Lake
"Usry Pond",33.42134581973282,-82.45273157724898,Lake
"Wastewater Treatment Pond Number Five",33.32815657383519,-81.9304708061367,Lake
"Etheredge Millpond",33.6323775409488,-81.05125807186006,Lake
"Edgar A Brown Lake",33.25521754102756,-81.36584853924998,Lake
"Wadboo Swamp",33.30082965903519,-80.60042822552074,Lake
"J J Padgett Pond",33.019401123433525,-80.83813885464417,Lake
"Doussoss Bay",33.163299463383446,-81.12379515336016,Lake
"Murray Pond",33.99311500789369,-80.71192068779041,Lake
"Tutens Millpond",33.01756416463211,-81.2251999601037,Lake
"Lake Marion",33.69092627751762,-80.59940893200262,Lake
"Hunt Pond",33.908288900594094,-81.17060111028897,Lake
"Cowford Lake",33.418101976391256,-81.17103838816445,Lake
"Lake Murray",34.08483365832812,-81.4292056354734,Lake
"Little Bull Swamp",33.44628540780238,-80.64559211609443,Lake
"Fork Swamp",33.77150904751905,-80.60618579940837,Lake
"Carolina Eastman Waste Pond",33.86122196335698,-81.00534225456,Lake
"Wateree Swamp",33.83729922925652,-80.59050277528883,Lake
"Alligator Bay",33.1573491084674,-81.14417476558967,Lake
"Moragne Pond",33.8740538701725,-81.2499088110888,Lake
"Lexington Acres Pond",33.84435217377497,-81.0534836792882,Lake
"Green Savannah Lake",33.13761490144826,-81.37035512547948,Lake
"Cypress Pond",33.175087597006375,-81.14234444407366,Lake
"Lake Marion",33.51856274011049,-80.3426149731949,Lake
"Craigs Pond",33.28739897087887,-81.47901009852362,Lake
"Boyds Pond",33.922991137717275,-80.7566591701435,Lake
"Sutton Bay",33.23524281928306,-81.08720490597862,Lake
"Fort Pond",33.762817617622346,-81.23887469738533,Lake
"Chitty Pond",33.161134707533165,-81.1659785807635,Lake
"Paxton Millpond",33.86047485821466,-81.3451286064165,Lake
"Calmont Pond",33.76679953112699,-81.03930159921336,Lake
"Lake Katherine",34.00418389139244,-80.96292865012707,Lake
"Tony Hill Bay",33.22947944130402,-80.95413094067034,Lake
"Barr Lake",33.95501097788451,-81.26387656334587,Lake
"Saylors Lake",33.82149734290225,-80.94025862037311,Lake
"Hog Bay",33.23033442437812,-80.97065469060357,Lake
"Edisto Lake",33.67558907234232,-81.32398785180985,Lake
"Booker Pond",33.31470712344144,-81.25930859456918,Lake
"Mikell Pond",33.9625409178417,-80.56621704489352,Lake
"Sun View Lake",33.97162504163569,-80.91224874259943,Lake
"White Marsh Swamp",34.0248035543499,-80.64137676149134,Lake
"Polk Swamp",33.28300326487831,-80.68462257338817,Lake
"Elliott Lake",33.85059271551055,-80.49999309070138,Lake
"Brunston Swamp",33.2354901568597,-81.06573517411172,Lake
"Crystal Lake",33.928296374543976,-81.22666621120987,Lake
"Gum Swamp",34.00483788887747,-80.60390865180692,Lake
"Ben Rice Bay",33.194062493226774,-81.10663212473344,Lake
"SCE and G Ash Pond",33.075035677964564,-80.62220931970376,Lake
"Lake Marion",33.70991839211876,-80.56544584885837,Lake
"Lake Marion",33.70429219565029,-80.5797614415777,Lake
"Little Junkyard Bay",33.64992403949671,-80.07419418464372,Lake
"Dogwood Pond",33.738226412837726,-80.0330099850277,Lake
"Second Millpond",33.92279969972678,-80.38649071008852,Lake
"Bulltown Bay",33.39054805416721,-80.10353371336956,Lake
"Laurel Swamp",33.07160129735972,-80.0514093414937,Lake
"Wassamassaw Swamp",33.181251997220755,-80.1601085849439,Lake
"Kirk Swamp",33.411607160686614,-80.10459566671383,Lake
"Todd Bay",33.30971563770993,-80.17563831740831,Lake
"Mosquito Bay",33.2330271014816,-80.23890965965123,Lake
"Junkyard Bay",33.63764071096276,-80.09442543536144,Lake
"Pigeon Bay",33.26831589245865,-80.21665107758098,Lake
"Bee Tree Bay",33.16079547851282,-80.1010649370603,Lake
"Rainbow Lake",33.81306043541646,-80.09206475307555,Lake
"Cypress Bay",33.66583217870694,-80.07339766315107,Lake
"Crooked Bay",33.392595432167255,-80.05038479014907,Lake
"Margate Swamp",33.43302309924744,-80.03214095484802,Lake
"Daisy Swamp",33.04014169658164,-80.06892746941432,Lake
"Old Millpond",33.907572275615536,-80.4740738260546,Lake
"Dingle Pond",33.51934940049895,-80.41795845741316,Lake
"Tiger Bay",33.624236165909686,-80.06894850330076,Lake
"White Pond",33.66982541331795,-80.10168052655368,Lake
"Big Bay",33.78759225825038,-80.46905224537154,Lake
"Caton Bay",33.205686973835704,-80.24480073571904,Lake
"Moon Savanna",33.30693803482101,-80.26378966566887,Lake
"Simmons Bay",33.159008718802895,-80.1357779178099,Lake
"Des Champs Pond",33.840807742949615,-80.36723459140488,Lake
"Sophia Swamp",33.056954685661545,-80.01281817031386,Lake
"Maple Cane Swamp",33.02697853070859,-80.45312937104255,Lake
"Hog Bay",33.66087486189942,-80.0974335286705,Lake
"Boyle Pond",33.87865755144451,-80.44604617316611,Lake
"Black River Swamp",33.84106246521081,-80.14599820706175,Lake
"Huttos Lake",33.23305823075514,-80.42934941726902,Lake
"Whites Millpond",33.98868064118318,-80.32880222206583,Lake
"Lake Moultrie",33.34158102837571,-80.08121344247743,Lake
"Ellory Swamp",33.11890208784453,-80.0081892208929,Lake
"Whites Bay",33.11404382657166,-80.09063443841838,Lake
"Railroad Pond",33.16085750893681,-80.42695432644663,Lake
"Pigeon Bay",33.64387214391397,-80.04175498073434,Lake
"Toney Bay",33.338229724786,-80.347194000547,Lake
"Cain Millpond",33.85585057099818,-80.3984562576708,Lake
"Buzzard Bay",33.29926540280669,-80.2055588392628,Lake
"Big Bay",33.73995749889565,-80.21617692341816,Lake
"Ditch Bay",33.23662303858568,-80.23464385957233,Lake
"Guise Bay",33.6402716788971,-80.08026508275674,Lake
"Cypress Bay",33.93210171930867,-80.42257607238012,Lake
"Tillmans Bay",33.109032583931395,-80.09712611477859,Lake
"Gum Pond",33.68079052396975,-80.20577313757846,Lake
"Mountain Lake",34.36914392207693,-97.28083356192977,Lake
"Veterans Lake",34.48973699467829,-96.98128835866127,Lake
"Lake Ardmore",34.23804843859069,-97.17062673973916,Lake
"Carter Lake",34.12616914534987,-96.80114503556,Lake
"Byars Lake",34.86899717336439,-97.06553105347493,Lake
"Upper Clear Boggy Creek Site 9 Reservoir",34.52252554580356,-96.50303810346213,Lake
"Purcell Lake",34.99100236882661,-97.38625800781666,Lake
"Upper Clear Boggy Creek Site 42 Reservoir",34.71856522531489,-96.60188477374321,Lake
"Lake of the Arbuckles",34.451091191875406,-97.0178616406602,Lake
"Upper Clear Boggy Creek Site 46 Reservoir",34.721691035797136,-96.55678724703496,Lake
"Lake Murray",34.073993108961375,-97.07745156891018,Lake
"City Lake",34.22185843563976,-97.15502728871881,Lake
"Lake Konawa",34.96679498463552,-96.71644791734634,Lake
"Pauls Valley Lake",34.78274746030239,-97.20648560340985,Lake
"Delaware Creek Site 9 Reservoir",34.419793052758756,-96.54773410659193,Lake
"Atoka Reservoir",34.49175195503444,-96.07862348804515,Lake
"Dow Lake",34.871479163544734,-95.58199403769319,Lake
"Country Club Lake",34.668893913790605,-95.89074931567221,Lake
"Prison Lake",34.954737786747444,-95.81172160246204,Lake
"Sardis Lake",34.67324399035067,-95.38652193361774,Lake
"Lake Talawanda Number One",34.97537081436822,-95.78976863829295,Lake
"Fin and Feather Lake",34.98617901362012,-95.73341175603477,Lake
"Bluestem Lake",34.522930676347045,-96.02454423490728,Lake
"Coalgate Reservoir",34.5805326334622,-96.23754280874917,Lake
"Brown Lake",34.8325808360143,-95.87880381773992,Lake
"Hartshorne Lake",34.81728036021061,-95.56669938153492,Lake
"Caney-Coon Creek Site 1 Reservoir",34.5515247965955,-96.25513430669682,Lake
"Lake Talawanda Number Two",34.98559227981965,-95.78806045451667,Lake
"Oknoname 127010 Reservoir",34.28981926773871,-95.55424299698576,Lake
"Hugo Lake",34.080476920085054,-95.43325764743803,Lake
"Fourche Maline Creek Site 5 Reservoir",34.998316457525384,-95.35806958706637,Lake
"Wister Lake",34.9151214480617,-94.77062822820572,Lake
"Fourche Maline Creek Site 7 Reservoir",34.876025667145164,-95.33804739289238,Lake
"Rock Creek Site 1 Reservoir",34.730371615304556,-95.08159959288469,Lake
"Lake Ozzie Cobb",34.24762430525415,-95.38661524868607,Lake
"Broken Bow Lake",34.23402576274236,-94.6827396321855,Lake
"Broken Bow Lake",34.066793849976136,-94.76752671484753,Lake
"Rock Creek Site 4 Reservoir",34.76340569695165,-95.0265739880866,Lake
"Lake Carl Albert",34.7735114686954,-95.06895013401433,Lake
"Lake Nanih Waiya",34.63470891905741,-95.30083890798005,Lake
"Clayton Lake",34.538794508538714,-95.30870868616825,Lake
"Irons Fork Reservoir",34.648694725612906,-94.12202543453715,Lake
"Briar Plant Lake One",34.0719461780534,-93.84460197738525,Lake
"Lake Wilhelmina",34.604986512398064,-94.35521529653289,Lake
"Mena Lake",34.583153798227976,-94.19852590757992,Lake
"Lake Waldron",34.96413125112353,-94.10124290554748,Lake
"Poteau River Site 13 Lake",34.85924364618085,-94.2760724691707,Lake
"Lake Greeson",34.2072372431008,-93.7288266455401,Lake
"Lake Ouachita",34.609782881120815,-93.35839193115837,Lake
"Nimrod Lake",34.946226735521456,-93.27777162387554,Lake
"Poteau River Site Five Lake",34.93926572215162,-94.03749510297332,Lake
"Gillham Lake",34.229920471113374,-94.22825802587609,Lake
"Lake Coronado",34.654425781813906,-92.96775671859159,Lake
"Lake Hamilton",34.46092834298149,-93.11501652082308,Lake
"Hot Springs Reservoir",34.57373839089616,-93.09340294933374,Lake
"Alcoa Water Supply",34.568936705192456,-92.53756024024355,Lake
"Murray Lake",34.855257149376406,-92.42920902067219,Lake
"Lake Catherine",34.44516598308358,-92.94936769480594,Lake
"Hurricane Lake",34.62667396745367,-92.53427650538929,Lake
"Lake Cortez",34.68012704791701,-92.9781312980013,Lake
"Clearwater Lake",34.47495939330266,-92.79741981973392,Lake
"Harris Brake",34.97321154201549,-92.77092522909848,Lake
"Tailings Pond",34.46942192557592,-92.9398912284222,Lake
"Lake Desoto",34.678013886792435,-93.01979793481286,Lake
"Lake Pineda",34.643501364243804,-92.99451781370374,Lake
"De Gray Lake",34.254379426474465,-93.22526651456175,Lake
"Lake Norrell",34.728405020351474,-92.64740876181952,Lake
"Lake Lago",34.67726210300823,-92.94796297757192,Lake
"Lake Winona",34.80822171144163,-92.87155700048481,Lake
"Flag Pond",34.96659066318494,-92.49506679542296,Lake
"South Fourche Site One Reservoir",34.864087715264354,-93.19150070628478,Lake
"Cox Creek Lake",34.17122954475656,-92.62592764752199,Lake
"Lake Maumelle",34.877654677457514,-92.56598012565533,Lake
"Cove Creek Lake",34.914432975974876,-93.07083902101395,Lake
"Buffalo Slough",34.544394814359485,-91.68002147599192,Lake
"Piney Brake",34.51461382712504,-91.80630223727763,Lake
"Lone Cypress Brake",34.77849499659263,-92.08267473317103,Lake
"McDonald Lake",34.15606408028349,-91.72257450364086,Lake
"Alice Brake",34.20572056048395,-91.917583584949,Lake
"Coles Brake",34.022963175037994,-91.77231322940696,Lake
"Hastings Brake",34.04704936527068,-91.85618719900762,Lake
"Wild Cat Crossing",34.45780226349214,-92.08032565429049,Lake
"Peterson Lake",34.635550405518316,-91.67575560437464,Lake
"Sneeds Brake",34.0401123614144,-91.77005488740522,Lake
"Carlee Brake",34.55171837345495,-92.00108204829105,Lake
"Rosenbaum Lake",34.80982308944427,-92.36835040862572,Lake
"Yellow Lake",34.31926172811602,-92.06926690601884,Lake
"Gum Swamp",34.61637607864716,-91.65419368328918,Lake
"Lake Pine Bluff",34.23597400482709,-92.01412825523033,Lake
"Rector Brake",34.84865712436011,-92.43273373553511,Lake
"Long Lake",34.114362247314205,-91.72282435198946,Lake
"Tupelo Gum Pond",34.91100817946987,-92.38807170943173,Lake
"Hills Lake",34.768648961140244,-92.11402958408836,Lake
"Pickthorne Lake",34.91714843821488,-92.06817798573583,Lake
"Mound Pond",34.647034630595655,-92.07023332887786,Lake
"Clear Lake",34.527096002160484,-92.02870149045249,Lake
"Morris Brake",34.5746637068081,-92.02469194883936,Lake
"Douglas Old River Lake",34.0663535194914,-91.54800738591949,Lake
"Hardin Lake",34.457832110212415,-92.12028064286922,Lake
"Dunkeffie Lake",34.03340522687097,-92.13208842280905,Lake
"Rodgers Reservoir",34.192549340654494,-91.51775393912757,Lake
"Fears Lake",34.8580585506394,-92.18848492317548,Lake
"Ash Flat Lake",34.61823867813171,-92.10912034207432,Lake
"Lake Dick",34.25521168867721,-91.842978213148,Lake
"Lost Island Reservoir",34.57034739446021,-91.51204936745636,Lake
"Thomas Reservoir Number 2",34.695168860191295,-91.61548581531942,Lake
"Shady Oaks Reservoir",34.115661189048865,-91.97701388117429,Lake
"Imbeau Bayou",34.16500778757744,-91.97657545963246,Lake
"Lake Kuykendall",34.591653044011316,-92.19022971395802,Lake
"Round Lake",34.142750387990056,-91.68069800547526,Lake
"Lake Number Two",34.78946556324225,-92.24348167512865,Lake
"Ferguson Lake",34.53776754972975,-92.27535868935264,Lake
"McDoogle Reservoir",34.375850207753864,-91.49832844071463,Lake
"Old River Lake",34.4265164570608,-92.08378607375519,Lake
"McNeely Brake",34.597754319048626,-92.06041109617158,Lake
"Lakewood Lake Number One",34.78516402024788,-92.24660072833585,Lake
"Bull-Galloway Reservoir",34.58532532686967,-91.52768111218165,Lake
"Swan Lake",34.214051421628184,-91.69351067492772,Lake
"Indianhead Lake",34.84308797206517,-92.18100828205621,Lake
"Harris Lake",34.788056311636666,-92.15015699243109,Lake
"Georgetown Lake",34.622784419853666,-92.13685398135877,Lake
"Snake Island Flat",34.61708977653325,-91.69241211427276,Lake
"Wilson Reservoir",34.3652917081103,-91.5868468023187,Lake
"Randolph Reservoir",34.39471461167276,-91.63649638322251,Lake
"Ferguson Lake",34.52859527388615,-92.22955617291602,Lake
"Round Cypress Brake",34.21315440754507,-91.66148937726179,Lake
"Marks Lake",34.102191569914105,-91.87933831370889,Lake
"Johnson Lake",34.22927724709359,-91.91509927439832,Lake
"McGregor Brake",34.5519482969992,-91.82411802936049,Lake
"Jordan Brake",34.56573415301943,-91.76518436434793,Lake
"Bredlow Reservoir",34.50026926983294,-92.08429357284047,Lake
"Sarassa Lake",34.12814365635427,-91.65632218999201,Lake
"Glen Brake",34.193824683292924,-91.87525931912798,Lake
"English Lake",34.16432699951854,-91.62883764458283,Lake
"Menett Reservoir",34.60178445743694,-91.49309356213763,Lake
"Willow Beach Lake",34.71571004057485,-92.12836995020051,Lake
"Little Grassy Brake",34.1843151411771,-91.56667123294585,Lake
"Tindall Reservoir",34.41848667177607,-91.51962658953374,Lake
"Grassy Lake",34.18797804178022,-91.64517079931433,Lake
"Nelon Brake",34.51260514364984,-91.96817302938778,Lake
"Cox Cypress Lake",34.29927062733913,-91.6252887904359,Lake
"Forty Point Lake",34.814288187150396,-92.10892870614278,Lake
"Goose Lake",34.22855408242018,-91.60937737232211,Lake
"Atkins Lake",34.21271683989609,-91.8713976223602,Lake
"Cox Reservoir",34.36865601450515,-91.54343370810628,Lake
"Dudley Lake",34.462461275274215,-91.8900157754221,Lake
"Reed Lake",34.277405153505875,-91.85552755167807,Lake
"Aker Reservoir",34.58274734344738,-91.49739116875334,Lake
"Faulkner Lake",34.75864399412271,-92.14344809193008,Lake
"Wilson Reservoir",34.35919134289324,-91.60679675246791,Lake
"Noble Lake",34.1744304790738,-91.83659655123769,Lake
"Fish Lake",34.05758695960666,-91.90802667287973,Lake
"Pool Three",34.17532252715894,-91.69088803790922,Lake
"Grassy Lake",34.94473245564772,-92.38556309471716,Lake
"Shingle Mill Lake",34.49141514714532,-92.19016868593923,Lake
"Vaughts Reservoir",34.83599941816689,-91.65157259027973,Lake
"Patton Lake",34.3934509175805,-91.94123107097772,Lake
"Old River Lake",34.65476045241554,-92.1233320330017,Lake
"Grand Cypress Lake",34.265747938267744,-91.62221921303683,Lake
"Peckerwood Lake",34.66448339735819,-91.51839185257141,Lake
"Horseshoe Lake",34.26233511944174,-91.5952234779738,Lake
"Cypress Pocket",34.51596080579191,-92.06222666300455,Lake
"Glenwood Lake",34.41054918965366,-91.66465981974989,Lake
"Daugherty Reservoir",34.50214205904522,-91.4972972877778,Lake
"Halowell Reservoir",34.310604915139656,-91.63912961638336,Lake
"Ash Slough",34.876110922381656,-92.06898997810117,Lake
"Tindall Lake",34.42059707442714,-91.49914494386039,Lake
"Eanes Minnow Farm Lake Number Two",34.72503858559007,-92.11893518319803,Lake
"Brushy Lake",34.127370887325974,-91.56144518326954,Lake
"Willastein Lake",34.85133570375121,-92.41290224247969,Lake
"Cross Pond",34.555431462369064,-92.10719895652608,Lake
"Kuykendall Brake",34.56086612061217,-92.19637615693046,Lake
"Old River Lake",34.148968629176984,-91.70052702970813,Lake
"Bullneck Brake",34.67696458529216,-92.04368810479728,Lake
"Johnson Lake",34.118545165896094,-91.5325779484124,Lake
"Hannaberry Lake",34.11774170699447,-91.56032909968756,Lake
"Haglers Cypress Brake",34.17278920815393,-91.53575205552787,Lake
"Horseshoe Lake",34.69658554611943,-92.10582961896633,Lake
"Bearskin Lake",34.721877458283224,-92.0655323069596,Lake
"Big Rock Settling Pond",34.69716028605855,-92.29397003371581,Lake
"Horseshoe Lake",34.388195558799424,-91.99524318202054,Lake
"Surge Pond",34.40984956821082,-92.13767313273624,Lake
"Hamptons Reservoir",34.27648218603704,-91.55170568103414,Lake
"Snake Island Flat",34.61001016345412,-91.70953900839453,Lake
"Snake Island Flat",34.60621921357469,-91.66924646095775,Lake
"Snake Island Flat",34.614947667952116,-91.67658453214335,Lake
"Hamptons Reservoir",34.289601864413356,-91.56450794541367,Lake
"Hamptons Reservoir",34.281621384953475,-91.54287774814688,Lake
"Hartz Reservoir",34.69998183152943,-91.54865709403583,Lake
"Old River",34.94322473574672,-90.65350085650213,Lake
"Spring Lake",34.95998778469961,-91.45732455301543,Lake
"Peppers Lake",34.75012885772385,-91.41713134172927,Lake
"Bob Williams Lake",34.931780658823214,-91.4102807778016,Lake
"Old River Chute",34.55493493287746,-90.52458544133653,Lake
"Bear Creek Lake",34.72124249765968,-90.70090755235977,Lake
"Lake Charles",34.1263986816995,-90.87776290889875,Lake
"Tunica Lake",34.665433670136885,-90.5003249586516,Lake
"East Moon Lake",34.05298330123792,-91.1663043649159,Lake
"Sollars Reservoir",34.25190712159033,-91.46173760196808,Lake
"Layne Arkansas Reservoir",34.530539925987775,-91.44336006651952,Lake
"Cypress Swamp",34.94225321126685,-91.4200323028406,Lake
"Miller Lake",34.76214155088651,-91.39351682997548,Lake
"Pecan Lake",34.18225591820498,-91.42257694659892,Lake
"Lowe Lake",34.159638462245084,-91.32477159289415,Lake
"Dry Lake",34.12425498261566,-91.16833451680421,Lake
"Midway Lake",34.62695697009801,-91.35218153521491,Lake
"Swan Lake",34.07115699173197,-90.96531241732424,Lake
"Swan Lake",34.30264205918226,-90.48146036670535,Lake
"Lumsdens Reservoir",34.163645967346795,-91.44682079227915,Lake
"Flag Lake",34.12948613927312,-91.41620457414172,Lake
"Scroggins Reservoir",34.50911326455758,-91.42439014135643,Lake
"Lake Bayou",34.216303570348224,-91.05430963485716,Lake
"Storm Creek Lake",34.599214796258956,-90.62317536064633,Lake
"Paradise Bayou",34.02224641294323,-91.14697336987503,Lake
"H Lake",34.17025308432078,-91.10316094103149,Lake
"McCollum Lake",34.62968308722506,-91.42648708208822,Lake
"Voss Lake",34.446066475063475,-91.24137243979477,Lake
"Dismal Swamp",34.08579026294713,-91.30403626286525,Lake
"O K Pocket",34.623184405675566,-90.50580743909234,Lake
"Haller Lake",34.20094535325296,-91.39606010984983,Lake
"Round Pond",34.49033231348167,-91.22900857560761,Lake
"Lake Wilson",34.24333834990979,-91.41676571137035,Lake
"Hole in the Wall Lake",34.01042171455042,-91.13008956992049,Lake
"Lake Dian",34.02791687679028,-91.46399504870024,Lake
"Rodgers Lake Number Two",34.229754351627335,-91.4435512191883,Lake
"Lower Parish Lake",34.07848850904857,-91.16390323224151,Lake
"Buck Lake",34.09602639802226,-90.78836715504498,Lake
"Taylor Old River",34.064533795878475,-91.47454747992045,Lake
"Wegert Reservoir",34.20182171557524,-91.47266014683377,Lake
"Green Lake",34.572928550552724,-91.25657990013349,Lake
"Daugherty Reservoir",34.50779432535522,-91.37172271053639,Lake
"Lewis Swamp",34.21460482865339,-90.75625947627422,Lake
"Southern Lake",34.40336872692397,-91.17066437371459,Lake
"Midway Lake",34.804868748873204,-90.62568423176506,Lake
"Horseshoe Lake",34.8142373255681,-91.44306640042936,Lake
"Moody Old River",34.02479929246802,-91.39018859661253,Lake
"Chaney Lake",34.17505495061329,-91.40390526427346,Lake
"Kansas Lake",34.477761199278255,-91.15262625112376,Lake
"Loyd Rodgers Reservoir",34.243748374069625,-91.44881629651825,Lake
"Hillman Reservoir Number Two",34.37772967474206,-91.4693001899679,Lake
"Brother Reservoir",34.537590019742254,-91.47729649517845,Lake
"Frakers Reservoir",34.75639506068436,-91.49157928573726,Lake
"Merrisach Lake",34.04434196591362,-91.27145401903178,Lake
"Fridenburg Reservoir",34.54050123826223,-91.44657354719195,Lake
"Escronges Lake",34.218381792058416,-91.0815202610978,Lake
"Swan Lake",34.03114261363259,-91.15996495306196,Lake
"Old Town Lake",34.40069698209274,-90.7834283240828,Lake
"Flower Lake",34.602255649772204,-90.50451527291823,Lake
"McKinley Reservoir",34.20411121491161,-91.38109839289852,Lake
"Waters Bayou",34.38022536338164,-91.07817179191582,Lake
"Big Lake",34.97312277425017,-90.60749824261731,Lake
"Hammonds Reservoir",34.5313720828637,-91.46426009005924,Lake
"Johnson Lake",34.7865120590769,-90.65662880478399,Lake
"Shenship Lake",34.743953274521175,-90.65276165269397,Lake
"Moon Lake",34.43265338672574,-90.51909270264738,Lake
"Thomas Reservoirs",34.27196376217761,-91.41880872746876,Lake
"Alligator Lake",34.044035193772174,-91.10044435197831,Lake
"Tupelo Hole",34.18068524778246,-91.28280135043096,Lake
"Horseshoe Lake",34.32061661116873,-90.6774169305133,Lake
"Mud Lake",34.92526612081734,-90.531532939096,Lake
"Yancopin Lake",34.029673382437544,-91.10009312613359,Lake
"Long Lake",34.99451915039263,-90.67162835152104,Lake
"Wing Meade Reservoir",34.69274094048583,-91.48885466257515,Lake
"First Old River",34.68450920873963,-91.3258703168928,Lake
"Lower Crooked Lake",34.54658609567015,-91.25490709197973,Lake
"Bennett Reservoir",34.43791464874883,-91.3944202694667,Lake
"Brushy Lake",34.56258215602934,-90.58440794049277,Lake
"Mud Lake",34.0270293546426,-91.45010500308865,Lake
"Big Robe Bayou",34.84698253176734,-91.30822174054657,Lake
"Ward Reservoir",34.172722578236616,-91.26803754591518,Lake
"Desoto Lake",34.15121788916595,-90.84918322158721,Lake
"Chute Lake",34.43989444511645,-90.52747040865667,Lake
"East Lake",34.59906591887292,-91.27416982876844,Lake
"Hobert Reservoir",34.30542039280966,-91.22324078844458,Lake
"Childers Lake Dam",34.19949083668869,-91.28844936648835,Lake
"Lewis Swamp",34.232048891725746,-90.735412987479,Lake
"Thomas Reservoir",34.27765551498604,-91.41268740278014,Lake
"Hall Lake",34.312989953762724,-91.38163159749192,Lake
"Porter Lake",34.582481899059935,-90.58986501266264,Lake
"Millseed Lake",34.90860162604902,-90.50088780657026,Lake
"Sandy Slough",34.35516135328124,-91.04884190977496,Lake
"Cooks Lake",34.503654268538895,-91.27212464473865,Lake
"Walworth Reservoir",34.48529689047744,-91.40919387490267,Lake
"Cypress Swamp",34.62569519576279,-91.03032465311554,Lake
"Moon Lake",34.37373746331763,-91.08828595747495,Lake
"Goose Lake",34.099741413121336,-91.15541472475131,Lake
"Long Lake",34.79389289623057,-90.69828519904013,Lake
"Lake Greenlee",34.87562605309231,-91.16730415866935,Lake
"Chute of Island 68",34.14862763263929,-90.962300374191,Lake
"Horn Lake",34.952012698396345,-91.44167123277572,Lake
"Horseshoe Lake",34.92152862745939,-91.44963366398646,Lake
"Prairie Lake",34.171653372271656,-91.11174691209247,Lake
"Duck Lake",34.599543610112114,-90.54388444672567,Lake
"Upshaw Lake",34.79487477012103,-91.43256607651234,Lake
"Goose Lake",34.90664623589396,-90.33559910015012,Lake
"Horn Lake",34.98656615441273,-90.16264449627988,Lake
"Koko Reef Lake",34.78592911118125,-90.18518589372819,Lake
"Goose Lake",34.888365169634625,-90.42535843150773,Lake
"Porter Lake",34.88584454015834,-90.33635908788983,Lake
"Sandy Bayou",34.606099749944526,-90.48355770174366,Lake
"Beaverdam Lake",34.62766737046605,-90.40335480867114,Lake
"Lake O' the Hills",34.80822535859705,-90.18473440560643,Lake
"Sardis Lake",34.46344914367931,-89.6671129542469,Lake
"Thunderbird Lake",34.73227056499065,-90.00792355696774,Lake
"Enid Lake",34.15044266230172,-89.8464524298511,Lake
"Lake Deloche",34.921698611142936,-90.28989537857163,Lake
"Lower Lake",34.401702452998286,-89.80269814229331,Lake
"Dunavant Lake",34.00565624222953,-89.7642405465864,Lake
"Sunrise Lake",34.895852750371475,-89.90706582758715,Lake
"Midway Lake",34.86770321133185,-90.46230647110397,Lake
"Woodland Lake",34.81807061610651,-90.18991144572243,Lake
"Horseshoe Lake",34.92179695416065,-90.33355449069623,Lake
"White Lake",34.02599980173026,-90.19634874133732,Lake
"Bushy Lake",34.89597322957247,-90.34663822648648,Lake
"Jasper Lake",34.741883759475904,-90.31929010035995,Lake
"Arkabutla Lake",34.750478521374895,-90.07262715441857,Lake
"Mud Lake",34.99334915545313,-90.20497110354871,Lake
"Suffer Brake",34.04108488239388,-90.29219455554403,Lake
"Chewalla Lake",34.73387203247833,-89.33714195166867,Lake
"Indian Creek Watershed Number Eight Lake",34.99361903711075,-89.14641347175005,Lake
"Yocona Lake",34.20759131468338,-89.16218198603885,Lake
"Lake Arrowhead",34.58292676744229,-89.18252244413912,Lake
"Puskus Lake",34.439311758591494,-89.35309265070374,Lake
"Muddy Lake",34.93036626894336,-88.97202600119749,Lake
"Little Snow Lake",34.78047553655979,-89.2642815195411,Lake
"Russell Lake",34.20849417712691,-89.31662728151548,Lake
"Tippah County Lake",34.78969953164729,-88.95471450314977,Lake
"Darden Lake",34.493172995449804,-89.18417381321322,Lake
"Davis Lake",34.0420070032334,-88.94266950238135,Lake
"Lake Lamar Bruce",34.398159887168084,-88.66364995763327,Lake
"Walnut Lake",34.97106379834663,-89.01961792449228,Lake
"Pontotoc Lake",34.23450448303962,-89.02123148694368,Lake
"Coon Creek Lake",34.18833402063681,-89.28426068409048,Lake
"LT 7-11 Pleasant Hill Lake",34.791438490941786,-89.24692961157872,Lake
"Brents Lake",34.59058009651942,-89.27581860143442,Lake
"Gullicks Lake",34.02051895034545,-89.33897514456712,Lake
"Lake Piomingo",34.32741788328873,-88.6345247206592,Lake
"Pleasant Hill Lake",34.79973629007034,-89.14149975384561,Lake
"Lake Mohawk",34.65333865405396,-88.7229404823202,Lake
"Lake Chautauqua",34.76588701026982,-89.04064296547901,Lake
"Snow Lake",34.82478509395554,-89.23819809702462,Lake
"Cambridge Lake",34.47876695447363,-89.35697381867624,Lake
"Cedar Creek Reservoir",34.52822704538704,-87.92049591702802,Lake
"Bear Creek Reservoir",34.38180828565418,-87.95135266316099,Lake
"Number Six Lake",34.50134630519803,-87.66506988919672,Lake
"Pool B",34.08730269668025,-88.40312640513912,Lake
"Lake Itawamba",34.326783634381584,-88.3871808428769,Lake
"Wilson Lake",34.82959972814188,-87.53117202297476,Lake
"Pickwick Lake",34.91425636591636,-88.07991433343642,Lake
"Bay Springs Lake",34.57033702231096,-88.31797863440265,Lake
"Lake Buttahatchee",34.11372028662688,-87.69977067310589,Lake
"Russellville Reservoir",34.517488998924584,-87.79773168128067,Lake
"Upper Bear Creek Reservoir",34.29812615721611,-87.65703140995201,Lake
"Harding Bottoms",34.8145214810787,-87.83793142350272,Lake
"Pool C",34.18939012938162,-88.39118018563579,Lake
"Sloss Lake",34.486528010206996,-87.71016635385214,Lake
"Blackwell Swamp",34.58439859301039,-86.78303475578325,Lake
"Wheeler Lake",34.61626474672831,-86.95912509952032,Lake
"Lake Catoma",34.21874267384038,-86.8045145920648,Lake
"Blair Swamp",34.71928076871934,-86.89492540997009,Lake
"Vickery Lake",34.59246313686709,-87.38417322354657,Lake
"Wheeler Reservoir",34.837182368478054,-87.17836763597815,Lake
"Dinsmore Slough",34.53793536888556,-86.96310139819168,Lake
"Forest Ingram Lake",34.164540348027174,-86.76830155012766,Lake
"Lady Ann Lake",34.66817240301157,-86.72107481849226,Lake
"Dyas Swamp",34.866299542236106,-86.67228530483627,Lake
"George Lake",34.23330325029312,-86.84065475545933,Lake
"Beaverdam Swamp",34.69570452149843,-86.83305001092401,Lake
"Beaverdam Swamp",34.66157247879594,-86.82126338249486,Lake
"Kaiser Bottom",34.05032185390956,-87.47771445599336,Lake
"Osborne Lake",34.101367463125975,-86.53692496122343,Lake
"Brushy Creek Lake",34.29804474993489,-87.27065784973176,Lake
"Crabtree Slough",34.553066738001824,-86.96058023279923,Lake
"Moulton City Lake",34.55073462359942,-87.26375018607413,Lake
"Webb Pond",34.87493702741944,-86.70069790637015,Lake
"Lewis Smith Lake",34.03465507808021,-86.95490189258099,Lake
"Swoope Pond",34.68313369556667,-87.2605220514778,Lake
"Mitchell Pond",34.54815627051672,-86.76735219772448,Lake
"Wheeler Reservoir",34.7630295247764,-87.26852460124165,Lake
"Madison County Lake",34.81059383411022,-86.39135226149007,Lake
"Woodland Lake",34.551971345672996,-86.267629530123,Lake
"Republic Lake",34.52606409269285,-85.61300520882816,Lake
"Smith Lake",34.78021287661338,-86.35791235080023,Lake
"Doctor Jenkins Lake",34.05174262708222,-86.32079151334993,Lake
"Weiss Lake",34.20114662704893,-85.58555690690804,Lake
"Fort Payne City Lake",34.51826893285684,-85.66650242833451,Lake
"Lake Weisner",34.06804292077385,-85.67604983974331,Lake
"Cashs Lake",34.31742589790142,-85.73477908770418,Lake
"DeKalb County Public Lake",34.577040690554405,-85.79808998369477,Lake
"Aurora Lake",34.12642020541726,-86.16150471173566,Lake
"Guntersville Lake",34.61491471107586,-86.04697077125624,Lake
"Paris Lake",34.16924712988226,-85.20350117404048,Lake
"Hiag Mill",34.82352746456327,-84.98309471437184,Lake
"Lake Conasauga",34.288429310934504,-85.2373209694961,Lake
"Rainbow Lake",34.75140066418117,-84.60762709437978,Lake
"Wax Lake",34.14045478937392,-85.09402493929558,Lake
"Carters Lake",34.616842607292334,-84.63564915741068,Lake
"Allatoona Lake",34.14889321268633,-84.65181550819368,Lake
"Howard Lake",34.756136210747485,-85.25117499371609,Lake
"Selman Lakes",34.36818444048895,-85.29375221026086,Lake
"Aubrey Lake",34.25266163292527,-84.77566880453428,Lake
"LaFayette City Reservoir",34.73547697269981,-85.26094585481768,Lake
"Lake Tightsqueeze",34.38989939424919,-85.30093197317642,Lake
"Lake Acworth",34.05555996676754,-84.67750691316657,Lake
"Berry Reservoir",34.32770840656143,-85.26821234259604,Lake
"Upper Aubrey Lake",34.261577823770054,-84.7391589289895,Lake
"Defoor Walters Lake",34.52232486786852,-84.75466578572014,Lake
"Lake Marvin",34.56678197152653,-85.08498399352129,Lake
"Drummond Swamp",34.129710657715286,-84.95326358369091,Lake
"Reregulation Reservoir",34.596270983774396,-84.67557571621712,Lake
"Lake Arrowhead",34.3056845975269,-84.59501685284135,Lake
"Amakanata Lake",34.49354581000764,-84.89502743035553,Lake
"Corley Lake",34.014136638132015,-84.9223154167839,Lake
"Lloyds Lake",34.77522504502941,-85.44418637161566,Lake
"Habersham Mills Lake",34.59467349485585,-83.54845523852944,Lake
"Blue Ridge Lake",34.8455396138865,-84.26384591148444,Lake
"Looper Lake",34.144077953219686,-83.8990180403023,Lake
"Canton Mills Lake",34.28005869637433,-84.47739953226068,Lake
"Lake Tamarack",34.49269244561744,-84.36841469127653,Lake
"Nottely Lake",34.91649839399114,-84.05390056726566,Lake
"Garrett Lake",34.085899822867034,-84.41563438114008,Lake
"Lake Burton",34.834987765247305,-83.55531354340422,Lake
"Lake Sidney Lanier",34.282781995064326,-83.9481280335726,Lake
"Lake Russell",34.492193926102544,-83.49374176420976,Lake
"Seed Lake",34.77125375773065,-83.51335931296607,Lake
"Lake Woodruff",34.92945079957326,-84.1358388391863,Lake
"Lake Upper Mulberry River Eleven",34.05243507656212,-83.88271696456553,Lake
"Grandview Lake",34.50519599931352,-84.39748954838606,Lake
"Lake Petit",34.46765229974776,-84.28815002416894,Lake
"Chatuge Lake",34.9776832678418,-83.76944741144868,Lake
"Martin Lake",34.00488245171262,-84.31899850013964,Lake
"Reservoir 59",34.344691574211275,-83.61481208609933,Lake
"Reservoir 51",34.270358940960385,-83.50374162123305,Lake
"Lake Windwood",34.07973323090239,-84.2264936903629,Lake
"Twelve Mile River Watershed Six Reservoir",34.91362996841296,-82.73053109634385,Lake
"Lake Louise",34.604132608440025,-83.2788577388932,Lake
"Reservoir 64",34.099179772987995,-83.1276231961715,Lake
"Secession Lake",34.297018687445735,-82.58772294902198,Lake
"Reservoir 30",34.20745477412626,-82.95481961880904,Lake
"Hartwell Lake",34.520034622845614,-83.04426159775485,Lake
"Reservoir 29",34.066422976703905,-83.22539945380801,Lake
"Dam Number 10",34.03592874945396,-83.38325784936963,Lake
"Coneross Creek Reservoir",34.72722309191203,-83.11062917846073,Lake
"Lake Becky",34.850788078541136,-83.11439447578564,Lake
"Broadway Lake",34.45766748371629,-82.58780875435501,Lake
"Issaqueena Lake",34.743295318284105,-82.86148285382862,Lake
"Lake Cherokee",34.90849489035578,-83.06334759813835,Lake
"Anderson Reservoir",34.62563485359809,-82.57618807808483,Lake
"Lake Rabun",34.76111847291255,-83.44630206965203,Lake
"Tugaloo Lake",34.73110574918247,-83.34996033174983,Lake
"Reservoir 27",34.152416523707856,-83.27423907264516,Lake
"Reservoir Number 44",34.484040471407006,-83.4550671122274,Lake
"Yonah Lake",34.695115978395506,-83.34659633993768,Lake
"Pritchett Swamp",34.37641585095208,-83.38536094009373,Lake
"Whitewater Lake",34.909212177950906,-83.01039229943933,Lake
"Lavonia Water Works Lake",34.467240442009995,-83.13979109736157,Lake
"Hartwell Lake",34.39454459460025,-82.87382984729965,Lake
"Crystal Lake",34.82761318302912,-83.13885298759489,Lake
"Country Club Lake",34.84053759536209,-82.68470569513724,Lake
"Lake Leroy",34.87586157835072,-83.14984945328946,Lake
"Richard B Russell Lake",34.159041186239854,-82.71660554770509,Lake
"Tallulah Falls Lake",34.742925205313306,-83.40354190124606,Lake
"Lake Keowee",34.81895031158733,-82.92264299862738,Lake
"Saluda Lake",34.871295216214044,-82.48844718350125,Lake
"Big Creek Watershed One Reservoir",34.63612190451442,-82.4904372931495,Lake
"Lake Cunningham",34.98126862882536,-82.26476592966944,Lake
"Berry Shoals Pond",34.890985350193205,-82.10517878872398,Lake
"Harpers Folly Lake",34.766129977936615,-82.18558357403771,Lake
"Greenwood Reservoir",34.26347685324231,-82.13254857568327,Lake
"Conestee Lake",34.77427587269478,-82.35111618880696,Lake
"Boyd Millpond",34.46319973019951,-82.2074563913146,Lake
"Lake Greenwood",34.264691699078305,-82.02877461426009,Lake
"Snows Lake",34.66816736386668,-82.36099393355575,Lake
"Lake Edwin Johnson",34.87164609552693,-81.84097024871666,Lake
"Silver Lake",34.883715120919014,-82.11356482253659,Lake
"Zimmerman Pond",34.850250224441695,-81.89618505002748,Lake
"Tucker Lake",34.13020060078609,-80.82394289814773,Lake
"Betty Neck Swamp",34.15904937730551,-80.65649477345356,Lake
"Noahs Marsh",34.031110587730595,-80.75674078382053,Lake
"Kendall Lake",34.2624115515208,-80.59122648388595,Lake
"F Coopers Pond",34.11568591032312,-80.81179541522671,Lake
"Fishing Creek Reservoir",34.63953313133453,-80.88630502543162,Lake
"Caldwell Lake",34.995060139950596,-81.28669132802241,Lake
"Lake Columbia",34.175547862641686,-80.92830389542405,Lake
"Cedar Creek Reservoir",34.552157831204966,-80.88204711330393,Lake
"Wateree Lake",34.40912698652871,-80.80766162640177,Lake
"Windsor Lake",34.07111005742946,-80.93550526916191,Lake
"Clarks Lake",34.119733031008906,-80.90018638168117,Lake
"Rockford Lake",34.03930624714871,-80.94779924777076,Lake
"Chester Reservoir",34.718447617206934,-81.2511232185532,Lake
"Monticello Reservoir",34.352391033354714,-81.31117641138988,Lake
"White Pond",34.16758428935524,-80.77597646508524,Lake
"Rocky Ford Lake",34.05569679962196,-80.95507098427183,Lake
"English Swamp",34.087873961892,-80.65098501645767,Lake
"Wise Marsh",34.05121770768099,-80.78920608649165,Lake
"Lancaster Reservoir",34.70294835609094,-80.74989496729383,Lake
"Mountain Lakes - Upper Lake",34.660875142732124,-81.26231430338828,Lake
"Messers Pond",34.07368867237362,-80.79146943835183,Lake
"Boykin Mill Pond",34.13541311893928,-80.57485851116137,Lake
"Ellerbees Millpond",34.07122145429117,-80.52986169244464,Lake
"Colonial Lake",34.315409026845074,-80.5985050739807,Lake
"White Oak Slash Lake",34.08697385749947,-80.6023258026178,Lake
"Chester State Park Lake",34.675405370036216,-81.23921619703151,Lake
"Lake Lee",34.95627887050648,-80.51319420728791,Lake
"Great Falls Reservoir",34.587855572092195,-80.89126377674616,Lake
"Forest Lake",34.02916986041749,-80.95640247329304,Lake
"Lake Monroe",34.9342274041862,-80.52288200750134,Lake
"Dinkins Millpond",34.03650740090239,-80.53047686938662,Lake
"Parr Shoals Reservoir",34.31958376149833,-81.36485672389935,Lake
"McGrits Millpond",34.13688842644047,-80.34201245542576,Lake
"Teal Millpond",34.66514689622308,-80.01158259557428,Lake
"Buck Swamp",34.84118110144672,-80.24535174268783,Lake
"Marco Millpond",34.27741318260456,-80.13307628076127,Lake
"Prestwood Lake",34.38193713891147,-80.08067928762945,Lake
"Lake Robinson",34.4516289057653,-80.15693640018458,Lake
"Raley Millpond",34.531753337987865,-80.3842601307385,Lake
"Hill Creek Watershed One Reservoir",34.78163528332408,-80.43761732009561,Lake
"Harolds Millpond",34.263681345424075,-80.08677534274356,Lake
"Martin Lake",34.55755555055173,-80.21934111926899,Lake
"Ashwood Lake",34.10414040780057,-80.31798574022172,Lake
"Prestwood Lake",34.37496407830903,-80.10035659607617,Lake
"Wadesboro Municipal Lake",34.92165632880105,-80.08748417884551,Lake
"Mays Lake",34.57747587277038,-80.1801080461072,Lake
"Rio Grande",25.88191622022715,-97.47039788538925,Creek
"Rio Grande",25.917677364091098,-97.3290802507072,Creek
"Rio Grande",25.84378054693474,-97.38746019735892,Creek
"Rio Grande",25.855286814937514,-97.44964401216212,Creek
"Rio Grande",25.903400626880927,-97.36754379363926,Creek
"Tamiami Canal Number C-4",25.762268164348114,-80.77173483415925,Creek
"Little Sable Creek",25.22081447086945,-81.15532544575139,Creek
"Aerojet Canal Number C-111",25.443334222382713,-80.55959376447836,Creek
"Miami Canal",25.980802417718508,-80.47433606575622,Creek
"Grand Canal",25.428500666609434,-80.33782438014777,Creek
"Miami Canal Number C-6",25.892438939325938,-80.37492965597484,Creek
"Florida City Canal",25.448093233079863,-80.41200193959511,Creek
"Jacks Branch",26.87185922270873,-81.58008049838341,Creek
"Miami Canal",26.06059104426694,-80.56668038269942,Creek
"Old Moore Haven Canal",26.86336863106115,-81.08333895404114,Creek
"North New River Canal",26.27625546135085,-80.49068063725144,Creek
"Miami Canal",26.354375045352953,-80.79179238837679,Creek
"Interceptor Canal",26.23288507897398,-80.92360788978704,Creek
"Miami Canal",26.21554643588832,-80.68920393451351,Creek
"South New River Canal",26.062075645614463,-80.49999096371592,Creek
"Miami Canal",26.09268847635811,-80.59291821685713,Creek
"Rim Canal",26.817650821833123,-81.01579046718902,Creek
"L-40 Canal",26.508960763846364,-80.2222776952063,Creek
"Hillsboro Canal",26.416898336022047,-80.40327907773195,Creek
"L-7 Canal",26.49946568983314,-80.44513669224757,Creek
"M Canal",26.76224315268726,-80.3402702090712,Creek
"L-7 Canal",26.633968723683413,-80.41234295375394,Creek
"L-40 Canal",26.364870460040795,-80.25522543375034,Creek
"Taylor Creek",27.182673159900755,-80.79493803666566,Creek
"Indian River",27.244719318756378,-80.21387407953385,Creek
"Guadalupe River",28.54788592164041,-96.8955266332123,Creek
"Artesian Creek",28.376364883151947,-96.99376338409496,Creek
"Guadalupe River",28.632725603168137,-96.955746651601,Creek
"Medio Creek",28.35160473133738,-97.45705716343241,Creek
"Guadalupe River",28.684787746615104,-96.98676419464964,Creek
"Mustang Creek",28.912195073166636,-96.5441386921437,Creek
"Copano Creek",28.30728106584965,-97.11153200941284,Creek
"Cocklebur Slough",28.910410636314058,-95.59095491864234,Creek
"Caney Creek",28.944837837296397,-95.78068716785805,Creek
"Caney Creek",28.88718742905425,-95.67106787150972,Creek
"Caney Creek",28.93753163815082,-95.71786735275205,Creek
"Cottonwood Creek",28.98890384102408,-95.96421175028266,Creek
"Caney Creek",28.799362811550036,-95.65427466448004,Creek
"Linnville Bayou",28.957284440959164,-95.74608375994546,Creek
"Caney Creek",29.01490591636628,-95.84084718698386,Creek
"Live Oak Bayou",28.806462411795174,-95.71283107942958,Creek
"Caney Creek",28.951887837325227,-95.82304317935845,Creek
"Boggy Bayou",28.82012288110181,-95.68932374032454,Creek
"Southwest Pass",28.950811036087877,-89.39807040821533,Creek
"Pithlachascotee River",28.262751679118267,-82.61891616124818,Creek
"Brushy Creek",29.105781710650064,-96.60675038279052,Creek
"Colorado River",29.965478670730853,-96.95392630734528,Creek
"Rocky Creek",29.761203374312295,-96.62943421739293,Creek
"Dry Creek",29.730722770352187,-96.57269713530022,Creek
"Guadalupe River",29.27187925394701,-97.33190457069715,Creek
"Indian Creek",29.986317010496258,-96.89213342631238,Creek
"Guadalupe River",29.47479428907251,-97.46123434495401,Creek
"Oyster Creek",29.20282576565502,-95.51670704616059,Creek
"Caney Creek",29.144493474063314,-95.89977480718193,Creek
"Bessies Creek",29.727693790414524,-95.97208864980105,Creek
"Brazos River",29.27846291186515,-95.58636046639815,Creek
"Brazos River",29.91340362230184,-96.11449522813047,Creek
"Brazos River",29.687400180371263,-96.04110679915004,Creek
"Caney Creek",29.104289266240055,-95.8901805356782,Creek
"Brazos River",29.232661504503362,-95.54640085430115,Creek
"Brazos River",29.73237505620508,-96.03663159936885,Creek
"Brazos River",29.504528958224054,-95.58874027657036,Creek
"Baughman Slough",29.35525071005077,-96.12362107210537,Creek
"Brazos River",29.658361174971315,-96.02239145972177,Creek
"Little Linnville Bayou",29.082111265113774,-95.79509197823019,Creek
"Bell Creek",29.16596988569753,-95.68479368672037,Creek
"Peach Creek",29.39332078120797,-96.22409123316909,Creek
"Brazos River",29.971075101685013,-96.09692302647412,Creek
"Colorado River",29.313204368451135,-96.11781086947504,Creek
"Brazos River",29.169041688672152,-95.5953631309353,Creek
"Sandy Branch",29.44793619581672,-96.10613920543581,Creek
"Brazos River",29.032120930258888,-95.52288544065341,Creek
"Dance Bayou",29.15794787969844,-95.84078679231813,Creek
"Mound Creek",29.195450956726447,-95.72600056489277,Creek
"Oyster Creek",29.04604913829525,-95.38546420567661,Creek
"Oyster Creek",29.137240487241037,-95.48456870039912,Creek
"Beach Canal",29.82234917151836,-93.52958533811577,Creek
"Gallier Canal",29.91904876326825,-94.17108667803606,Creek
"Magnolia Vacuum Canal",29.862309565510696,-93.58975044545213,Creek
"Sabine Neches Canal",29.885622370328267,-93.91679025964574,Creek
"Willow Bayou Canal",29.879129530631978,-93.68558160797697,Creek
"Starks South Canal",29.83644481329854,-93.75016823291263,Creek
"Floating Turf Bayou",29.68827278221213,-92.56447894566163,Creek
"Southwest Bayou",29.682573757287685,-92.68012920013992,Creek
"Headquarters Canal",29.704844764528392,-92.76838006940153,Creek
"Calcasieu Ship Channel",29.99196373241118,-93.33352515096331,Creek
"Creole Canal",29.81058929777184,-93.13269871942795,Creek
"Hog Bayou",29.724505291693145,-92.95298660724818,Creek
"Florence Canal",29.81873891893853,-92.55827953134451,Creek
"Gang Pirogue Trail",29.82106267466603,-92.49020191429979,Creek
"Calcasieu River",30.016521515139544,-93.2960557663286,Creek
"Bird Island Bayou",29.571874683064852,-91.96253611076857,Creek
"Warren Canal",29.838156951821723,-92.39196703117537,Creek
"Bird Island Bayou",29.603475142281862,-91.87459755982326,Creek
"West Branch Oyster Bayou",29.506232580037167,-91.83223420111334,Creek
"Dewitt Canal",29.59794954905521,-92.38092991693476,Creek
"East Branch Oyster Bayou",29.522304471442688,-91.81459895559206,Creek
"Bayou Mascot",29.72250040925576,-91.61232737549679,Creek
"Bayou Lucien",29.608169626566017,-91.91070099925369,Creek
"Bayou Pointe au Chien",29.495489380339976,-90.52305844369869,Creek
"Four Island Bayou",29.232231570999556,-90.79088950625852,Creek
"Bayou Chauvin",29.523830122494445,-90.65817012222728,Creek
"Bayou La Cache",29.41948220326434,-90.58690633850556,Creek
"Bayou du Large",29.33544722270962,-90.84438587688979,Creek
"Deer Island Bayou",29.499896284028463,-91.2208610131356,Creek
"Bayou Lafourche",29.980491518058134,-91.01811936563016,Creek
"Bayou Blue",29.538714098699863,-90.46282196614554,Creek
"Bayou Terrebonne",29.7211417559756,-90.79866375607202,Creek
"Bayou Lafourche",29.833479815688392,-90.94403388614485,Creek
"Crooked Bayou",29.46228999474372,-91.22793600859356,Creek
"Palmetto Bayou",29.454783312854453,-91.17833441651577,Creek
"Carencro Bayou",29.448329381652908,-91.02109295228205,Creek
"Bayou Teche",29.7638643487958,-91.44450494313021,Creek
"Saint Louis Canal",29.49905413551753,-90.5170578327385,Creek
"Old Oyster Bayou",29.253846862502453,-91.09335591279586,Creek
"Bayou La Cache",29.51257771493832,-90.58328540452925,Creek
"Bayou Grand Caillou",29.547960558736456,-90.67770835016216,Creek
"Boudreaux Canal",29.503099135553,-90.59167368897596,Creek
"Bayou Black",29.589079122077766,-90.82249190320906,Creek
"Bayou Blue",29.699573430530034,-90.77030154407281,Creek
"Hog Bayou",29.57613290849004,-91.4550746714164,Creek
"Bayou Sauveur",29.30652388156177,-90.8257165873276,Creek
"Locust Bayou",29.271240509147013,-91.29620842189934,Creek
"Bayou Colyell",29.200797145949075,-90.76637932039846,Creek
"Creole Bayou",29.411532697060277,-91.10887968829803,Creek
"Big Carencro Bayou",29.36157477719783,-91.10891511327297,Creek
"Bayou Petit Caillou",29.5031755433851,-90.57989530050128,Creek
"Small Bayou La Pointe",29.375698362274367,-90.87233914868041,Creek
"Bayou Terrebonne",29.48905538470819,-90.55345422719083,Creek
"Bayou Penchant",29.452778026565447,-90.96319023399445,Creek
"Little Mosquito Bayou",29.263787514403486,-91.22924986467326,Creek
"Little Mosquito Bayou",29.246209266206353,-91.20740998210422,Creek
"Lower Atchafalaya River",29.44308643908733,-91.3222540434415,Creek
"Treasure Bayou",29.286989314341355,-90.7870359973586,Creek
"Grand Bayou",29.423144277604298,-90.4161929087399,Creek
"Back Levee Canal",29.585912545149498,-89.78901373687172,Creek
"Bayou Lafourche",29.30035497092992,-90.23407789902285,Creek
"Bayou Bernard",29.758831409765364,-89.57696886142374,Creek
"Bayou Rigolettes",29.664961744530203,-90.12909608723663,Creek
"Mississippi River",29.967344075768217,-90.39551976637212,Creek
"Bayou Cutler",29.561712295574537,-90.04913165288737,Creek
"Bayou Terre Aux Boeufs",29.6818866275319,-89.62981742273357,Creek
"Bayou Blue",29.47556573453248,-90.36143268592365,Creek
"Buras Drainage Canal",29.326755592275884,-89.4815220918734,Creek
"Mississippi River",29.458777065272624,-89.64769603975765,Creek
"Back Levee Canal",29.63154117197689,-89.88697436961077,Creek
"River aux Chenes",29.634158617777892,-89.7918127437947,Creek
"Mississippi River",29.922230749030803,-90.201270029039,Creek
"Mississippi River",29.945289618306337,-90.05845082388956,Creek
"Bayou de la Gauche",29.539381559109405,-90.26124890266732,Creek
"Bayou Lafourche",29.45061732687742,-90.30389428871263,Creek
"Mississippi River-Gulf Outlet Canal",29.785653241997952,-89.54139579562386,Creek
"Bayou Dupont",29.62039695155171,-90.02282659608076,Creek
"Blind Pisana Bayou",29.769918009731224,-89.55204112805909,Creek
"Mississippi River",30.047271760139896,-90.5463129986317,Creek
"Manuel Canal",29.751936918687868,-89.9157769563462,Creek
"Bayou Jean Lacroix",29.36500135076337,-90.42977408142104,Creek
"Southwest Pass",29.060098470902357,-89.30892336460747,Creek
"Grand Pass",29.20185048544622,-89.3403630501582,Creek
"South Pass",29.066024397286316,-89.20883598577187,Creek
"Bayou la Loutre",29.79655658777537,-89.37973310826189,Creek
"Whiskey George Creek",29.8723732451052,-84.87219747446417,Creek
"Depot Creek",29.783128415865445,-85.17528135668017,Creek
"Spring Warrior Creek",29.924195028013173,-83.62635298888067,Creek
"Suwannee River",29.826122895299537,-82.89452963973118,Creek
"Suwannee River",29.88982523012184,-82.88491572711047,Creek
"Suwannee River",29.607784440019365,-82.97075938894359,Creek
"Santa Fe River",29.91299351482743,-82.84049156301518,Creek
"Cross Florida Barge Canal",29.54539079473629,-81.72930956269967,Creek
"Simms Creek",29.81850552549817,-81.69937623095046,Creek
"Ocklawaha River",29.427219308059566,-81.92943364533178,Creek
"Harrys Creek",29.064414954839762,-81.44114472892794,Creek
"Halifax River",29.28724375184969,-81.05171055102807,Creek
"Little River",30.9280391786534,-97.32372864672293,Creek
"Opossum Creek",30.693043928212564,-97.47082060434708,Creek
"Little River",30.892897172144487,-97.31178497464876,Creek
"Willis Creek",30.717598799261065,-97.46987327319461,Creek
"Brazos River",30.581939744036532,-96.44168074203597,Creek
"Navasota River",30.35204957663065,-96.14459305579504,Creek
"Tarkington Bayou",30.435274830764232,-95.08447405758024,Creek
"Steepbank Creek",30.323545628405437,-94.51535383911676,Creek
"Trinity River",30.713965485135972,-95.11722607899073,Creek
"Flat Cypress Creek",30.380062640395103,-94.51157024056467,Creek
"Big Creek",30.529910787090923,-94.96490116529516,Creek
"Beaumont Creek",30.437673458260615,-94.3280892627516,Creek
"Lower Neches Valley Authority Canal",30.07967569634559,-94.30932551664806,Creek
"Caney Creek",30.7464427449015,-93.64840550092966,Creek
"Dry Creek",31.01163179381892,-93.78941488370167,Creek
"Gum Slough",30.191067464671022,-93.64989712389344,Creek
"Mitchell Creek",30.706295255621438,-92.64876107106154,Creek
"Dry Creek",30.682451254470184,-93.14179341502204,Creek
"Beaver Creek",30.79678741001034,-92.60400689333127,Creek
"Little Dry Creek",30.708541868850027,-93.11371171742199,Creek
"Bayou Boeuf",30.704300041514625,-92.0704391152057,Creek
"Atchafalaya River",30.8039405570005,-91.79558541685131,Creek
"Bayou des Glaises",31.004630055504336,-91.86173200909512,Creek
"Bayou Cascare",30.62613833607051,-91.57619364924756,Creek
"Bayou Boeuf",30.77799138193252,-92.14300459740963,Creek
"Bayou Boeuf",30.82872602061226,-92.20095458090682,Creek
"Bayou Boeuf",30.88297087589555,-92.20865748339526,Creek
"Bayou Boeuf",31.012298299020923,-92.2643592374283,Creek
"Bayou Choupique",30.95588747277779,-92.0041331079733,Creek
"Blood River",30.535287325132277,-90.6051168306797,Creek
"Beaver Branch",30.531747354599528,-90.87986375361248,Creek
"Mississippi River",30.5237963549279,-91.26791885581143,Creek
"Mississippi River",30.02140943651575,-90.70789345780611,Creek
"Lizard Creek",30.408459210646818,-90.62609841121306,Creek
"Bayou Manchac",30.31939907838305,-91.09042160629683,Creek
"Amite River",30.30051808877929,-90.65049308741037,Creek
"Tickfaw River",30.60975686226253,-90.63199861065668,Creek
"Still Branch",30.545635961570138,-90.56716306088903,Creek
"Doyle Bayou",30.731802430639785,-91.13100510272048,Creek
"Bear Creek",30.62517202154215,-90.66313739046637,Creek
"Cypress Bayou",30.32854311024657,-89.87830935934865,Creek
"Tchefuncte River",30.178241281773364,-90.09820639978489,Creek
"Mosquito Inlet",30.03452173803581,-89.49215518034681,Creek
"Liberty Bayou",30.38614840139058,-89.85460587649118,Creek
"Tangipahoa River",30.335325976585825,-90.27173278691085,Creek
"Inner Harbor Navigation Canal",30.125900940353464,-90.01863850976443,Creek
"Big Lizard Creek",30.884542972166557,-87.96321364896279,Creek
"Big Briar Creek",30.859371167627504,-87.94335504169587,Creek
"Portage Creek",30.28033304996988,-87.65148513638069,Creek
"Middle River",30.971613991279963,-87.9638028522962,Creek
"Mobile River",30.944355384370162,-87.9735451865642,Creek
"Econfina Creek",30.420569118906833,-85.54705878018353,Creek
"Intracoastal Waterway",30.314386043764394,-86.00301501135921,Creek
"Flint River",30.850134206800234,-84.65334771990263,Creek
"Spring Creek",30.947002424898656,-84.74680908323147,Creek
"Spring Creek",30.804600858931668,-84.78668155478061,Creek
"Fishpond Drain",30.800688054451747,-84.88106591533727,Creek
"Flint River",30.763388848174746,-84.81892736271602,Creek
"Flint River",31.02444971643035,-84.51842562247948,Creek
"Econfina River",30.20821541035577,-83.74169964679739,Creek
"Aucilla River",30.238441757896265,-83.91619261807367,Creek
"Aucilla River",30.287917104554086,-83.82940726061939,Creek
"Little Suwannee Creek",30.592872278321384,-82.59614491972128,Creek
"Withlacoochee River",30.635393715419447,-83.31014276797814,Creek
"Withlacoochee River",30.48458596835197,-83.24379981451031,Creek
"Alapaha River",30.526327984002222,-83.03868650525322,Creek
"Suwannee River",30.0477810736022,-83.03653822426811,Creek
"Little Suwannee Creek",30.554563203768275,-82.56758024272649,Creek
"Suwannee River",30.554117799102674,-82.72219988734398,Creek
"Withlacoochee River",30.69540907578594,-83.44292756725096,Creek
"Alapaha River",30.46952356392785,-83.07506521895436,Creek
"Suwannee River",30.35124433839466,-83.20633721935899,Creek
"Alligator Creek",30.584972568975353,-81.69920578942467,Creek
"Mills Creek",30.602253744329545,-81.7307089631483,Creek
"Guana River",30.069163279448887,-81.34036059301802,Creek
"Little Brushy Creek",31.508959775244968,-96.85734129365372,Creek
"Moose Creek",31.77138895287356,-97.01297714756193,Creek
"Ash Creek",31.81088262768858,-97.01236281533603,Creek
"Big Creek",31.45047030027921,-96.7927889407815,Creek
"Pin Oak Creek",31.37310788629987,-96.76836526386525,Creek
"Grays Branch",31.768698761694196,-96.80262576176632,Creek
"Keechi Creek",31.38249808569394,-96.82523507957755,Creek
"Little Sandy Creek",31.346652078002407,-96.84138168118344,Creek
"Cottonwood Creek",31.11770308408857,-97.27106397687946,Creek
"Lucky Branch",31.59408391680221,-97.06944321845114,Creek
"Brushy Creek",31.38156875357859,-96.7982902723842,Creek
"Hogpen Creek",31.452315500750927,-96.78436873899945,Creek
"Brazos River",31.3264877359273,-96.97809111504752,Creek
"Brushy Creek",31.354566547923515,-95.07227210003155,Creek
"Mill Creek",31.32886916241597,-94.5570941667378,Creek
"Marlin Branch",31.789928549127843,-92.69125398456012,Creek
"Cane River",31.525595246026626,-92.88204887897068,Creek
"Kyiaies Creek",31.952946488718425,-92.69393457560929,Creek
"Bayou Chori",31.575060347521124,-93.28647635676987,Creek
"Bayou Rapides",31.322536090185174,-92.58449985539858,Creek
"Bill Creek",31.149627228002473,-92.66126606744565,Creek
"Little Middle Creek",31.51897726368797,-93.30398849256915,Creek
"Bayou Rapides",31.30034533255507,-92.6281087279249,Creek
"Bayou Boeuf",31.038785023922053,-92.3626795743952,Creek
"Lac Long",31.178046519527427,-91.84431234762022,Creek
"Black Bayou",31.995892524980178,-92.17399274225538,Creek
"Wiggins Bayou",31.246994471232025,-92.28652251583702,Creek
"Bayou Boeuf",31.037823704994036,-92.31276038953503,Creek
"Bayou des Glaises",31.04872434129359,-91.91190657217825,Creek
"Red River",31.201491134779246,-91.71920982849545,Creek
"Bayou des Glaises",31.029375222697414,-92.02459553807422,Creek
"Mobile River",31.025954001114386,-88.01598786933167,Creek
"Panther Creek",31.59774276751438,-86.76812668243056,Creek
"Flint River",31.138451143306142,-84.48421508373016,Creek
"Jones Creek",31.75244310034996,-83.84595106209042,Creek
"Flint River",31.336380794266226,-84.25308676023413,Creek
"Flint River",31.212259495503595,-84.40648199826438,Creek
"Alapaha River",31.2743969536369,-83.03441387452101,Creek
"Fish Branch",31.031001501573463,-82.92353356560454,Creek
"Little Ocmulgee River",31.9415319141437,-82.67630379967174,Creek
"Slaughter Creek",31.923767927293817,-82.17835498945634,Creek
"Hurricane Creek",31.475892085337073,-82.40350203407058,Creek
"Altamaha River",31.660686678910317,-81.82779194200309,Creek
"Satilla River",31.27227038339893,-82.04997278983687,Creek
"Satilla River",31.1284509563453,-81.87552073339215,Creek
"Little Satilla Creek",31.7532189534042,-82.2155103919611,Creek
"Colemans Creek",31.52042450502081,-82.10559481712578,Creek
"Canoochee River",32.00259936276992,-81.60223002509676,Creek
"Little Satilla River",31.412619482399872,-82.05650193164216,Creek
"Reedy Creek",31.52587263995298,-82.07607734201366,Creek
"Payne Creek",31.7152665693067,-81.45303923577767,Creek
"Dry Creek",31.557597647986107,-82.06320213929357,Creek
"Satilla River",31.293245857805424,-81.97236130219738,Creek
"South Newport River",31.660127490044545,-81.4558261673053,Creek
"Ogeechee River",31.887728745620638,-81.2104945515469,Creek
"Peacock Creek",31.773512515985534,-81.44943263619568,Creek
"Reece Branch",32.51424155623008,-97.11602008163828,Creek
"Trinity River",32.60391472912271,-96.58759255426126,Creek
"Trinity River",32.535502385436715,-96.51078986525951,Creek
"Hog Creek",32.14930129764685,-96.87556480082526,Creek
"Boggy Creek",32.35070192465067,-97.12933007663051,Creek
"Little Creek",32.96724001796727,-96.0980314520368,Creek
"Old Channel East Fork Trinity River",32.4983279147737,-96.44122551159796,Creek
"Trinity River",32.414029365412254,-96.43998863941519,Creek
"Prairie River",32.26409211246175,-93.56672432515853,Creek
"Black Bayou",32.7604821366051,-93.93571568285842,Creek
"Mill Creek",32.31488362903098,-93.26207221275506,Creek
"Dry Creek",32.148034475928796,-92.67998111032178,Creek
"Redwine Creek",32.39923185815756,-92.74622760109898,Creek
"Ouachita River",32.481395888043124,-92.1164907876614,Creek
"Ouachita River",32.30220663594278,-92.10322403517495,Creek
"Bayou Bartholomew",32.81919614747968,-91.95714878629775,Creek
"Boeuf River",32.21013515779503,-91.99203851166678,Creek
"De Butte Creek",32.96278233286301,-91.88823806374457,Creek
"Bayou Bartholomew",32.75215305610848,-91.97342102612288,Creek
"Brushy Bayou",32.4066051380106,-91.17482844384087,Creek
"Adams Creek",32.45042770418277,-88.0451646799043,Creek
"Soctum Creek",32.427374831510456,-88.08952149128399,Creek
"Alabama River",32.42323075965479,-86.35654960705851,Creek
"Ocmulgee River",32.734684658466804,-83.59851323725208,Creek
"Flint River",32.55816447141131,-84.04593015673585,Creek
"Ocmulgee River",32.769826265813386,-83.5941489042716,Creek
"Oconee River",32.04048813886177,-82.60400178376038,Creek
"Brier Creek",32.79531214410772,-81.47494322355618,Creek
"Savannah River",32.841405422689,-81.43694208034036,Creek
"Spring Creek",33.4137583007448,-96.13179428861051,Creek
"Red River",33.82018242963251,-94.94884441066566,Creek
"Flat Creek",33.41562442007064,-94.94870051836106,Creek
"Young Creek",33.575548249333124,-94.96845913344657,Creek
"Red River",33.683717509120044,-94.6124552229343,Creek
"Messer Creek",34.0106417721467,-94.06642899358482,Creek
"Bois d'Arc Bayou",33.505062084348474,-93.84577663795078,Creek
"Red River",33.605924302917295,-93.86772524902347,Creek
"Little River",33.854423663668044,-94.3272675854264,Creek
"Red River",33.56216302395608,-93.96124953759637,Creek
"Red River",33.28695144747581,-93.72308805850851,Creek
"Red River",33.42207047344642,-93.73019440212977,Creek
"Red River",33.43839467694435,-93.73497407148042,Creek
"Red River",33.562274298391166,-93.79597409485416,Creek
"East Fork Elliott Creek",33.384169844723544,-94.23328673141054,Creek
"Red River",33.33961505962775,-93.67813844979153,Creek
"Crooked Creek",33.201054242165384,-93.48368532346879,Creek
"Black Creek",33.90141758151578,-93.38114373941225,Creek
"Weaver Creek",33.042094876604054,-91.87125735459608,Creek
"Ouachita River",33.118450882127945,-92.12362109165565,Creek
"Bayou Bartholomew",33.41321416556045,-91.51890334756305,Creek
"Norris Branch",33.165011014610116,-92.36660955941151,Creek
"Dry Bayou",33.049969106594894,-91.50000622270898,Creek
"Dry Creek",33.75586419647439,-92.38200073240138,Creek
"Overflow Creek",33.05324509872997,-91.68350598736069,Creek
"Ouachita River",33.25145030339606,-92.24925746707775,Creek
"Bayou Bartholomew",33.795084373534344,-91.55295558053288,Creek
"Indian Creek",33.063640475638564,-92.01003625837092,Creek
"Bayou Bartholomew",33.014616908432295,-91.64843050588865,Creek
"Jordan Creek",33.36501934884288,-91.67814418822576,Creek
"Bayou Bartholomew",33.98043086711388,-91.75353477810376,Creek
"Bayou Bartholomew",33.17691024936307,-91.57562868202861,Creek
"Bayou Bartholomew",33.21834252543832,-91.55453227962538,Creek
"Bearhouse Creek",33.458300701000574,-91.68573732791991,Creek
"Bayou Bartholomew",33.94222885941858,-91.76621237928353,Creek
"Deer Creek",33.08720158770497,-90.86345924632694,Creek
"Deer Creek",33.23232146115289,-90.86518539937745,Creek
"Bayou Bartholomew",33.63318621004643,-91.4901041540085,Creek
"Montgomery Cutoff",33.90404688203424,-91.05512365244435,Creek
"Arkansas River",33.90653707227788,-91.13028915091822,Creek
"Deer Creek",33.309174417992146,-90.89228109646557,Creek
"Rum Creek",33.04825838677825,-83.78270850513485,Creek
"Santee River",33.595334018866374,-80.5160024457581,Creek
"Edisto River",33.1566984491955,-80.709924082998,Creek
"Edisto River",33.053375235590906,-80.43772679784823,Creek
"Santee River",33.50308734817061,-80.0327110989796,Creek
"Black River",33.81123748064862,-80.1061907359547,Creek
"Coldwater Branch",33.138923521379766,-80.42318673056194,Creek
"Washita River",34.6565117459529,-97.19105144073134,Creek
"Washita River",34.14739828052801,-96.61496779284936,Creek
"Hampton Creek",34.33931295707618,-95.73637604840081,Creek
"Caney Creek",34.514130126327835,-95.6678348433502,Creek
"Wildcat Creek",34.48433132553327,-95.56622501365442,Creek
"Cole Creek",34.58648973892175,-95.67510058218988,Creek
"Pine Creek",34.48932399275537,-95.57564081695423,Creek
"Fobb Creek",34.57210280300741,-95.68473798382172,Creek
"Tombstone Creek",34.6300716493491,-94.93099639366103,Creek
"Cow Creek",34.57390585958936,-94.46758853643543,Creek
"Long Creek",34.59891936773598,-95.12015363970879,Creek
"Cripple Creek",34.51015574560105,-95.23145632940958,Creek
"Freedom Creek",34.94540655929707,-93.82709799294874,Creek
"Muddy Fork",34.182145410175124,-93.93732750413052,Creek
"Dry Creek",34.44431377226772,-94.40151711027589,Creek
"Mud Creek",34.27226848558975,-92.63365856505355,Creek
"Arkansas River",34.27024645062221,-91.91387743902025,Creek
"Indian Bayou",34.52528230008602,-91.90282391972295,Creek
"Wabbaseka Bayou",34.3335162700818,-91.74052999770325,Creek
"Arkansas River",34.09240143043278,-91.57967360545459,Creek
"Wattensaw Bayou",34.86654965141555,-91.48962463126723,Creek
"East Branch Flat Creek",34.221029284377316,-92.44092397715461,Creek
"Bakers Bayou",34.725437936122624,-91.97486728597295,Creek
"Essex Bayou",34.210445672299365,-91.13355802546887,Creek
"Arkansas River",34.02977369080546,-91.43574769578545,Creek
"Indian Bay",34.38302930910173,-91.06975561968034,Creek
"White River",34.758229767953274,-91.39700099861986,Creek
"White River",34.65617275206333,-91.314534770234,Creek
"Mississippi River",34.44247652308299,-90.57952899720775,Creek
"Cache River",34.894535862259744,-91.37062940071407,Creek
"White River",34.58185633824515,-91.28836149183692,Creek
"Walnut Bayou",34.10498832758469,-90.40952182354992,Creek
"Town Creek",34.0457333167241,-85.98626525494205,Creek
"Long Branch",34.8663008438009,-85.40198333554036,Creek
"Wateree River",34.188376744752006,-80.63269584374581,Creek
"Frees Creek",34.34138915444102,-81.3141813190649,Creek
"Lynches River",34.260093574559654,-80.21181332305356,Creek