name,lat,lng,category
"Menagers Lake",31.820052673966764,-112.54133621554658,Lake
"Peña Blanca Lake",31.40414860967575,-111.08675980427948,Lake
"Arivaca Lake",31.529820253751808,-111.25112841569346,Lake
"Aguirre Lake",31.583407046425553,-111.50916932608538,Lake
"Parker Lake",31.429509403948344,-110.4544163464007,Lake
"Patagonia Lake",31.494870900039224,-110.85986249195606,Lake
"Playas Lake",31.87802322273932,-108.58720717630536,Lake
"The Lake",31.905225208378138,-108.21568183413034,Lake
"Northeast Oxidation Pond Number 2",31.949808123221086,-106.33860589716491,Lake
"Mulberry Reservoir",31.866065540713077,-106.56288643225284,Lake
"County Line Lakes",31.39522355232567,-106.00545009773991,Lake
"Ascarate Lake",31.751729943465644,-106.4046310750714,Lake
"Thorn Reservoir",31.852141424082422,-106.56579393973004,Lake
"Grayton Lake",31.101073463713448,-105.2225133302979,Lake
"Camp Rice Reservoir Number One",31.3226675685467,-105.81364722518795,Lake
"Madden Reservoir",31.26690966410523,-105.66906368574415,Lake
"Alamo Reservoir Number One",31.474749988036148,-105.75364852610173,Lake
"Madden Ponding Area",31.201774035066016,-105.75388809695532,Lake
"Cavett Lake",31.40388410394231,-105.81502346543033,Lake
"Levinson Reservoir",31.088692391677203,-104.12918671568026,Lake
"Dry Lake",31.55510881700878,-104.03704181831652,Lake
"Soda Lake",31.527469809590656,-103.39154777919164,Lake
"Red Bluff Reservoir",31.966890709614553,-103.9521839793486,Lake
"Sand Lake",31.510975108406413,-103.59550571247698,Lake
"Mosquito Lake",31.3948875349074,-103.459643033813,Lake
"Monument Pond",31.585955571925442,-103.10162945029538,Lake
"Perkins Lake",31.621881635106064,-102.31995978362006,Lake
"Soda Lake",31.175939821251575,-102.37735700973454,Lake
"Blair Lake",31.247316143703234,-102.87275749302643,Lake
"Imperial Reservoir",31.265371410590355,-102.85366064966671,Lake
"Juan Cordona Lake",31.312543840909154,-102.54567938435663,Lake
"Laguna Reservoir",32.827953753717956,-114.49564122443705,Lake
"Martinez Lake",32.983923392901346,-114.47650775022947,Lake
"Mittry Lake",32.82720017681929,-114.46030633719309,Lake
"Ferguson Lake",32.98135079423533,-114.5027579238902,Lake
"Senator Wash Reservoir",32.909377005670365,-114.48610474152201,Lake
"Silver Bell Tailings Pond",32.38448227191106,-111.4819804803288,Lake
"Silver Bell Tailings Pond",32.38692392329532,-111.47415471073434,Lake
"Picacho Reservoir",32.846544840168804,-111.48039270218494,Lake
"Lake Saint Clair",32.647499930470275,-111.92952561177357,Lake
"Parks Lake",32.554906493814876,-109.29290453419169,Lake
"Bill Evans Lake",32.86667744520886,-108.57446546698532,Lake
"Caballo Reservoir",33.00120599022428,-107.28598155982067,Lake
"Lake Lucero",32.74152216489156,-106.4285988792116,Lake
"Old Coe Lake",32.2351815733625,-106.38693920758915,Lake
"Quirke Lake",32.02545151364773,-106.4252343075808,Lake
"Lake Tank",32.45504910695225,-106.71931065053305,Lake
"Willow Lake",32.18760805366494,-104.07423752940163,Lake
"Salt Lake",32.31894346933176,-103.98793261146417,Lake
"Cave Lake",32.925574842998905,-104.1622782239689,Lake
"Brainard Lake",32.758127070430355,-104.32380252541746,Lake
"Flat Lake",32.93604314099391,-104.13669531635283,Lake
"Jahie Lake",32.94442874896649,-104.13370362479161,Lake
"Queen Lake",32.19320705237584,-104.02352712732609,Lake
"Nakee Ishee Lake",32.96644619746576,-104.12413851750568,Lake
"Laguna Gatuna",32.57186273748162,-103.69841900534833,Lake
"Tamarisk Flat",32.35665761571303,-103.95999479905265,Lake
"Lindsey Lake",32.36843919601043,-103.95256767119665,Lake
"Laguna Plata",32.59351971510957,-103.74792251344365,Lake
"Laguna Tonto",32.61283900552193,-103.67517234896967,Lake
"Bum Lake",32.05715827050603,-102.71170132350512,Lake
"Cedar Lake",32.825734834219396,-102.26860066734744,Lake
"Shafter Lake",32.39638650160947,-102.66113561664373,Lake
"Frost Lake",32.96004661685317,-102.01271452814736,Lake
"Whalen Lake",32.343353813765795,-102.8183201937655,Lake
"Baird Lake",32.19795411739784,-102.2848410544676,Lake
"McKenzie Lake",32.71715654212127,-102.3190787546998,Lake
"Taylor Lake",33.03378133232688,-114.63846161391308,Lake
"Cibola Lake",33.23335926540846,-114.6715018086123,Lake
"Island Lake",33.03198437862538,-114.58727431927176,Lake
"Painted Rock Reservoir",33.06359141534177,-113.00892158145935,Lake
"Lower Lake",33.84087723451014,-112.26807735526752,Lake
"Lake Pleasant",33.91427454437463,-112.27094232768573,Lake
"Saguaro Lake",33.56837391385543,-111.52429419222337,Lake
"Apache Lake",33.58783097397008,-111.27932700254684,Lake
"Firebird Lake",33.269012868797596,-111.96470384912116,Lake
"Bartlett Reservoir",33.860218924806325,-111.62157777642426,Lake
"Canyon Lake",33.53888131137689,-111.42962870499535,Lake
"Theodore Roosevelt Lake",33.67101513109422,-111.06936730712256,Lake
"Horseshoe Reservoir",34.01082929248351,-111.72410421187152,Lake
"Theodore Roosevelt Lake",33.690708053470765,-111.15149466473532,Lake
"Tufa Stone Tank",33.37569301609526,-110.48284076548299,Lake
"Lake Takalai",33.38907647797831,-110.41996380305045,Lake
"Tailings Pond Number Three",33.42169173915373,-110.84738015741536,Lake
"San Carlos Reservoir",33.19726908400436,-110.44428740483592,Lake
"Solitude Tailings Pond",33.386671328078386,-110.83670669248038,Lake
"Georges Basin",33.626007756747605,-110.06488571026158,Lake
"Cottonwood Tailings Pond",33.384180299384866,-110.96293208805558,Lake
"Earl Park Lake",33.98165346230212,-109.73410872747971,Lake
"Slade Reservoir",33.995756073205214,-109.33635861556834,Lake
"Hog Wallow Lake",33.982783198265494,-109.42774144442436,Lake
"Beaver Dam",33.9233978903624,-109.69270429103133,Lake
"Lee Valley Reservoir",33.94127524817551,-109.50089071481501,Lake
"Tonto Lake",33.69631372565453,-109.59114033253577,Lake
"Luna Lake",33.8304558921744,-109.09136403899434,Lake
"Reservation Lake",33.8498872518943,-109.50515162575215,Lake
"Dry Lake",33.34878471889317,-109.84018969788391,Lake
"Atcheson Reservoir",33.99902363123399,-109.3456175161067,Lake
"Pacheta Lake",33.77541681463548,-109.53962141255036,Lake
"Hawley Lake",33.989337059448204,-109.75087617066168,Lake
"Tailings Water Reclamation Reservoir",33.04640758318886,-109.33873327196953,Lake
"Crescent Lake",33.90915232668192,-109.42070565174231,Lake
"Big Lake",33.882193344829446,-109.42009081834043,Lake
"Rudd Reservoir",33.98523118602438,-109.35431834389153,Lake
"Salt Shed Tank",33.35615902675495,-109.67421880959432,Lake
"Snow Lake",33.42358272940597,-108.49668363858743,Lake
"Lake Roberts",33.03041981239425,-108.15899481512685,Lake
"Mims Lake",33.15807230557198,-107.22264902393844,Lake
"Engle Lake",33.17951774291689,-107.0437002242752,Lake
"Elephant Butte Reservoir",33.21532184009987,-107.17008850432146,Lake
"Cedar Lake",33.23000538134122,-107.02383446329522,Lake
"Big Salt Lake",33.0849657262896,-106.36341626757559,Lake
"Deadman Lake",33.24217757655046,-105.32326885796623,Lake
"Bonito Lake",33.45657424702144,-105.73558075380002,Lake
"Mescalero Lake",33.29866743389839,-105.68971926759876,Lake
"Juan Lake",33.23187490548993,-104.65444875557907,Lake
"Buffalo Lake",33.02427313630455,-104.26168207724707,Lake
"Bitter Lake",33.473268411589444,-104.41235576642137,Lake
"Silman Lake",33.4733560992236,-104.07750484365458,Lake
"Hernandez Lake",33.95269505634508,-104.16710325533495,Lake
"Samples Lake",33.72525627783571,-104.12475786228282,Lake
"Peters Lake",33.21174849761945,-104.51982917662468,Lake
"Cocklebur Lakes",33.674557270041866,-104.39805161118007,Lake
"Sardine Lake",33.5183101806925,-104.11105695790518,Lake
"Adobe Lake",33.51348959362357,-104.02476132440631,Lake
"Little Red Lake",33.676896923800804,-104.0274620752632,Lake
"Barringer Tank",33.74188425405061,-104.00747520634143,Lake
"Red Lake",33.58481333511018,-104.00687958704226,Lake
"Cockle Burr Lake",33.264880761797144,-104.2365687695763,Lake
"Salt Lake",33.99325904815117,-104.19218098319618,Lake
"Lake Van",33.1941657191248,-104.35650736929716,Lake
"Twin Lakes",33.58746502522939,-104.04389654652655,Lake
"Curlew Lake",33.64333444998972,-103.90012886945068,Lake
"Ranger Lake",33.37942039584985,-103.2775210619696,Lake
"Salt Lake",33.70372794621537,-103.9248487615117,Lake
"Broke Tank Lake",33.60280543693768,-103.92857308374748,Lake
"Lane Salt Lake",33.46056096084526,-103.61280958351509,Lake
"Red Lake",33.94651223648181,-103.47834544576061,Lake
"North Lake",33.396227099748685,-103.48450938932552,Lake
"Bull Lake",33.91919434377854,-102.48429444244086,Lake
"Silver Lake",33.800346445315455,-102.61156600309776,Lake
"Yellow Lake",33.82551894205768,-102.46007979994631,Lake
"Lower Pauls Lake",33.978531717608064,-102.72005997844813,Lake
"Rich Lake",33.27684023182891,-102.18717983594723,Lake
"Lower Goose Lake",33.960275691366945,-102.74665440152663,Lake
"Mound Lake",33.225120477513556,-102.08681379231103,Lake
"Lower White Lake",33.94229990077373,-102.76658597517356,Lake
"Upper White Lake",33.94509916922875,-102.77383096129299,Lake
"Baileyboro Lake",34.00495832201391,-102.82074693942396,Lake
"Illusion Lake",33.857952605685085,-102.45570936575827,Lake
"Goose Lake",34.78645306351591,-114.50821381985735,Lake
"Copper Basin Reservoir",34.2866064448683,-114.23011299074828,Lake
"Gene Wash Reservoir",34.300357999223365,-114.17301591632017,Lake
"Lake Havasu",34.473789560279684,-114.32346646672903,Lake
"Beal Lake",34.766672690255355,-114.53104280747976,Lake
"Beal Lake",34.76310131186775,-114.5327079428021,Lake
"Alamo Lake",34.26231501879741,-113.57502081881113,Lake
"Watson Lake",34.58979378198015,-112.41667544733882,Lake
"Willow Creek Reservoir",34.60352183474373,-112.43652903004457,Lake
"Pecks Lake",34.78024112135365,-112.03929335950475,Lake
"Lynx Lake",34.51792080437673,-112.38481314696905,Lake
"Soldier Annex Lake",34.78566036633527,-111.23006936108662,Lake
"McDermit Lake",34.986803043819776,-111.30328784699456,Lake
"Boot Lake",34.98345429314689,-111.33259014553026,Lake
"Corner Lake",34.96291671452625,-111.36176251854029,Lake
"Long Lake",34.787491343599555,-111.21062673437307,Lake
"Mud Lake",34.92278386952181,-111.35517547054042,Lake
"Daze Lake",34.73682666489747,-111.19941635451676,Lake
"Pine Lake",34.926287890205124,-111.37211277112134,Lake
"Long Lake",34.99828556473098,-111.34980470555735,Lake
"Stoneman Lake",34.779520770919454,-111.5182570022573,Lake
"C.C. Cragin Reservoir",34.54761913930545,-111.20097553017617,Lake
"Kinnikinick Lake",34.897177652737625,-111.30467572537884,Lake
"Red Lake",34.78713029194714,-111.1831356051822,Lake
"Grass Flat Tank",34.98113914927685,-111.46286509654024,Lake
"Tremaine Lake",34.76593722472077,-111.22479281187016,Lake
"Ducksnest Lake",34.9874189872453,-111.39866902684977,Lake
"Knoll Lake",34.423784035854176,-111.08954966380324,Lake
"Hay Lake",34.7425227132875,-111.2195881846979,Lake
"Bear Canyon Lake",34.3982550854679,-111.00295697807778,Lake
"Mormon Lake",34.94320222693405,-111.45749502479751,Lake
"Breezy Lake",34.998104896744195,-111.38463046445389,Lake
"Mexican Lake",34.37256298812847,-109.99095894550403,Lake
"Willow Springs Lake",34.307706019371814,-110.87131780082306,Lake
"Schoens Lake",34.40999378175113,-110.10830915012248,Lake
"Moonlight Bay Reservoir",34.8744499803857,-110.78267464643801,Lake
"Happy Tank",34.51632550990533,-110.3500965588668,Lake
"Fools Hollow Lake",34.273211728542066,-110.06467352126916,Lake
"Chevelon Canyon Lake",34.49440104789745,-110.82510415048277,Lake
"Long Lake",34.2755170322485,-110.00158218527065,Lake
"Telephone Lake",34.293289953554975,-110.04400021318172,Lake
"Black Canyon Lake",34.32974042947033,-110.70155476086295,Lake
"Pintail Lake",34.30200312495962,-110.02263783933273,Lake
"White Mountain Lake",34.36158056171276,-109.99522038207935,Lake
"Cholla Lake",34.936969078312,-110.28689962190192,Lake
"Dry Lake",34.629637964763404,-110.3950390130912,Lake
"Show Low Lake",34.18605292775865,-110.00059913945015,Lake
"Woods Canyon Lake",34.336540183506116,-110.94572093814341,Lake
"Little Reservoir",34.48675957819654,-109.36631503971486,Lake
"Norton Reservoir",34.066057274696306,-109.52390005436368,Lake
"Greer Lakes",34.03243655113571,-109.43643510835176,Lake
"Rainbow Lake",34.150398946838806,-109.9828268490983,Lake
"Little Mormon Lake",34.285193936288955,-109.96915663880394,Lake
"Mexican Hay Lake",34.033169954937044,-109.35782643525548,Lake
"Jeff Lake",34.64435649018823,-109.8353487128831,Lake
"Carnero Lake",34.11472931791194,-109.52842069300328,Lake
"Little Ortega Lake",34.37980824712293,-109.66720608936505,Lake
"Geneva Reservoir",34.0293828108351,-109.52939929440882,Lake
"Nelson Reservoir",34.052903605369785,-109.19032611392065,Lake
"The Cienega",34.277207282569684,-109.39620584090916,Lake
"Scott Reservoir",34.175871156768345,-109.95814758714047,Lake
"Concho Lake",34.44192077013647,-109.63082135981882,Lake
"Lyman Lake",34.356165835853254,-109.36182230527596,Lake
"Horseshoe Cienega Lake",34.03415054136302,-109.68554002670004,Lake
"Becker Lake",34.15307430643747,-109.30643881375059,Lake
"Bunch Reservoir",34.039435364784566,-109.44666608470074,Lake
"Sunrise Lake",34.013488475404834,-109.55016516915532,Lake
"Whipple Lake",34.28074381771004,-109.97501961481329,Lake
"Patterson Tank",34.52703228267259,-109.71221931316896,Lake
"Dad Patterson Tank",34.53413944390218,-109.70806031570703,Lake
"Laguna Larga",34.75139718120454,-108.42471018365362,Lake
"Quemado Lake",34.134369908992056,-108.48999653744659,Lake
"Zuñi Salt Lake",34.44882432562438,-108.76784646718023,Lake
"Long Lake",34.254703923055814,-108.1571610297627,Lake
"Laguna Colorada",34.75551564257515,-108.28440200645049,Lake
"Ojo Caliente Reservoir",34.9113337112678,-108.96787144499926,Lake
"Cheap John Lake",34.40423634457547,-108.78579995349563,Lake
"Pig-a-be-ikiti",34.92664307679412,-108.27263116380236,Lake
"Chical Lake",34.48519248542345,-108.79491395137065,Lake
"Blaines Lake",34.27767002656481,-108.76737792040626,Lake
"Nicoll Lake",34.94904815560309,-108.37955471843696,Lake
"Peñasco Lakes",34.734667441994745,-108.4013617283081,Lake
"Cox Lake",34.170553629241816,-108.0934489523849,Lake
"Lagnuna Del Oro",34.61898975524637,-107.50675618079835,Lake
"Indian Lake",34.7851185681189,-107.75162566670858,Lake
"North Lake",34.25720345596882,-107.63067562994154,Lake
"Sunflower Lake",34.37521466750748,-107.98831597948971,Lake
"Long Lake",34.82813037287948,-107.80508408870276,Lake
"Flag Lake",34.71441657441337,-107.77250097781193,Lake
"Salina Lake",34.55160633509017,-105.96680131079111,Lake
"Laguna del Perro",34.67733836689279,-105.96436918125833,Lake
"The Old Dry Lake",34.210006412733655,-104.64186947695354,Lake
"South Home Lake",34.05241814990171,-104.8346114346818,Lake
"Cooley Lake",34.10803769986557,-104.24518690879455,Lake
"Red Lake",34.44945690780405,-104.08562592797908,Lake
"Lake Sumner",34.62550898476377,-104.38586587367496,Lake
"Bonner Lake",34.26352593380328,-104.13449866240242,Lake
"Urton Lake",34.1234296087715,-104.18836664151792,Lake
"Buffalo Lake",34.92641586216943,-103.19092468526775,Lake
"Salt Lake",34.08613650209669,-103.08013052360157,Lake
"Tule Lake",34.34549137876782,-103.66712692144975,Lake
"Little Salt Lake",34.07087786018519,-103.17236788568728,Lake
"Tierra Blanca Lake",34.1997453890145,-103.5132079397547,Lake
"Lewiston Lake",34.07185199337687,-103.67468338679856,Lake
"Coyote Lake",34.10505996201533,-102.8848801774616,Lake
"Frye Lake",34.64760178206417,-102.5892318710863,Lake
"Soda Lake",34.21014406522474,-102.52562748978377,Lake
"Mustang Lake",34.54378206703008,-102.90273754460418,Lake
"Mustang Lake",34.89034900939764,-102.9250414790651,Lake
"Garcia Lake",34.85966261544479,-102.91772224763898,Lake
"Lake Mead",36.151601599745185,-114.48158551269763,Lake
"Lake Mohave",35.487135523720916,-114.64313282781434,Lake
"Mursha Reservoir",35.8592798996877,-114.95060826214208,Lake
"Laguna Lake",35.90672336280063,-113.04757864185765,Lake
"Davenport Lake",35.26288307692179,-112.07648802315944,Lake
"Red Lake Tank",35.638145049845356,-112.83473397881421,Lake
"White Horse Lake",35.11662059231893,-112.01366320506914,Lake
"Scholz Lake",35.198923214174165,-112.00902463775397,Lake
"Red Lake",35.654855119664575,-112.83508547932684,Lake
"Smoot Lake",35.470877651564464,-112.1138536695791,Lake
"Dogtown Reservoir",35.21062107120953,-112.13198253908851,Lake
"Coleman Lake",35.14925486114276,-112.17800447741537,Lake
"Stone Lake",35.47239066234493,-112.63970370482427,Lake
"Kaibab Lake",35.28542078950091,-112.15404396230274,Lake
"Little Red Lake",35.639918948282556,-112.86906828763452,Lake
"White Water Tank",35.51198016513449,-111.10005464300276,Lake
"Deep Lake",35.05893218168964,-111.41687789717626,Lake
"Post Lake",35.02476126087279,-111.42435472154088,Lake
"Ashurst Lake",35.01988698871007,-111.40301513423866,Lake
"Fry Lake",35.061379634439156,-111.80315180626918,Lake
"Vail Lake",35.089562712024346,-111.51240595409121,Lake
"Upper Lake Mary",35.060718227664836,-111.49358209182303,Lake
"Marshall Lake",35.12041622618807,-111.53523066970091,Lake
"To Kla Daa Aakee Pond",35.6040196478331,-111.02728882268644,Lake
"Rogers Lake",35.14944853779569,-111.78973236242341,Lake
"Lower Lake Mary",35.10528667716993,-111.57212687554268,Lake
"Horse Lake",35.066075989210276,-111.46477197661298,Lake
"Potato Lake",35.05422281065551,-111.40299943278042,Lake
"Tobenayoli Pond",35.50778054186632,-110.5875700719314,Lake
"Ganado Lake",35.737328630507534,-109.5190059764934,Lake
"Red Lake",35.92738136032662,-109.04134172229962,Lake
"Tolani",35.89515693697647,-109.68355051724478,Lake
"Bluewater Lake",35.300032924524146,-108.1291049587693,Lake
"Mariano Lake",35.58517049762842,-108.31384525440717,Lake
"Pescado Reservoir",35.10588585692999,-108.5557385401723,Lake
"Nutria Reservoir Number 3",35.22318350516267,-108.62654763026417,Lake
"Nutria Reservoir Number 2",35.19968903085633,-108.6742288133979,Lake
"Casamero Lake",35.50696805239543,-108.05093198636253,Lake
"Tekapo Reservoir",35.03120249702627,-108.93238687887577,Lake
"Black Rock Reservoir",35.09001261226415,-108.78221808765072,Lake
"Ramah Reservoir",35.15211125990153,-108.4822094182926,Lake
"Smith Lake",35.52589041342008,-108.14103235483297,Lake
"Togeye Lake",35.04948528450858,-108.47219695499973,Lake
"Whiskey Lake",35.979369530363684,-108.81363730009168,Lake
"Long Lake",36.00546661413649,-108.83343361361345,Lake
"Chuska Lake",35.8489887762118,-108.7362334887627,Lake
"Nutria Reservoir Number 4",35.22389351431045,-108.64136178487391,Lake
"Laguna Seca",35.41236990023487,-107.28471843719485,Lake
"Papers Lake",35.88288863661282,-107.40342857017916,Lake
"Franciscan Lake",35.974507568017515,-107.38383162720774,Lake
"Laguna Chute",35.37769937512148,-107.46522853468785,Lake
"Laguna Leon",35.56997430981395,-107.59553508231099,Lake
"Laguna Polvadera",35.442334045529904,-107.62601285819856,Lake
"John Nelson Tank",35.355912712997096,-107.46331379228423,Lake
"Laguna Techillas",35.59453516719625,-107.65707616071613,Lake
"Laguna Grande",35.38611667906246,-107.4285264046886,Lake
"La Jolla Alfalfa",35.42701230923324,-107.30974334257161,Lake
"Castillo Lake",35.95384255190376,-107.60256125446385,Lake
"Paguate Reservoir",35.07114027826454,-107.32657213761729,Lake
"Laguna Cañoneros",35.32794810750367,-107.39455149578755,Lake
"Tanner Lake",35.96158048431542,-107.5621986093636,Lake
"Laguna Elefante",35.518631697772186,-107.5893585278983,Lake
"Ambrosia Lake",35.4535257051458,-107.85173815679019,Lake
"Cochiti Lake",35.65452936609176,-106.30756031281808,Lake
"Jemez Canyon Reservoir",35.398311015903595,-106.56842341050361,Lake
"Horse Lake",35.94406000708998,-105.20468219227533,Lake
"Lake David",35.76608428807573,-105.13106214148331,Lake
"Lake Isabel",35.75937054797472,-105.14774031951386,Lake
"Wheeler Lake",35.87293374950612,-105.0078406897773,Lake
"McAllister Lake",35.52232648431217,-105.1767011819281,Lake
"Red Lake",35.94664325823505,-105.22675681952886,Lake
"McClure Reservoir",35.68847252408368,-105.83045504587241,Lake
"Storrie Lake",35.66569846738419,-105.23871954989029,Lake
"Bentley Lake",35.55951733599671,-105.1609744435495,Lake
"Dry Lake",35.85552402127221,-105.00347402210292,Lake
"Big Lake",35.23910777556827,-105.74609965046187,Lake
"Ladd Lake",35.86235471858616,-104.01510027963496,Lake
"Laguna Huerfana",35.55789347256128,-104.76346007121919,Lake
"Red Lake",35.146518290141515,-104.77610541866567,Lake
"Cherry Valley Lake",35.791534929515436,-104.8434862858825,Lake
"Conchas Lake",35.38544640864309,-104.21749758998173,Lake
"Laguna La Monia",35.574395479234646,-104.97714892170734,Lake
"Conchas Lake",35.45428182220865,-104.21398299334707,Lake
"Church Lake",35.80816215099434,-104.08508425823261,Lake
"Laguna Tierra Amatosa",35.92701937863074,-103.39692980095218,Lake
"Lowry Lake",35.9670612956985,-103.28788842323928,Lake
"Horse Lake",35.961987193404106,-103.36451154136503,Lake
"Hudson Lake",35.27609747901689,-103.49018825758692,Lake
"Regulator Reservoir Number 2",35.09409493908894,-103.65987666334988,Lake
"Ute Reservoir",35.34264380395443,-103.53946891892117,Lake
"Matis Lake",35.85346679060329,-103.39037645365234,Lake
"Antelope Spring Lake",35.9617210572929,-103.34418214470874,Lake
"Tucumcari Lake",35.18192476656446,-103.69554474725568,Lake
"Hay Lake",35.15421254210765,-102.77670713368454,Lake
"Division Lake",35.265963399298144,-102.28486112957326,Lake
"Gist Lake",35.26126832917454,-102.5898263508996,Lake
"Randall Lake",35.301905822576785,-102.67094348812617,Lake
"Rock Lake",35.25487058431454,-102.69039150151809,Lake
"Dodson Lake",35.17538310721887,-102.41802893582569,Lake
"Red Windmill Lake",35.078451024123275,-102.81143965400028,Lake
"Norton Lake",35.10286894851595,-102.77812370987722,Lake
"Milkweed Lake",35.30020609238008,-102.4105230168478,Lake
"Ida Lake",35.192657359903954,-102.12480624482652,Lake
"Overstreet Lake",35.0849969436045,-102.57582471594948,Lake
"Lake Las Vegas",36.11375514653881,-114.92074837662322,Lake
"Bowman Reservoir",36.627712674584366,-114.47809690289087,Lake
"Lake Mead",36.04727408629607,-114.46217411481814,Lake
"Lake Mead",36.22567444712142,-114.00919417937138,Lake
"Wolf Hole Lake",36.759377498435384,-113.54295290643003,Lake
"Lake Powell",37.07640684046626,-111.19129473244645,Lake
"Dry Lake",36.83423122736945,-110.04227151348226,Lake
"Round Rock Reservoir",36.48586274356448,-109.44955897444206,Lake
"Black Lake",36.03637906378331,-109.02758603143668,Lake
"Tsaile Lake",36.27641171020796,-109.20266786961692,Lake
"Wheatfields Lake",36.20625234070689,-109.0943653632638,Lake
"Many Farms Lake",36.35512642159807,-109.58042541013312,Lake
"Toh De Niihe",36.09796477705039,-109.6585055496503,Lake
"Captain Tom Reservoir",36.28866172078523,-108.75143776345473,Lake
"Morgan Lake",36.69751691020355,-108.47177421767522,Lake
"Juans Lake",36.084792882996645,-108.17200496674053,Lake
"Meadows Reservoir",36.8681011016192,-108.26548009143356,Lake
"Jackson Lake",36.80947406755831,-108.22672062698494,Lake
"Beeline Reservoir",36.8009655682161,-108.10340501463571,Lake
"Youngs Lake",36.8344220089539,-108.36538145582698,Lake
"Tocito Lake",36.404971927042496,-108.70684331733582,Lake
"Black Lake",36.17375136533238,-108.06367113257001,Lake
"Cutter Reservoir",36.69045063011865,-107.6830829621261,Lake
"Dulce Lake",36.876033617655956,-107.00565779848395,Lake
"Navajo Reservoir",36.94280299737296,-107.46744871231026,Lake
"Thompson Lake",36.612633284119084,-106.82476938994722,Lake
"Ursulo Lake",36.86456921440781,-106.07671796875087,Lake
"El Vado Reservoir",36.622057676785715,-106.74997537803901,Lake
"Heron Reservoir",36.6973559684996,-106.69120002296403,Lake
"Stone Lake",36.71860255466483,-106.87758054854568,Lake
"Abiquiu Reservoir",36.26527942496823,-106.47595121539362,Lake
"Stinking Lake",36.611461297895985,-106.85896164190918,Lake
"Horse Lake",36.79799016390036,-106.81252476994518,Lake
"Graham Lake",36.254578919493525,-105.02799292706854,Lake
"Apache Lake",36.101026966994155,-105.12068438993803,Lake
"Laguna Salada",36.02280779195758,-104.99779019092497,Lake
"Black Lakes",36.275282551000835,-105.26400291735914,Lake
"La Grulla Lake",36.37333111502672,-105.10686092392231,Lake
"Adams Lake",36.89514901580568,-105.13677169897166,Lake
"Costilla Reservoir",36.88572623076537,-105.26907979183693,Lake
"Eagle Nest Lake",36.52287937487436,-105.2545670282599,Lake
"Bartlett Lake",36.90383607422942,-105.12702014487655,Lake
"Amador Lake",36.047195547784945,-105.20807983021786,Lake
"Saladon Lake",36.41618165672551,-105.19635495691736,Lake
"Springer Lake",36.41758426775905,-104.65519392648434,Lake
"French Lake",36.50994492969229,-104.89415377299359,Lake
"Berry Lake",36.929294958923606,-104.21371616817387,Lake
"Number Two Lake",36.5007474114848,-104.77400301305953,Lake
"Stubblefield Reservoir",36.57371447845291,-104.66318230783455,Lake
"Upper Charette Lake",36.17559663389866,-104.81594763807887,Lake
"Number 3 Lake",36.461542561674904,-104.72587418780653,Lake
"Dorsey Lake",36.688243800266136,-104.55914688938971,Lake
"Laguna Madre",36.60676848672404,-104.63668686110793,Lake
"Big Lake",36.32179491304574,-104.3496320446941,Lake
"Number Eleven Lake",36.582725026265265,-104.61321723044964,Lake
"Gibson Lake",36.0059569278039,-104.19978265540227,Lake
"Capulin Lake",36.74713735851924,-104.01724556125515,Lake
"Miami Lake",36.34590444714258,-104.9012885142449,Lake
"Bellisle Lake",36.89408172226152,-104.13008687462703,Lake
"Throttle Reservoir",36.832067633462735,-104.22588438122143,Lake
"Middle Lake",36.25716907690131,-104.38926176374517,Lake
"Cassan Lake",36.70245732706368,-104.08345115999954,Lake
"Lake Maloya",36.990281294668925,-104.37238496505228,Lake
"Laguna Yeso",36.24270314086241,-104.87646336110784,Lake
"Widow Lake",36.664349050609,-104.06803877634646,Lake
"Charette Lake",36.18592449953095,-104.805767326805,Lake
"King Lake",36.754720745969045,-104.0432953983376,Lake
"Divine Lake",36.24319348635874,-104.0504752813256,Lake
"Number Twelve Lake",36.56264635916152,-104.59495638951061,Lake
"Number Thirteen Lake",36.58085665927189,-104.58360269636643,Lake
"Salt Lake",36.03433746817588,-104.7069399897676,Lake
"Dry Laguna",36.246231379850556,-104.61525476844007,Lake
"Lake Number Fourteen",36.58246428110614,-104.56622931723162,Lake
"Weatherly Lake",36.726654162430115,-103.68898757992513,Lake
"Clayton Lake",36.58073916981692,-103.3068289998864,Lake
"Willow Bar Lake",36.79077457096848,-102.28204524107066,Lake
"Sampsel Lake",36.64216631856917,-102.27165791285495,Lake
"Lafaver Lake",36.716482704808186,-102.09696495813557,Lake
"Alkali Lakes",36.42090121979852,-102.78433021316633,Lake
"Rita Blanca Lake",36.03587296060788,-102.50776756804211,Lake
"Lake Carl Etling",36.84661628038536,-102.8776192198297,Lake
"Echo Canyon Reservoir",37.909104980447445,-114.26438225947122,Lake
"Cliff Reservoir",37.711585453127405,-114.76887197070111,Lake
"Quichapa Lake",37.6325986496102,-113.20010369869468,Lake
"Baker Reservoir",37.37910499263645,-113.6369840829972,Lake
"Ash Creek Reservoir",37.415570351517964,-113.2395652611828,Lake
"Upper Enterprise Reservoir",37.517135060488656,-113.87179414330268,Lake
"Lower Enterprise Reservoir",37.523229133760275,-113.8546799524065,Lake
"Kolob Reservoir",37.43914498249262,-113.04911906798844,Lake
"Rush Lake",37.86239262276383,-113.0485866150755,Lake
"Quail Creek Reservoir",37.190521942048875,-113.38885929657818,Lake
"Gunlock Reservoir",37.26082428067433,-113.77544700464617,Lake
"Blue Springs Reservoir",37.39666654737412,-113.04798540048347,Lake
"Newcastle Reservoir",37.6470863126705,-113.52104970515602,Lake
"Sand Hollow Reservoir",37.11229964175582,-113.37306114759419,Lake
"Nipple Lake",37.29871618607415,-112.06754889469592,Lake
"Panguitch Lake",37.71667738499541,-112.64591341451177,Lake
"Tropic Reservoir",37.60179530535807,-112.253620101076,Lake
"Navajo Lake",37.52325022962684,-112.78134248044562,Lake
"Foster Reservoir",37.8219498239515,-112.7206151978844,Lake
"Navajo Lake",37.52238539592005,-112.75436211875896,Lake
"Pine Lake",37.73999706614988,-111.95623840089235,Lake
"McGath Lake",38.000688144098056,-111.56802115774245,Lake
"Cyclone Lake",37.983589814994765,-111.71833621932804,Lake
"Wide Hollow Reservoir",37.787120477442244,-111.6392353688249,Lake
"Lake Powell",37.344277667328534,-110.93553370895545,Lake
"Lake Powell",37.9341860904704,-110.38927724356567,Lake
"Lake Powell",37.59349776100298,-110.58406466923358,Lake
"Lake Powell",37.20261807996561,-110.71814356649857,Lake
"Blanding City Reservoirs",37.66722360353856,-109.49761404744733,Lake
"Recapture Reservoir",37.66933123122489,-109.44259617189576,Lake
"Narraguinnep Reservoir",37.493563264721125,-108.62211172261969,Lake
"Glade Lake",37.77509427870874,-108.65593561354589,Lake
"Puett Reservoir",37.416301430626405,-108.40390766371502,Lake
"Mormon Reservoir",37.170809276929866,-108.14015820092139,Lake
"Bauer Lake",37.3827682515983,-108.30393860787902,Lake
"Summit Reservoir",37.41741057730098,-108.38154944575805,Lake
"Totten Lake",37.36784776875295,-108.53036803441094,Lake
"Miramonte Reservoir",37.97067815954895,-108.34092784611516,Lake
"Jackson Gulch Reservoir",37.40593696797938,-108.26907306635354,Lake
"Groundhog Reservoir",37.8001769049071,-108.29830362180681,Lake
"Cone Reservoir",38.00182215866086,-108.25104273881189,Lake
"McPhee Reservoir",37.53461673205879,-108.53652161404037,Lake
"Hermit Lakes",37.797791586008934,-107.23824554691744,Lake
"Continental Reservoir",37.87673585418752,-107.22195996436234,Lake
"Blue Lake",37.888837333099985,-107.7636415126956,Lake
"Regan Lake",37.764918026424624,-107.23110144154762,Lake
"Hermit Number 1 Reservoir",37.80458932321872,-107.22431201990725,Lake
"Lake San Cristobal",37.97081400198282,-107.29189891996424,Lake
"Castle Rock Lake",37.829688083612375,-107.2668897388813,Lake
"Troutvale Reservoir Number 1",37.82796663684867,-107.18464545472746,Lake
"Lost Lake Reservoir Number 1",37.75400851009095,-107.31377777927973,Lake
"Williams Creek Reservoir",37.51462074133764,-107.22001933887046,Lake
"Emerald Lake",37.55411126646261,-107.44689444314471,Lake
"Lemon Reservoir",37.3987515131791,-107.66277617791617,Lake
"Lake Pagosa",37.279677241031656,-107.08297667643346,Lake
"Highland Mary Lakes",37.76173209678348,-107.57421188133263,Lake
"Santa Maria Reservoir",37.79575252018549,-107.08758409660909,Lake
"Village Lake",37.26474690740784,-107.08546680026029,Lake
"Castle Number 4 Reservoir",37.85048536879632,-107.2553194422384,Lake
"Echo Canyon Reservoir",37.2127915119373,-106.99412539766138,Lake
"Electra Lake",37.56975445913531,-107.80443606958833,Lake
"Road Canyon Reservoir Number 1",37.76631181190635,-107.18279859500285,Lake
"Troutvale Reservoir Number 2",37.82040717237968,-107.19529085396591,Lake
"Haviland Lake",37.53575293971002,-107.81055435038742,Lake
"Rio Grande Reservoir",37.7275136677684,-107.29717013510968,Lake
"Capote Lake",37.20130604603002,-107.25694360953266,Lake
"Lake Hatcher",37.31698101844247,-107.11434865890767,Lake
"Trout Lake",37.824174452844964,-107.88463035890511,Lake
"Pastorius Reservoir",37.20010879284428,-107.81246338389393,Lake
"City Reservoir",37.54166780277808,-107.59584118685272,Lake
"Vallecito Reservoir",37.40321555464929,-107.55099175844862,Lake
"Platoro Reservoir",37.34152679125071,-106.56129195206915,Lake
"Island Lake",37.93914009875655,-106.11352161389622,Lake
"Lake Humphreys",37.67817511195675,-106.85489185379508,Lake
"Harrence Lake",37.9447502031512,-106.1203533767072,Lake
"Terrace Reservoir",37.36423453642935,-106.29681378420855,Lake
"Davey Lake",37.95286175370304,-106.12671640129156,Lake
"Beaver Creek Reservoir",37.58979348909031,-106.65991614863295,Lake
"Trites Lake",37.94059120054243,-106.13215854334533,Lake
"Trujillo Meadows Reservoir",37.051238908278975,-106.45276578101321,Lake
"Sherman Lake",37.572678874375065,-106.09252414017563,Lake
"Shaw Lake",37.56221458668904,-106.79560156956188,Lake
"Big Lake",37.36217599835144,-106.37931106637085,Lake
"Big Meadows Reservoir",37.536593255190574,-106.80475417785398,Lake
"Metroz Lake",37.61465845687551,-106.74866379778183,Lake
"La Jara Reservoir",37.26787936648941,-106.3529274590413,Lake
"San Luis Lake",37.67569528916172,-105.72798528838005,Lake
"Willow Creek Reservoir",37.267755484007736,-105.37523386289676,Lake
"Mishak Lakes",37.90610679267355,-105.97326532032181,Lake
"Mountain Home Reservoir",37.39455549081529,-105.38496030285907,Lake
"Head Lake",37.7123489146485,-105.74319705247197,Lake
"Monument Lake",37.21328118027168,-105.0469675941201,Lake
"Smith Reservoir",37.392936316188745,-105.52602058886059,Lake
"Cove Lake Reservoir",37.04908063846474,-105.90300198305879,Lake
"Weisman Lake",37.88761006739098,-105.83495702769655,Lake
"Twin Lakes",37.01257318571293,-105.82040602306806,Lake
"Adams Lake",37.40016237351635,-105.85296467663785,Lake
"Forbes Park Lake",37.44565576983273,-105.18533708184421,Lake
"Eastdale Reservoir Number 1",37.0548676505798,-105.61085721205995,Lake
"Stabilization Reservoir",37.17250042179277,-105.51728946894117,Lake
"Sanchez Reservoir",37.0944264639056,-105.41299283448218,Lake
"North Lake",37.2444182638436,-105.04213391798162,Lake
"Cave Lake Reservoir",37.071073014856246,-105.89016341535776,Lake
"Horseshoe Lake Reservoir",37.608539715101216,-104.84585166211248,Lake
"Castle Rock Reservoir",37.59399754343601,-104.75913815310669,Lake
"Dry Lake",37.970669600372,-104.22896816694787,Lake
"Farr Lake",37.618981610540935,-104.72892306958252,Lake
"Holita Reservoir",37.659756932332066,-104.74208148074153,Lake
"Orlando Reservoir Number 2",37.779968577657414,-104.80553381559716,Lake
"Beckwith Reservoir",37.94600296412883,-104.86185562104838,Lake
"Saliba Lake",37.58821433508138,-104.65583561216212,Lake
"Valdez Lake",37.693125479566504,-104.66456018657205,Lake
"Bradford Reservoir",37.74383110956369,-104.71510596430441,Lake
"Maria Reservoir",37.676048467811626,-104.68036286712835,Lake
"Snowden Lake",37.786645524313656,-104.0491562192021,Lake
"Stauder Reservoir",37.9710559476081,-104.14725364678553,Lake
"Trinidad Lake",37.137916586786154,-104.57569523401821,Lake
"Model Reservoir",37.33023271990397,-104.40140263059922,Lake
"Dupont Lake",37.44058259518143,-104.60892800035046,Lake
"Martin Lake Reservoir",37.608875706339276,-104.83575108795398,Lake
"Crane-Holmes Reservoir Number 2",37.74494556690211,-104.7462547372758,Lake
"Red Top Reservoir",37.95633104216256,-104.19489996914776,Lake
"Seven Lakes Reservoir",37.44100246222135,-104.32472213294669,Lake
"Hermosa Valley Reservoir",37.109008599738324,-104.26484499131746,Lake
"Walsenburg Reservoir",37.595600385795855,-104.8566600932443,Lake
"Cucharas Reservoir",37.74129331545183,-104.6042943243918,Lake
"Swink Reservoir Number 1",37.987021287423204,-103.86889795533209,Lake
"Brown Reservoir",37.79544289696382,-103.8494833774786,Lake
"Prairie Land Reservoir Number 1",37.899855789896726,-103.83919459075156,Lake
"Two Buttes Reservoir",37.63538194792881,-102.56310666728429,Lake
"R R Rutherford Reservoir",37.48583625237427,-102.38297111219563,Lake
"Preuss Lake",38.8847565398339,-114.01313684345193,Lake
"Shoshone Ponds",38.93639545446956,-114.4219095554543,Lake
"Eagle Valley Reservoir",38.02321804066457,-114.19444482601978,Lake
"Sevier Lake",38.92249906995145,-113.14849833685028,Lake
"Kents Lake",38.235072347377695,-112.46218228100308,Lake
"Otter Creek Reservoir",38.19657743380904,-111.99443911874886,Lake
"Three Creeks Reservoir",38.62878877841634,-112.43656780000909,Lake
"Manning Meadows Reservoir",38.4896261415614,-112.07097469225499,Lake
"Robinson-Tanner Reservoir",38.265044360434864,-112.7231400062782,Lake
"Piute Reservoir",38.278152526360884,-112.19988559432706,Lake
"Puffer Lake",38.316765655715244,-112.36237880994548,Lake
"Three Creeks Reservoir",38.29593468377603,-112.41860004873716,Lake
"Minersville Reservoir",38.23420366323045,-112.8174936191908,Lake
"Upper Box Creek Reservoir",38.47689514646533,-112.00082509385086,Lake
"Koosharem Reservoir",38.601975482941675,-111.84059795078194,Lake
"Crater Lakes",38.57323830053515,-111.65799935569459,Lake
"Rocky Ford Reservoir",38.85378576363347,-111.95947719263873,Lake
"Big Lake",38.08136022695312,-111.69354060049362,Lake
"Blind Lake",38.17743949575334,-111.44200567646466,Lake
"Forsyth Reservoir",38.525016422050555,-111.53171590008895,Lake
"Mill Meadow Reservoir",38.50731573054966,-111.56596144082108,Lake
"Jacobs Reservoir",38.048600598398735,-111.60001192761412,Lake
"Lower Bowns Reservoir",38.10773562037007,-111.27144232886599,Lake
"Big Lake",38.65090063746121,-111.96011928973796,Lake
"Lost Creek Reservoir",38.706428604853485,-111.6987569839659,Lake
"Roundy Reservoir",38.04426108827727,-111.6777798809267,Lake
"Redmond Lake",38.993533454276424,-111.87531445559213,Lake
"Johnson Valley Reservoir",38.60945344263251,-111.64693544460906,Lake
"Paradise Valley Lake",38.63026386836518,-111.43838778951401,Lake
"Fish Lake",38.55604011831949,-111.70281614498667,Lake
"Buckeye Reservoir",38.44159731125787,-109.04254852791198,Lake
"Pace Lake",38.559081033944004,-109.06584969400312,Lake
"Kens Lake",38.48104817146034,-109.42815962883711,Lake
"TexasGulf Potash Pond Three A",38.473977024564306,-109.68415198285958,Lake
"Juniata Reservoir",38.966247488535416,-108.28077038265577,Lake
"Granby Reservoir Number 12",38.999162902758385,-108.04180283572867,Lake
"Gurley Reservoir",38.02947181948646,-108.25131407656943,Lake
"Flowing Park Reservoir",38.95881675492193,-108.10363428523797,Lake
"Sweitzer Lake",38.7127182929808,-108.03158953330085,Lake
"Hallenbeck Reservoir",38.969644050924686,-108.290431650485,Lake
"Cheney Reservoir",38.88640406171631,-108.32100025864634,Lake
"Morrow Point Reservoir",38.448380224958164,-107.44297288944644,Lake
"Fruit Growers Reservoir",38.83001612828695,-107.94510766177264,Lake
"Beaver Jungle",38.758646764639934,-107.34254906062984,Lake
"Paonia Reservoir",38.959585901729,-107.34228752613413,Lake
"Dry Lake",38.0582012161024,-107.04612032039235,Lake
"Blue Mesa Reservoir",38.465703658628804,-107.20061929913076,Lake
"Crawford Reservoir",38.68014957133318,-107.60091230489826,Lake
"Gould Reservoir",38.60188038777346,-107.58022853647785,Lake
"Lake Irwin",38.879701197626034,-107.10412272433383,Lake
"Devils Lake",38.10326648521565,-107.20366871160292,Lake
"Lost Lake Slough",38.867920851027975,-107.20595773305371,Lake
"Crystal Reservoir",38.482946348833885,-107.58337198819686,Lake
"McDonough Reservoir Number 2",38.19214328702126,-106.83838827637723,Lake
"Taylor Park Reservoir",38.836302682686,-106.5788232071537,Lake
"Lily Pond",38.93534857360436,-106.64645415863053,Lake
"Spring Creek Reservoir",38.86406414751955,-106.71022000241975,Lake
"Antero Reservoir",38.98705934163939,-105.91970357419608,Lake
"Wrights Reservoir",38.80053656349505,-105.2709230943,Lake
"Wilson Reservoir",38.817423481762475,-105.07094294309394,Lake
"Lake Moraine",38.81207906800757,-104.99591659125711,Lake
"Spinney Mountain Reservoir",38.9851057266042,-105.64402652483591,Lake
"Elevenmile Canyon Reservoir",38.926106624883865,-105.51208904384168,Lake
"Mason Reservoir",38.78587380396887,-105.01627033385358,Lake
"Skagway Reservoir",38.69484007390194,-105.05087618042239,Lake
"Brush Hollow Reservoir",38.46449793116266,-105.05201384274885,Lake
"Crystal Creek Reservoir",38.91649381145267,-105.03133549970444,Lake
"Bison Reservoir",38.77047572413179,-105.07820907532066,Lake
"McReynolds Reservoir",38.77834532487698,-105.00543184125061,Lake
"Deweese-Dye Reservoir",38.20301640574119,-105.46225534855621,Lake
"South Catamount Reservoir",38.92362111337562,-105.05017047083385,Lake
"North Catamount Reservoir",38.92477137053433,-105.06832665587494,Lake
"Lake George",38.977693035359,-105.36404919032042,Lake
"Nepesta Reservoir Number 5",38.08740450850035,-104.25351107772862,Lake
"Huerfano Lake",38.14894352308634,-104.39930447040861,Lake
"Teller Reservoir",38.44495601695837,-104.82184096854041,Lake
"Hardesty Reservoir",38.03784013742388,-104.10700120579914,Lake
"Dotson and Enlargement Reservoir",38.12794977759879,-104.2015468053412,Lake
"Lake Minnequa",38.230626162153705,-104.63078976742116,Lake
"Saint Charles Reservoir Number 3",38.171471035487585,-104.65346188681572,Lake
"Hungerford Lake",38.07865498763593,-104.12406974825007,Lake
"Pueblo Reservoir",38.27131849800059,-104.75243676161857,Lake
"Big Johnson Reservoir",38.751947442412515,-104.6953029461049,Lake
"Calhan Reservoir",38.63718413700646,-104.65136955211847,Lake
"Saint Charles Reservoir Number 2",38.174670598778405,-104.64535715974544,Lake
"Rampart Reservoir",38.98273306762046,-104.97173650254437,Lake
"Prospect Lake",38.82532889346379,-104.79857765807905,Lake
"Penrose-Rosemont Reservoir",38.730422165936254,-104.95863296467184,Lake
"Comanche Reservoir",38.20016633308291,-104.57599828518737,Lake
"Red Lake",38.52013968363062,-103.0731978231621,Lake
"Salt Lake",38.459296833844945,-102.99132657911335,Lake
"Long Lake",38.35655120818109,-103.16377654422435,Lake
"Holbrook Reservoir",38.06521894736018,-103.60981510877455,Lake
"Nelson Lake",38.91361983643793,-103.38147207838695,Lake
"Potters Lake",38.33055608973668,-103.12519223807938,Lake
"Lake Henry",38.2640334241427,-103.71070972671107,Lake
"Lake Meredith",38.188586486113806,-103.71085825633676,Lake
"Box Springs Reservoir Number 2",38.42198950639935,-103.70347037966827,Lake
"Adobe Creek Reservoir",38.26117721244232,-103.24591217362067,Lake
"John Martin Reservoir",38.0723644959172,-103.03287734878295,Lake
"Cheraw Lake",38.099854118873914,-103.50475443948845,Lake
"Cudahy Reservoir",38.31699989036584,-103.8730086886722,Lake
"Evilsizer Lake",38.7608991873848,-103.39773804248215,Lake
"Beckman Lake",38.92641807072607,-103.5279485491028,Lake
"Long Lake",38.23359322999266,-103.00912666919285,Lake
"Long Lake",38.36134602562902,-103.17811553182946,Lake
"Horse Creek Reservoir",38.17985601810687,-103.40018653601855,Lake
"Cheraw Lake",38.09797844913455,-103.51773194776366,Lake
"Hubbard Lake",38.66087751708828,-103.38321286609394,Lake
"Horse Creek and Black Draw Reservoir",38.20587832187239,-103.56992733196631,Lake
"Neeskah Reservoir",38.27732953350427,-102.6301230462813,Lake
"Chivington Reservoir Number 4",38.40973786310439,-102.43233990144796,Lake
"Goodale Slough",38.119377168801144,-102.44988722423253,Lake
"King Reservoir",38.263024459873634,-102.6468985295686,Lake
"G W Verhoeff Reservoir",38.11137246137204,-102.90314386708889,Lake
"Sheridan Lake",38.459001565868064,-102.29291615388058,Lake
"Neeskah Reservoir",38.294775130166556,-102.65029679779447,Lake
"Fort Lyons Reservoir",38.20574441170347,-102.55519801390321,Lake
"Neesopah Reservoir",38.332338827798104,-102.77391608213503,Lake
"Lake Devore",38.32036896936661,-102.13630929076994,Lake
"Logie Lake",38.803167972711975,-102.81339887324769,Lake
"Alkali Lake",38.38162802330187,-102.71763022040349,Lake
"Mud Lake",38.33061717039291,-102.73409520769954,Lake
"Swede Lake",38.35838517189104,-102.82952537639099,Lake
"Neenoshe Reservoir",38.33526789484582,-102.68576874387277,Lake
"Black Lake",38.411298073918054,-102.90511087834746,Lake
"Neegronda Reservoir",38.301288174033225,-102.75593183324187,Lake
"Thurston Reservoir",38.22404473192576,-102.63534173710917,Lake
"Steptoe Slough",39.44459408579765,-114.83967315452144,Lake
"Bassett Lake",39.467239016770705,-114.85561656375124,Lake
"Comins Lake",39.15571952325163,-114.81009993361945,Lake
"Ibis Pool",39.88136263159563,-113.36433051522792,Lake
"Gadwall Pool",39.89738051769786,-113.35173104484929,Lake
"Egret Pool",39.869735212976245,-113.36034598598897,Lake
"Pintail Pool",39.87569228110305,-113.38737764063379,Lake
"Shoveler Pool",39.861261106947765,-113.37647686760772,Lake
"Curlew Pool",39.857062459601316,-113.35922637827493,Lake
"Avocet Pool",39.84125061146776,-113.35919176836123,Lake
"Mallard Pool",39.85165637698644,-113.38410146415156,Lake
"Harrison Pool",39.89725401876197,-113.38361816429124,Lake
"Crafts Lake",39.261829128507586,-112.80025684673676,Lake
"Sevier Bridge Reservoir",39.34595046345649,-111.9619298384108,Lake
"D M A D Reservoir",39.4063900972865,-112.46938000232957,Lake
"Swan Lake",39.225596459485374,-112.79767293936267,Lake
"Salt Lake",39.14835844815203,-112.69158162274009,Lake
"Gunnison Bend Reservoir",39.35317508612035,-112.61521765175763,Lake
"Fool Creek Reservoir Number 1",39.46577717750068,-112.341864538988,Lake
"Scipio Lake",39.10497699353887,-112.05079054002913,Lake
"Swan Lake Salt Marsh",39.207883090926124,-112.81434796476582,Lake
"Carr Lake",39.18486178679732,-112.83021991371061,Lake
"Clear Lake",39.099560368590545,-112.62942058618219,Lake
"Vernon Reservoir",39.98846030647268,-112.38565063910843,Lake
"The Meadows",39.469728407434374,-112.04325573266746,Lake
"Mona Reservoir",39.85721101966015,-111.86445435864444,Lake
"Lower Gooseberry Reservoir",39.71110874311731,-111.2925967684646,Lake
"Electric Lake",39.61936881703679,-111.22611336674393,Lake
"Huntington Reservoir",39.591779971293896,-111.26969789544633,Lake
"Cleveland Reservoir",39.58104365944106,-111.23695695681734,Lake
"Chicken Creek Reservoir",39.49002779145815,-111.96184939749763,Lake
"Ninemile Reservoir",39.173899593341524,-111.70970272731195,Lake
"Fairview Lakes",39.6390741829947,-111.3093987062086,Lake
"Millsite Reservoir",39.09892098053507,-111.19744343164207,Lake
"Gunnison Reservoir",39.22657187075484,-111.70181203543227,Lake
"Rolfson Reservoir",39.56081171259499,-111.26131814582017,Lake
"Duck Fork Reservoir",39.16884635009759,-111.45149148740113,Lake
"Olsen Slough",39.07076734280096,-111.83869131585679,Lake
"Miller Flat Reservoir",39.53690303021774,-111.24791794171757,Lake
"Wales Reservoir",39.50968090228413,-111.61340357616238,Lake
"Summit Creek Number Two Reservoir",39.9636919375621,-111.8128766465275,Lake
"Palisade Lake",39.204349097507674,-111.66924896272847,Lake
"Ferron Reservoir",39.14261700566877,-111.45255810080245,Lake
"Joes Valley Reservoir",39.292067927653896,-111.2812659971802,Lake
"Spinners Reservoir",39.09084216949074,-111.44728944606851,Lake
"Zwahlen Wash Debris Basin Reservoir",39.06590287960597,-111.1632311967604,Lake
"Scofield Reservoir",39.77961717501995,-111.15343939066605,Lake
"Willow Creek Reservoir",39.01895752588539,-111.750265186235,Lake
"Desert Lake",39.372276798290464,-110.7821630260535,Lake
"Huntington Lake",39.347424066504914,-110.94917160594353,Lake
"Towave Reservoir",39.57226075834808,-109.74128156748614,Lake
"Hollenbeck Reservoir Number Two",39.016617066956066,-108.13515797187077,Lake
"Griffith Lake",39.062170754505054,-108.05716677570686,Lake
"Rapid Creek Reservoir Number 1",39.078718163872416,-108.21404051319539,Lake
"Anderson Reservoir Number 1",39.03090133091494,-108.12700244878185,Lake
"Rapid Creek Reservoir Number 2",39.06983757075199,-108.21536400554075,Lake
"Somerville-McCullah Reservoir",39.04022062985646,-108.20574105613716,Lake
"Basin Reservoir Number 1",39.00686205581665,-108.04182126811364,Lake
"Highline Lake",39.27595094226563,-108.83787596638966,Lake
"Grand Mesa Reservoir Number 1",39.01172331486618,-108.10755670544391,Lake
"Anderson Reservoir Number 2",39.03615710352465,-108.12366313469715,Lake
"Bolen Reservoir",39.026726041093674,-108.21355886256585,Lake
"Thompson Reservoir Number 3",39.04494924688453,-108.77330956318278,Lake
"Island Lake",39.037642157608445,-107.99851380366368,Lake
"Hughes Reservoir",39.477910979298734,-107.36131027242702,Lake
"Atkinson Reservoir",39.094471160086755,-107.88109122470334,Lake
"Baron Lake",39.03949459920129,-107.95497488582298,Lake
"Rifle Gap Reservoir",39.63187886256703,-107.756255293378,Lake
"Trappers Lake",39.98659406237546,-107.2314695915286,Lake
"Wall Lake",39.95035230902512,-107.23964204033119,Lake
"Leon Lake",39.07063242040419,-107.80992980024044,Lake
"Marvine Lakes",39.94092639411137,-107.38018547972666,Lake
"Heart Lake Reservoir",39.767791139168956,-107.32638324248126,Lake
"Sweetwater Lake",39.801030451362315,-107.16731361940973,Lake
"Snowmass Lake",39.117333953137006,-107.03496299961172,Lake
"Spring Park Reservoir",39.43903372365303,-107.08921153108928,Lake
"Cottonwood Lake Number One",39.0736032220258,-107.97154883805929,Lake
"Colby Horse Park Reservoir",39.08131388707916,-107.7947505535935,Lake
"Bonham Reservoir",39.09952424108853,-107.90326870604395,Lake
"Vega Reservoir",39.22450074669507,-107.79195355408375,Lake
"Deep Slough Reservoir",39.02908194698864,-107.98947771855245,Lake
"Grass Valley Reservoir",39.6150382117042,-107.6596389473154,Lake
"Goodenough Reservoir",39.03734380378114,-107.67641002211157,Lake
"Deep Ward Lake",39.0360039889755,-107.98074749493696,Lake
"Trickel Park Reservoir",39.0505241811826,-107.8768021277174,Lake
"Big Creek Reservoir Number 1",39.080002709080176,-107.88253601659258,Lake
"Kennicott Slough Reservoir",39.02957519078321,-107.95783318901582,Lake
"Twin Lakes",39.946260379424906,-107.29206688669416,Lake
"Big Beaver Reservoir",39.97914683039498,-107.6483494214986,Lake
"Overland Reservoir",39.08515107209116,-107.64721138251679,Lake
"Eggleston Lake",39.04450686759265,-107.94013654836809,Lake
"Marvine Lakes",39.94025679412683,-107.36768733456886,Lake
"Meadow Creek Lake",39.81068995941517,-107.54222572453622,Lake
"Bison Lake",39.76538871439663,-107.34549821829955,Lake
"Mushy Park",39.061606642672885,-107.73625154113245,Lake
"Mount Elbert Forebay",39.10580192441306,-106.3600826086144,Lake
"Ivanhoe Lake",39.268833950392924,-106.50478432459852,Lake
"Homestake Reservoir",39.35653558187957,-106.46864264361496,Lake
"Montgomery Reservoir",39.35580128190046,-106.07588232717661,Lake
"Clear Creek Reservoir",39.01948865827598,-106.25982326978122,Lake
"Ruedi Reservoir",39.3634615858073,-106.78428399224505,Lake
"Sylvan Reservoir",39.98139095029577,-106.11954655891991,Lake
"East Branch Reservoir",39.83962489983139,-106.07810346700913,Lake
"Wildcat Reservoir",39.237925793775325,-106.94984008820107,Lake
"Green Mountain Reservoir",39.865844416434044,-106.27658063783687,Lake
"Mayflower Tailings Pond",39.432752925825575,-106.17936847668179,Lake
"Goose Pasture Tarn",39.45167510321267,-106.03427346825136,Lake
"Dillon Reservoir",39.59836346054463,-106.06085807306476,Lake
"Woods Lake",39.42467748398155,-106.63151081404646,Lake
"Grimes Brooks Reservoir",39.9920690976349,-106.81843086351918,Lake
"Sylvan Lake",39.476570202881526,-106.73145616442342,Lake
"Robinson Tailings Pond",39.39686340411692,-106.20053259714273,Lake
"Blue Lakes",39.38514276933851,-106.10512798868595,Lake
"Tenmile Tailings Pond",39.40742471350219,-106.19397877063346,Lake
"Robinson Lake",39.3955684508758,-106.21483154064477,Lake
"Oxide Tailings Pond",39.40215202603034,-106.22734010166496,Lake
"Twin Lakes",39.080668001527286,-106.35240975379484,Lake
"Turquoise Lake",39.26946755363315,-106.38931406802647,Lake
"Black Lake",39.791488640941026,-106.27292075528722,Lake
"Clinton Gulch Dam Reservoir",39.41021997547687,-106.16838587288898,Lake
"Lower Cataract Lake",39.83307050126252,-106.32245477250164,Lake
"South Platte Reservoir",39.571933414511285,-105.05122091298385,Lake
"McKay Lake",39.95377625763905,-105.01221098005502,Lake
"Leyden Lake",39.84154886492728,-105.17290364521132,Lake
"Maple Grove Reservoir",39.75110364860424,-105.13771864001208,Lake
"Main Reservoir",39.69495876813148,-105.11719121245459,Lake
"McLellan Reservoir",39.56847207110247,-105.0131491135923,Lake
"Rocky Flats Lake",39.871405852102455,-105.23220422870803,Lake
"Cheesman Lake",39.193189264014826,-105.28742524892267,Lake
"Cooley Lake",39.58564557923021,-105.03579030292083,Lake
"Duck Lake",39.58072008095339,-105.72465515565112,Lake
"Chatfield Lake",39.542017385191045,-105.07021777902052,Lake
"Hine Lake",39.60504563836923,-105.14107009127524,Lake
"Mayham Lake",39.81861298253918,-105.04141046695078,Lake
"Sloan Lake",39.74855524485406,-105.04672348965727,Lake
"Gross Reservoir",39.94567552130878,-105.37229833902546,Lake
"Blunn Reservoir",39.823498471228525,-105.21088125728963,Lake
"Standley Lake",39.863760993766526,-105.1308973102161,Lake
"Upper Long Lake",39.82180101870149,-105.23678536076653,Lake
"Crown Hill Lake",39.75756983626594,-105.10287021831361,Lake
"Ralston Reservoir",39.82592086453213,-105.24949382011108,Lake
"Ward Reservoir Number 1",39.674979322876325,-105.06893489217627,Lake
"Hyatt Lake",39.80477287599662,-105.16526094904646,Lake
"Tarryall Reservoir",39.22889228043668,-105.61204889764508,Lake
"Platte Canyon Reservoir",39.48926668985268,-105.08628054028672,Lake
"Base Line Reservoir",39.99664814370377,-105.2061616661379,Lake
"Barker Reservoir",39.96481665834334,-105.49307456318077,Lake
"Waneka Reservoir",39.99481905841291,-105.11325478562333,Lake
"Marston Lake",39.62894908436559,-105.06638780040996,Lake
"Aurora-Rampart Reservoir",39.44861835200849,-105.06564389050295,Lake
"Smith Reservoir",39.68605107580152,-105.11581796340387,Lake
"Marshall Lake",39.94587924252882,-105.21273077803393,Lake
"Bowles Reservoir Number One",39.622512239052725,-105.07950085524499,Lake
"Johnson Reservoir",39.606027000840136,-105.08551975162361,Lake
"Great Western Reservoir",39.8973327090077,-105.1544939238257,Lake
"Lininger Lake",39.447988625337054,-105.78292303617474,Lake
"Bear Creek Lake",39.65022260255645,-105.1452479880194,Lake
"Evergreen Lake",39.63219174668173,-105.32812849354573,Lake
"Wellington Lake",39.314116449221366,-105.3658381843845,Lake
"Bowles Lake",39.61918823505901,-105.05009888822734,Lake
"Soda Lakes",39.64320009450878,-105.16974032398551,Lake
"Eaglewatch Lake",39.57339169166685,-105.04289771078332,Lake
"Jefferson Lake",39.45418768027343,-105.86123472476106,Lake
"Tucker Lake",39.82770572394142,-105.19840674617792,Lake
"Harriman Lake",39.63688777562301,-105.11726962217084,Lake
"Strontia Springs Reservoir",39.42599682167568,-105.1356707430033,Lake
"Aurora Reservoir",39.606601904000605,-104.66424760393028,Lake
"Landora Lake",39.816512207683665,-104.85615706266316,Lake
"Barr Lake",39.93963341486688,-104.76510179584969,Lake
"Boot Lake Reservoir",39.982144541352774,-104.61771640235027,Lake
"Baseline Reservoir",40.002394462239884,-104.00578684504222,Lake
"Ramah Reservoir",39.095303047974845,-104.21200838204919,Lake
"Eastlake Reservoir Number Three",39.92615518308117,-104.95063396527546,Lake
"Cherry Creek Lake",39.63807446593575,-104.85259477083272,Lake
"Quincy Reservoir",39.63320871008375,-104.7739742860673,Lake
"Horse Creek Reservoir",39.993181690760025,-104.57728944406038,Lake
"Windsor Lake",39.700958722689364,-104.88511327524948,Lake
"Derby Lake",39.81605636287272,-104.83994933083983,Lake
"Rueter-Hess Reservoir",39.4857629477583,-104.82847111364796,Lake
"Noonen Reservoir",39.71121759888278,-103.96060298572719,Lake
"Ball Reservoir",39.46532033936612,-103.96128599539283,Lake
"Jolly John Reservoir",39.643060431766266,-103.7723040014621,Lake
"Bonny Reservoir",39.61645972730667,-102.19521118452683,Lake
"Flagler Reservoir",39.284945678205794,-102.98914121440988,Lake
"Snow Water Lake",40.78612679188273,-114.96045773142215,Lake
"Goshute Lake",40.132293364810195,-114.70172005828266,Lake
"Rush Lake",40.43715018556852,-112.38812433685894,Lake
"Great Salt Lake",41.293796893710784,-112.4393827055191,Lake
"Baileys Lake",40.79786146863247,-112.04482620213516,Lake
"Kennecott Tailings Pond Number Two",40.745007846513985,-112.16473004484604,Lake
"Kennecott Tailings Pond Number One",40.73034527558206,-112.12399646987579,Lake
"Stansbury Lake",40.64257339608056,-112.30587002906245,Lake
"Atherley Reservoir",40.17942209215202,-112.41816323065963,Lake
"Great Salt Lake",41.00157028336866,-112.16751875403583,Lake
"Great Salt Lake",40.83360164498803,-112.62534430800115,Lake
"Utah Lake",40.19597490963284,-111.80385069378359,Lake
"Little Dell Reservoir",40.77357014772803,-111.69376739916154,Lake
"Silver Lake Flat Reservoir",40.50328840909684,-111.65719953587072,Lake
"Strawberry Reservoir",40.160007997623445,-111.09621065346005,Lake
"Great Salt Lake",40.92282084180384,-111.93894562825791,Lake
"Jordanelle Reservoir",40.62098946564833,-111.40635557552197,Lake
"Boyer Lake",40.871274863136485,-111.02570695121402,Lake
"Echo Reservoir",40.94137711587252,-111.41049199346247,Lake
"East Canyon Reservoir",40.9086533268599,-111.58808033934115,Lake
"Smith and Morehouse Reservoir",40.754328377377874,-111.10313810648695,Lake
"Rockport Lake",40.770727691535505,-111.39268617502407,Lake
"Witts Lake",40.483614115307645,-111.25690710717573,Lake
"Great Salt Lake",40.940762503472094,-111.92270770137712,Lake
"Deer Creek Reservoir",40.43655585184472,-111.49587899729842,Lake
"White Lake",40.02472773523528,-111.86513137107698,Lake
"Mountain Dell Reservoir",40.75555309191312,-111.71618326599302,Lake
"Currant Creek Reservoir",40.342262780822715,-111.05936335036108,Lake
"Pinto Lake",40.66019789448663,-110.80738265674736,Lake
"Beaver Meadow Reservoir",40.90336496984326,-110.05907550737034,Lake
"Amethyst Lake",40.75157597305982,-110.75869318074452,Lake
"Queant Lake",40.765463996964804,-110.10092962207287,Lake
"Browns Draw Reservoir",40.42708686660228,-110.12592788235771,Lake
"Doll Lake",40.72349108758073,-110.49224093451693,Lake
"Lake Boreham",40.18075993408378,-110.17705612353934,Lake
"Moon Lake",40.58022321516258,-110.50448594827719,Lake
"East Timothy Lake",40.710453078347754,-110.35360524965964,Lake
"Fox Lake",40.791150658706215,-110.1511300691712,Lake
"Starvation Reservoir",40.18360618970485,-110.47597629777823,Lake
"Clements Lake",40.625448444504464,-110.59529669892497,Lake
"Kidney Lake",40.599569215512986,-110.61693735293616,Lake
"Fish Lake",40.76129907976554,-110.93721106625392,Lake
"Hoop Lake",40.922255587230325,-110.11846339857344,Lake
"Cedar View Reservoir",40.558950203509866,-110.1297014281519,Lake
"Lower Red Castle Lake",40.811893513221925,-110.46252487919445,Lake
"Five Point Lake",40.71864872071216,-110.475781916456,Lake
"Red Creek Reservoir",40.30969885980631,-110.85439119277403,Lake
"Lost Lake",40.67619715495683,-110.93830407279073,Lake
"Washington Lake",40.67555078220267,-110.96810497689187,Lake
"Island Lake",40.601175490081836,-110.60341589642044,Lake
"Red Castle Lake",40.789394213581204,-110.47393431427325,Lake
"Grandaddy Lake",40.600878607286134,-110.80303779396074,Lake
"Chepeta Lake",40.79196230826405,-110.01956992641308,Lake
"Meeks Cabin Reservoir",41.004166224588516,-110.5831806906385,Lake
"Trial Lake",40.68280136364915,-110.95444457118805,Lake
"Farmers Lake",40.698031582334764,-110.3750213355397,Lake
"Upper Stillwater Reservoir",40.57298041524741,-110.70253595115341,Lake
"Mohawk Lake",40.606865652928576,-110.82360957783202,Lake
"Tamarack Lake",40.83565033876411,-110.02673567006207,Lake
"Lower Chain Lake",40.702440190615306,-110.24517227543252,Lake
"Pine Island Lake",40.640333156946355,-110.82046060962783,Lake
"Wall Lake",40.6982227974372,-110.9608124743761,Lake
"Stateline Reservoir",40.97890454192923,-110.39180225631155,Lake
"Big Sand Wash Reservoir",40.30602516498685,-110.22650562984894,Lake
"Upper Chain Lake",40.711279097909284,-110.25713447157688,Lake
"Whitney Reservoir",40.83482438001428,-110.93055309308316,Lake
"Island Lake",40.82937152735978,-110.14428182924003,Lake
"Lake Atwood",40.74520038922287,-110.3099379226901,Lake
"East Park Reservoir",40.786848046381174,-109.54610409478158,Lake
"Pelican Lake",40.19215913719794,-109.68450146424017,Lake
"Hog Lake",40.83617348328328,-108.9905373921647,Lake
"Oaks Park Reservoir",40.75601295884659,-109.62249251803043,Lake
"Flaming Gorge Reservoir",41.112060188214514,-109.54563772375697,Lake
"Daggett Lake",40.82905556656708,-109.97249315470727,Lake
"Zelph Calder Reservoir",40.73020833125204,-109.2074253512584,Lake
"Paradise Park Reservoir",40.67218298496833,-109.92054234557652,Lake
"Matt Warner Reservoir",40.770768737333256,-109.29826550901981,Lake
"Browne Lake",40.86492774879853,-109.81435267337645,Lake
"Montes Creek Reservoir",40.35079394761356,-109.94338071112081,Lake
"Bullock Draw Reservoir",40.355137091880984,-109.81561695692068,Lake
"Steinaker Reservoir",40.51608951774238,-109.53541085443659,Lake
"Cliff Lake",40.72497957734098,-109.98475300635586,Lake
"Red Fleet Reservoir",40.57974715547862,-109.43230046502084,Lake
"Crouse Reservoir",40.72503332248317,-109.18438016286979,Lake
"Long Park Reservoir",40.90704820152369,-109.86399967815726,Lake
"Offield Reservoir",40.65922357734251,-109.00587596899273,Lake
"Pariette East Dike Reservoir",40.030183520151866,-109.76143694421607,Lake
"Sheep Creek Lake",40.88940530761863,-109.85091499022406,Lake
"Long Park Reservoir",40.77264794357348,-109.76870852451162,Lake
"Stauffer Chemical Tailings Pond North",40.59513776660989,-109.49735189012607,Lake
"Hog Lake",40.839027932263,-108.9886729730077,Lake
"Rio Blanco Lake",40.08812137466861,-108.20730251146294,Lake
"Dry Lake Reservoir",40.425964720052,-108.12462336176785,Lake
"Fonce Lake",40.97404089514202,-108.74719668844307,Lake
"Stillwater Reservoir",40.021117150035145,-107.13092151585198,Lake
"Sage Creek Reservoir",40.38952819732236,-107.20626612620951,Lake
"Gardner Park Reservoir",40.04673434038662,-107.02061751346817,Lake
"D D and E Wise Reservoir",40.17487588243369,-107.68979537628375,Lake
"John C Temple Reservoir Number 1",40.430613492884675,-107.274413449275,Lake
"Allen Basin Reservoir",40.159382537582694,-107.04575869362952,Lake
"Yamcolo Reservoir",40.05129170863943,-107.05645991748364,Lake
"Ralph White Lake",40.61965259893482,-107.46839172374219,Lake
"Upper Stillwater Reservoir",40.04319001243104,-107.07941355820984,Lake
"Crosho Lake",40.17257674884789,-107.05631914320533,Lake
"Elk Head Reservoir",40.58163870177171,-107.36300547731581,Lake
"Big Creek Lakes",40.92642486300158,-106.61048895621944,Lake
"South Delaney Lake",40.702175043582265,-106.46181478865435,Lake
"Hinman Reservoir",40.153530138461214,-106.46338115090606,Lake
"Lake John",40.777341499038506,-106.46575006899593,Lake
"Williams Fork Reservoir",40.01432770915449,-106.21107555573536,Lake
"Boettcher Lake",40.82515861389641,-106.51462858360843,Lake
"Roxy Ann Lake",40.671647660686006,-106.65405862323652,Lake
"Steamboat Lake",40.798086010728014,-106.96756673861714,Lake
"Rainbow Lake",40.64865845698742,-106.63391149771772,Lake
"East Delaney Lake",40.707292263423284,-106.45354327004873,Lake
"Big Creek Lakes",40.913188273588695,-106.6172755473138,Lake
"Lake Catamount",40.35333250925576,-106.80811694442171,Lake
"Alkali Lake",40.780195215242195,-106.42636671665406,Lake
"Dumont Lake",40.40522758918805,-106.63129742382431,Lake
"Lake Agnes",40.352375661781046,-106.59510378617334,Lake
"Seymour Lake",40.47739530735775,-106.38677129439294,Lake
"Pole Mountain Lake",40.55785763703616,-106.48213131941436,Lake
"Red Dirt Reservoir",40.192166318558854,-106.57557598982135,Lake
"Cowdrey Reservoir",40.83634238594846,-106.31319695285337,Lake
"Twisty Park",40.945059904042715,-106.61320313060698,Lake
"Johnson Reservoir",40.9448151221388,-106.01171927146935,Lake
"Walden Reservoir",40.73393060021247,-106.31410634966805,Lake
"Mac Farlane Reservoir",40.54552258290274,-106.28647697503963,Lake
"Matheson Reservoir",40.297088020274664,-106.28722765648001,Lake
"Meadow Creek Reservoir",40.61976250339367,-106.07725550824392,Lake
"Fish Creek Reservoir",40.49466199783928,-106.69898099608234,Lake
"Pearl Lake",40.78608004186275,-106.88740634217311,Lake
"Wolford Mountain Reservoir",40.14486897699228,-106.41220848820542,Lake
"North Delaney Lake",40.717451827397504,-106.4638848259408,Lake
"North Poudre Reservoir Number 6",40.682664341542875,-105.04135716662242,Lake
"Chambers Lake",40.60303373341916,-105.85273256837759,Lake
"Calkins Lake",40.18421314503579,-105.0412977955068,Lake
"Bacon Lake",40.31196508628577,-105.06311953889518,Lake
"Pinewood Lake",40.362473143290934,-105.28453359762705,Lake
"Barnes Meadow Reservoir",40.59734178827806,-105.82913667358797,Lake
"Shadow Mountain Lake",40.225442334484086,-105.84373398478866,Lake
"George Rist Reservoir",40.39444280500234,-105.14636841235415,Lake
"Windsor Reservoir",40.661397611072,-105.05173698673036,Lake
"Windy Gap Reservoir",40.104782542033654,-105.97900215511194,Lake
"Sixmile Reservoir",40.06769485554641,-105.22553202503448,Lake
"Lake Estes",40.37702720705923,-105.49903117960595,Lake
"Chapman Reservoir",40.358218308313596,-105.02749162249539,Lake
"Park Creek Reservoir",40.84247774297467,-105.16023073068384,Lake
"Rocky Ridge Lake Reservoir Number 1",40.671843724829586,-105.08575601509507,Lake
"Beaver Reservoir",40.116719372877576,-105.52267955510752,Lake
"Lon Hagler Reservoir",40.36582633940289,-105.15123173716576,Lake
"Coleman Reservoir",40.301837030371644,-105.12759188400261,Lake
"Richard Lake Reservoir Number Six",40.63126848305868,-105.05611998375565,Lake
"Berthoud Reservoir",40.33182130369179,-105.08522255754538,Lake
"Fossil Creek Reservoir",40.49052924980199,-105.00915586174712,Lake
"Water Supply and Storage Reservoir Number 3",40.66635743676206,-105.09065520891625,Lake
"Elder Reservoir",40.64993489587766,-105.04113308026841,Lake
"Bee Lake",40.696223468030574,-105.04561864437913,Lake
"Robert Benson Lake",40.48655587038225,-105.07288686320052,Lake
"Lagerman Reservoir",40.133175107115754,-105.19037258083922,Lake
"Handy Reservoir",40.32943079576803,-105.11603855758773,Lake
"Loveland Reservoir",40.31691862387186,-105.0979536527976,Lake
"Boulder Reservoir",40.07877421376748,-105.22471218105085,Lake
"Water Supply and Storage Reservoir Number 4",40.65104303843597,-105.08694054663975,Lake
"Highland Lake",40.24669750800372,-105.01789356157359,Lake
"Horseshoe Lake",40.43938028710225,-105.05597493236912,Lake
"Burch Lake",40.20043870188124,-105.18615725264645,Lake
"Miners Lake",40.730903333354306,-105.1288140440379,Lake
"Horsetooth Reservoir",40.55377048823637,-105.16178995199778,Lake
"Joe Wright Reservoir",40.551673533852025,-105.874332798928,Lake
"Terry Lake",40.23066347763787,-105.12314881806638,Lake
"Lonetree Reservoir",40.33762524613398,-105.12787371132697,Lake
"Parvin Lake",40.784367462744086,-105.55784499654033,Lake
"Douglass Lake",40.705643176931034,-105.08450951204627,Lake
"Panhandle Reservoir",40.85306956460604,-105.65112699270499,Lake
"Lake Loveland",40.41392387265599,-105.08943979127085,Lake
"Highland Reservoir Number 2",40.25149823405082,-105.14531264922007,Lake
"Left Hand Valley Reservoir",40.099852738567385,-105.26559145201414,Lake
"Carter Lake Reservoir",40.334356905378435,-105.21869158485451,Lake
"College Lake",40.580527655706284,-105.15034854941419,Lake
"Houts Reservoir",40.423941482196376,-105.0103527210954,Lake
"North Poudre Reservoir Number 4",40.719182173223295,-105.03457794362545,Lake
"Long Draw Reservoir",40.49840151552912,-105.78840929206697,Lake
"Equalizer Lake",40.41744607599054,-105.00664961001839,Lake
"Hertha Reservoir",40.318937994847424,-105.1655452985958,Lake
"Long Lake",40.07266367912264,-105.59161508757704,Lake
"McCall Lake",40.20436150598742,-105.20450296692113,Lake
"Silver Lake",40.02921637058193,-105.58404109494741,Lake
"Willow Creek Reservoir",40.14920127902808,-105.95963012283318,Lake
"Portner Reservoir",40.50467765945329,-105.06246734120575,Lake
"Dowdy Lake",40.79546310542997,-105.55862682823036,Lake
"Demmel Lake",40.722869755929665,-105.05633902301368,Lake
"Donath Lake",40.465240295917084,-105.05703031606424,Lake
"Monarch Lake",40.106069148456214,-105.7420086429559,Lake
"Hourglass Reservoir",40.578995348947004,-105.63277883494929,Lake
"Claymore Lake",40.61513329827271,-105.15316683156401,Lake
"Seaman Reservoir",40.71183019775263,-105.23610085213545,Lake
"Halligan Reservoir",40.882874051077955,-105.34979616308874,Lake
"Boyd Lake",40.435623142745996,-105.03598352340474,Lake
"Foothills Reservoir",40.18542438945577,-105.22549648776081,Lake
"Panama Reservoir Number 1",40.09489354440763,-105.0848457040564,Lake
"Rist Benson Reservoir",40.41038378613421,-105.11613240485944,Lake
"North Poudre Reservoir Number 3",40.73493582703258,-105.04356390151794,Lake
"Clover Basin Reservoir",40.15379311692856,-105.19173338129119,Lake
"Flatiron Reservoir",40.36993719347737,-105.2323257136686,Lake
"North Poudre Reservoir Number 15",40.78545390078634,-105.12067321386117,Lake
"Long Pond",40.624955529014194,-105.05563858219598,Lake
"South Side Reservoir",40.36357925156756,-105.11433945848607,Lake
"Annex Reservoir Number 8",40.65168938592175,-105.0591110597807,Lake
"Lindenmeier Lake",40.610324736674514,-105.05082220670761,Lake
"Meadow Creek Reservoir",40.05352385963805,-105.7447220923561,Lake
"Leggett and Hillcrest Reservoir",40.02302456085184,-105.19797533048191,Lake
"Newell Lake",40.31323696095273,-105.04307787514561,Lake
"Dixon Reservoir",40.54982017410535,-105.14131748182054,Lake
"Button Rock Reservoir",40.21748625984488,-105.37611685249554,Lake
"Ish Reservoir",40.257687654746306,-105.09267807264943,Lake
"Comanche Reservoir",40.583836568273895,-105.65196992323432,Lake
"Goose Lake",40.02942543164057,-105.60903338678017,Lake
"Curtis Lake",40.66382788751575,-105.13277559246234,Lake
"Terry Lake",40.63017980374149,-105.08189547529271,Lake
"Eaton Reservoir",40.940071110809754,-105.7166505456966,Lake
"Lake Granby",40.1543073882332,-105.83506574007704,Lake
"Left Hand Reservoir",40.06745552764553,-105.56417149875921,Lake
"Heinricy Lake",40.42421186038657,-105.0465533649239,Lake
"McIntosh Lake",40.19499265628232,-105.150726176978,Lake
"Mariano Reservoir",40.38685282589064,-105.1432004444483,Lake
"Kluver Reservoir",40.654465993042905,-105.0944494703922,Lake
"Gaynor Lake",40.11999058687262,-105.10901570003374,Lake
"Cemetery Lake",40.41272009314353,-105.06689286101269,Lake
"Divide Reservoir",40.23888421608152,-105.0909569647815,Lake
"Ryan Gulch Reservoir",40.371099480475934,-105.10489204393755,Lake
"Boxelder Reservoir Number Three",40.72795479400411,-105.0348117189395,Lake
"Warren Lake",40.53369311342687,-105.06242928442975,Lake
"Grand Lake",40.2434295930275,-105.814487887736,Lake
"Coal Ridge Waste Reservoir",40.117071101826646,-104.85007364309942,Lake
"Klug Lake",40.15353769076238,-104.60812866596031,Lake
"Sunken Lake",40.46636816252229,-104.11122119638516,Lake
"Adams and Bunker Reservoir Number 3",40.8743078868116,-104.373870848005,Lake
"Kitchel Lake",40.57554893398442,-104.9708471303951,Lake
"Oklahoma Reservoir",40.42668148348614,-104.94092634266057,Lake
"Timnath Reservoir",40.549966346726194,-104.95811072694237,Lake
"Riverside Reservoir",40.34226761663996,-104.27338246768967,Lake
"McGrew Reservoir",40.69985699965653,-104.62274847280939,Lake
"Jackson Reservoir",40.39443596819584,-104.07541738088895,Lake
"South Gray Reservoir",40.61509240984628,-104.98349280641571,Lake
"Mulligan Reservoir",40.212069399014666,-104.98959629581576,Lake
"Empire Reservoir",40.25962631179895,-104.1605656438412,Lake
"Thompson Lake",40.5235790738221,-104.89856623570493,Lake
"Eaton-Law Reservoir",40.53001245204852,-104.86611509956542,Lake
"Windsor Lake",40.48431498877601,-104.90076200262078,Lake
"Heart Reservoir",40.721247167586505,-104.32377553096471,Lake
"Indian Creek Reservoir",40.7493102239955,-104.95495300484987,Lake
"Cobb Lake",40.6425315060083,-104.96447526065865,Lake
"Frederick Reservoir",40.121620383193665,-104.94667572432088,Lake
"Seeley Lake",40.46747249701856,-104.73638560172907,Lake
"Neuman Lake",40.46972705413225,-104.75146879482088,Lake
"Long Lake",40.538398636442885,-104.49901633280943,Lake
"Lower Latham Reservoir",40.343055864148475,-104.63725553413383,Lake
"Lake Thomas",40.2241442516261,-104.95490220993982,Lake
"Ireland Reservoir Number Five",40.08288598687012,-104.6013138958592,Lake
"Black Hollow Reservoir",40.612345409908706,-104.87885261853211,Lake
"Antelope Reservoir",40.65791302501804,-104.71631596347407,Lake
"Greasewood Lake",40.49229768344531,-104.21822797062205,Lake
"Windsor Reservoir",40.53697041176746,-104.88744111371419,Lake
"Mose Davis Lake",40.15956645227057,-104.77557658605885,Lake
"Lord Reservoir",40.078546018567266,-104.45484601734162,Lake
"Cozzens Lake",40.50656754610765,-104.68373376719443,Lake
"Woods Lake",40.521009788724776,-104.80606905649393,Lake
"Owl Creek Reservoir",40.61966434488357,-104.61503398103552,Lake
"Hinkley Lake",40.6333200811873,-104.94919349923555,Lake
"Neff Lake",40.48405476763656,-104.76840020883894,Lake
"Foster Reservoir",40.195494179201084,-104.98872735834757,Lake
"Howards Lake",40.49546217907808,-104.55482329855982,Lake
"Prospect Reservoir",40.013743979870746,-104.51858026839258,Lake
"Briscoe Lake",40.43945943864914,-104.53665992125292,Lake
"Milton Reservoir",40.228585619545186,-104.64072235904064,Lake
"Loop Lake",40.556435612427855,-104.8612173190513,Lake
"Clark Reservoir",40.74395428856696,-104.98663651733564,Lake
"North Sterling Reservoir",40.78244282546551,-103.29628225977568,Lake
"Prewitt Reservoir",40.41508428117101,-103.37023010601276,Lake
"Bijou Number 2 Reservoir",40.28288718004415,-103.97506227455858,Lake
"Pawnee Raw Water Reservoir",40.22975641102561,-103.67668043918495,Lake
"Julesburg Reservoir",40.92989537110966,-102.65196554653681,Lake
"Deering Lake",40.24142421887396,-102.79725259616946,Lake
"Jumbo Reservoir",40.91418964351679,-102.66816126653495,Lake
"Humboldt Wells",41.12333499563541,-114.96360523371271,Lake
"Crittenden Reservoir",41.52917887791813,-114.16920462689818,Lake
"Dake Reservoir",41.35541670770309,-114.08833694512472,Lake
"23 Mile Reservoir",41.53935007808733,-114.38211589998501,Lake
"Bishop Creek Reservoir",41.2639428841977,-114.89497768603255,Lake
"Lynn Reservoir",41.84635595018853,-113.7244820103731,Lake
"Etna Reservoir",41.70318919699156,-113.96096374640126,Lake
"Great Salt Lake",41.242152322858445,-112.40035571514181,Lake
"Rose Ranch Reservoir",41.95158146850178,-112.74526801695308,Lake
"Cement Ponds",41.56508186326583,-112.05744332663727,Lake
"Cutler Reservoir",41.83044504381991,-111.96867502934028,Lake
"Spires Lake",41.61217985153315,-112.30828988649861,Lake
"North Bay",41.50718312997172,-112.16645139314761,Lake
"Coyote Ponds",41.51904367990189,-112.75356812855401,Lake
"West Lake",41.69777478668049,-112.96968856248066,Lake
"Blue Creek Reservoir",41.816252411380184,-112.46066106399105,Lake
"Crocker Lake",41.606060650848214,-112.29334523045624,Lake
"Horseshoe Sloughs",41.53084853757095,-112.09426731488428,Lake
"South Bay",41.46619964109202,-112.29904817658247,Lake
"South East Bay",41.48535368038095,-112.15925033284573,Lake
"Pintail Lake",41.5805901134546,-112.31710234418895,Lake
"Willard Bay Reservoir",41.398280969585755,-112.0664384859036,Lake
"Great Salt Lake",41.17241482712393,-112.20557856128032,Lake
"Widgeon Lake",41.568344321545965,-112.31151498703004,Lake
"Hull Lake",41.57061592677497,-112.28318417257874,Lake
"Duck Lake",41.58341600995367,-112.28949931107981,Lake
"Great Salt Lake",41.225879462940526,-112.39301230812859,Lake
"Newton Reservoir",41.90628570377215,-111.98547997944094,Lake
"East Lake",41.69181798705364,-112.91310339541768,Lake
"Klondike Lake",41.5029836434638,-112.15477889397715,Lake
"Great Salt Lake",41.263323312711144,-112.39380664836558,Lake
"Birch Creek Reservoirs",41.50580601231527,-111.32659480677182,Lake
"Sixmile Reservoir",41.83644397029007,-111.10723986877348,Lake
"South Lake",41.92235547691727,-111.0729700310015,Lake
"Blue Grass Pond",41.459784838937765,-111.13778655940062,Lake
"Pineview Reservoir",41.27030677529908,-111.79834520255153,Lake
"Mantua Reservoir",41.50418905675818,-111.9308384353958,Lake
"Causey Reservoir",41.298924181724495,-111.57732184168624,Lake
"Neponset Reservoir",41.38139244841256,-111.13532281094665,Lake
"Barker Reservoir",41.12214124886904,-111.05392994377638,Lake
"Little Creek Reservoir",41.676028622722825,-111.23183538468047,Lake
"Bear Lake",41.99594587733035,-111.35166575783968,Lake
"Porcupine Reservoir",41.51881528987886,-111.73329898010107,Lake
"Woodruff Reservoir",41.464128410372595,-111.33255104596614,Lake
"Hyrum Reservoir",41.61588197566753,-111.85869638132276,Lake
"Crane Reservoir",41.271645534151766,-111.12740817391497,Lake
"Woodruff Narrows Reservoir",41.476948757724905,-111.01870158940778,Lake
"Lost Creek Reservoir",41.19544919252847,-111.38604622043201,Lake
"Wall Reservoir",41.334010162833465,-110.39704203575613,Lake
"Cottonwood Reservoir",41.264886403945226,-110.47790081412936,Lake
"Kemmerer Reservoir",41.94585370765836,-110.65641013637655,Lake
"Piedmont Reservoir",41.181717504384316,-110.6520583996687,Lake
"Myers Reservoir",41.09818028238272,-110.89628446561045,Lake
"Lake Viva Naughton",41.986738698031445,-110.66446243350929,Lake
"Austin Reservoir",41.41264263068264,-110.29396441182509,Lake
"Crompton Reservoir",41.29094647891242,-110.95440998128859,Lake
"Sulphur Creek Reservoir",41.1518965983166,-110.8202954333795,Lake
"Solid Waste Disposal Cell H Reservoir",41.584689755968874,-109.7496768499312,Lake
"Stevens Draw Reservoir",41.73495614772639,-109.65596742099193,Lake
"Number 2 Evaporation Reservoir",41.58120629317487,-109.74411063205545,Lake
"Number 3 Evaporation Reservoir",41.57868353964257,-109.73406512546663,Lake
"Red Lakes",41.55021496051988,-108.00548505597631,Lake
"Jim Bridger Project Evaporation Pond",41.760545507946176,-108.79699148970157,Lake
"Frewen Lake",41.6517675610908,-108.02694154261626,Lake
"Cow Creek Reservoir",41.146198989470484,-108.42381058201671,Lake
"Jim Bridger Reservoir",41.72744671776737,-108.78497498562211,Lake
"Hogback Lake",41.752872610338066,-107.3148406393196,Lake
"Fivemile Lake",41.55868025020739,-107.92585785345453,Lake
"Monument Lake",41.83969575116526,-107.96642103563202,Lake
"Mahoney Lakes",41.932928714470634,-107.51776262195622,Lake
"Hansen Lake",41.972746021586424,-107.9267061733223,Lake
"Separation Lake",41.99032860855254,-107.25667003445534,Lake
"High Savery Reservoir",41.277895531627166,-107.28029558003001,Lake
"Dry Lake",41.956242229581356,-107.23155992076727,Lake
"Mud Springs Lake",41.91367775852845,-107.70601511523874,Lake
"Buck Draw Reservoir",41.38665751299114,-106.99840416086268,Lake
"Eightmile Lake",41.53029963482993,-107.90753635711796,Lake
"Coal Bank Lake",41.50706136181363,-107.90960693783094,Lake
"Teton Reservoir",41.603909921270215,-107.26315163916881,Lake
"Government Reservoir",41.53713973091394,-107.88540495797734,Lake
"Eightmile Lake",41.68038049009179,-107.28747384189111,Lake
"Mahoney Lakes",41.956831759823686,-107.50861939296725,Lake
"East Allen Lake",41.874704057524205,-106.2245185954198,Lake
"Bosler Reservoir",41.609989341025056,-106.08769474287375,Lake
"Sand Lake",41.451726179675504,-106.28478836958539,Lake
"Hog Park Reservoir",41.033287934109275,-106.87533039286163,Lake
"Horne Lake",41.85973065543076,-106.15297070067942,Lake
"King Reservoir Number One",41.59929913418741,-106.06827965652182,Lake
"Turpin Reservoir",41.4368206678807,-106.38510962276325,Lake
"Rob Roy Reservoir",41.20709843965062,-106.25845753092882,Lake
"Dutton Creek Reservoir",41.59274974042729,-105.99859365922113,Lake
"Saratoga Lake",41.465502320887836,-106.78576504150351,Lake
"Lake Owen",41.14818468028576,-106.10478737138648,Lake
"Dry Lake",41.96807646242161,-105.99751694033334,Lake
"Horn and Meason Reservoir",41.40962358028215,-106.71609179590084,Lake
"Allen Lake",41.90570551100233,-106.26349149281805,Lake
"Haines Reservoir",41.40808639981267,-106.88462317211443,Lake
"Pynchin Lake",41.89447981965055,-106.3303754191203,Lake
"Aurora Lake",41.8982563100076,-106.0801988322158,Lake
"Iron Hill Lake",41.830118691226645,-106.10564482333072,Lake
"Pierce Reservoir",41.68612796560753,-106.08781164937629,Lake
"White Reservoir",41.65073860631823,-106.16788456796185,Lake
"Rush Lake",41.178843323788286,-105.72555540326627,Lake
"Meeboer Lake",41.21605290315412,-105.82076150745482,Lake
"Sportsman Lake",41.12307326694738,-105.65181062410721,Lake
"West Carroll Lake",41.410349359247576,-105.74241447038376,Lake
"Reservoir Number One",41.996791891248755,-105.03549686597209,Lake
"Alsop Lake",41.39235200711702,-105.79099437823095,Lake
"Knadler Lake",41.36785833966967,-105.77188735135866,Lake
"Long Lake",41.6623648859085,-105.68874265726669,Lake
"Soda Lake",41.93164952724552,-105.95111002810987,Lake
"Willow Creek Reservoir",41.124917219010236,-105.57817863372618,Lake
"Rice Reservoir",41.06995427800506,-105.78399787905259,Lake
"Creighton Lake",41.18643750904327,-105.71743382791281,Lake
"Hutton Lake",41.17209075163258,-105.71517149910905,Lake
"Lake Mildred",41.21747297556337,-105.75558479474022,Lake
"Soda Lake",41.21426568421201,-105.80226862298167,Lake
"Lone Tree Reservoir Number 2",41.09608696552911,-105.76364710269947,Lake
"Caldwell Lake",41.15708846908166,-105.79254800737148,Lake
"Granite Springs Reservoir",41.17690557156874,-105.23371883554782,Lake
"Cavender Reservoir",41.56914706779745,-105.90638016063075,Lake
"Sodergreen Lake",41.16010050171318,-105.93409247335549,Lake
"Mortenson Lake",41.21103526289137,-105.84515732713739,Lake
"Soap Holes",41.42129382380602,-105.68514764004665,Lake
"Meiser Lake",41.78508548647551,-105.79025494110236,Lake
"Webb Lake",41.35081230542137,-105.97440020074454,Lake
"Cooper Lake",41.624459782089204,-105.8355521273972,Lake
"Rainey Lake",41.631734539128644,-105.93357199172394,Lake
"Crystal Lake Reservoir",41.15816967198465,-105.20232191523303,Lake
"Lake Hattie",41.229929513595216,-105.97280712528165,Lake
"Carroll Lake",41.41388676841482,-105.73110952435077,Lake
"Lake Hattie Reservoir",41.242080741357874,-105.93049295175919,Lake
"James Lake",41.4674703645423,-105.90015043890149,Lake
"Post Lake",41.8706261707234,-105.71156073644964,Lake
"Wheatland Reservoir Number Two",41.83317169125574,-105.6226380842876,Lake
"Diamond Lake",41.608815786007604,-105.66302147829742,Lake
"Upper North Crow Reservoir",41.23596063458418,-105.28393652411214,Lake
"Steamboat Lake",41.05701747155484,-105.83380857000617,Lake
"Twin Buttes Lake",41.23805299105774,-105.86323551586557,Lake
"Bamforth Lake",41.3898237856385,-105.74151090036892,Lake
"Twelvemile Lake",41.217404239907836,-105.7583320826593,Lake
"Goshen Hole Reservoir",41.876582159914754,-104.2809696807769,Lake
"Packer Lake",41.8980914149603,-104.06005931342166,Lake
"Garrelts Number 1 Reservoir",41.882520083569936,-104.54177214536281,Lake
"Pole Creek Reservoir",41.306172513357495,-104.7287664360297,Lake
"Wyoming Hereford Ranch Reservoir Number One",41.11722942435976,-104.74145009036661,Lake
"Hawk Springs Reservoir",41.707719555454,-104.18663030772852,Lake
"Sinnard Reservoir",41.80262226803022,-104.3540808061403,Lake
"Wyoming Hereford Ranch Reservoir Number Two",41.12582001325635,-104.64481972793614,Lake
"Glomill Reservoir",41.88642363902755,-104.53005912792334,Lake
"Oliver Reservoir",41.2250757388339,-103.82010098488594,Lake
"Cochran Lake",41.76987006405783,-103.54121030471141,Lake
"Winters Creek Lake",41.95566963754345,-103.52617108730527,Lake
"Lake Alice",41.99066464529442,-103.61585739312477,Lake
"Lake Minatare",41.93926629271354,-103.4956254826904,Lake
"Lake Alice Number Two",41.97265015830604,-103.57996057275308,Lake
"Murray Lake",41.72598831405029,-103.9243364749472,Lake
"Merrill Lake",41.89274936618227,-102.51464854386799,Lake
"Heskett Lake",41.82446032451204,-102.4176719815069,Lake
"Maverick Lake",41.823234586985166,-102.38671070037637,Lake
"Bluebaker Lake",41.91472783884573,-102.422630662001,Lake
"Crescent Lake",41.695898179125734,-102.41025372652408,Lake
"Clark Lake",41.84733006842599,-102.69649043977942,Lake
"Ashburger Lake",41.838008933526964,-102.44253711247961,Lake
"Alkali Lake",41.91950817510713,-102.06184793834838,Lake
"Blue Lake",41.70927911874911,-102.43483178284305,Lake
"Ramsay Lakes",41.85014053408511,-102.46442494448634,Lake
"Hills Lake",41.96572530181976,-102.54867929084467,Lake
"Breman Lake",41.86541894282662,-102.47424563221037,Lake
"Old Ladys Lake",41.85869763084237,-102.53467785623411,Lake
"Belle Lake",41.95054349705219,-102.4460811681267,Lake
"Clough Lake",41.91493464848377,-102.5656604205941,Lake
"East Valley Lake",41.8730534099161,-102.68715414584962,Lake
"Moffit Lake",41.80795982171963,-102.65275322599926,Lake
"Twin Lake",41.716225662847926,-102.54019210130309,Lake
"Long Lake",41.76147562348483,-102.5941560119725,Lake
"Island Lake",41.738198772580965,-102.39410799817013,Lake
"Storm Lake",41.85614570718385,-102.73812357789602,Lake
"Cane Lake",41.910240952964,-102.70866791029582,Lake
"Goose Lake",41.78178794699269,-102.4479330466505,Lake
"Sandbeach Lake",41.88722390372305,-102.4399712269202,Lake
"Black Steer Lake",41.7567093642448,-102.31104028766377,Lake
"Whitehead Lake",41.918781550474215,-102.50106961037999,Lake
"Schoonover Lake",41.97812952023273,-102.47452153205155,Lake
"Richardson Lake",41.91210680598192,-102.67092391118153,Lake
"Grubny Lake",41.902478319258364,-102.73267059889406,Lake
"Stockholm Lake",41.987605411670366,-102.40386656801832,Lake
"Alkali Lake",41.817092060075076,-102.5954228262758,Lake
"East Hill Lake",41.86271271298326,-102.3410039362195,Lake
"E Kincaid Lake",41.925743478837106,-102.15167314213858,Lake
"Hackberry Lake",41.73058884796411,-102.43441201520223,Lake
"Swan Lake",41.72009797575397,-102.49677124278963,Lake
"Townsend Lake",41.98225741696955,-102.24853553848804,Lake
"Ryan Lake",41.94175827369067,-102.69083811534111,Lake
"Sturgeon Lake",41.990903478072966,-102.66819512384372,Lake
"Foster Lake",41.88705675566511,-102.46561300844152,Lake
"Madison Lake",41.81807694863058,-102.43634800997714,Lake
"Deer Lake",41.73904268782988,-102.30365312240754,Lake
"Johnson Lake",41.90139230569976,-102.67040477728082,Lake
"Dipping Vat Lake",41.9250692270518,-102.11725663323834,Lake
"Home Valley Lake",41.88033915345993,-102.6442027799796,Lake
"Rockford Lake",41.977283758586395,-102.30563272028816,Lake
"Groves Lake",41.882785810803085,-102.06388244616187,Lake
"Marys Lake",41.919275054436284,-102.44392957996727,Lake
"Bean Lake",41.77145616164396,-102.5323150921816,Lake
"Goose Lake",41.85010483071979,-102.72722009550844,Lake
"Melis Lake",41.867576504910495,-102.44282927545952,Lake
"Dominick Lake",41.97279249755661,-102.00793964352229,Lake
"Rogers Lake",41.89373308935203,-102.49212428754461,Lake
"Wolf Lake",41.805169549121864,-102.35148818186168,Lake
"Blue Stem Lake",41.97648562027465,-102.67190387905586,Lake
"McCarthy Lake",41.958480326266546,-102.70299087904431,Lake
"Wilson Lake",41.812598297567405,-102.61406299727047,Lake
"Gimlet Lake",41.756865824691396,-102.43715732658708,Lake
"Longfellow Lake",41.95170047783721,-102.06157895155187,Lake
"Jordan Lake",41.89224740552174,-102.54430499930878,Lake
"Roland Lake",41.98510688243031,-102.4202300572888,Lake
"Home Lake",41.96225143362958,-102.6622485630537,Lake
"Beck Lake",41.94205231635217,-102.54820395174778,Lake
"Roundup Lake",41.75190392708679,-102.41204852203995,Lake
"Sand Lake",41.789018712258176,-102.66855236553475,Lake
"Jerry Lake",41.90198707804302,-102.22607175717502,Lake
"Miles Lake",41.95589407092205,-102.62578370563637,Lake
"Whitehead Lake",41.82832597015081,-102.50318633808261,Lake
"Britton Lake",41.82052758579069,-102.24550494840213,Lake
"Crane Lake",41.72652648411401,-102.37397442607468,Lake
"Gaff Lake",41.77959757879248,-102.38715377829091,Lake
"West Hill Lake",41.86738427473071,-102.35556966727648,Lake
"Murk Kui Wash",31.93438552503277,-112.04740837812226,Creek
"Chukut Kuk Wash",31.742874234994442,-112.08091737646315,Creek
"Topawa Wash",31.79725331907071,-111.75661104677593,Creek
"Baboquivari Wash",31.75779757457864,-111.87218933377096,Creek
"Blacktail Wash",31.59450095167349,-110.39673403301583,Creek
"Whitewater Draw",31.72532647122606,-109.64035188842693,Creek
"Pine Creek",32.00395565541142,-109.44789186619514,Creek
"San Simon River",31.925806263169402,-109.00729897060721,Creek
"Cottonwood Creek",31.41192604457606,-109.17977330829453,Creek
"Rio Grande",31.71385461535995,-106.37346120192642,Creek
"Riverside Canal",31.59971379915971,-106.29268197650497,Creek
"Rio Grande",31.610280934213787,-106.30255137972624,Creek
"Rio Grande",31.548750193479798,-106.25590949982195,Creek
"Rio Grande",31.399654509658276,-106.0827038530933,Creek
"Rio Grande",31.74798114862484,-106.48373902717593,Creek
"Rio Grande",31.265800364659064,-105.85083359462422,Creek
"Rio Grande",31.167017484570934,-105.77328263900094,Creek
"Wild Horse Creek",31.09483558429939,-104.68656312751432,Creek
"Delaware River",31.877254129033126,-104.37975570531954,Creek
"Cottonwood Creek",31.484660879618264,-103.98296919223134,Creek
"Toyah Creek",31.147969373348907,-103.54518247492571,Creek
"Toyah Creek",31.383715088500423,-103.3596960450065,Creek
"Cottonwood Creek",31.406418205988295,-103.84452455683437,Creek
"Pecos River",31.851900549521336,-103.81523797618372,Creek
"Pecos River",31.762262936144435,-103.776287429072,Creek
"Comanche Creek",31.022207849637553,-102.76337648812128,Creek
"Pecos River",31.325023697355366,-102.90015900283981,Creek
"Comanche Creek",31.118382005334922,-102.63913693158331,Creek
"Fivemile Creek",31.096011026585522,-102.02394372116606,Creek
"Pecos River",31.271093433187843,-102.60413033241166,Creek
"Leon Creek",31.12648626687492,-102.7944699682898,Creek
"Pecos River",31.31006170235217,-102.71531676014374,Creek
"Pecos River",31.219262096756875,-102.45433729458628,Creek
"Pecos River",31.351894299679245,-102.95760335139876,Creek
"Comanche Creek",31.16163541684105,-102.54924011362039,Creek
"Pecos River",31.155152887336893,-102.42453368411115,Creek
"Courtney Creek",31.191673607088838,-102.91164653296832,Creek
"Pecos River",31.28793269324822,-102.84562492236688,Creek
"Leon Creek",31.2191476916921,-102.58738145836722,Creek
"Pecos River",31.00678007239774,-102.15512794733772,Creek
"All American Canal",32.70390331692483,-114.95448102005203,Creek
"All American Canal",32.75061747351894,-114.87561543523242,Creek
"Gila River",32.71480111876242,-114.01751828690769,Creek
"San Cristobal Wash",32.492906935220326,-113.42089427710152,Creek
"Tenmile Wash",32.70502264012355,-113.2236814552247,Creek
"Growler Wash",32.53403540941111,-113.38673287340117,Creek
"San Cristobal Wash",32.69294263181119,-113.59102438879327,Creek
"Growler Wash",32.24786311520317,-113.18025741480731,Creek
"Gila River",32.947898164606116,-113.33412313854232,Creek
"Alamo Wash",32.11029237871041,-112.83487487427624,Creek
"Tenmile Wash",32.39950375602572,-112.7528107445889,Creek
"Gu Vo Wash",32.03753177886657,-112.62489469581023,Creek
"Pisinimo Wash",32.033893791795364,-112.3278731729547,Creek
"Coronado Wash",32.67706654879508,-110.95027434645965,Creek
"Mammoth Wash",32.39676427829545,-111.58568891921693,Creek
"Central Arizona Project Aqueduct",32.358270890072745,-111.22221977871517,Creek
"Power Line Wash",32.630527939078554,-111.0098255544322,Creek
"Quijotoa Wash",32.34611805206777,-111.98996099432608,Creek
"Suizo Wash",32.637587673153604,-111.00686422110694,Creek
"Tipperary Wash",32.72720808830872,-110.97445675479197,Creek
"Santa Cruz Wash",32.89675206842047,-111.85202833904279,Creek
"Greene Canal",32.590322239826286,-111.5669601288076,Creek
"Silver Reef Wash",32.64193003557952,-111.79775737732412,Creek
"Central Arizona Project Aqueduct",32.696753661444816,-111.4195083077539,Creek
"Santa Rosa Wash",32.95000633676106,-111.95750936359237,Creek
"Central Arizona Project Aqueduct",32.51590771111387,-111.24433426024842,Creek
"Olsen Wash",32.70164214901845,-111.02303876312777,Creek
"Big Wash",32.64652874902416,-110.86064932738434,Creek
"Owl Wash",32.51488512249497,-109.62221173530054,Creek
"W A Wash",32.5493585963746,-109.59167946498324,Creek
"Cottonwood Creek",32.94923421174129,-109.0971770568798,Creek
"Walnut Creek",32.242275622517454,-108.04466852428827,Creek
"Little Sycamore Creek",32.824423205612185,-108.84750653046395,Creek
"Mimbres River",32.283658843176916,-107.74874786439543,Creek
"Rio Grande",32.69633873088528,-107.2383485828102,Creek
"Piñon Wash",32.25728936073049,-105.09577988815637,Creek
"Eagle Creek",32.966241603610776,-105.20319162430613,Creek
"North Seven Rivers",32.65048378983624,-104.4031098258151,Creek
"Eagle Creek",32.818607413048596,-104.5043897917128,Creek
"Pecos River",32.156756791738204,-104.02201864208556,Creek
"Main Drain",33.9088822636823,-114.46405550785819,Creek
"French Creek",33.437904627680574,-114.02903559191232,Creek
"French Creek",33.591308638363586,-114.202087235469,Creek
"Italian Wash",33.727294523855704,-114.16353063863521,Creek
"Colorado River",33.2596681355123,-114.66695619263842,Creek
"Main Drain",33.82980831929655,-114.48530610593221,Creek
"Yaqui Wash",33.19694960035084,-113.95596582642362,Creek
"Bouse Wash",33.78613907855942,-113.90519846184107,Creek
"Central Arizona Project Aqueduct",33.939147298421126,-113.89934360574105,Creek
"Central Arizona Project Aqueduct",33.541580741604626,-113.05130540740544,Creek
"Deadman Wash",33.20502602829568,-113.44230693103904,Creek
"Central Arizona Project Aqueduct",33.5872017553496,-113.24006812151684,Creek
"Central Arizona Project Aqueduct",33.99391730393584,-113.92801121546593,Creek
"Gila River",33.188531563865425,-112.05957406682305,Creek
"Gila River",33.23490470035069,-112.12777381652846,Creek
"Winters Wash",33.55240436824643,-112.90932378934377,Creek
"Salt River",33.4221861948276,-112.07289581984779,Creek
"Jimmie Wash",33.77757293446648,-112.84370106115072,Creek
"Mill Wash",33.75152533250874,-112.82435498964254,Creek
"Box Wash",33.792553207045124,-112.76909478198685,Creek
"Twin Peaks Wash",33.93430622274282,-112.83289220465876,Creek
"Star Wash",33.78902440561336,-112.79664005317092,Creek
"Central Arizona Project Aqueduct",33.71872790604352,-112.54600133393943,Creek
"Grand Canal",33.50007240371849,-112.09869803034682,Creek
"Central Arizona Project Aqueduct",33.58466197199266,-112.92394426180229,Creek
"Phillips Wash",33.53288270452332,-112.80170956738777,Creek
"Gila River",33.31526357381528,-112.21235970497536,Creek
"Central Arizona Project Aqueduct",33.29743188778938,-111.52037051699969,Creek
"Central Arizona Project Aqueduct",33.03389447616678,-111.3523430391136,Creek
"Central Arizona Project Aqueduct",33.40878947824811,-111.61150664199462,Creek
"Central Arizona Project Aqueduct",33.094460618606405,-111.43010616999432,Creek
"Arizona Canal",33.50454175385732,-111.79428277154214,Creek
"Queen Creek",33.23976592642438,-111.63295738779533,Creek
"Florence Casa Grande Canal",33.04483711347625,-111.33918964966855,Creek
"Boggy Creek",33.82381711200659,-109.63457996391536,Creek
"Firebox Creek",33.88741351390995,-109.7645601956523,Creek
"Flash Creek",33.824416512941454,-109.62073376101927,Creek
"Salt Creek",33.24429685530414,-106.42242911201083,Creek
"San Antonio Ditch",33.85592826174288,-106.84822558086607,Creek
"Tularosa Creek",33.08587518040335,-106.09111636220857,Creek
"Three Rivers",33.32915288775163,-106.04117856740046,Creek
"Salt Creek",33.59597360662897,-104.49805651063473,Creek
"South Spring River",33.36158330247337,-104.46605542065295,Creek
"Rio Hondo",33.34512214779445,-104.86406030835367,Creek
"Illavar Wash",34.770095791441086,-114.0897503758227,Creek
"Central Arizona Project Aqueduct",34.1625849853825,-114.04654105164643,Creek
"Cave Wash",34.29399540416455,-113.9931777184706,Creek
"Colorado River",34.993616987109306,-114.6293812281555,Creek
"Hackberry Wash",34.26378838469104,-113.08186754520639,Creek
"Castaneda Wash",34.29586994078608,-113.93418244068053,Creek
"Spenser Wash",34.206320550577374,-113.55815956310802,Creek
"Little Colorado River",34.96052523387112,-110.46831149295055,Creek
"Little Colorado River",34.98456054835435,-110.6078377716094,Creek
"Clear Creek",34.8236769884418,-110.77193054045547,Creek
"Chevelon Creek",34.70514757646329,-110.70580685140223,Creek
"Little Colorado River",34.89790769963349,-110.16632555812133,Creek
"Milky Wash",34.71508449266188,-109.84155367590033,Creek
"Ninemile Wash",34.98463993633183,-109.72622327528451,Creek
"Sepulveda Creek",34.266439637650016,-109.69891287860382,Creek
"Zuñi River",34.65106610678993,-109.42972445316293,Creek
"Rio San Jose",34.89390420593554,-107.06099870722646,Creek
"Arroyo del Miranda",34.96659361394059,-107.10880458968741,Creek
"Arroyo Lucero",34.922196203526504,-107.17528213412774,Creek
"La Jencia Creek",34.18316576176815,-107.14739206956587,Creek
"Rio Puerco",34.947876818614674,-106.98251549466461,Creek
"Arroyo del Cuervo",34.69286761911113,-106.26725538519902,Creek
"Rio Grande Main Conveyance Channel",34.17786110753249,-106.88915301326759,Creek
"Rio Grande",34.77259044621869,-106.73258996773963,Creek
"Chupadera Arroyo",34.13116672632451,-106.40105957051236,Creek
"San Francisco Riverside Drain",34.4377214178872,-106.81005281719962,Creek
"Arroyo de Manzano",34.62388620920764,-106.25439317666562,Creek
"Abo Arroyo",34.47201096568679,-106.63751444922127,Creek
"Salas Arroyo",34.3377276041925,-106.78300487020994,Creek
"Arroyo de Anil",34.661146589834686,-104.23495513017939,Creek
"Taiban Creek",34.39435588551547,-104.13871968799707,Creek
"Arroyo Mora",34.06143202000673,-104.37774284981505,Creek
"Salado Creek",34.60000034701339,-104.85074399732096,Creek
"Truchas Creek",34.54555490616425,-104.21073331578961,Creek
"Apache Creek",34.97413387879298,-103.48965371796959,Creek
"Sand Creek",34.46896270767846,-103.93930518181628,Creek
"Tierra Blanca Creek",34.79746423969561,-102.4320492592905,Creek
"Tierra Blanca Creek",34.764883081193965,-102.79445393990636,Creek
"Tierra Blanca Creek",34.869520666811425,-102.13330406089557,Creek
"Tierra Blanca Creek",34.75620787423337,-102.90993416699133,Creek
"Tierra Blanca Creek",34.78354482859386,-102.59018496039643,Creek
"Tierra Blanca Creek",34.82340384768543,-102.35501430856584,Creek
"Capitol Wash",35.66999412605954,-114.76180731274815,Creek
"McGarrys Wash",35.131055654610044,-113.76399854691567,Creek
"Spring Valley Wash",35.50745686693665,-112.11077006475784,Creek
"San Francisco Wash",35.263791419057945,-111.2476596066522,Creek
"Lava Wash",35.68773424776166,-111.71121953581903,Creek
"Little Colorado River",35.41796651005845,-111.18306260655356,Creek
"Deadman Wash",35.48079043652286,-111.45099893159875,Creek
"Citadel Wash",35.58501125406438,-111.37592325929062,Creek
"Little Colorado River",35.34660450875197,-111.05067557423683,Creek
"Little Colorado River",35.188178364417944,-110.75437843358884,Creek
"Little Colorado River",35.25783970280731,-110.84683258408263,Creek
"Little Colorado River",35.04579073018022,-110.66483303928538,Creek
"Jeddito Wash",35.822492563906174,-110.0718044183495,Creek
"Jeddito Wash",35.55182436891005,-110.50221208163859,Creek
"Wepo Wash",35.80069393922167,-110.43276115657208,Creek
"Talahogan Wash",35.707446796202014,-110.38513067274017,Creek
"Jeddito Wash",35.64643592420224,-110.3435504583059,Creek
"Leroux Wash",35.08513906330246,-110.08765662379413,Creek
"Polacca Wash",35.68610631737533,-110.53076256679219,Creek
"Wide Ruin Wash",35.58829096773223,-109.47284067453238,Creek
"Figueredo Wash",35.8645085247763,-108.5742921786236,Creek
"Black Creek",35.72361622621618,-108.7948470133441,Creek
"Rinconada Creek",35.09167220219302,-107.6520189167779,Creek
"Cienega Creek",35.58281443452566,-105.99899319928943,Creek
"Cañada de Buey",35.83357519049435,-106.23473720712288,Creek
"Arroyo Seco",35.2439221646055,-106.3392443793932,Creek
"Rio Puerco",35.0828849069822,-106.94626676445208,Creek
"Bonanza Creek",35.56533063022981,-106.02248820286569,Creek
"Santa Fe River",35.648658841657074,-106.03993054797854,Creek
"Sapello River",35.73373623806394,-105.15328895792082,Creek
"Entrania Creek",35.81637316515504,-103.11882236657272,Creek
"Arroyo de la Cejita",35.836821542645126,-103.58131807621695,Creek
"Palo Duro Creek",35.03727394427929,-102.45628514898166,Creek
"Palo Duro Creek",35.03740255115022,-102.32610811795595,Creek
"Agua de Piedra Creek",35.33748690715861,-102.80566938812203,Creek
"Palo Duro Creek",35.03801648891749,-102.23707623126987,Creek
"Whitmore Wash",36.89870387895384,-114.58536680027719,Creek
"Laguña Creek",36.792577964765336,-109.96755148907971,Creek
"Tse-nas-chii Wash",36.28840636987317,-108.80891686650494,Creek
"Tseanazti Creek",36.08778987635835,-108.79831184643216,Creek
"Tuntsa Wash",36.19850716239779,-108.72275704054238,Creek
"Pajarito Creek",36.535084935933064,-108.82902449433298,Creek
"Brimhall Wash",36.371538603355,-108.44187039767893,Creek
"Jarocito Creek",36.98075320979188,-105.38997792344904,Creek
"Cimarron River",36.47019116688054,-104.83384981688644,Creek
"Van Bremmer Creek",36.562566452723,-104.75753400824084,Creek
"Salado Creek",36.35262962762954,-104.64341256332511,Creek
"Carrizo Creek",36.551797102422576,-103.87390373875456,Creek
"Seneca Creek",36.5826284614528,-103.5208819275016,Creek
"Spring Creek",36.7820767554857,-103.57827695787762,Creek
"Cedar Creek",36.41976882709884,-103.68532588380596,Creek
"Carrizo Creek",36.53319810189488,-103.83780779532998,Creek
"Carrizo Creek",36.18205603512556,-102.90246874762467,Creek
"Rita Blanca Creek",36.19946738561722,-102.64755748922794,Creek
"Beaver River",36.634800599104395,-102.43535647855406,Creek
"Carrizo Creek",36.057668889865504,-102.7704020394917,Creek
"Beaver River",36.58923533367465,-102.2934558400393,Creek
"Cottonwood Wash",37.55026733613114,-114.82832511440262,Creek
"Boulder Wash",37.69793795144818,-114.84294886662386,Creek
"Little Red Wash",37.8883259326017,-114.45064948095637,Creek
"Mud Creek",37.878895781665165,-110.81553377328832,Creek
"Warm Springs Creek",37.65996223488764,-110.60160850645714,Creek
"Colorado River",37.40755492744494,-110.74226010894841,Creek
"San Juan River",37.16688021947345,-109.8865757754891,Creek
"La Plata River",37.2279321453785,-108.04894372930127,Creek
"Ute Creek",37.14076776187788,-107.58840888904982,Creek
"Scoggin Arroyo",37.054067490991784,-107.46799485521332,Creek
"Monte Vista Canal",37.40661609366102,-106.09372138864899,Creek
"Rock Creek",37.483005843854684,-105.99447997319868,Creek
"Farmers Union Canal",37.721241382029525,-106.19185624525437,Creek
"La Jara Creek",37.279051011715694,-106.0416452978186,Creek
"La Jara Creek",37.32291042661469,-105.90201913727489,Creek
"La Jara Creek",37.370427307070905,-105.80066031868148,Creek
"Trinchera Creek",37.3761715215196,-105.57852166969802,Creek
"Rock Creek",37.46590564438126,-105.94527156036324,Creek
"Deadman Creek",37.885703918487515,-105.71315315121936,Creek
"Saguache Creek",37.94027957963592,-105.92817420424852,Creek
"Mustang Creek",37.9781524357787,-104.0796221881615,Creek
"Dry Creek",37.71345125485745,-103.15244314738409,Creek
"Johnny Creek",37.701982847404906,-103.24457250147964,Creek
"Rule Creek",37.71425525535396,-103.13575067651755,Creek
"Sand Arroyo Creek",37.33096664794803,-102.31097911163187,Creek
"Little Bear Creek",37.64626090669528,-102.14487210233075,Creek
"Wolf Creek",37.96514720616403,-102.39576452660674,Creek
"Shelton Creek",37.70279206503797,-102.96259763501821,Creek
"Willow Creek",38.016858399326054,-102.63291978760991,Creek
"North Fork Cimarron River",37.2292009042876,-102.21608127987652,Creek
"Two Butte Creek",38.019035828092925,-102.16143554387823,Creek
"North Bear Creek",37.694233912825744,-102.15627790997118,Creek
"Little Horse Creek",37.527621941046895,-102.36432914262294,Creek
"Two Butte Creek",37.90790754501093,-102.16504953333161,Creek
"Big Wash",38.88354047081495,-114.0488543873136,Creek
"East Ditch",38.499958888587884,-114.14959802772712,Creek
"Eph Creek",39.01763608443184,-114.96690204223282,Creek
"Lexington Creek",38.85514146928418,-114.03751771482327,Creek
"Johns Wash",38.7727261084694,-114.28592875201257,Creek
"Antelope Valley Wash",38.76735306433502,-113.973347492805,Creek
"Atchison Creek",38.18349240136019,-113.94452922002176,Creek
"Quartz Creek",38.41327853140854,-113.42170914621376,Creek
"Beaver River",38.99966137919182,-112.74207215118572,Creek
"Sevier River",38.17660131837624,-112.25902676059613,Creek
"Thompson Creek",38.659572256309616,-112.05413857499975,Creek
"Sevier River",38.70891979384613,-112.07910691936007,Creek
"Indian Creek",38.37155658135055,-112.63624978991184,Creek
"Bull Creek",38.331933642343145,-110.73630787344746,Creek
"Crooked Wash",38.91637157439522,-109.88029036417082,Creek
"Salt Wash",38.98253386312165,-109.68448053050334,Creek
"Thompson Wash",38.92183945018284,-109.77033874108076,Creek
"Crescent Wash",38.93253404790115,-109.82245775393251,Creek
"Thompson Wash",38.97987446093773,-109.71283146935882,Creek
"Floy Wash",38.9731755809962,-109.88656690493802,Creek
"Piney Creek",38.43867683491795,-108.12701227247514,Creek
"Dolores River",38.17425494758079,-108.91455547782509,Creek
"Cottonwood Creek",38.616708649686046,-108.25243298581086,Creek
"West Fork Dry Creek",38.403645896555474,-108.13396213749434,Creek
"Surface Creek",38.8437145660718,-107.96276728185097,Creek
"Cedar Creek",38.48536132681503,-107.83570321490538,Creek
"Horsefly Creek",38.30584203689665,-107.8412893968409,Creek
"Horsefly Creek",38.3982810489472,-107.842375073212,Creek
"Corral Creek",38.361771701115195,-106.99351768546762,Creek
"Goodwin Creek",38.10250742657069,-105.54321413460981,Creek
"Sixmile Creek",38.53242991215292,-105.15271089142124,Creek
"West Branch Steels Fork Horse Creek",38.76372061951924,-104.02478205754817,Creek
"Saint Charles River",38.24069964743602,-104.48882330333659,Creek
"Chico Creek",38.74038871599735,-104.54146497530093,Creek
"West Fork Red Creek",38.55388906313506,-104.93950724626129,Creek
"Apishapa River",38.10580592868452,-103.96949770950711,Creek
"Fort Lyon Storage Canal",38.20153517980892,-103.37080018003245,Creek
"Sand Arroyo",38.49252434279587,-103.56963025684915,Creek
"Horse Creek",38.20069956507485,-103.60192783446523,Creek
"Adobe Creek",38.30478293170154,-103.32014544595548,Creek
"Long Branch",38.9742624182224,-103.490036155781,Creek
"Fort Lyon Storage Canal",38.090225408873174,-103.71065858149936,Creek
"Fort Lyon Storage Canal",38.11672729005384,-103.54192421173927,Creek
"Steels Fork",38.60623401564585,-103.73969470877383,Creek
"Mustang Creek",38.916354852881746,-103.84659596630024,Creek
"Dead Horse Creek",38.418057787636684,-103.74790369050847,Creek
"Kicking Bird Canal",38.12693252648008,-102.9870564819786,Creek
"Pond Creek",38.43155779107332,-103.73180495450023,Creek
"Johns Creek",38.42663061356121,-103.36699680301294,Creek
"Lone Tree Creek",38.42835118763927,-103.7812426999558,Creek
"Fort Lyon Canal",38.136857589915145,-103.06660530213517,Creek
"Wild Horse Creek",38.156440584176295,-102.14167568535478,Creek
"Ladder Creek",38.825323686743815,-102.10536301121554,Creek
"South Ladder Creek",38.723608662735494,-102.23828383219491,Creek
"Rush Creek",38.43666359956384,-102.5543130116533,Creek
"Kicking Bird Canal",38.21099615077861,-102.79687364622748,Creek
"Kicking Bird Canal",38.17278300841916,-102.85342825614204,Creek
"Wild Horse Creek",38.78749923387597,-102.83298518101127,Creek
"South Ladder Creek",38.67592873377295,-102.0618369859944,Creek
"South Ladder Creek",38.73468065751997,-102.3531542617005,Creek
"Dry Creek",38.02853952947569,-102.71008620666497,Creek
"Big Spring Creek",38.87701385089066,-102.77635331041776,Creek
"Mud Creek",38.04440738987441,-102.85401204349674,Creek
"Granite Creek",39.74042205112339,-113.77512617511489,Creek
"Baker Creek",39.19475258010487,-113.93259913627914,Creek
"Old Channel Sevier River",39.17658965663119,-112.87330979732474,Creek
"Sevier River",39.534749539744034,-112.29228032660632,Creek
"Sevier River",39.391609703529895,-112.56766536420669,Creek
"Old Channel Sevier River",39.205853809003,-112.65934709208562,Creek
"Cherry Creek Wash",39.673390338423054,-112.52266912292464,Creek
"Sevier River",39.46629814958421,-112.05673947260186,Creek
"Beaver Creek",39.80916586846549,-110.98825409942111,Creek
"Huntington Creek",39.221022537525926,-110.91602394589907,Creek
"Cedar Creek",39.34852601839451,-110.92648856361778,Creek
"East Willow Creek",39.21894703174847,-109.59903294059666,Creek
"Eureka Creek",39.7762492531827,-108.40505335285008,Creek
"Fawn Creek",39.81037726167312,-108.35360854662306,Creek
"Government Highline Canal",39.112529570364956,-108.39502447220819,Creek
"Wet Swizer Creek",39.7947692507546,-108.47578617087746,Creek
"Black Sulphur Creek",39.790803052766655,-108.44482869680749,Creek
"Rifle Creek",39.56593640624922,-107.76354492273211,Creek
"Jefferson Creek",39.376683919335925,-105.79822106489145,Creek
"Rattlesnake Creek",39.67906193899868,-104.16071392439802,Creek
"First Creek",39.766961244929526,-104.73649046703827,Creek
"West Bijou Creek",39.80936408876441,-104.19379234670996,Creek
"First Creek",39.800340046974156,-104.78268994836799,Creek
"Wolf Creek",39.84327468346729,-104.34122978446422,Creek
"West Sand Creek",39.83444033947207,-104.47340368111072,Creek
"Kiowa Creek",39.9487747656355,-104.31654205751593,Creek
"Little Antelope Creek",39.89366170473577,-104.12839634147814,Creek
"Comanche Creek",39.767953541549076,-104.31106836977602,Creek
"Bijou Creek",40.021979927631286,-104.06341634063921,Creek
"Gordon Creek",39.663487812163204,-103.05658106227426,Creek
"Long Creek",39.104841289433196,-103.70676402041745,Creek
"Beaver Creek",39.89601914227413,-103.58264128045276,Creek
"Long Branch",39.14481043203265,-103.65118461131402,Creek
"Long Branch",39.078069695722135,-103.55739771592953,Creek
"North Fork Smoky Hill River",39.06593296894385,-102.40479070928998,Creek
"North Fork Smoky Hill River",39.10141231893226,-102.22829560417003,Creek
"Adler Creek",39.695943448053605,-102.5880214210229,Creek
"North Fork Smoky Hill River",39.14443053444632,-102.08749284124522,Creek
"Sandy Creek",39.19133494384634,-102.05895203929965,Creek
"Beaver Creek",39.295517939917104,-102.35458472208458,Creek
"North Fork Smoky Hill River",39.14431800396503,-102.04451476427137,Creek
"Turtle Creek",39.1203737989825,-102.06879163434773,Creek
"Sandy Creek",39.214306549569294,-102.01190803052137,Creek
"Hell Creek",39.49688674638508,-102.69178042448186,Creek
"South Beaver Creek",39.26130842228472,-102.03081137360576,Creek
"The Slough",40.843665011179624,-114.88417193238139,Creek
"Johnson Creek",40.86499927384601,-114.95859628252576,Creek
"Honeyman Creek",40.85494040605639,-114.96876628244954,Creek
"The Slough",40.818998814551975,-114.81758191559662,Creek
"Steele Creek",40.89778447814258,-114.95538395266566,Creek
"Three Spring Brook",40.69016165859978,-114.93899845385249,Creek
"Steele Creek",40.82182867617393,-114.88609112943399,Creek
"Nanny Creek",41.00763086129101,-114.47389621107483,Creek
"Pilot Creek",40.96144829739832,-113.96317504034295,Creek
"Old River Bed",40.06416747709247,-113.01644373586954,Creek
"Goggin Drain",40.81825109962987,-112.06961338297893,Creek
"Government Creek",40.10758769948042,-112.78988743174843,Creek
"Jordan River",40.77840383856939,-111.93854815121787,Creek
"Dry Creek",40.55900628980331,-111.82923096658931,Creek
"Dry Gulch Creek",40.49696954326896,-110.17789755358517,Creek
"Grizzly Creek",40.52972089388484,-106.41551540866452,Creek
"Placer Creek",40.88353167444268,-106.39053604817235,Creek
"Boxelder Creek",40.69726595143115,-105.00752644253295,Creek
"Boxelder Creek",40.76739595891668,-105.03043185569722,Creek
"Poudre Valley Canal",40.6780169385544,-105.14634347146807,Creek
"Little Thompson River",40.32069037554171,-104.90448943845898,Creek
"Little Dry Creek",40.059612138697226,-104.92420461229675,Creek
"Bijou Creek",40.24998696072576,-104.03587896086384,Creek
"Crow Creek",40.438955218737554,-104.5154121626293,Creek
"Riverside Intake Canal",40.33707714789828,-104.37651625186352,Creek
"Kiowa Creek",40.16923733946901,-104.16992678301618,Creek
"Kiowa Creek",40.22339015258226,-104.08726103746714,Creek
"Geary Creek",40.90835608279307,-104.49110794940444,Creek
"Antelope Creek",40.10960373935292,-104.0603217513464,Creek
"Antelope Creek",40.03104292566315,-104.10065455090889,Creek
"Crow Creek",41.00490030546306,-104.35851319635569,Creek
"Muddy Creek",40.05862540292138,-103.99653153020925,Creek
"Sand Arroyo Creek",40.13033315318238,-103.90871958413915,Creek
"Buck Creek",40.03321143500503,-103.48850200723925,Creek
"Brunker Creek",40.09446461175804,-102.9793325607064,Creek
"Sevenmile Creek",40.84765810148269,-103.19279110232212,Creek
"Camp Creek",40.27656660186685,-103.49594230395664,Creek
"Pawnee Creek",40.583243720345386,-103.3558706409259,Creek
"Lewis Creek",40.82353557501648,-103.05265366506563,Creek
"Beaver Creek",40.12643657490451,-103.5822977076212,Creek
"North Sterling Canal",40.71114108048242,-103.22386542522192,Creek
"Pawnee Creek",40.565322523345145,-103.27297981958074,Creek
"Pawnee Ditch",40.50453871058819,-103.3423158957235,Creek
"Cottonwood Creek",41.010475743479525,-102.92042878954419,Creek
"George Creek",40.854256488162285,-103.39968135204641,Creek
"North Sterling Canal",40.393858217377066,-103.4973849188166,Creek
"Beaver Creek",40.0555724306793,-103.58947963354028,Creek
"Surveyor Creek",40.27653352102701,-102.7305519227718,Creek
"Spring Creek",40.8106261768387,-102.05418162341653,Creek
"Surveyor Creek",40.3184156657504,-102.65522644325895,Creek
"Sand Creek",40.842703025466754,-102.36675283626975,Creek
"North Fork Frenchman Creek",40.62101117729061,-102.61999093704551,Creek
"Frenchman Creek",40.576417998037506,-102.22945277041931,Creek
"Wildhorse Creek",40.693371998357605,-102.45401243887763,Creek
"North Fork Frenchman Creek",40.60428212647902,-102.35745987111258,Creek
"North Fork Frenchman Creek",40.61404011840252,-102.48837510367588,Creek
"Patent Creek",40.43667516505707,-102.41772239947123,Creek
"Sandy Creek",40.52931050945755,-102.46024208694631,Creek
"Surveyor Creek",40.19659143149389,-102.90063395347536,Creek
"Sand Creek",40.82684616214591,-102.29847301748455,Creek
"Bull Camp Creek",41.51574247781031,-114.88456296188083,Creek
"Barnet Springs Creek",41.12629672451781,-114.65682792956794,Creek
"Pole Creek",41.39772813238297,-114.88935394599656,Creek
"Montello Creek",41.27154730557244,-114.24922367278816,Creek
"Indian Creek",41.81573071555028,-113.17362714351708,Creek
"Rio Buenaventura Canal",41.25188819829534,-113.07920671077343,Creek
"George Creek",41.988611634070466,-113.56210324571195,Creek
"Black Hills Creek",41.82145242110857,-113.52122421270195,Creek
"Bear River",41.639183517312155,-112.12628937636984,Creek
"Hansel Valley Wash",41.80182035892073,-112.63980543559168,Creek
"Kays Creek",41.05783266748441,-111.96641559457383,Creek
"Malad River",41.66853511760173,-112.15588218613271,Creek
"Malad River",41.7299727246812,-112.14958039369003,Creek
"Burch Creek",41.16577474787441,-111.93932380469035,Creek
"Bear River",41.901718236341054,-111.00106198376322,Creek
"Bridger Creek",41.769507286748556,-111.02445296933259,Creek
"Shute Creek",41.889498905637446,-110.12690899960039,Creek
"Black Rock Creek",41.88754723214622,-108.54098199300446,Creek
"Halleck Creek",41.683508030705624,-106.52831371801967,Creek
"Dry Creek",41.55097580086593,-106.71731280916534,Creek
"Medicine Bow River",41.91834481646166,-106.22396014830484,Creek
"Rattlesnake Creek",41.684844551382696,-106.6979744230402,Creek
"Fish Creek",41.64819703253838,-106.44453469385809,Creek
"Rock Creek",41.910487827102685,-106.08336351513583,Creek
"Rock Creek",41.90161248909079,-106.1237801234568,Creek
"Wagonhound Creek",41.68621044781359,-106.31645947045415,Creek
"Medicine Bow River",41.65118196888705,-106.41453895505066,Creek
"Rock Creek",41.877005702858675,-105.91253120437776,Creek
"Shanton Creek",41.553575637255605,-105.35236669948301,Creek
"Little Laramie River",41.42108498514113,-105.81797152219156,Creek
"Fourmile Creek",41.478849055391564,-105.86859600690896,Creek
"Rock Creek",41.819147295626735,-105.9068940622969,Creek
"Lodgepole Creek",41.15837013777361,-104.19678851190585,Creek
"Horse Creek",41.5340135794809,-104.30219565126828,Creek
"Muddy Creek",41.10334093347749,-104.16276969672117,Creek
"Fort Laramie Canal",41.820447764192984,-104.1250968481784,Creek
"Horse Creek",41.771290815423114,-104.24723666983802,Creek
"Crow Creek",41.07435731266233,-104.39090881307115,Creek
"Fox Creek",41.70538538664972,-104.51169705721793,Creek
"Muddy Creek",41.11706673893699,-104.11177008602371,Creek
"Fort Laramie Canal",41.882791433632214,-104.18862760491616,Creek
"North Platte River",41.687565431073864,-103.16439117305188,Creek
"Mitchell and Gering Canal",41.921282457946596,-103.93598221615395,Creek
"Pumpkin Creek",41.602355873576634,-103.15792778882383,Creek
"Pumpkin Creek",41.581331458054784,-103.33076236141125,Creek
"Rush Creek",41.32771424550934,-103.02239745462207,Creek
"Pumpkin Creek",41.58525300815111,-103.10226270632525,Creek
"Wildhorse Drain",41.806388286916906,-103.3412447930695,Creek
"Pumpkin Creek",41.653297377367544,-103.6475595120807,Creek
"Pumpkin Creek",41.59903719729223,-103.27559881622865,Creek
"Rush Creek",41.36717917768849,-103.12090054887341,Creek
"Belmont Canal",41.67413228164765,-103.17082693526837,Creek
"Pumpkin Creek",41.62519018384401,-103.50696160841989,Creek
"Deep Holes Creek",41.58617222083076,-102.93688693322812,Creek
"South Platte River",41.06202049803129,-102.05962521683637,Creek
"Rush Creek",41.26366899713857,-102.6505812233682,Creek