name,lat,lng,category
"Oliver Reservoir",41.2250757388339,-103.82010098488594,Lake
"Cochran Lake",41.76987006405783,-103.54121030471141,Lake
"Winters Creek Lake",41.95566963754345,-103.52617108730527,Lake
"Lake Alice",41.99066464529442,-103.61585739312477,Lake
"Lake Minatare",41.93926629271354,-103.4956254826904,Lake
"Lake Alice Number Two",41.97265015830604,-103.57996057275308,Lake
"Murray Lake",41.72598831405029,-103.9243364749472,Lake
"Merrill Lake",41.89274936618227,-102.51464854386799,Lake
"Heskett Lake",41.82446032451204,-102.4176719815069,Lake
"Maverick Lake",41.823234586985166,-102.38671070037637,Lake
"Bluebaker Lake",41.91472783884573,-102.422630662001,Lake
"Crescent Lake",41.695898179125734,-102.41025372652408,Lake
"Clark Lake",41.84733006842599,-102.69649043977942,Lake
"Ashburger Lake",41.838008933526964,-102.44253711247961,Lake
"Alkali Lake",41.91950817510713,-102.06184793834838,Lake
"Blue Lake",41.70927911874911,-102.43483178284305,Lake
"Ramsay Lakes",41.85014053408511,-102.46442494448634,Lake
"Hills Lake",41.96572530181976,-102.54867929084467,Lake
"Breman Lake",41.86541894282662,-102.47424563221037,Lake
"Old Ladys Lake",41.85869763084237,-102.53467785623411,Lake
"Belle Lake",41.95054349705219,-102.4460811681267,Lake
"Clough Lake",41.91493464848377,-102.5656604205941,Lake
"East Valley Lake",41.8730534099161,-102.68715414584962,Lake
"Moffit Lake",41.80795982171963,-102.65275322599926,Lake
"Twin Lake",41.716225662847926,-102.54019210130309,Lake
"Long Lake",41.76147562348483,-102.5941560119725,Lake
"Island Lake",41.738198772580965,-102.39410799817013,Lake
"Storm Lake",41.85614570718385,-102.73812357789602,Lake
"Cane Lake",41.910240952964,-102.70866791029582,Lake
"Goose Lake",41.78178794699269,-102.4479330466505,Lake
"Sandbeach Lake",41.88722390372305,-102.4399712269202,Lake
"Black Steer Lake",41.7567093642448,-102.31104028766377,Lake
"Whitehead Lake",41.918781550474215,-102.50106961037999,Lake
"Schoonover Lake",41.97812952023273,-102.47452153205155,Lake
"Richardson Lake",41.91210680598192,-102.67092391118153,Lake
"Grubny Lake",41.902478319258364,-102.73267059889406,Lake
"Stockholm Lake",41.987605411670366,-102.40386656801832,Lake
"Alkali Lake",41.817092060075076,-102.5954228262758,Lake
"East Hill Lake",41.86271271298326,-102.3410039362195,Lake
"Patterson Lakes",42.00324889823747,-102.37997031786479,Lake
"E Kincaid Lake",41.925743478837106,-102.15167314213858,Lake
"Hackberry Lake",41.73058884796411,-102.43441201520223,Lake
"Swan Lake",41.72009797575397,-102.49677124278963,Lake
"Townsend Lake",41.98225741696955,-102.24853553848804,Lake
"Ryan Lake",41.94175827369067,-102.69083811534111,Lake
"Sturgeon Lake",41.990903478072966,-102.66819512384372,Lake
"Foster Lake",41.88705675566511,-102.46561300844152,Lake
"Madison Lake",41.81807694863058,-102.43634800997714,Lake
"Deer Lake",41.73904268782988,-102.30365312240754,Lake
"Johnson Lake",41.90139230569976,-102.67040477728082,Lake
"Dipping Vat Lake",41.9250692270518,-102.11725663323834,Lake
"Home Valley Lake",41.88033915345993,-102.6442027799796,Lake
"Rockford Lake",41.977283758586395,-102.30563272028816,Lake
"Groves Lake",41.882785810803085,-102.06388244616187,Lake
"Marys Lake",41.919275054436284,-102.44392957996727,Lake
"Bean Lake",41.77145616164396,-102.5323150921816,Lake
"Goose Lake",41.85010483071979,-102.72722009550844,Lake
"Melis Lake",41.867576504910495,-102.44282927545952,Lake
"Dominick Lake",41.97279249755661,-102.00793964352229,Lake
"Rogers Lake",41.89373308935203,-102.49212428754461,Lake
"Wolf Lake",41.805169549121864,-102.35148818186168,Lake
"Blue Stem Lake",41.97648562027465,-102.67190387905586,Lake
"McCarthy Lake",41.958480326266546,-102.70299087904431,Lake
"Wilson Lake",41.812598297567405,-102.61406299727047,Lake
"Gimlet Lake",41.756865824691396,-102.43715732658708,Lake
"Longfellow Lake",41.95170047783721,-102.06157895155187,Lake
"Jordan Lake",41.89224740552174,-102.54430499930878,Lake
"Roland Lake",41.98510688243031,-102.4202300572888,Lake
"Home Lake",41.96225143362958,-102.6622485630537,Lake
"Beck Lake",41.94205231635217,-102.54820395174778,Lake
"Roundup Lake",41.75190392708679,-102.41204852203995,Lake
"Sand Lake",41.789018712258176,-102.66855236553475,Lake
"Jerry Lake",41.90198707804302,-102.22607175717502,Lake
"Miles Lake",41.95589407092205,-102.62578370563637,Lake
"Whitehead Lake",41.82832597015081,-102.50318633808261,Lake
"Britton Lake",41.82052758579069,-102.24550494840213,Lake
"Crane Lake",41.72652648411401,-102.37397442607468,Lake
"Gaff Lake",41.77959757879248,-102.38715377829091,Lake
"West Hill Lake",41.86738427473071,-102.35556966727648,Lake
"Cricket Lake",41.94880771851708,-101.81858941520458,Lake
"Sand Puddin Lake",41.69925082173756,-101.638746866672,Lake
"Egan Lake",41.87286392198094,-101.60899819315279,Lake
"Bucktail Lake",41.49826012136364,-101.43750847578286,Lake
"Sand Beach Lake",41.6801349441576,-101.35318329178287,Lake
"Jefford Lake",41.754991142338895,-101.29258295005172,Lake
"Carr Lake",41.96759857293702,-101.42349862772198,Lake
"Brown Lake",41.687029875697405,-101.39812421006683,Lake
"Haythorn Lake",41.5377369699195,-101.75326314670934,Lake
"Whitewater Lake",41.65739595572454,-101.3559167458028,Lake
"Coyote Lake",41.632950598800086,-101.41564991592088,Lake
"Split Lake",41.87901454249873,-101.70397253289923,Lake
"Dry Lake",41.665328001804326,-101.28884144813684,Lake
"Bunner Lake",41.927265839214705,-101.60346298552797,Lake
"Threemile Lake",41.644600714656605,-101.49873173697267,Lake
"Sutherland Reservoir",41.10025825015021,-101.13820907816574,Lake
"K C Lake",41.65859128463924,-101.65710004272034,Lake
"Box Lake",41.671257438567565,-101.44985652591998,Lake
"George Lake",41.983899905534734,-101.83240703456224,Lake
"Beem Lake",41.99824179655946,-101.7309936839556,Lake
"Reid Lake",41.63539867419778,-101.3946686763583,Lake
"Swan Lake",41.733569755372514,-101.47801768423791,Lake
"Diamond Bar Lake",41.50939783613568,-101.31331091854987,Lake
"Ogallala Lake",41.220136455455,-101.65935421632906,Lake
"Bean Soup Lake",41.670433623095064,-101.6075967530043,Lake
"Round Lake",41.94697903380972,-101.62124856949316,Lake
"Negro Lake",41.95946096271633,-101.63693904099507,Lake
"Alkali Lake",41.96855755171292,-101.80607006852463,Lake
"Lake McConaughy",41.24171262780831,-101.77618134156938,Lake
"Threemile Lake",41.643222826761644,-101.49651553426538,Lake
"Spring Valley Lake",41.844563617161576,-101.63077218925868,Lake
"Swede Lake",41.87962799936159,-101.95061124796358,Lake
"Cogill Lake",41.79521682819495,-101.51558629842276,Lake
"Pratt Lake",41.89921018455161,-101.6205460875412,Lake
"Tarbox Lake",41.51327750175048,-100.39702781727745,Lake
"Hershey Lake",41.135259769150004,-100.9912673331682,Lake
"Lake Maloney",41.035728734985845,-100.77918507838426,Lake
"Mudd Lake",41.65045661253463,-100.43466193890973,Lake
"Nichol Lake",41.99116677673773,-99.22988036153991,Lake
"Calamus Reservoir",41.87511263431069,-99.26766059954008,Lake
"Bredthauer Reservoir",41.5217489597193,-98.85968151108854,Lake
"Davis Creek Reservoir",41.43069211929292,-98.76851183813065,Lake
"Sherman Reservoir",41.31810769079102,-98.89851421309504,Lake
"Lake North",41.49030590105145,-97.35398779873832,Lake
"Wagners Lake",41.42219838803494,-97.38515229555237,Lake
"Lake Babcock",41.49065871970785,-97.374664301415,Lake
"Maskenthine Reservoir",41.98163282225576,-97.23677026455118,Lake
"Medelmans Lake",41.999882613325696,-97.41815373701169,Lake
"Glenn Cunningham Lake",41.349308425894684,-96.05298807844149,Lake
"Lonergan Lake",41.376467001837426,-96.03444297725937,Lake
"DeSoto Lake",41.52362845313185,-96.01695654715394,Lake
"Legge Lake",41.444092903767284,-96.71685590939083,Lake
"Zorinsky Lake",41.22088173357228,-96.17379408341111,Lake
"Czechland Lake",41.326730575446156,-96.82219612183275,Lake
"Wolf Lakes",41.44219198347501,-96.73733209919219,Lake
"Meadow Lake",41.445964042035094,-96.61359610733267,Lake
"Riverside Lakes",41.25541834676146,-96.26805124328898,Lake
"Lake Wanahoo",41.24685586262237,-96.61214379879382,Lake
"Memphis Lake",41.10314824748236,-96.44414363576169,Lake
"Horseshoe Lake",41.63168329681119,-96.0566933630115,Lake
"Wehrspann Lake",41.163787735274184,-96.15472549070455,Lake
"Woerdeman Lake",41.957007135865624,-96.90692813159365,Lake
"Johnson Creek Reservoir 22-A",41.180268430933225,-96.41605114888777,Lake
"Newport Landing Lake",41.370820480728206,-96.18838434200266,Lake
"Wildwood Lake",41.03957953335116,-96.84432378872728,Lake
"Walnut Creek Lake",41.13853760205386,-96.06876117411257,Lake
"Summit Lake",41.759986600072644,-96.29032671568298,Lake
"Victory Lake",41.44216147804413,-96.54891462347967,Lake
"Peanut Creek Reservoir 57-A",41.034720638250576,-96.91457104374183,Lake
"Rainbow Lake",41.42272103866079,-96.51479759219207,Lake
"Standing Bear Reservoir",41.313667477961225,-96.13057130502247,Lake
"Leisure Lake",41.42738766886917,-96.53560255873364,Lake
"Big Sandy Lake",41.123943738509794,-96.33670265629395,Lake
"Horseshoe Lake",41.8538538938791,-96.73361437225988,Lake
"Lake Quinnebaugh",41.947235792332805,-96.17633787723986,Lake
"Snus Lake",42.7540254194986,-103.22107412780163,Lake
"Norman Reservoir",42.85915676562858,-103.54002416203069,Lake
"Lone Tree Reservoir",42.918233046814684,-103.32132028505895,Lake
"Whitney Lake",42.788516740908605,-103.30558431754385,Lake
"Box Butte Reservoir",42.459387249936306,-103.11775779777061,Lake
"Pilster Reservoir",42.84347619732316,-103.32214422821747,Lake
"Moody Reservoir",42.87638050969853,-103.50442395348529,Lake
"Norman Reservoir Number 3",42.85062124074341,-103.55298145167652,Lake
"Jordan Reservoir",42.833249760417814,-103.87951941021939,Lake
"Kilpatrick Lake",42.09185467173007,-103.29516722339275,Lake
"Hebbert Lake",42.373903663548425,-102.05635961328782,Lake
"Walters Lake",42.172141942291006,-102.24674197586822,Lake
"Kennedy Lake",42.10511502282851,-102.24775175831547,Lake
"Bunger Lake",42.3742761612399,-102.19227426209407,Lake
"Joe Lake",42.21013312971693,-102.60602231834208,Lake
"Snow Lake",42.13689504833285,-102.45406379481797,Lake
"Hancock Lake",42.05807008233064,-102.44329140327018,Lake
"Smith Lake",42.44170339929684,-102.11957440344747,Lake
"Peter Long Lake",42.21896383081894,-102.47446955381865,Lake
"Dillmans Lake",42.08587095359674,-102.22304699598548,Lake
"Dads Lake",42.988476463588434,-102.05874898415908,Lake
"Chain of Lakes",42.003643314316236,-102.4423269445873,Lake
"Goose Lake",42.26120342603466,-102.50252118890671,Lake
"Roethler Lake",42.18392706895258,-102.24936459807256,Lake
"Cook Lake",42.06942590656134,-102.44065489777934,Lake
"Hiers Lakes",42.03351888688902,-102.56449807582173,Lake
"Joy Lake",42.25134518777379,-102.47487984541783,Lake
"Spring Lake",42.45313808529209,-102.12997911103866,Lake
"Watson Lake",42.1821698237972,-102.16113030028299,Lake
"Palmer Lake",42.09111726698829,-102.59356180841394,Lake
"Bennett Lake",42.204232189458814,-102.57649213685664,Lake
"Wickson Lake",42.16045631372913,-102.59136664688674,Lake
"Arnold Lake",42.160181854762314,-102.24252988141986,Lake
"Long Lake",42.24811027044271,-102.60347998920233,Lake
"Gaunt Lake",42.01903593962446,-102.21700687660052,Lake
"Frye Lake",42.98923694869221,-102.1191865230551,Lake
"School Section Lakes",42.13763805164193,-102.58220257199186,Lake
"White Lake",42.17473873927614,-102.36006594319657,Lake
"Jennings Lake",42.21380898193168,-102.25728883182464,Lake
"Thompson Lake",42.08219862172594,-102.42080778615966,Lake
"Harris Lake",42.06164117848536,-102.39155390890411,Lake
"Berry Lake",42.03315610283973,-102.21686604925839,Lake
"Walgren Lake",42.6380014315895,-102.62746549296891,Lake
"Sandow Lake",42.13239406364326,-102.30008452600399,Lake
"Smith Lake",42.40641040152152,-102.45204926574377,Lake
"Haines Lake",42.084993223265684,-102.26511722844997,Lake
"Bower Lake",42.102043139958155,-102.5841720408325,Lake
"Billys Lake",42.44548709276784,-102.08527483332661,Lake
"Hoover Lake",42.97769226364477,-102.09955422574723,Lake
"Dillings Lake",42.25568660219036,-102.57829462028661,Lake
"Tin Can Lake",42.13789639515334,-102.25893354387347,Lake
"Simondson Lake",42.1225784947606,-102.47974087714228,Lake
"Reid Lake",42.029081430697424,-102.32001338389482,Lake
"O Brien Lake",42.16720508132392,-102.29177039667093,Lake
"Dennis Lake",42.12598112566349,-102.40081818882115,Lake
"Osborne Lake",42.39883225933273,-102.09172909370231,Lake
"Granning Lake",42.18767225304605,-102.12468721830386,Lake
"Log Cabin Lake",42.89026902376579,-102.00201685151916,Lake
"Round Lake",42.42541354044407,-102.18385956445866,Lake
"Willy Lake",42.011109355714446,-102.07016611848572,Lake
"Powell Lake",42.995988358124166,-102.08433649950807,Lake
"Shell Lake",42.92163311047781,-102.03750793445998,Lake
"Cravath Lake",42.34770604394851,-102.4570769705943,Lake
"Short Lake",42.31522619039144,-102.03426256503327,Lake
"Patton Lake",42.12575508815352,-102.31851220746647,Lake
"Lily Lake",42.09767923820994,-102.57334268280246,Lake
"McCarty Lake",42.0075688557451,-102.10485242693468,Lake
"Thompson Lake",42.97061564742398,-102.08521607784039,Lake
"School Section Lake",42.18551148094778,-102.51554501486146,Lake
"Jesse Lake",42.115367342760855,-102.64466563366796,Lake
"Alkali Lake",42.91087093910512,-101.9958074526043,Lake
"Gem Lake",42.43177733767588,-101.99903071253401,Lake
"Krause Lake",42.207763384837165,-102.62219039700354,Lake
"White Clay Lake",42.99976870299743,-102.56640269567522,Lake
"Tree Claim Lake",42.196578437324405,-102.58407005594475,Lake
"Potash Lake",42.072884442279104,-102.57779798866655,Lake
"Shubert Lake",42.07753717953384,-102.31645710396423,Lake
"Lane Lake",42.05864915399058,-102.52906264794832,Lake
"Dolly Warden Lake",42.433886343499616,-102.15944724796229,Lake
"Sewer Lake Number 1",42.052681551204955,-102.76219724020689,Lake
"Isham Reservoir",42.91232935318551,-102.78313758984616,Lake
"Welsh Lake",42.08959776729503,-102.3852352472098,Lake
"Louden Lake",42.079134451875284,-102.20449098672381,Lake
"Black Lake",42.11036214049606,-102.3389294910444,Lake
"Home Lake",42.302209623958156,-102.04079694819576,Lake
"Twin Lakes",42.24455663350062,-102.64046961451554,Lake
"Wilson Lake",42.07015596382962,-102.52095838465189,Lake
"Bean Soup Lake",42.30463952144943,-102.00930029906334,Lake
"Star Lake",42.254010311367956,-102.2456058575763,Lake
"Mulhall Lake",42.09695280974695,-102.4767280276485,Lake
"Diamond Lake",42.28261724810495,-102.4763021444582,Lake
"Wilkinson Lake",42.2318844070405,-102.53056000237244,Lake
"McFall Lake",42.03167124858935,-102.47216905707084,Lake
"Chokecherry Lake",42.53522287758854,-102.07087793771025,Lake
"Twin Lakes",42.31724133822629,-102.46748199197519,Lake
"Floyd Lake",42.0198836397438,-102.43526646030206,Lake
"Strong Lake",42.01815294203549,-102.47377911128818,Lake
"Rush Lake",42.96541202033071,-102.1115053342262,Lake
"Skunk Lake",42.286938996333596,-102.52302504553262,Lake
"Nye Lake",42.17798419996355,-102.4526380263716,Lake
"Jacobs Lake",42.40768454687547,-102.11345163651552,Lake
"Hupp Lake",42.46021638888288,-102.08414245411686,Lake
"Kern Lake",42.48872708543859,-102.08700704582843,Lake
"Forester Lake",42.00557411540909,-102.59026517927147,Lake
"Pelican Lake",42.42925907190096,-101.64499548341323,Lake
"Spall Lake",42.957493581660586,-101.88348970926226,Lake
"Downing Lake",42.2529778296423,-101.8949945493069,Lake
"Alkali Lake",42.268175576897,-101.36436030499999,Lake
"South Twin Lake",42.12973496411927,-101.80930007738134,Lake
"Jim Lake",42.20479159975716,-101.90573611871594,Lake
"Merritt Reservoir",42.60896707028433,-100.91189639302063,Lake
"Rat Lake",42.458682815015536,-101.47729887275848,Lake
"Flowing Well Lake",42.35110647744671,-101.23960137036607,Lake
"North Twin Lake",42.14033995413831,-101.81199375030705,Lake
"Rat Lake",42.94371349939911,-101.85182968592069,Lake
"West Twin Lake",42.40396372173793,-101.4432793350671,Lake
"Medicine Lake",42.725696386423266,-101.42699853820464,Lake
"Fawn Lake",42.43553779688675,-101.91189660299638,Lake
"Coffee Lake",42.16199470576451,-101.7888162488656,Lake
"Middle Lake",42.42003376719421,-101.87827057472519,Lake
"Cottonwood Lake",42.411280375780684,-101.69816809514056,Lake
"Vaughn Lake",42.38616084953478,-101.73933445905439,Lake
"Piester Lake",42.390945055281954,-101.69471562585935,Lake
"Hibbler Lake",42.03966438199578,-101.90248170883297,Lake
"Big Buck Lake",42.211743843661104,-101.82039141177594,Lake
"Green Lake",42.483463295278625,-101.05867765296847,Lake
"Castle Lake",42.097651256194204,-101.86403846026924,Lake
"Evy Lake",42.49063816714495,-101.45935529522903,Lake
"Tony Lake",42.26025221893999,-101.94207228146178,Lake
"Red Willow Lake",42.352341098857195,-101.44955682055301,Lake
"Cottonwood Lake",42.9140758992473,-101.67619040709951,Lake
"Mud Lake",42.42727415652836,-101.40057222317259,Lake
"Soda Lake",42.117775920609006,-101.78499020393083,Lake
"Schoolhouse Lake",42.686694816711835,-101.26035420884075,Lake
"Revere Lake",42.03227957209,-101.73561455320252,Lake
"Goose Lake",42.97897117587786,-101.57422986561532,Lake
"Murphy Lake",42.37861008045571,-101.60890271557867,Lake
"Marsh Lake",42.30473974695553,-101.00095378284155,Lake
"Turpin Lake",42.405994731529866,-101.87350736492695,Lake
"Bos Lake",42.281635728629105,-101.95645070689723,Lake
"Hill Lake",42.29983876684489,-101.5253376782649,Lake
"Twomile Lake",42.67346357490817,-101.2646232541143,Lake
"Long Lake",42.209475209116256,-101.8672930315649,Lake
"Dipping Vat Meadow",42.2286402043282,-101.91889243274626,Lake
"Round Lake",42.4288455821016,-101.56102927047182,Lake
"Shaup Lake",42.70429579110023,-101.32217402777333,Lake
"Mud Lake",42.920663635487735,-101.88257183392794,Lake
"Roseberry Lake",42.36997344338335,-101.32952346892624,Lake
"Doc Lake",42.03207109169704,-101.54081463773556,Lake
"Goose Lake",42.17200794534754,-101.80665791014486,Lake
"Shigley Lake",42.229039216023075,-101.900324349569,Lake
"Ell Lake",42.40578342052553,-101.82635802412186,Lake
"Steve Lake",42.399358236791706,-101.80281512118586,Lake
"Speck Lake",42.32862807841653,-101.28098540383434,Lake
"Card Lake",42.297462471883364,-101.91528094845266,Lake
"Spring Lake",42.38233094801389,-101.66119502795969,Lake
"Mother Lake",42.149861354174554,-101.84116745860572,Lake
"Indian Lake",42.27285686160162,-101.88170960123651,Lake
"Tree Claim Lake",42.44893289824133,-101.6543868941002,Lake
"Wolf Lake",42.444028411542234,-101.45719439706053,Lake
"Winslow Lake",42.991948679891536,-101.44903294725145,Lake
"Speckel-Meir Lake",42.34587276368237,-101.37337606507981,Lake
"Cotton Lake",42.3630831750026,-101.5482430154471,Lake
"Coleman Lake",42.36884114327803,-101.16204347058745,Lake
"S B Lake",42.98244270099459,-101.53264277774801,Lake
"Bornemann Lake",42.673254753436694,-101.85291647127804,Lake
"Goose Lake",42.447789485181985,-101.60719506202463,Lake
"Little Dad Lake",42.27513078872749,-101.97924446022267,Lake
"North Twin Lake",42.91148361151901,-101.9660136253319,Lake
"Rat Lake",42.4702949007467,-101.93649033764193,Lake
"Alkali Lake",42.249217744916585,-101.95229564214273,Lake
"White Willow Lake",42.35533620729233,-101.41483408720522,Lake
"Frye Lake",42.019820875691906,-101.73972142539212,Lake
"Jack Rabbit Lake",42.36625556214611,-101.38289898532108,Lake
"Sunflower Lake",42.1683540639152,-101.6187341256039,Lake
"Moore Lake",42.44232178558071,-101.96453507108677,Lake
"Krumpf Lake",42.131757783662394,-101.62493338069946,Lake
"Home Valley Lake",42.43058102087305,-101.67475216799106,Lake
"Clubhouse Lake",42.9640621019218,-101.50743079206491,Lake
"Carpenter Lake",42.9447621294363,-101.95489164510775,Lake
"Goose Lake",42.69439789970141,-101.28369959630591,Lake
"Three Lakes",42.093177511229065,-101.70955100986825,Lake
"Collier Lake",42.305618026636054,-101.45740806874036,Lake
"Gay Lake",42.87552219061727,-101.91616999317085,Lake
"School Section Lake",42.238006741152546,-101.98671387088538,Lake
"South Twin Lake",42.902251167194926,-101.96439578817356,Lake
"Cody Lake",42.99454096055535,-101.2494967965101,Lake
"Fish Lake",42.425822777536396,-101.52473139122503,Lake
"Bristol Lake",42.32964625953379,-101.76498553018367,Lake
"Silver Lake",42.40233318928906,-101.5948717987474,Lake
"Devils Punch Bowl Lake",42.489811217926466,-100.70425493213463,Lake
"Pelican Lake",42.52578031424192,-100.66766512620512,Lake
"Clapper Marsh",42.33785460430789,-100.1045066535219,Lake
"Lone Tree Lake",42.4986124330553,-100.84376440410567,Lake
"Chamberlain Swamp",42.3669910925346,-100.50770351017331,Lake
"Pony Lake",42.487037196599886,-100.51083700610874,Lake
"North Marsh Lake",42.53641516326857,-100.51221207073218,Lake
"Mule Lake",42.48526551202838,-100.67770609983654,Lake
"Dewey Lake",42.54438026176883,-100.63249646683444,Lake
"Philbrick Lake",42.299554128850595,-100.06864134730034,Lake
"Twin Lakes",42.48255643585381,-100.97800747832261,Lake
"Red Deer Lake",42.565540453281834,-100.48934842577398,Lake
"Twentyone Lake",42.46896880638004,-100.45452463420324,Lake
"Skull Lake",42.41844710228076,-100.30173146540199,Lake
"Ballards Marsh",42.59256185123711,-100.55304971644964,Lake
"Trout Lake",42.57983641304389,-100.6096908379856,Lake
"Square Lake",42.435977009062285,-100.8876365354039,Lake
"Skull Lake",42.307485893285225,-100.15488291589678,Lake
"School Lake",42.52666260844938,-100.60952542021025,Lake
"Lowes Lake",42.255574858202465,-100.81357785629051,Lake
"Swan Lake",42.23591499635718,-100.76641339530748,Lake
"Watts Lake",42.577147774464706,-100.68610642851941,Lake
"Hay Lake",42.56666311882731,-100.55110030744316,Lake
"Long Lake",42.2902616990435,-100.09618670306878,Lake
"North Twin Lake",42.322113600381996,-100.12153745846226,Lake
"Alkali Lake",42.38802618061252,-100.10058470138304,Lake
"Dads Lake",42.49246139080563,-100.64719995915432,Lake
"Ell Lake",42.64584757768434,-100.55169103043721,Lake
"Hudson Lake",42.67587612725082,-100.69971829688632,Lake
"Diamond Lake",42.224545085716365,-100.03507275024457,Lake
"Big Alkali Lake",42.62874283925693,-100.61390693915104,Lake
"Horseshoe Lake",42.278841739969785,-100.73461208792169,Lake
"Duck Lake",42.247173655045906,-100.64980800233708,Lake
"Enders Lake",42.261920897018456,-100.0920900593552,Lake
"Whitewater Lake",42.532395946444865,-100.64132154199369,Lake
"Vrender Swamp",42.44224209992954,-100.60528346493135,Lake
"Lost Lake",42.48871472276748,-100.59066430589213,Lake
"McKeel Lake",42.532514815867074,-100.5915864101921,Lake
"Rat Lake",42.2799050347126,-100.11431093033133,Lake
"Willow Lake",42.23643617115898,-100.07986916816844,Lake
"Hackberry Lake",42.56211295174786,-100.67518172815033,Lake
"South Marsh Lake",42.50948096503733,-100.494440765622,Lake
"Willow Lake",42.555241846467524,-100.58610495589897,Lake
"Durbin Lake",42.44643429692121,-100.56740889297932,Lake
"Swanson Swamp",42.52326764141033,-100.94659459046258,Lake
"Pearson Swamp",42.40104170184295,-100.62834000141127,Lake
"Big Lake",42.42814982458144,-100.60311052948829,Lake
"O'Brien Lake",42.34309579096556,-100.59051541487337,Lake
"Reiser-Shockley Swamp",42.34320652383547,-100.50321331152956,Lake
"Center Lake",42.47967520432004,-100.48591212956491,Lake
"Enders Marsh",42.262312094710154,-100.09171328228227,Lake
"Tate Lake",42.43302843128088,-100.56582678454679,Lake
"Murphy Swamp",42.29205709448915,-100.881626248329,Lake
"Duck Lake",42.54376117539561,-100.72648279146274,Lake
"Vrender Swamp",42.439495775590714,-100.59385975342046,Lake
"Moon Lake Marsh",42.35965296641766,-100.07015136618817,Lake
"Clear Lake",42.26105100302027,-100.04252537691525,Lake
"Long Lake",42.527362926057236,-100.71859204579994,Lake
"Clear Lake",42.555938740164414,-100.61300939501399,Lake
"Alkali Lake",42.32607796746382,-100.58726354752514,Lake
"Little Skull Lake",42.393277987266735,-100.26031000565165,Lake
"Beaver Lake",42.45861117742395,-100.67012022252045,Lake
"Coleman Lake",42.46144150848501,-100.64399243062746,Lake
"Stub Lake",42.44622860129757,-100.84935767768121,Lake
"Rush Lake",42.32105682757277,-100.13899244747054,Lake
"Bull Lake",42.459474826359916,-100.8339872307353,Lake
"Bakers Lake",42.655341535476566,-100.59701484729104,Lake
"Long Lake",42.424108763692324,-100.39663338124315,Lake
"Moon Lake",42.37552118075406,-100.11505366701482,Lake
"West Twin Lake",42.508858811463355,-100.56255638757206,Lake
"Conway Lake",42.21561444893565,-100.77478907509735,Lake
"Rat Lake",42.43210440696682,-100.364017359809,Lake
"Rat Lake",42.45158651625803,-100.64649302340321,Lake
"South Twin Lake",42.313396355657375,-100.1189636821092,Lake
"Overton Lake",42.28711383897435,-99.22460335560976,Lake
"Bruner Lake",42.15673585491701,-99.14318705475254,Lake
"Lizard Lake",42.34731092997808,-98.99872712614125,Lake
"Murphy Lake",42.25968238237513,-99.28647411476793,Lake
"Wolf Lake",42.43227036868941,-99.30655087284276,Lake
"Cameron Lake",42.379030959681536,-99.4188936038536,Lake
"Hornburger Lake",42.17689724067016,-99.6441473363336,Lake
"Brown Lake",42.30551474074658,-99.23144061652934,Lake
"Goldman Lake",42.086812335955074,-99.93565963834023,Lake
"Frazier Lake",42.3735096386195,-99.25238726014162,Lake
"Lake George",42.303686835869364,-99.56635160237677,Lake
"Lambs Lake",42.29841046691888,-99.18885388654053,Lake
"Clear Lake",42.26791182315408,-99.25047144755098,Lake
"Kaupp Reservoir West",42.99556939010162,-99.45398741320268,Lake
"Carson Lake",42.08049530208671,-99.15020829352277,Lake
"Lanz Lake",42.30158080470061,-99.27035383919889,Lake
"Dora Lake",42.390107428556796,-99.20063692206142,Lake
"Swan Lake",42.16529648598069,-99.03732132324451,Lake
"Pony Lake",42.38916746084255,-99.33208702119236,Lake
"Snipe Lake",42.42834420448447,-99.26112370675818,Lake
"Long Lake",42.241319728184564,-99.24318123926656,Lake
"Hagan Lake",42.32575635015491,-99.74278554855023,Lake
"Cottonwood Lake",42.342406978774484,-99.03153772131898,Lake
"Goose Lake",42.45010183591701,-99.3006657635404,Lake
"Lambs Lake",42.29827515060513,-99.19153629104059,Lake
"Hofeld Lake",42.389999676425326,-99.83953494550738,Lake
"Otter Lake",42.417825507282906,-99.29130079274495,Lake
"Fish Lake",42.360733470593786,-99.38636629083699,Lake
"Smith Lake",42.34192412264396,-99.32929589618794,Lake
"Kaupp Reservoir Number 4",42.989866498466114,-99.41867395623913,Lake
"Pine Canyon Reservoir",42.70491750116263,-99.92528542004055,Lake
"Clark Lake",42.03030290600087,-98.89798571827546,Lake
"Chain Lake",42.10575085015747,-98.8811356794699,Lake
"Goose Lake",42.10969558494184,-98.5625615813823,Lake
"Rush Lake",42.06437995317881,-98.87312143382334,Lake
"Willow Lake",42.11138072968527,-98.97077788902394,Lake
"White Lake",42.99648561158962,-98.2635773827877,Lake
"Northern Nebraska Plant Reservoir Number 1",42.80651293650209,-98.67111896599214,Lake
"Grove Lake",42.37487414720705,-98.11687603047416,Lake
"Willow Creek Lake",42.175448873733366,-97.57643454558364,Lake
"Lewis and Clark Lake",42.85063142734829,-97.67587125610068,Lake
"Pilger Reservoir 1-B",42.029689318468904,-97.04236800334444,Lake
"Lake Yankton",42.86070543608832,-97.47644660078426,Lake
"Pechous Lake",42.95300233091449,-97.74882812664218,Lake
"Lewis and Clark Lake",42.83509734330187,-97.89880262439615,Lake
"Crystal Lake",42.444965182143314,-96.47224958641719,Lake
"Buckskin Hills Lake",42.62861521543569,-96.92722015797864,Lake
"Mud Lake",42.54082177791251,-96.53582468485217,Lake
"Blue Lake",42.034670622916224,-96.159177452004,Lake
"Badger Lake",42.10776884470717,-96.2761986225979,Lake
"McCook Lake",42.54363335837286,-96.51321545437942,Lake
"Blyburg Lake",42.29669887451174,-96.40897471304025,Lake
"Browns Lake",42.31579324787452,-96.3315768214213,Lake
"Badger Lake",42.14988423354749,-96.23567535705355,Lake
"Lake Nixon",42.81240045130005,-96.6059362956,Lake
"Sheridan Lake",43.972699962791545,-103.46875232315217,Lake
"Stockade Lake",43.76853408856777,-103.5188753038014,Lake
"Limestone Butte Reservoir",43.15982066781709,-103.16786154256951,Lake
"Angostura Reservoir",43.29832409017736,-103.43808984679042,Lake
"Alkali Lake",43.012296697735884,-102.09333135058951,Lake
"Wakpamani Lake",43.010553121874906,-102.15929142773388,Lake
"Oglala Lake",43.1712358664616,-102.71980949749555,Lake
"Ecoffey Lake",43.0268003956711,-101.98061531089247,Lake
"Deadmans Lake",43.19444927366067,-101.5561367229552,Lake
"White Lake",43.25134526214882,-101.49392199056791,Lake
"Clear Lake",43.030732469529134,-101.3629873440103,Lake
"Little White River Pool Reservoir",43.13913079820871,-101.53462976947964,Lake
"Muskrat Lake",43.05169707294438,-101.29206531607291,Lake
"East Lake",43.00370868503081,-101.9265424836805,Lake
"North Cody Lake",43.01910787453505,-101.24343743268166,Lake
"Twin Lakes",43.240152522710154,-101.45387926292413,Lake
"He Dog Lake",43.28412999817994,-101.06136186412093,Lake
"Phantom Lake",43.02542657491894,-101.5106860273683,Lake
"Robinson Lake",43.017908454047095,-101.88688210983044,Lake
"West Lake",43.012412073817494,-101.96481309371865,Lake
"Silver Lake",43.24529529362129,-101.42332519245386,Lake
"Kadoka Lake",43.82282448861242,-101.56261033565944,Lake
"Scotchman Lake",43.00483273450272,-101.4717481607824,Lake
"Twin Lakes",43.23616764401185,-101.4453273092622,Lake
"Fate Dam",43.94510475156231,-100.01309045003082,Lake
"White Lake",43.04192003169539,-100.69576800321703,Lake
"Antelope Lake",43.29576916757154,-100.61890429849248,Lake
"Little Dog Ear Lake",43.25264846614343,-100.04494724369904,Lake
"Reliance Lake",43.88464896306966,-99.59606479590231,Lake
"Byre Lake",43.92894053790006,-99.84082975958577,Lake
"Roosevelt Lake",43.200700251174176,-99.62044091294867,Lake
"Heap Lake",43.837455844282,-99.69126208925353,Lake
"Lake Francis Case",43.359814995953556,-99.01302515753827,Lake
"Red Lake",43.72740773853537,-99.22293063121614,Lake
"Smith Lake",43.552051004216054,-99.02022333128127,Lake
"Bedashosha Lake",43.96691733381331,-99.29138039761847,Lake
"Silver Lake",43.77232990837553,-99.05791830824518,Lake
"Lake Burch",43.390475284481695,-99.48433281336511,Lake
"Brakke Dam",43.886802928737715,-99.94851159293835,Lake
"Dog Ear Lake",43.170741283447185,-99.89375487693555,Lake
"Lambert Lake",43.0901001682604,-99.56882605269172,Lake
"White Lake",43.80137048551255,-98.73760225406485,Lake
"Corsica Lake",43.4161475407434,-98.29174594228458,Lake
"Freeland Lake",43.61330229006037,-98.87867251873206,Lake
"Burks Lake",43.1361142505305,-98.30305903415145,Lake
"Torrey Lake",43.53391418020373,-98.87261222108013,Lake
"Twin Lakes",43.96110734663203,-98.32986906595514,Lake
"Goose Lake",43.23612876167969,-98.57890159917629,Lake
"Wilkie Slough",43.8059790730339,-98.65534930750843,Lake
"Long Lake",43.99918239636433,-98.19282737598385,Lake
"Horse Shoe Lake",43.5997007613559,-98.54142202228584,Lake
"New Holland Lake",43.43529983233648,-98.59447934533681,Lake
"Crystal Lake",43.64413533649559,-98.56942048568217,Lake
"Lake Platte",43.389703855298414,-98.89070247768443,Lake
"Platte Lake",43.66685193325286,-98.77497003047874,Lake
"Red Lake",43.117097870211104,-98.39642211907122,Lake
"Pleasant Lake",43.62263203085567,-98.512497232187,Lake
"Lake Andes",43.18778206040559,-98.44907632872942,Lake
"Snow Lake",43.59052088684958,-98.94187542924779,Lake
"Meiers Lake",43.07976980855903,-98.08115799388081,Lake
"Fish Lake",43.724665131019435,-98.39015605508345,Lake
"Grass Lake",43.95115937350119,-98.3331183902543,Lake
"Grow Lake",43.963254088264634,-98.71955895595583,Lake
"Lake Geddes",43.19387013005371,-98.71354483250762,Lake
"Lake Mitchell",43.74713097659009,-98.04184931130615,Lake
"Wilmarth Lake",43.85988662368189,-98.58451768674664,Lake
"Rehfeldt Slough",43.574723837318054,-97.05869163821795,Lake
"Twin Lakes",43.9737444633277,-97.71434332472168,Lake
"Morris Lake",43.937240898542825,-97.81657545792251,Lake
"Beaver Lake",43.01888849680963,-97.4495499661761,Lake
"Forsch Lake",43.64276136509122,-97.51418198875852,Lake
"Spring Lake",43.82276267568311,-97.64827061834535,Lake
"Gross Lake",43.6696317505002,-97.50398590858272,Lake
"Bitter Lake",43.91685699731035,-97.71280860181172,Lake
"Welker Lake",43.661996261296636,-97.67836294567361,Lake
"Buffalo Lake",43.828652143601346,-97.050430458086,Lake
"Lake Eli",43.73905762321254,-97.6145403754752,Lake
"Lost Lake",43.68061520584666,-97.06168817985748,Lake
"Lost Lake",43.58041457958746,-97.07930166667194,Lake
"Tuschen Slough",43.6986810510915,-97.46755304635782,Lake
"Marindahl Lake",43.046717813819384,-97.26078178131245,Lake
"Beaver Lake",43.63552442986264,-97.05109609922653,Lake
"School Section Lakes",43.861310698334165,-97.85319480805205,Lake
"Island Lake",43.795961385247686,-97.13003951116461,Lake
"Lake Dimock",43.474996845643005,-97.92630914818157,Lake
"Lake Henry",43.146266073591256,-97.70162006828883,Lake
"Clear Lake",43.76285628639399,-97.01291778080055,Lake
"Schimmel Slough",43.704332704853925,-97.49063769448682,Lake
"Lake Madison",43.96377130015036,-97.035683663871,Lake
"Glee Lake",43.88063055870081,-97.80822226497762,Lake
"Fensterman Slough",43.55697093373794,-97.01339263442809,Lake
"Mud Lake",43.297556259845805,-97.04947301474802,Lake
"Lake Herman",43.99155547598698,-97.17371873770773,Lake
"Silver Lake",43.44864113268875,-97.40730155703716,Lake
"Long Lake",43.93412749425689,-97.00957559839492,Lake
"Grass Lake",43.59057431776669,-97.04120623561128,Lake
"Swan Lake",43.220323782468114,-97.1036944269027,Lake
"Hanson Lake",43.62371111229754,-97.79680336444257,Lake
"Diamond Lake",43.841090817697804,-97.10290966060364,Lake
"Ness Chain Lake",43.8611083937986,-97.83207522058842,Lake
"Reynolds Slough",43.94411406682231,-97.21984592349729,Lake
"Twin Lakes",43.98563731453568,-97.7148252376413,Lake
"Kloucek Lake",43.034947577454176,-97.6822015815142,Lake
"Lake George",43.89718354939203,-97.31391723066469,Lake
"Lake Henry",43.9187009737619,-97.32168138065774,Lake
"East Vermillion Lake",43.60632168037054,-97.17687768656478,Lake
"Englehardt Slough",43.588511096185606,-97.12470195669489,Lake
"Mud Lake",43.99871338181882,-96.78971930933534,Lake
"Brant Lake",43.924446135888395,-96.9562213068615,Lake
"Buffalo Slough",43.87635148224195,-96.9380564478545,Lake
"Spring Lake",43.86783547308368,-96.92465354908761,Lake
"Scotts Slough",43.647840887377704,-96.98526758102096,Lake
"Anderson Slough",43.86813994410982,-96.87270371380671,Lake
"Round Lake",43.93318845338936,-96.97628089919962,Lake
"Poison Lake",43.9561648558556,-96.83616842404795,Lake
"Splitrock Lake",43.900329152217395,-96.36500540327035,Lake
"Lake Alvin",43.43810009077859,-96.62216083918682,Lake
"Wall Lake",43.533037401991855,-96.96141064820186,Lake
"Belle Fourche Reservoir",44.74106071999423,-103.71418012419853,Lake
"Deerfield Lake",44.020295659255446,-103.79910941818466,Lake
"Bear Butte Lake",44.45575438312357,-103.44543913457106,Lake
"Guidinger Reservoir",44.83367840100169,-103.75355009792588,Lake
"Pactola Reservoir",44.07673169654971,-103.51446814405372,Lake
"Newell Lake",44.84232885256942,-103.39536868928711,Lake
"Curlew Lake",44.24156295270958,-102.76406887131773,Lake
"Durkee Lake",44.98259016111997,-102.0540901993068,Lake
"Shearer Lake",44.116265034129725,-102.19971114712777,Lake
"Howes Grazing Lake",44.62462912340992,-102.00898137571997,Lake
"Rattlesnake Lake",44.70762659179724,-101.71566495368279,Lake
"Lake Buffalo",44.62336755487301,-101.99225656324123,Lake
"Waggoner Lake",44.07958444400508,-101.65758973618911,Lake
"Hayes Lake",44.36611376674667,-101.01158893955821,Lake
"Ottumwa Lake",44.24034900191696,-101.33625229994475,Lake
"Lake Oahe",44.820316599767935,-100.63543938233036,Lake
"Sully Lake",44.718716477163355,-100.1865070255496,Lake
"Lake Okobojo",44.64518513343945,-100.419369538993,Lake
"Warnes Slough",44.60519083900141,-100.23720882191505,Lake
"Lake Sharpe",44.179296558606566,-99.76615294600514,Lake
"Lake Boehm",44.24455738726264,-99.41228238053957,Lake
"Costigan Slough",44.80504365262822,-99.00993141268977,Lake
"Mitchell Lake",44.671945753557615,-99.41143495876526,Lake
"Marshy Lake",44.4256172706982,-99.57499894540672,Lake
"Woodruff Lake",44.50308569096742,-99.77256333096044,Lake
"Wall Lake",44.259907331941804,-99.01221619492549,Lake
"Thomas Lake",44.82144465792643,-99.52618635170809,Lake
"Stone Lake",44.881594470169695,-99.7411368354082,Lake
"Baloun Lake",44.81310624453141,-99.38581629190527,Lake
"Cottonwood Lake",44.836897342571426,-99.9027680640144,Lake
"Lake Louise",44.623761825381195,-99.14627664951252,Lake
"Horseshoe Lake",44.89940946572698,-99.21543766067558,Lake
"Rice Lake",44.82674516342065,-99.4602449947112,Lake
"Rezac Lake",44.812856060295715,-99.3577459905351,Lake
"Durrstein Lake",44.70283730643174,-99.7897204239342,Lake
"Walker Lake",44.60342088170585,-99.69993658579368,Lake
"Spring Lake",44.80075869881349,-99.60489906690795,Lake
"Lake Byron",44.569705176386556,-98.12788855531107,Lake
"Stony Run Lake",44.31507811344318,-98.20662946758887,Lake
"Twin Lakes",44.78352484918971,-98.53520577132743,Lake
"Connors Lake",44.573191486377056,-98.16812590446304,Lake
"Cady Lake",44.007391602797895,-98.61125981954481,Lake
"Norwegian Slough",44.37902807054663,-98.49921923412857,Lake
"Long Lake",44.16838444127139,-98.71826166825292,Lake
"Zell Lake",44.94967423944247,-98.78902395982936,Lake
"McCoy Lake",44.0325790575423,-98.30954485181773,Lake
"Lake Cavour",44.40669635272762,-98.05114666510565,Lake
"Long Lake",44.00391601831018,-98.22126494167051,Lake
"Bracken Slough",44.42566888136379,-98.5758130576105,Lake
"Spring Lake",44.267241789118,-98.91770466445904,Lake
"Ravine Park Lake",44.37669420041774,-98.20520474821122,Lake
"Jones Lake",44.4670928876462,-98.94747210410397,Lake
"Cottonwood Lake",44.19272125703205,-98.75681690722935,Lake
"Rempfer Lake",44.18463385182423,-98.88534650584538,Lake
"Piper Lake",44.605025299454574,-98.14619129277509,Lake
"Cottonwood Lake",44.79146128006009,-98.67425233786922,Lake
"Mud Lake",44.76940919472745,-98.5146375181944,Lake
"Mud Lake",44.89064525795418,-98.60229011803169,Lake
"Lake Redfield",44.87134062086712,-98.5551585275978,Lake
"Mud Lake",44.47867303635196,-97.59445500101837,Lake
"Dry Lake Number Two",44.70029639144259,-97.63125404223611,Lake
"Nelson Slough",44.21805159019986,-97.01378094938397,Lake
"Mankey Slough",44.93136644558292,-97.52785605613605,Lake
"Spirit Lake",44.49325509085702,-97.61201065172284,Lake
"Medicine Lake",44.98494867426295,-97.350076420989,Lake
"Pedley Lake",44.0207499147243,-97.38966725602016,Lake
"Cottonwood Slough",44.95769872818453,-97.19477331732176,Lake
"Cooley Lake",45.00152481437089,-97.34922635117499,Lake
"McKillicans Lake",44.95755014176813,-97.29397940629214,Lake
"Otter Lake",44.04958089212642,-97.3920838006792,Lake
"Molumby Slough",44.19592542772104,-96.99971203627655,Lake
"Horseshoe Lake",44.98005518264088,-97.326690381946,Lake
"Twin Lakes",44.302343961646145,-97.14414196955526,Lake
"Long Lake",44.93397386762468,-97.40300802698155,Lake
"Clear Lake",44.76716399954164,-97.17494933036116,Lake
"Lake Carthage",44.18535624627448,-97.69719983866615,Lake
"Smith Lake",44.97168798657407,-97.24165390899758,Lake
"Lake Norden",44.60010408573726,-97.19991267963934,Lake
"Mud Lake",44.854669529309916,-97.73826204795104,Lake
"Goose Lake",44.84821262188532,-97.26401693416351,Lake
"Lake Marsh",44.64770584301047,-97.24939011733983,Lake
"Gilman Lake",44.099862886535746,-97.34549518377838,Lake
"Lake Poinsett",44.59974649485059,-97.06707449530234,Lake
"Lake Mitchell",44.41037966776516,-97.08159862913696,Lake
"Lake Badus",44.14707007986912,-97.15296032756646,Lake
"Lake Henry",44.854133193909995,-97.47915093740406,Lake
"Brush Lake",44.321509004195704,-97.11253108401209,Lake
"Moe Slough",44.476574103542184,-97.01855177058184,Lake
"Lake Saint John",44.56423946226331,-97.18461856898088,Lake
"Caseys Slough",44.88042139572957,-97.62436542238247,Lake
"McCart Slough",44.11703706554041,-97.41352662264121,Lake
"East Lake Badus",44.18943867902407,-97.0999696151796,Lake
"Fordham Dam",44.77069671812292,-97.92941966950653,Lake
"Rifle Lake",44.109626332788004,-97.98230301216982,Lake
"Baileys Lake",44.993421138598954,-97.76064277135173,Lake
"Mud Lake",44.637021509969685,-97.63986799946137,Lake
"Lake Florence",44.65654736032549,-97.04145667968342,Lake
"Spring Lake",44.23743628696665,-97.21712547607719,Lake
"Stink Lake",44.96667345085298,-97.40732369686917,Lake
"Silver Lake",44.033863922676275,-97.39572538904628,Lake
"Lake Kampeska",44.92070574626767,-97.21794335663,Lake
"Lake Mary",44.584929767518496,-97.18258656348758,Lake
"Lake Sinai",44.265192790275016,-97.08156420434453,Lake
"Blythe Slough",44.91294749708623,-97.42922334962232,Lake
"Hageman Slough",44.07505898347715,-97.37896683061527,Lake
"Dry Lake",44.14499299968143,-97.20040837267463,Lake
"Lake Badger",44.45908994818377,-97.17527186285614,Lake
"Lake Thisted",44.4741189968033,-97.15380162431272,Lake
"Gertson Slough",44.553522927406696,-97.25604536938195,Lake
"Mortimer Slough",44.45887813483721,-96.99707465885443,Lake
"Pelican Lake",44.86623002343454,-97.18565416382164,Lake
"Dry Lake Number One",44.93707569730637,-97.69123467754393,Lake
"Antelope Lake",44.82974526090979,-97.72147030105157,Lake
"Willow Lake",44.64968322516585,-97.6387667445969,Lake
"Chain of Lakes",44.982932029255046,-97.27217922202358,Lake
"Wombacker Slough",44.026240357305376,-97.408518718148,Lake
"Lake Albert",44.537834414217464,-97.15981457221835,Lake
"Lake Whitewood",44.33392029892482,-97.29500992527838,Lake
"Cherry Lake",44.54688633397411,-97.52396156668125,Lake
"Crane Slough",44.05351704363832,-97.30265493927071,Lake
"Plum Lake",44.524445661112885,-97.49885659762569,Lake
"Lake Henry",44.329589846791286,-97.49060599439659,Lake
"Lake Thompson",44.246843743715495,-97.44040176998169,Lake
"Serenity Lake",44.96400850614868,-97.2564158398251,Lake
"Lake Tetonkaha",44.44525612532061,-97.00158434548122,Lake
"Wolf Slough",44.80836104922992,-97.33063186711577,Lake
"Baxter Slough",44.77598426265946,-97.31876034458341,Lake
"Milwaukee Lake",44.018496132126806,-96.96405645756376,Lake
"South Slough",44.69521655345815,-96.46860359815192,Lake
"Wigdale Lake",44.91500806991802,-96.79814143893601,Lake
"Miller Lake",44.794279056031904,-96.07492628177796,Lake
"Lake Shaokatan",44.40467425005667,-96.35972996830482,Lake
"Goose Lake",44.382571982432864,-96.0454844272155,Lake
"Pederson Slough",44.20806448512622,-96.96747532453627,Lake
"Black Slough",44.5377401230115,-96.49229041845133,Lake
"West Twin Lake",44.21100452524942,-96.0625511042556,Lake
"Oak Lake",44.53648218049757,-96.24189349695506,Lake
"Cottonwood Slough",44.63811338144787,-96.51170935983512,Lake
"Mitchell Slough",44.20885545175085,-96.03920597002666,Lake
"Lake Goldsmith",44.34715654323814,-96.95885403381233,Lake
"Steep Bank Lake",44.53951157010462,-96.33030380399418,Lake
"Green Lake",44.12126441400959,-96.94269279501374,Lake
"Lake Francis",44.82049080232484,-96.53383092591552,Lake
"School Lake",44.93974776138401,-96.8194983617857,Lake
"Bullhead Lake",44.950746791310635,-96.80426234240366,Lake
"Lake Sutton",44.7925769420467,-96.68913141514983,Lake
"Briggs Lake",44.76347956475107,-96.53835342260052,Lake
"Wood Lake",44.35463978398329,-96.026013857614,Lake
"Lake Oliver",44.71946310172211,-96.47559591998703,Lake
"Salt Lake",44.96518323921957,-96.44528928352639,Lake
"Round Lake",44.96347921251299,-96.83226294108894,Lake
"Mud Lake",44.16902736433539,-96.97804765650233,Lake
"Lake Benton",44.29361150780935,-96.23824198682489,Lake
"Perch Lake",44.51424414877897,-96.29075059657586,Lake
"East Twin Lake",44.219429296931935,-96.0465223265302,Lake
"Klinker Slough",44.087528294383475,-96.00005149860343,Lake
"South Coteau Lake",44.827693339211926,-96.729130406738,Lake
"Pelican Lake",44.091904209041665,-96.91443478481712,Lake
"Lake Oakwood",44.443108208758034,-96.96820781191265,Lake
"Rush Lake",44.82884400890159,-96.61445284118429,Lake
"Dead Coon Lake",44.361744611664335,-96.09581782460023,Lake
"Drietz Lake",44.49832092251145,-96.21629222109482,Lake
"Lone Tree Lake",44.87269823504951,-96.58400362881189,Lake
"Oak Lake",44.51543688719791,-96.52976420733707,Lake
"North Coteau Lake",44.83630113129252,-96.72155947802231,Lake
"Ketchum Lake",44.80581477784866,-96.66866396601891,Lake
"Gislason Lake",44.449436016185416,-96.08376073520265,Lake
"Clear Lake",44.75401613160618,-96.6595482009229,Lake
"Lake Stay",44.39086691606143,-96.17080020811837,Lake
"Hawks Nest Lake",44.477594637762294,-96.20727785109668,Lake
"Fish Lake",44.59849859288734,-96.4796516419325,Lake
"Ash Lake",44.42260879753561,-96.29485983785109,Lake
"Lake Cochrane",44.70725304495261,-96.4810811106477,Lake
"Lake Hendricks",44.488287173964736,-96.46917317865292,Lake
"East Coteau Lake",44.83007319676119,-96.71344336784186,Lake
"Island Lake",44.380144948973516,-96.00955084258713,Lake
"Lake Alice",44.87742133777326,-96.6358002606827,Lake
"Culver Lake",44.714361610502785,-96.45422632518816,Lake
"Lake Gardner",45.61340741141263,-103.61904911381065,Lake
"Leger Dam",45.310575392233204,-103.7549785337937,Lake
"Bowman-Haley Lake",45.97723958830562,-103.27589460870412,Lake
"Lemmon Lake",45.779517268302094,-102.01655953085205,Lake
"Owen Lake",45.4681771592935,-102.40571667475201,Lake
"Mirror Lake",45.99922156934705,-102.64367645177822,Lake
"White Hill Dam",45.60418432536578,-102.90540880832219,Lake
"Shadehill Reservoir",45.723765615962996,-102.26243010019455,Lake
"Flat Creek Lake",45.781065997794414,-102.182380416274,Lake
"Bedners Dam",45.079348595751696,-101.6447835448448,Lake
"Timber Lake",45.436471891886484,-101.06015872352867,Lake
"McIntosh Lake",45.92303144910591,-101.33987875737749,Lake
"Isabel Lake",45.43493942953238,-101.41878921340714,Lake
"Morristown Lake",45.91213026345193,-101.75554130827621,Lake
"Goose Creek Dam",45.109440561188414,-101.01977231199062,Lake
"Mallard Lake",45.89646529802319,-101.4942022558769,Lake
"Morristown East Lake",45.92639090589713,-101.64159237396035,Lake
"Livermant Lake",45.33572670856417,-101.2304936968144,Lake
"Peach Lake",45.29794424285858,-101.31121417560831,Lake
"Horseshoe Lake",45.356930951776505,-101.20478289093829,Lake
"Timber Lake",45.43499589684403,-101.08526779111843,Lake
"Lake Oahe",45.75297636005077,-100.47012731923908,Lake
"Big Lake",45.75164825078104,-99.99996628732696,Lake
"Trail City Railroad Lake",45.48166561086403,-100.74984286435583,Lake
"Lake Pocasse",45.90272444245193,-100.26639537678639,Lake
"Molstad Lake",45.569783635654915,-100.29615277043663,Lake
"Spring Lake",45.50751255299244,-100.91926398934268,Lake
"Lake Hurley",45.08827593997831,-100.14429629922921,Lake
"Whitehorse Lake",45.292192676940786,-100.98812570907606,Lake
"Lake Campbell",45.73853098409476,-100.13354334522663,Lake
"Neuwsma Lake",45.97320995884988,-100.03912631747491,Lake
"Sand Lake",45.622759558536266,-100.07526868902377,Lake
"McClarem Lake",45.80560346128827,-100.04750982991922,Lake
"Little Sand Lake",45.60852077174956,-100.0796990714753,Lake
"Dogeagle Lake",45.50688535565297,-100.96828814160516,Lake
"Renz Lake",45.68853143864056,-100.0670456746671,Lake
"Flat Lake",45.67810481201188,-99.78552363982938,Lake
"Eureka Lake",45.77440434338863,-99.63832546153358,Lake
"Alkali Lake",45.254790799980796,-99.65383031865974,Lake
"Clark Lake",45.19819489148592,-99.33625878962881,Lake
"Salt Lake",45.63254307206494,-99.91782891700649,Lake
"Bowdle-Hosmer Lake",45.58146267863558,-99.67149282340598,Lake
"Feinstein Lake",45.693593082597225,-99.71416214550997,Lake
"Alkali Lake",45.7423141203274,-99.144216172742,Lake
"Tschetter Lake",46.00203370148493,-99.35370690481503,Lake
"Dry Lake",45.167069265034016,-99.19637835582603,Lake
"Swan Lake",45.29043421845294,-99.84823510450234,Lake
"Flight Lake",45.184256031111964,-99.92812064956833,Lake
"Heupel Lake",45.67066072868985,-99.70005038049968,Lake
"Spring Lake",45.43491200340718,-99.83320992312976,Lake
"Ford Lake",45.04880382348031,-99.45979111192916,Lake
"Schumacher Lake",45.83040504344941,-99.2904162274601,Lake
"Rath Lake",45.896698068830524,-99.10245786554171,Lake
"Coldwater Lake",46.008885484913826,-99.07069585988224,Lake
"Klooz Lake",45.81166275826524,-99.25363697936145,Lake
"Green Lake",45.1134335662025,-99.96462147074207,Lake
"Long Lake",45.84618148858087,-99.26598746290205,Lake
"Lake Faulkton",45.03189346643289,-99.17792903549689,Lake
"Lake Cresbard",45.17467626211445,-99.01207267659896,Lake
"Hausauer Lake",45.85506696568569,-99.66713608729255,Lake
"East Flat Lake",45.66432046174796,-99.76297477635406,Lake
"Horseshoe Lake",45.547430388529435,-99.71731262587129,Lake
"Richmond Lake",45.56043255968844,-98.61477734690598,Lake
"Grass Lake",45.292898592597446,-98.76322293596802,Lake
"Alkali Lake",45.14911444589523,-98.68243118784979,Lake
"Tomek Slough",45.234966237855446,-98.87303696875591,Lake
"Salt Lake",45.27702752301013,-98.69464931619804,Lake
"Willow Creek Lake",45.70703926088393,-98.61869296435977,Lake
"Alkali Lake",45.53914780521297,-98.48500785949352,Lake
"Hyatt Slough",45.94879584597154,-98.14407754631411,Lake
"Lords Lake",45.386097942153285,-98.58316536365696,Lake
"North Scatterwood Lake",45.24818773217101,-98.75215427159348,Lake
"Columbia Road Reservoir",45.79825842437931,-98.22877634536556,Lake
"Lake Parmley",45.45937425428154,-98.73552824235263,Lake
"Elm Lake",45.90374440866836,-98.69604828978795,Lake
"Crompton Lake",45.62167880610858,-98.86431379044566,Lake
"Pigors Lake",45.337482460233474,-97.99392746267206,Lake
"Gerkin Lake",45.00696767421794,-98.94173357096207,Lake
"South Scatterwood Lake",45.20958656305187,-98.75408532663266,Lake
"Columbia Road Reservoir",45.71943003661786,-98.27726688021407,Lake
"Hazelden Lake",45.52167330864528,-97.45688111002045,Lake
"Grass Lake",45.07142978121043,-97.38727484120263,Lake
"Drywood Lakes",45.574212437292886,-97.18200984972624,Lake
"East Slough",45.75199683165681,-97.43955019605032,Lake
"Campbell Slough",45.41645791455746,-97.26545314335766,Lake
"Lake Isabella",45.63890102078134,-97.34227803191656,Lake
"Greys Lake",45.718020241435056,-97.25609373360982,Lake
"Mud Lake",45.72755398536576,-97.26357367195756,Lake
"Swan Lake",45.13043800234211,-97.55917074218647,Lake
"Holmquist Slough",45.36260363485282,-97.64047809403583,Lake
"Pearson Slough",45.314825520541746,-97.18328418192127,Lake
"Solomon Slough",45.264832249882716,-97.40531758852609,Lake
"Twomile Lake",45.679113788925676,-97.54867962672427,Lake
"Clear Lake",45.69093587381261,-97.36702231006652,Lake
"Goodbird Lake",45.72747280835485,-97.31126557501635,Lake
"Flat Lake",45.79962877443736,-97.40557685654089,Lake
"Bullhead Lake",45.713354300216054,-97.47277888674925,Lake
"Sixmile Lake",45.74314943822463,-97.46912748337505,Lake
"Little Rush Lake",45.33344954498179,-97.33159404974865,Lake
"Mud Lake",45.23961433478215,-97.62293898104623,Lake
"Ninemile Lake",45.76861904435142,-97.46501255902193,Lake
"Hoop Lake",45.76717880061583,-97.40003709098744,Lake
"Chokecherry Island Slough",45.726839764206716,-97.45059487213639,Lake
"Lake Whipple",45.60932424773705,-97.14643183790618,Lake
"Enemy Swim Lake",45.441047478270036,-97.26404681031119,Lake
"Cottonwood Lake",45.12879250045452,-97.7018973148643,Lake
"Swan Pond",45.41511253929472,-97.34604994494887,Lake
"Alberts Lake",45.64125419224518,-97.58667517574156,Lake
"Buffalo Lakes",45.617583726781305,-97.28378855274141,Lake
"Hawkeye Lake",45.724541095604934,-97.5640416637749,Lake
"Opitz Lake",45.58923864095204,-97.48740191582495,Lake
"Arneson Slough",45.16985625516856,-97.32306437974322,Lake
"Lake Todd",45.05231873145259,-97.5564051794296,Lake
"Lone Tree Lake",45.14426429323445,-97.87151108860182,Lake
"Bitter Lake",45.28218405513114,-97.32158460848062,Lake
"Piyas Lake",45.58177113630883,-97.34027363196542,Lake
"North Red Iron Lake",45.690598099825316,-97.32076203615438,Lake
"Threemile Lake",45.70374800454638,-97.5432185104505,Lake
"Twin Lakes",45.25783392610423,-97.00162529847404,Lake
"Lonesome Lake",45.1792124864719,-97.22971143732296,Lake
"Heggs Lake",45.11459754404131,-97.52159897035465,Lake
"Hillebrands Lake",45.43055832345621,-97.33494405472175,Lake
"Silver Lake",45.819993603073605,-97.4632548883163,Lake
"Stoa Slough",45.86240753298676,-97.46654836981921,Lake
"Redman Slough",45.60694300073138,-97.47556183316566,Lake
"Sarah Lake",45.68654395354231,-97.28994604637118,Lake
"Two Island Lake",45.760550362436746,-97.44996335916768,Lake
"Pickerel Lake",45.50401469248811,-97.27372774381409,Lake
"Reid Lake",45.02763851862749,-97.742668131807,Lake
"Antelope Lake",45.286336791345285,-97.47715451046437,Lake
"Long Lake",45.727746946929514,-97.37608719491722,Lake
"Dumarce Lake",45.76502287281157,-97.36141724566683,Lake
"Stangland Slough",45.526714101354194,-97.6016476652632,Lake
"Spring Lake",45.41596941113493,-97.32700248052232,Lake
"Island Lake",45.71501259625424,-97.28742740136785,Lake
"Carson Lake",45.05207715896663,-97.53102551019559,Lake
"White Lake",45.996791539716895,-97.39622246156982,Lake
"Elm Lake",45.714942784740124,-97.58159791445958,Lake
"Hurricane Lake",45.40398647541435,-97.13739545001992,Lake
"Parsons Pass",45.65186454552957,-97.49560629316436,Lake
"Cottonwood Lake",45.11044226764667,-97.22591727932382,Lake
"Roy Lake",45.69893779582608,-97.4530287881618,Lake
"Sweetwater Lake",45.19066908335865,-97.91672085642139,Lake
"Long Lake",45.16185989961541,-97.62333297500008,Lake
"Lost Lake",45.67155487251081,-97.47343042649112,Lake
"Josephine Lake",45.65038094732316,-97.31237945001669,Lake
"Horseshoe Lake",45.67450806555058,-97.52757629589127,Lake
"Lake Tewaukon",46.00319688549966,-97.35568220924388,Lake
"Pierpont Lake",45.46143843193385,-97.82951327921054,Lake
"Rush Lake",45.355358460636566,-97.36905868034259,Lake
"Horseshoe Lake",45.195785217740344,-97.63454317622194,Lake
"Sumner Slough",45.03965540192063,-97.28441469840821,Lake
"Simmon Lake",45.72015924900869,-97.34298993142467,Lake
"Abraham Lake",45.81494692581889,-97.36478000044183,Lake
"Almos Lake",45.63133566603524,-97.30582959162533,Lake
"South Waubay Lake",45.38427058456373,-97.4601617949584,Lake
"Lake Martha",45.61179111705237,-97.23390533686201,Lake
"Summit Lake",45.284328976284336,-97.01027539435243,Lake
"Owl Lake",45.429187578789254,-97.14452419924596,Lake
"Stink Slough",45.7607548565309,-97.49493814153017,Lake
"Clouds Lake",46.002014042660186,-97.4428873977689,Lake
"Lake Emma",45.68335854503076,-97.2330015697663,Lake
"Oneroad Lake",45.51021879061912,-97.15210697596534,Lake
"Mallard Slough",45.09080161965499,-97.82810788757459,Lake
"Lee Lake",45.72652372941704,-97.575885511776,Lake
"Warner Lake",45.009294054608226,-97.4872847123097,Lake
"Whitestone Lake",45.63801711210196,-97.20283271590348,Lake
"Round Lake",45.03663879453616,-97.7731084676675,Lake
"Bitter Lake",45.32842946603129,-97.70274948110533,Lake
"Anderson Lake",45.27832126244285,-97.2558810671605,Lake
"Kings Lake",45.07409068130528,-97.4460325788003,Lake
"Dahling Slough",45.4042010807965,-97.35581374807933,Lake
"Goose Lake",45.2371308604862,-97.3458530361111,Lake
"Fourmile Lake",45.723363978166034,-97.49188191875537,Lake
"Madian Lake",45.04324693774501,-97.67300893932916,Lake
"South Red Iron Lake",45.671849748437445,-97.3181260017214,Lake
"Amsden Lake",45.356314406543845,-97.96317041350447,Lake
"Headman Slough",45.324647876818226,-97.2560680102636,Lake
"Crystal Lake",45.74577756819135,-97.34668587285768,Lake
"Still Lake",45.03662780079765,-97.23236363584992,Lake
"Mallard Slough",45.666479565679175,-97.55248755408998,Lake
"Twin Sloughs",45.11940865566236,-97.81327441060513,Lake
"Waubay Lake",45.42575197026097,-97.40436618367877,Lake
"Wise Spirit Lake",45.771987585514516,-97.41802072890079,Lake
"Lynn Lake",45.45581195539741,-97.67147685893154,Lake
"Foldager Slough",45.209656595052614,-97.31439650745128,Lake
"Hill Lake",45.77366439757633,-97.32805201489653,Lake
"White Lake",45.85533171354056,-97.6143832931778,Lake
"Stink Lakes",45.64753012710418,-97.39651393963469,Lake
"Cottonwood Lake",45.733957491858,-97.42630476490633,Lake
"Tahana Lake",45.546038385671885,-97.16482733186544,Lake
"Buchner Slough",45.33458272082915,-97.56156435551702,Lake
"Lake Dell",45.98883262759222,-97.6859818429682,Lake
"Pepper Slough",45.04745105703096,-97.59424266339562,Lake
"Blue Dog Lake",45.351252544377445,-97.30680793147575,Lake
"Clubhouse Slough",45.69876524852803,-97.50674244399532,Lake
"Minnewasta Lake",45.39056984266572,-97.3714652995416,Lake
"Turtlefoot Lake",45.75510165877202,-97.31804603008834,Lake
"Goose Lake",45.48150030846995,-97.53399901922569,Lake
"Goose Lake",45.70599373587709,-97.56398024533324,Lake
"Isabelle Lake",45.769069564887836,-97.41017732155265,Lake
"Dry Lake",45.0421702363241,-97.3189793023739,Lake
"Lake Nicholson",45.02162390414763,-97.37646271846096,Lake
"Long Lake",45.361461238400345,-96.17405602591306,Lake
"Artichoke Lake",45.34837244721574,-96.13712017619217,Lake
"Eli Lake",45.46427502427094,-96.43025579526736,Lake
"East Toqua Lake",45.561541902577,-96.44493208530291,Lake
"Shible Lake",45.25237297272107,-96.05182942098295,Lake
"Lundberg Lake",45.690797727725375,-96.02976335862171,Lake
"Bullhead Lake",45.43071679756041,-96.77396870039709,Lake
"Lake Oliver",45.335311890306244,-96.01991355595734,Lake
"Hodgson Lake",45.912467650300584,-96.05247204507344,Lake
"Munnwyler Lake",45.398297038873984,-96.3822317737057,Lake
"Niemackl Lakes",45.77609962195987,-96.06119748147505,Lake
"Lake Bdesaka",45.71040208818066,-96.86046768676074,Lake
"Moses Lake",45.88431373227257,-96.06881607026169,Lake
"Lake Leo",45.52451721260443,-96.47671892333038,Lake
"Elbow Lake",46.004990454421275,-96.00429316862355,Lake
"Trisko Lake",45.99583973902927,-96.01045258536979,Lake
"Round Lake",45.112626259781976,-96.91354170829936,Lake
"Gorder Lake",45.517448625230244,-96.02496159525296,Lake
"Nelson Lake",45.79850172350144,-96.12527166783083,Lake
"Barrows Lake",45.77603998714266,-96.11857045918592,Lake
"Johnson Lake",45.82527096777804,-96.03871822448014,Lake
"Burr Lake",45.83868411786086,-96.03944501085552,Lake
"Big Stone Lake",45.41194903487628,-96.61453612123616,Lake
"Mud Lake",45.16685033889905,-96.34284185985214,Lake
"Pegg Lake",45.05995620794365,-96.4248636078715,Lake
"Mustinka Flowage",45.87217790741456,-96.1108592759505,Lake
"Hart Lake",45.27497791695345,-96.08670411497025,Lake
"Spring Lake",45.23946500238663,-96.06096042412564,Lake
"Lake Hattie",45.526195162408115,-96.07481843846928,Lake
"Werk Lake",45.780199709524624,-96.01656269429512,Lake
"Niemackl Lakes",45.778818311103954,-96.08865760263615,Lake
"Mud Lake",45.68188098919045,-96.14005676120483,Lake
"West Toqua Lake",45.55747957213551,-96.45926734140956,Lake
"Dry Wood Lake",45.40836761292858,-96.09150455620617,Lake
"Swenson Lake",45.400287707663225,-96.42125274331576,Lake
"Campbell Slough",45.49445813095792,-96.41920368071224,Lake
"Lake Albert",45.236910720146376,-96.52210418987765,Lake
"Cottonwood Lake",45.840925583029154,-96.8194724777802,Lake
"Cottonwood Lake",45.76108090727144,-96.01986636877552,Lake
"Clear Lake",45.516199049564065,-96.55399645165585,Lake
"Bentsen Lake",45.38728838865494,-96.36828765883538,Lake
"Bassett Slough",45.4147285696579,-96.41306743371717,Lake
"South Rothwell Lake",45.495249673383796,-96.45261667093583,Lake
"Gravel Lake",45.55659620225904,-96.21417311106951,Lake
"Flax Lake",45.52728644453161,-96.0162875541338,Lake
"Sherstad Slough",45.753232258608996,-96.0394278360314,Lake
"Dobberstien Slough",45.8611750759465,-96.94712947980774,Lake
"Barrett Lake",45.74967662428402,-96.08002585449321,Lake
"Round Lake",45.95208593641886,-96.0008118942073,Lake
"Doughty Lake",45.79302226878627,-96.10031660459977,Lake
"Peterson Lake",45.309429711834824,-96.32919792544816,Lake
"Myers Lake",45.19055192784588,-96.9441615098531,Lake
"Big Lake",45.81965007888739,-96.11288355635331,Lake
"Clear Lake",45.5572619224493,-96.07361857108074,Lake
"Olson Lake",45.4056880991026,-96.412567011877,Lake
"Lake Farley",45.23070046137529,-96.6490797886869,Lake
"Niemackl Lakes",45.77313428380692,-96.07851944061818,Lake
"North Rothwell Lake",45.511011669403686,-96.44379095167129,Lake
"Prescott Lake",45.87667467081761,-96.09253612138204,Lake
"Fish Lake",45.66125620808255,-96.12814470916179,Lake
"Hibrooten Lake",45.86597041353837,-96.01709193970184,Lake
"Lannon Lake",45.55357695170544,-96.42648029255764,Lake
"Fogarty Lake",45.53842981693813,-96.57421791848446,Lake
"Large Henry Lake",45.35158934746159,-96.08752085315693,Lake
"Crooked Lake",45.01657811323042,-96.85121390457455,Lake
"Ohlsrud Lake",45.79846362535288,-96.05071528769727,Lake
"Thielke Lake",45.393043771540945,-96.40227271951184,Lake
"Keitzman Slough",45.79045072254931,-96.08538602728532,Lake
"Long Tom Lake",45.32241107875844,-96.35867129037103,Lake
"Punished Womans Lake",45.11273651577604,-96.94318861283787,Lake
"Twin Lakes",45.3394783412982,-96.39155130824858,Lake
"Graham Lake",45.79418595341032,-96.11368414487376,Lake
"Mud Lake",45.47764502489444,-96.91928483606709,Lake
"Olson Lake",45.40823530138255,-96.33567237732417,Lake
"Otrey Lake",45.3578003704887,-96.3362147416431,Lake
"Lake Traverse",45.69968729223521,-96.73764621387643,Lake
"Cup Lake",45.48780634364274,-96.44253806046595,Lake
"Larson Lake",45.34919986819134,-96.30503444686978,Lake
"Lysing Lake",45.41796163572668,-96.42179538326808,Lake
"East Clubhouse Lake",45.898102353515156,-96.5996398832732,Lake
"Gascoyne Lake",46.13523621326492,-103.09544679390991,Lake
"Stewart Lake",46.346799800207435,-103.42861321904982,Lake
"Camels Hump Lake",46.945574540298765,-103.81810258932579,Lake
"Bosserman Lake",46.71627711126665,-103.91152647272696,Lake
"White Lake",46.47320865708078,-103.2139217760115,Lake
"Cedar Lake",46.29810050233404,-102.97622875972756,Lake
"Edward Arthur Patterson Lake",46.856585166836204,-102.86711504693814,Lake
"North Lemmon Lake",46.00959844606902,-102.16508433066113,Lake
"Larson Lake",46.435420523261996,-102.515766311156,Lake
"Jung Lake",46.42775416497201,-102.84172210680529,Lake
"Van Patton Slough",46.2816208113117,-102.44681836233354,Lake
"Dry Lake",46.243748679914106,-102.2370577875858,Lake
"Larson Lake",46.42737805094172,-102.51449213352323,Lake
"Storm Creek Lake",46.899854520322506,-101.60983296325233,Lake
"Fish Creek Lake",46.7276584821677,-101.23328672927438,Lake
"Lake Tschida",46.61041041111458,-101.89284115187611,Lake
"Sweet Briar Lake",46.870960109314844,-101.27154717399088,Lake
"Pretty Rock Lake",46.252087910745814,-101.94555158355998,Lake
"Rice Lake",46.04021780445357,-100.07990843477135,Lake
"Schwahn Lake",46.13955396887635,-100.27484262966878,Lake
"Dutton Slough",46.60436168733003,-100.32872314264432,Lake
"Senger Lake",46.12898204148264,-100.05604425263444,Lake
"Clear Lake",46.9256390135498,-100.18595930014837,Lake
"Walther Slough",46.200275742729985,-100.3737070425273,Lake
"Long Lake",46.700993181254816,-100.29479328606052,Lake
"Berreth Lake",46.21161153585126,-100.4072966028266,Lake
"Cottonwood Lake",46.86794268574364,-100.17491614549706,Lake
"Mud Lake",46.67801665288296,-100.03138036176381,Lake
"Rice Lake",46.988662507258375,-100.29129916195312,Lake
"Long Lake",46.751468013330076,-100.00976210190977,Lake
"Lake Geneva",46.84054574742959,-100.01956482197747,Lake
"Sterling Reservoir",46.80386551374201,-100.27342177172478,Lake
"McKenzie Slough",46.81624617223728,-100.42431306208016,Lake
"Goose Lake",46.55079916410558,-99.99556193226852,Lake
"Baumgartner Lake",46.163406054819816,-100.20334965225199,Lake
"Long Lake",46.66982869745404,-100.2293146532771,Lake
"Becker Lake",46.00627149674885,-100.36936391500544,Lake
"Kremer Lake",46.22949660236638,-100.37026701975778,Lake
"McKenna Lake",46.522925077407834,-99.80686512416358,Lake
"Chase Lake",46.99671092860492,-99.42699479243063,Lake
"Lake Henry",46.77258318881902,-99.66616903657714,Lake
"Goose Lake",46.11740036668416,-99.47178483736771,Lake
"Stink Lake",46.62562106953854,-99.93903220701718,Lake
"Lake Etta",46.824643102905966,-99.78024148898949,Lake
"Pudwill Lake",46.16447161867757,-99.46045791993308,Lake
"Salt Alkaline Lake",46.94119259320742,-99.53433865254891,Lake
"Fresh Lake",46.63427838857257,-99.62531984174998,Lake
"Moon Lake",46.86745617117771,-99.02395095932178,Lake
"Chase Lake",47.010542439791315,-99.44136627455839,Lake
"Buffalo Lake",46.93279478314424,-99.79407301913176,Lake
"Ashley Lake",46.89762685788365,-99.73877275232633,Lake
"McPhail Slough",46.978759410488436,-99.68074163317608,Lake
"Sinclair Slough",46.77726789172917,-99.10181540312098,Lake
"Upper Harker Lake",46.83574145690774,-99.71352163416628,Lake
"Alkaline Lake",46.6750459200451,-99.56540419554165,Lake
"Harker Lake",46.82622393999025,-99.723386619587,Lake
"Bair Slough",46.88136659527437,-99.06636417700406,Lake
"Lake Hoskins",46.041452762830716,-99.4547379390595,Lake
"School Lake",46.77312522005681,-99.25206184290633,Lake
"May Lake",46.245918484125674,-99.54840186328047,Lake
"Doyles Lake",46.36916322273037,-99.51392295346744,Lake
"Dead Buffalo Lake",46.9039838036658,-99.77149351811249,Lake
"Alkali Lake",46.76960731861248,-99.84334351144994,Lake
"Trautman Slough",46.825398296094626,-99.18158204983366,Lake
"Kislingbury Lake",46.04836843594681,-99.32453501227974,Lake
"Sibley Lake",46.95666472358318,-99.73505487074776,Lake
"Round Lake",46.447361720988994,-99.81612457519745,Lake
"Green Lake",46.2039370082995,-99.45872130755706,Lake
"Clear Lake",46.231504058806706,-99.42790005979009,Lake
"Tappen Slough",46.941470287492336,-99.64798181825279,Lake
"Mud Lake",46.941035570325205,-99.70454198021217,Lake
"Stink Lake",46.885046361119684,-99.42425135338614,Lake
"Jaff Slough",46.86787829635297,-99.092224455996,Lake
"Headquarters Lake",46.843738184277385,-99.7139063454169,Lake
"Stony Lake",46.95427970096588,-99.67813482520037,Lake
"Mud Lake",46.26071464539873,-99.39096279185053,Lake
"North Brooks Slough",46.799236971217134,-99.10104988609096,Lake
"School Lake",46.50798873827836,-99.23838748140342,Lake
"Stink Lake",46.85912121139731,-99.37745296333365,Lake
"Weber Lake",46.82868099876642,-99.95694781966533,Lake
"Lake George",46.73660975130326,-99.49137137894745,Lake
"Balch Slough",46.78581894060812,-99.16888005007341,Lake
"Island Lake",46.37552045315785,-99.5822654913792,Lake
"Salt Lake",46.118284243397916,-99.29257489942377,Lake
"South Brooks Slough",46.79107690054348,-99.10462892539194,Lake
"Dry Lake",46.07861457850671,-99.42629318841651,Lake
"Lake Isabel",46.81887633392807,-99.7470440333302,Lake
"Pursian Lake",46.68314525015648,-99.98805643860169,Lake
"Beaver Lake",46.39327737026843,-99.60600601894026,Lake
"Miller Lake",46.24044463109627,-99.1919007056975,Lake
"Thornton Slough",46.79744817005638,-99.12939003609995,Lake
"McKenna Lake",46.48845903065053,-99.80397129561375,Lake
"Runner Slough",46.87851516336319,-99.13143629403436,Lake
"Olson Slough",46.8227687553329,-99.10783788647652,Lake
"Arnies Lake",46.588301493732004,-99.09886677744304,Lake
"Big Muddy Lake",46.92433779793714,-99.73763295996756,Lake
"Bird Lake",46.9885328163175,-99.708424074742,Lake
"Weber Slough",46.8192998392848,-99.12340953144712,Lake
"Pass Lakes",46.903312140477766,-99.69726068623852,Lake
"Moon Lake",46.85663340468854,-98.15950626938567,Lake
"Island Lake",46.90103895837962,-98.3919644399472,Lake
"Lake LaMoure",46.30054543334701,-98.28870578315872,Lake
"Hobart Lake",46.92113407407821,-98.13419993790602,Lake
"Wilson Dam",46.177435393921485,-98.75749471682194,Lake
"Jamestown Reservoir",47.017006504524076,-98.73268464030802,Lake
"Sweetwater Lake",46.88004195206709,-98.20822054621097,Lake
"Sanborn Lake",46.94785482129867,-98.18478247075323,Lake
"Goose Lake",46.88501813147251,-98.40501511163522,Lake
"Kee Lake",46.84623789552321,-98.28620389601159,Lake
"Wood Lake",46.07229611416612,-98.92664187151159,Lake
"Saint Marys Lake",46.848772176032504,-98.15450453581298,Lake
"Twin Lakes",46.40288639711307,-98.26638703795884,Lake
"Pipestem Lake",46.97738729089204,-98.81126681264264,Lake
"Big Swamp",46.879303131421366,-98.08776220367639,Lake
"Cottonwood Lake",46.28873494371155,-98.42721470623144,Lake
"Round Lake",46.91826008229061,-98.2039910617603,Lake
"McDonald Lake",46.95751507571507,-98.0773683069736,Lake
"Eckelson Lake",46.92281335114271,-98.30130348336336,Lake
"Fox Lake",46.9601946266777,-98.35422587868001,Lake
"Hilles Lake",46.18767645962248,-98.9277513787533,Lake
"Mud Lake",46.857376108134346,-98.42604346597699,Lake
"Crab Tree Lakes",46.016082093266554,-98.88165508942656,Lake
"Pheasant Lake",46.01877572368209,-98.67158947593899,Lake
"Silver Lake",46.02379730133124,-97.57282058688658,Lake
"Dill Slough",46.14007812324706,-97.91808482904344,Lake
"Lake Bertha",46.764007047584926,-97.50409120292218,Lake
"Kandiotta Lake",46.143814651621796,-97.49012609753616,Lake
"Grass Lake",46.09851654196753,-97.23741472589597,Lake
"Swan Lake",46.08816104183439,-97.10996553638843,Lake
"Wahl Lake",46.04734972366627,-97.14170938294622,Lake
"Berre Lake",46.13448004476633,-97.30828067669239,Lake
"Storm Lake",46.257054020010784,-97.4726022068386,Lake
"Lueck Lake",46.02809349596955,-97.04360950560807,Lake
"Lake Taayer",46.123952103585815,-97.96086453539446,Lake
"Borg Lake",46.21911282394105,-97.40964520938887,Lake
"Stacks Slough",46.09111432025529,-97.00823938806224,Lake
"Lake Fedge",46.19526311538087,-97.39619954418563,Lake
"Moran Lake",46.039949313163916,-97.02260235900108,Lake
"Silver Lake",46.12039309127119,-97.19470998945144,Lake
"Bisek Lake",46.104461275095986,-97.17052336729047,Lake
"Lone Tree Lake",46.42224185139305,-97.95939540000138,Lake
"Kreiser Lake",46.13375968764368,-97.22194934770374,Lake
"Browen Lake",46.60062718265171,-97.81772884282383,Lake
"Lake Mann",46.024749684697355,-97.53266245118832,Lake
"Gullys Slough",46.04847052376368,-97.05315325888614,Lake
"Elm Lake",46.00719525650814,-97.13300594020234,Lake
"Sprague Lake",46.018929571916665,-97.5419810703656,Lake
"Murach Lake",46.12118630079836,-97.27935642233439,Lake
"Boot Lake",46.24375212898344,-97.40095250073789,Lake
"Doran Lake",46.824357177699625,-96.30595814837265,Lake
"Businger Lake",46.669631920394785,-96.15271919580711,Lake
"Horan Lake",46.832726458307846,-96.0910744491539,Lake
"Dayton Hollow Reservoir",46.25157664377943,-96.12372297851584,Lake
"Cuba Lake",46.89078268855023,-96.1710106693489,Lake
"Gilbertson Lake",46.87313766204902,-96.01828775209896,Lake
"Gaards Lake",46.602859705868404,-96.20427065338605,Lake
"Lake Mason",46.41277907685684,-96.08348642915445,Lake
"Melbye Lake",46.97398841151162,-96.18385930228918,Lake
"Tamarack Lake",46.665603105249744,-96.08308921253945,Lake
"Twelve Lake",46.52055599776648,-96.05005402306753,Lake
"Johnson Lake",46.34824819966721,-96.18558976822946,Lake
"Mud Lake",46.142554994516004,-96.03892810028573,Lake
"Thorson Lake",46.86095162414144,-96.20712488558756,Lake
"Frisk Lake",46.81380849659073,-96.08598768490229,Lake
"Grena Lake",46.54707255983164,-96.17480082016134,Lake
"Swan Lake",46.21564420546672,-96.00353151625532,Lake
"Solwald Lake",46.96269818197217,-96.30396313363876,Lake
"Pete Lake",46.651301752188175,-96.1420488632951,Lake
"Willard Lake",46.06362115697177,-96.94551066976153,Lake
"Reed Lake",46.43205364399385,-96.09439383717564,Lake
"Otter Tail River Reservoir",46.27974058342735,-96.0898728327364,Lake
"Duck Lake",46.89481901498787,-96.09048971339098,Lake
"Tub Lake",46.75479776474,-96.14549668412039,Lake
"Wright Lake",46.294760274880865,-96.03004373638063,Lake
"Faunce Lake",46.18133325761599,-96.14849636343008,Lake
"Swede Grove Lake",46.95040560837531,-96.22184322520664,Lake
"Sand Lake",46.86454467184546,-96.1738981949272,Lake
"Marshall Lake",46.83921823189876,-96.03540376765739,Lake
"Hougland Lake",46.79627044036804,-96.0880579986057,Lake
"Lake Thirteen",46.76283713826485,-96.19380296233604,Lake
"Nelson Lake",46.47703777322398,-96.22414232774274,Lake
"Big Cormorant Lake",46.764741076141426,-96.05488650288058,Lake
"Lake Oscar",46.37195481336469,-96.2277497666459,Lake
"Alkali Lake",46.14608228918832,-96.00343626461816,Lake
"Erickson Lake",46.84254416977559,-96.19977751165209,Lake
"Lake Elsie",46.0418240067671,-96.93139778554837,Lake
"Little Cormorant Lake",46.80981021230767,-96.0142679756708,Lake
"Pletan Lake",46.093102685705475,-96.08968394700817,Lake
"Upper Lightning Lake",46.13929509044411,-96.15950320710789,Lake
"Rush Lake",46.258687426006205,-96.15278775731016,Lake
"Lake Fifteen",46.76919249363057,-96.2252498805132,Lake
"Nelson Lake",46.80131409973728,-96.11331351782015,Lake
"Altner Lake",46.430249233441344,-96.14668276314075,Lake
"Stakke Lake",46.82642574644733,-96.10772954177962,Lake
"Jergenson Lake",46.82994093585165,-96.20228652417192,Lake
"LaBelle Lake",46.89326272023068,-96.07367336265762,Lake
"York Lake",46.869022638253206,-96.15227151683457,Lake
"Maria Lake",46.86288501125724,-96.37478297571307,Lake
"Grove Lake",46.63191248198915,-96.16176947917224,Lake
"Colness Lake",46.57337955086891,-96.23237511221203,Lake
"Knobel Lake",46.46970460059893,-96.13164221796319,Lake
"Lightning Lake",46.0708335330701,-96.08108349407162,Lake
"Lake Two",46.79019362569565,-96.21158930754586,Lake
"Bijou Lake",46.823666978451215,-96.14772530780436,Lake
"Iverson Lake",46.224242077320774,-96.04458036249055,Lake
"Larson Lake",46.8309984025811,-96.01656610009051,Lake
"Dahlberg Lake",46.8060527506712,-96.05023829710748,Lake
"Prairie Lake",46.60090561487952,-96.07219122731733,Lake
"Lee Lake",46.85965270178258,-96.14177478494861,Lake
"Houland Lake",46.47892566096091,-96.17406192546308,Lake
"Solem Lake",46.663138325991746,-96.25241897618646,Lake
"Round Lake",46.81582955794973,-96.12761235098006,Lake
"Upper Cormorant Lake",46.78492147057156,-96.13440485261842,Lake
"Burton Lake",46.70374149075514,-96.11240697072147,Lake
"Lake Haldorsen",46.41465485134877,-96.18279829351356,Lake
"Lake Olaf",46.59427485705748,-96.1627552616102,Lake
"Lake Jacobs",46.57140879270682,-96.20557579198253,Lake
"Stony Brook Lake",46.0923482090468,-96.06827982952946,Lake
"Ness Lake",46.80499583385054,-96.19392479759789,Lake
"Long Lake",46.772589340043965,-96.17582265687084,Lake
"Long Lake",46.42986582992466,-96.05293404965,Lake
"Lake Fourteen",46.7647478845501,-96.20286634929654,Lake
"West Lake",46.81391856100541,-96.07457823463683,Lake
"Mineral Lake",46.17311896282713,-96.00537796160951,Lake
"Engebretson Lake",46.82521035235355,-96.07544580676472,Lake
"Horseshoe Lake",46.23678600197105,-96.07548469247259,Lake
"Chautauqua Lake",46.240013360163516,-96.01676946341443,Lake
"Flora Lake",46.97537742619564,-96.25060298206648,Lake
"Talac Lake",46.8617457607307,-96.15663966157008,Lake
"Helgeson Lake",46.669043952293336,-96.16449298956057,Lake
"Lake Laura",46.73880694783133,-96.22336264573532,Lake
"Anderson Lake",46.8823517048654,-96.17645662836725,Lake
"Rushfieldt Lake",46.78787642780994,-96.36677305088246,Lake
"Eilertson Lake",46.77445625556815,-96.02355096576044,Lake
"Lake Jewett",46.41093660197972,-96.0490212038098,Lake
"Turtle Lake",46.78297858303366,-96.1726996404019,Lake
"John Lake",46.55534676732943,-96.0194747633157,Lake
"Boyer Lake",46.869130165516616,-96.046461630853,Lake
"Silver Lake",46.83111988908473,-96.33348585807593,Lake
"Devils Lake",46.398201919804215,-96.09158279964706,Lake
"Lake Ten",46.77801741211236,-96.23607603902381,Lake
"Middle Cormorant Lake",46.765924237890474,-96.108954008091,Lake
"Hoot Lake",46.30555538851591,-96.03177088259892,Lake
"Mud Lake",46.03149475012375,-96.15130028418085,Lake
"Reep Lake",46.88706623946687,-96.00510383511187,Lake
"Rose Lake",46.79000500084224,-96.16194435612844,Lake
"Stony Lake",46.08838525516113,-96.14912335517559,Lake
"Moe Lake",46.87439539479014,-96.19764860972131,Lake
"Lake Lizzie",46.62362893214929,-96.00540405676199,Lake
"Grandrud Lake",46.4948364732895,-96.05139561811906,Lake
"Felker Lake",46.861319155461224,-96.03719218706338,Lake
"Lee Lake",46.86147250749465,-96.25080031324654,Lake
"Overson Lake",46.81775073953427,-96.19886017091889,Lake
"Erickson Lake",46.78941579965454,-96.11503593571122,Lake
"Lake Ida",46.726892552564095,-96.09921910841786,Lake
"Boe Lake",46.90902438768298,-96.01509517347202,Lake
"Barnes Lake",46.85666671728368,-96.02133202424127,Lake
"Horseshoe Lake",46.044675817098735,-96.98634134612279,Lake
"Shoe Lake",46.820878363441196,-96.16687856831143,Lake
"Stinking Lake",46.91700853022211,-96.15262744927243,Lake
"Leaf Lake",46.79566565665522,-96.04129996894254,Lake
"Tatley Lake",46.9877634249155,-96.32415527514276,Lake
"Lake Eleven",46.783357378809995,-96.21272955187477,Lake
"Otter Tail River Reservoir",46.28384931672797,-96.06147716559582,Lake
"Pebble Lake",46.25265881984032,-96.03647359086408,Lake
"Foss Lake",46.068759062744235,-96.05930426553122,Lake
"Opperman Lake",46.29972535517459,-96.06197424396387,Lake
"Lake Three",46.79649801908552,-96.2320528502713,Lake
"Rustad Lake",46.98336535065051,-96.18268740113275,Lake
"Wedel Lake",46.3582514666585,-96.1360201262414,Lake
"Breckenridge Lake",46.25370578857835,-96.52947623514409,Lake
"Christ Olson Lake",46.85245817294843,-96.20060799748458,Lake
"South Barnes Lake",46.84427894793536,-96.02091178298546,Lake
"Engralson Lake",46.06658404168653,-96.04507522121924,Lake
"Prestrude Lake",46.83252345105488,-96.12632949407276,Lake
"Lime Lake",46.88866155838807,-96.14493280413048,Lake
"Sand Lake",46.638762825679464,-96.05916081258547,Lake
"Ranum Lake",46.6576489803637,-96.21525291268753,Lake
"Ash Lake",46.05259922697493,-96.14435603229875,Lake
"Grass Lake",46.05943864484325,-96.9243925123035,Lake
"Larson Lake",46.78368304111851,-96.10227314140583,Lake
"Forget-me-not Lake",46.8438238348978,-96.06806379071287,Lake
"Orange Lake",46.83146789259704,-96.0654256537083,Lake
"Demicks Lake",47.887997326207,-103.02623438047624,Lake
"Lake Sakakawea",47.72849206669089,-102.2156226132486,Lake
"Lake Sakakawea",47.566555302637276,-102.42455733956191,Lake
"Moffet Slough",47.291154250723835,-102.60642566648298,Lake
"Le Paul Slough",47.32515836572567,-102.63891075784169,Lake
"Lake Ilo",47.341204868603015,-102.67027406108052,Lake
"Muskrat Lake",47.86038006542193,-102.45307132383662,Lake
"Lake Vernon",47.97960940046151,-101.51918896883758,Lake
"Hiddenwood Lake",47.848200983343425,-101.80123980393716,Lake
"Mud Lake",47.607447356164876,-100.99156995814116,Lake
"Coal Lake",47.44238570638928,-101.07647482090934,Lake
"Crooked Lake",47.62697944851176,-101.03096166874595,Lake
"Blackwater Lake",47.661609911894516,-101.81850699048337,Lake
"Bartons Lake",47.84780632479178,-101.49603529629661,Lake
"Weller Slough",47.3950965339565,-101.19106236289473,Lake
"Nelson Lake",47.08036261971251,-101.22542691266055,Lake
"Shallow Lake",47.77760360918287,-101.34243035397294,Lake
"Brumwell Slough",47.69576615539528,-101.86509248532768,Lake
"Shallow Alkali Lake",47.781020566927026,-101.40796671056223,Lake
"Tangedahl Lake",47.99116773219421,-101.52701098998385,Lake
"Lake Nettie",47.620132513467816,-101.01182058544192,Lake
"Minehan Slough",47.677400160287455,-101.81909605664687,Lake
"Nygaard Slough",47.542472953078416,-101.02476107227179,Lake
"Nelson and Carlson Lakes",47.91258115692735,-101.47011203493616,Lake
"Rush Lake",47.889776962695365,-101.41048578525812,Lake
"Audubon Lake",47.60689821946689,-101.17602789675395,Lake
"Nelson Lake",48.00220089467171,-101.27569708242389,Lake
"Lake Susie",47.80904955250328,-101.95669697926444,Lake
"McMann Lake",47.84975018001614,-101.11989685318925,Lake
"Lake Brekken",47.5464245639532,-100.89598516890626,Lake
"Antelope Lakes",47.954802684644655,-100.0815983511461,Lake
"Blue Lake",47.542995905941254,-100.75689848370817,Lake
"Lake Ordway",47.504796696049205,-100.945302504818,Lake
"Pelican Lake",47.595014570784215,-100.67893985334436,Lake
"Postel Lake",47.614345723564895,-100.67878247052217,Lake
"Lake Williams",47.52847851496083,-100.83708000662998,Lake
"Connia Slough",47.975285263426564,-100.64318080501667,Lake
"Billows Lake",47.5478396417103,-100.8557043526536,Lake
"Lake Josephine",47.18224208740944,-99.99598111511118,Lake
"Jones Lake",47.543180706242026,-100.2272851225223,Lake
"Nelson Lake",47.589472778564776,-100.86330243759618,Lake
"Twin Lakes",47.21357000910266,-100.13058049655594,Lake
"Alkali Lake",47.89459094308092,-100.39680446504704,Lake
"Krueger Lake",47.76454244565091,-100.49849559248356,Lake
"Crooked Lake",47.671369891583964,-100.88690403046338,Lake
"Otis Lake",47.812887023474445,-100.90842801504745,Lake
"Canfield Lake",47.18777584872986,-100.45926011478375,Lake
"Strawberry Lake",47.760913866686366,-100.86857243311833,Lake
"Pelican Lake",47.532096882883366,-100.7710941949808,Lake
"Ebel Lake",47.80185598549967,-100.50509975220534,Lake
"Kindschi Lake",47.59977372982154,-100.33925704152787,Lake
"Hanson Slough",47.524598054231724,-100.9364466661827,Lake
"Siebold Lake",47.701048468623384,-100.56048991732754,Lake
"North Lake",47.38181894471196,-100.2619861204341,Lake
"Lake Margaret",47.55932529593347,-100.85237306672651,Lake
"Cottonwood Lake",47.61550531991148,-100.82672775250064,Lake
"Bentley Lake",47.91741802165014,-100.44584075911649,Lake
"Coal Mine Lake",47.68457113347955,-100.17040483988819,Lake
"Bunker Lake",47.24595463233672,-100.35940198650304,Lake
"Flat Lake",47.9958982078908,-100.30836177863418,Lake
"Turtle Lake",47.53751267389813,-100.97519914688914,Lake
"Pop Lake",47.37564883372202,-100.43701932283648,Lake
"Cherry Lake",47.62187607242695,-100.67171832391729,Lake
"Alkali Lake",47.64669651574179,-100.63615949378253,Lake
"Mud Lake",47.812769641225515,-100.22899346167233,Lake
"Painted Woods Lake",47.2211018414927,-100.95582178043911,Lake
"Peterson Lake",47.52756131053195,-100.80414238471099,Lake
"Moesner Lake",47.795287616253866,-100.54017401171998,Lake
"Lonetree Lake",47.202070360390735,-100.29426124246714,Lake
"Harriet Lake",47.119251042668886,-100.19161317871838,Lake
"Woodhouse Lake",47.30901079774212,-100.01055472230153,Lake
"Heckers Lake",47.342332091626695,-100.669459159332,Lake
"Canfield Lake",47.17723193608594,-100.45685553174818,Lake
"Florence Lake",47.291545446191435,-100.32428050626773,Lake
"Stevens Slough",47.987819407494115,-100.6726922365469,Lake
"Horseshoe Lake",47.22687316332885,-100.25172102195958,Lake
"Antelope Lakes",47.96375376401103,-100.12212001274436,Lake
"Johnson Lake",47.765348559719264,-100.10875454431718,Lake
"Lesmeister Lake",47.99085669218402,-100.007641230069,Lake
"Lake Richard",47.84427943567188,-100.36273857977258,Lake
"Steele Lake",47.874964228447496,-100.24579108483572,Lake
"Hutchinson Lake",47.177481599535966,-100.09832600217464,Lake
"West Lake",47.37089814177131,-100.2793816956455,Lake
"Mitchell Lake",47.17222536777139,-100.30081759758419,Lake
"Johns Lake",47.378755504042125,-100.48179140160285,Lake
"Sand Lake",47.77588943598911,-100.3002268763314,Lake
"Salt Lake",47.31715087685739,-100.27640683553636,Lake
"Brush Lake",47.52867627082813,-100.72554661726093,Lake
"Sheyenne Lake",47.70066623606429,-100.21110303538917,Lake
"England Lake",47.69116735902662,-100.60225061065312,Lake
"Wolf Lake",47.80731275187164,-100.14735965295634,Lake
"Lake Holmes",47.533855105019974,-100.87253752373032,Lake
"Sperry Lake",47.362842405032616,-100.2508314992327,Lake
"Lost Lake",47.25553429399987,-100.89818893944528,Lake
"Cottonwood Lake",47.87745451583558,-100.67323824649716,Lake
"Bentz Lake",47.6379624268341,-100.43144245927921,Lake
"Long Lake",47.71551668055188,-100.86175369016338,Lake
"Guyes Lake",47.76748238966433,-100.31010320602041,Lake
"Lone Tree Lake",47.65954536019086,-100.16058032780165,Lake
"Pelican Lake",47.30629754391421,-100.3646550680705,Lake
"Grass Lake",47.22296574630339,-100.70786494370219,Lake
"Lake Williams",47.528114997362,-100.83003777876601,Lake
"Rush Lake",47.19531866854746,-100.11209498725121,Lake
"Camp Lake",47.771767796437395,-100.8511133180665,Lake
"Alkali Lake",47.852813927765304,-100.07053706221426,Lake
"Kandt Lake",47.813627324944626,-100.4619343022282,Lake
"Cherry Lake",47.525342335679035,-100.94779856159607,Lake
"Frankhauser Lake",47.8112556988762,-100.33094868217292,Lake
"Horse Lake",47.36900673661877,-100.40895516119734,Lake
"Lake Helen",47.23771760554659,-100.06053056283561,Lake
"Aylmer Lake",47.9413191312915,-100.19776400191928,Lake
"Alkali Lake",47.75868437937086,-100.2269919298928,Lake
"Bunce Lake",47.26687709366941,-100.35427853322606,Lake
"Cottonwood Lake",47.511554658386295,-99.62700976187237,Lake
"Senior Lake",47.30838462768444,-99.92653632106583,Lake
"Northwestern Lake",47.21206735275197,-99.21294515605469,Lake
"Swan Lake",47.287881682095225,-99.75639314543301,Lake
"West Lake",47.207110230763924,-99.23103229168855,Lake
"Lake Seventeen",47.986784186884336,-99.64930963013335,Lake
"Sunday Lake",47.18680116077764,-99.32462067873034,Lake
"Horsehead Lake",47.04914690563507,-99.79061457012116,Lake
"Legreid Lake",47.9320666701722,-99.64448573140801,Lake
"Sink Lake",47.11656405657863,-99.6551647214972,Lake
"Alkali Lake",47.20694204119402,-99.20805526938557,Lake
"Brush Lake",47.12481388988567,-99.12815011368922,Lake
"Deer Lake",47.15149497306108,-99.5980389604784,Lake
"Goose Lake",47.79577667542177,-99.4700756282344,Lake
"Des Moines Lake",47.134584117343735,-99.64349000444663,Lake
"Colby Lake",47.210244399446445,-99.26418041486104,Lake
"Pearl Lake",47.03214953964765,-99.35601674664699,Lake
"Deer Lake",47.054017614413496,-99.11246579296846,Lake
"Sandy Lakes",47.98052354484041,-99.95826179733665,Lake
"Spring Lake",47.036071014043024,-99.19859136784815,Lake
"Lake Bonita",47.332718402792175,-99.08817017483808,Lake
"Devils Lake",48.042817457643054,-99.00818530969244,Lake
"Cherry Lake",47.062441500952126,-99.87440661408306,Lake
"Egg Lake",47.73455318880032,-99.87525908943954,Lake
"Willow Lake",47.280840948687946,-99.82021197991364,Lake
"Lake Ontario",47.50889986004003,-99.74190331867237,Lake
"Long Lake",48.00478477277001,-99.26060123084613,Lake
"Norway Lake",47.81046313821065,-99.46853792286727,Lake
"Duck Lake",47.51867056449614,-99.66311348776931,Lake
"Brock Slough",47.07527699803128,-99.54230047179071,Lake
"Crystal Lake",47.51891578170168,-99.966823407543,Lake
"Mud Lake",47.05168202635057,-99.34711407549823,Lake
"Long Alakline Lake",47.242362365185684,-99.8256991342237,Lake
"Ranch Lake",47.12495188525893,-99.53644657972846,Lake
"Lake Williams",47.12895749229395,-99.6171420345612,Lake
"Kunkel Lake",47.04025449770478,-99.63781514226345,Lake
"Bond Lake",47.08483056252099,-99.59388894152244,Lake
"Fischer Lake",47.08295802056059,-99.22846949616414,Lake
"Stony Lake",47.97800363201774,-99.29889815894926,Lake
"Round Lake",47.14630005697458,-99.48832043321987,Lake
"Barnes Lake",47.23097694368711,-99.27871232150802,Lake
"South Lake",47.102752628229624,-99.61279814714547,Lake
"Eric Lake",47.12441410993426,-99.1541831195097,Lake
"Lake Louise",47.050313657985846,-99.45166113529103,Lake
"Cottonwood Lake",47.08331615560648,-99.04164091666198,Lake
"Russell Lake",47.37923540122412,-99.16069572961048,Lake
"Goose Lake",47.83477282923753,-99.90136911023974,Lake
"Twin Lakes",47.96460802094076,-99.09834632620954,Lake
"Chicago Lake",47.069683109217884,-99.44223072267489,Lake
"Fisher Lake",47.02755135430573,-99.46832176382709,Lake
"Hirshkorn Lake",47.62980033771449,-99.73251407102416,Lake
"Ninemile Lake",47.661423489460255,-98.73723824490928,Lake
"Spring Lake",47.945147812757774,-98.82361325097945,Lake
"Battle Lake",47.81375298206061,-98.6173174643538,Lake
"Wood Lake",47.90154645065768,-98.84284952239884,Lake
"Round Lake",47.50610153043024,-98.3331681585421,Lake
"Rose Lake",48.000375844152316,-98.46435910975119,Lake
"Lake Coe",47.69556586701376,-98.69393584341393,Lake
"Medicine Lake",47.19596894703973,-98.77891095893102,Lake
"East Devils Lake",47.97556735154209,-98.63796066841236,Lake
"Stump Lake",47.877259348565886,-98.34962121606753,Lake
"Omild Slough",47.73907223471376,-98.00144032409862,Lake
"Lake Norway",47.583518290560384,-98.26755303053775,Lake
"Sibley Lake",47.517358578840074,-98.35367951831299,Lake
"Lake Benson",47.22352928366718,-98.23305463802039,Lake
"Ottofy Lake",47.743189410698264,-98.38041683447919,Lake
"Olsen Slough",47.85687387530706,-98.17605049925808,Lake
"Johnson Lake",47.67597274313657,-98.52237245512963,Lake
"Lake Jessie",47.5509975688587,-98.28762413150304,Lake
"Arrowwood Lake",47.29591640310445,-98.83812033707278,Lake
"Lake Ashtabula",47.18957843417176,-98.01093279223105,Lake
"Long Lake",47.56418589089352,-98.29326908265423,Lake
"Lake George",47.39466418221676,-98.95287317387528,Lake
"Swan Lake",47.967478386523155,-98.45388619304752,Lake
"Horseshoe Lake",47.91760441706387,-98.12525475178441,Lake
"Rusten Slough",47.54231602778044,-98.87207301643319,Lake
"Mallard Lake",47.98917707719461,-98.90042921447855,Lake
"Mallard Lake",47.89025485412253,-98.80225250801895,Lake
"Medicine Lake",47.69385661523321,-98.74569087389656,Lake
"Free Peoples Lake",47.910336368090036,-98.72897050025533,Lake
"Dahl Slough",47.81910954037337,-98.17329790292101,Lake
"Goose Lake",47.82629853335896,-98.9726994685783,Lake
"Jones Lake",47.43941432204591,-98.32226658716806,Lake
"Berkland Slough",47.83858727649992,-98.18148319944223,Lake
"Hillesland Lake",47.75115383606748,-97.99666793556193,Lake
"Pickerel Lake",47.665818270828865,-98.00175990238039,Lake
"Long Lake",47.48828511058559,-98.33645610313074,Lake
"Mud Lake",47.15180866897659,-98.40885639125418,Lake
"South Washington Lake",47.72354049249434,-98.69048596489377,Lake
"North Washington Lake",47.75562391037771,-98.71018883459212,Lake
"Blue Cloud Lake",47.546694759445685,-98.77019435667275,Lake
"Bitter Lake",47.95850669459084,-98.18617013473819,Lake
"Juanita Lake",47.548039365355315,-98.74201697223532,Lake
"Lake Silver",47.580075081224166,-98.27879545748277,Lake
"South Twin Lake",47.656366334384096,-98.70308693780775,Lake
"Elbow Lake",47.89613118929307,-98.7400169480581,Lake
"Lambs Lake",47.937303446342824,-98.07467230848674,Lake
"Lake Five",47.48179175169016,-98.20329918119064,Lake
"Stella Lake",47.99337624264355,-98.03397118814794,Lake
"Horseshoe Lake",47.84959709854996,-98.78613895381099,Lake
"Hoot-E-Too Lake",47.62772757942549,-98.48436075609452,Lake
"Spiritwood Lake",47.072333204599474,-98.58914225972973,Lake
"Bakstad Lake",47.75096160092764,-98.62770648145903,Lake
"Mannie Lake",47.69720165111089,-98.37421386244898,Lake
"Phelps Lake",47.49968526505298,-98.34975049202791,Lake
"Blue Lake",47.09991089816704,-98.66411453044594,Lake
"Harrison Lake",47.89446264164919,-98.03190251008343,Lake
"Cherry Lake",47.63961043716405,-98.67715024847507,Lake
"Fox Lake",47.231411897980934,-98.6069240646713,Lake
"Lake Addie",47.53176527367721,-98.28719783895386,Lake
"Shin Bone Lake",47.860051867045044,-98.70067251654828,Lake
"Red Willow Lake",47.647924162760106,-98.37444913570504,Lake
"Twin Lakes",47.882597020131804,-98.11934040994194,Lake
"Jim Lake",47.18778333910517,-98.82215423059337,Lake
"Rudolph Lake",47.13339929810633,-98.69273314817809,Lake
"Lake George",47.40993817660294,-98.9624302181105,Lake
"Lone Tree Lake",47.28888734321869,-97.89163980421036,Lake
"Fullers Lake",47.30816899945896,-97.59242835940931,Lake
"Grand Forks Sewage Disposal Ponds",47.9552459639229,-97.13646374492379,Lake
"Matson Slough",47.74049525082983,-97.95271131705537,Lake
"Rugh Lake",47.775982050680675,-97.95985776212993,Lake
"North Golden Lake",47.59466948113141,-97.63246465060138,Lake
"Horseshoe Lake",47.76365257229024,-97.97435179053981,Lake
"Stony Lake",47.28463580739318,-97.90725781130278,Lake
"Twin Lakes",47.96973293484159,-97.89678992163516,Lake
"Golden Rush Lake",47.567311587295876,-97.65344681418641,Lake
"Larson Slough",47.07143276484133,-97.93750177629344,Lake
"Deer Lake",47.995332251310906,-97.95428011932651,Lake
"Grand Forks Sewage Disposal Ponds",47.956795513141365,-97.14730099970288,Lake
"Willow Lake",47.27311722000655,-97.92512627392551,Lake
"Golden Lake",47.567067790164344,-97.6386624823131,Lake
"Lake Pickard",47.94610756320677,-97.91160284089243,Lake
"Grand Forks Sewage Disposal Ponds",47.96583114563851,-97.13709440282314,Lake
"Smith Lakes",47.92098942710106,-97.87203203918033,Lake
"Grand Forks Sewage Disposal Ponds",47.965365837998554,-97.14733345840813,Lake
"Lake Tobiason",47.64221137426394,-97.63871140064161,Lake
"Bradley Lake",47.609309181956625,-96.00562280351299,Lake
"Crystal Lake",47.628074865458686,-96.10299645139186,Lake
"Maltrud Lake",47.56101525089323,-96.0933344351885,Lake
"Maple Lake",47.65677893712163,-96.16817123928894,Lake
"Tilde Lake",47.011632217824115,-96.19429790641485,Lake
"Eighteen Lake",47.6384751806083,-96.05512302694389,Lake
"Halverson Lake",47.57035854908953,-96.17283423392121,Lake
"Braaten Lake",47.62794208587041,-96.1416416236821,Lake
"Clarence Lake",47.12759028201358,-96.00508864650224,Lake
"Cameron Lake",47.66607773345022,-96.01920831736847,Lake
"Cable Lake",47.672630993452294,-96.173128302422,Lake
"Lemon Lake",47.10243598583667,-96.00100388102622,Lake
"Union Lake",47.59929729381128,-96.07861554555359,Lake
"Raff Lake",47.50790983431422,-96.2177436720567,Lake
"Cable Lake",47.582512967888476,-96.19483165006909,Lake
"Lockhart Swamp",47.44782679928946,-96.39624132059198,Lake
"Badger Lake",47.68032453388121,-96.01331686114878,Lake
"Bee Lake",47.65881584908185,-96.04949617678676,Lake
"Kittleson Lake",47.59214879803353,-96.24017745839375,Lake
"Apple Lake",47.14830783260986,-96.03883058004138,Lake
"Crooked Lake",47.576592954550854,-96.09675002790884,Lake
"Lake Arthur",47.566390357041406,-96.2354484222989,Lake
"Mitchell Lake",47.67288491407438,-96.02955800054143,Lake
"Lake Sarah",47.613938534101116,-96.03234062315776,Lake
"Lone Tree Lake",48.43945464772577,-103.53020319158433,Lake
"Skjermo Lake",48.95376010947528,-103.88307410733779,Lake
"Green Lake",48.61707217898251,-103.62025929223165,Lake
"Big Meadow",48.56140257501219,-103.05795868867932,Lake
"Camp Lake",48.665657870885966,-103.99910012573291,Lake
"Musta Lake",48.71393755951084,-103.59340533728007,Lake
"Rattler Lake",48.860768359412646,-103.74702978349498,Lake
"Miller Lake",48.83730293123082,-103.95956512237217,Lake
"Big Slough",48.700033958521935,-103.22539232291749,Lake
"Bright Water Lake",48.72566668484356,-103.46431186427651,Lake
"Lake Trenton",48.05661813250899,-103.8352640601572,Lake
"Shirley Lake",48.573750387281265,-103.66475798639284,Lake
"Willow Lake",48.718350240335944,-103.1434982989103,Lake
"The Swamp",48.63867289567985,-103.14616596899144,Lake
"Helle Slough",48.5725150972502,-103.13086735135246,Lake
"Epping Dam",48.26254725578674,-103.41280680047976,Lake
"Lake Zahl",48.554954857487616,-103.67312767325534,Lake
"North Lake",48.8702404587011,-103.96460877653185,Lake
"Blacktail Lake",48.43278699411541,-103.7396784683313,Lake
"Peterson Slough",48.60657412533048,-103.24010917454495,Lake
"Tom Berg Lake",48.59183182119018,-103.15800009470354,Lake
"Marsland Slough",48.8426509057546,-103.78555478867062,Lake
"Holm Lake",48.62265118786727,-103.54359165478152,Lake
"Alkali Lake",48.582477873270946,-103.58870716126201,Lake
"Cottonwood Lake",48.586923610234514,-103.44179619623266,Lake
"Lower Des Lacs Lake",48.59529378969718,-101.99827855070927,Lake
"Powers Lake",48.53049889341118,-102.61806312860412,Lake
"Helde Lake",48.67169447853786,-102.58629847145176,Lake
"White Lake",48.38641532692974,-102.4526648395128,Lake
"Lagorin Slough",48.58234948864037,-102.2445327435776,Lake
"Tioga Dam",48.409154337311065,-102.93776777711462,Lake
"Fish Lake",48.63105135375102,-102.63901682770951,Lake
"Knudson Slough",48.58739213545833,-102.44315525513424,Lake
"Elbow Lake",48.601796996621,-102.51171673636752,Lake
"Middle Des Lacs Lake",48.664163991427515,-102.081657486142,Lake
"Ward Lake",48.709090901405766,-102.4693291271408,Lake
"Pool Five Reservoir",48.62518975683878,-102.03487962341435,Lake
"Enget Lake",48.56979257306278,-102.67760776752844,Lake
"Clearwater Lake",48.412166712778685,-102.2840489182755,Lake
"Upper Thompson Lake",48.65678486680931,-102.39011501957171,Lake
"Lower Lostwood Lake",48.532181996928,-102.45916052454244,Lake
"Shell Lake",48.18855283630684,-102.10803498472849,Lake
"Bush Lake",48.738816347164104,-102.90305114777233,Lake
"Rennie Lake",48.82915997653049,-102.5234751626119,Lake
"Smishek Lake",48.62292324072196,-102.65600423490713,Lake
"Nelson Lake",48.706125690999194,-102.9963538158077,Lake
"Thompson Lake",48.65044881996121,-102.40033664619303,Lake
"School Section Lake",48.59767900595891,-102.44168504267212,Lake
"Westby Lake",48.55120166212081,-102.35182944377382,Lake
"Shallow Lake",48.84592968828836,-102.59578934239585,Lake
"Eckert Lake",48.629371877825044,-102.36509241320418,Lake
"Sletten Lake",48.5594400131466,-102.77406905068528,Lake
"Upper Lostwood Lake",48.56941675852344,-102.43802662642067,Lake
"Kittelson Slough",48.50405036059593,-102.46672373738312,Lake
"Upper Des Lacs Lake",48.8583143311266,-102.11685244437105,Lake
"Iverson Slough",48.66249482365958,-102.41481943294492,Lake
"Cottonwood Lake",48.43673627541771,-102.59303674854316,Lake
"Beaver Lake",48.863453807232126,-102.63907380718948,Lake
"Swensens Slough",48.69662289810828,-102.45362151216605,Lake
"Christensen Slough",48.59572833329806,-102.25112361460455,Lake
"Paradise Meadow",48.555702271511045,-102.72420659195315,Lake
"Stacy Slough",48.576696850346515,-102.35978796457381,Lake
"Pond B",48.44043138147066,-101.55419068745616,Lake
"Pond A",48.45293381272142,-101.58394479467083,Lake
"Carpenter Lake",48.236880597858054,-101.91644206687664,Lake
"Lake Darling",48.58255948460511,-101.61859016564429,Lake
"Rice Lake",48.007625249464105,-101.53723563484607,Lake
"Mellam Lake",48.06746862903344,-101.62328842658509,Lake
"Mork Lake",48.130370556425255,-101.57510779967005,Lake
"Underdahl Lake",48.07066434399639,-101.65274101472856,Lake
"Long Lake",48.0991823781569,-100.291664059671,Lake
"Long Lake",48.92366647439298,-100.25659925506847,Lake
"Potters Lake",48.04239557782835,-100.89122697173418,Lake
"Lords Lake",48.78182241129974,-100.19962287689295,Lake
"Lake Hester",48.05192918910646,-100.75954114886896,Lake
"Bergen Lake",48.970137527302754,-100.19202257459946,Lake
"Hemming Lake",48.910325647934094,-100.28726036070165,Lake
"Goose Lake",48.42736922165695,-100.74254019074276,Lake
"Grass Lake",48.91351314965986,-100.2284964931565,Lake
"Juneau Lake",48.88981851085868,-100.22860857201017,Lake
"Lake Couthard",48.95595747881315,-100.44483095705645,Lake
"Lake Thomas",48.902651895640844,-100.32486027002513,Lake
"Fresh Water Lake",48.21612572837678,-100.35697130560803,Lake
"Sinclair Lake",48.97846385711139,-100.25039892381733,Lake
"Myer Lake",48.96409158293031,-100.05641288367708,Lake
"Hellick Lake",48.92859662436557,-100.24767294860794,Lake
"Schutte Lake",48.8225671138038,-100.04844521087215,Lake
"Lake Francis",48.97982900550357,-100.39648468657725,Lake
"Island Lake",48.90328586607434,-100.21286804837534,Lake
"Rush Lake",48.3828302973908,-100.21870656978412,Lake
"Lake Dana",48.901836362564545,-100.40920710433359,Lake
"Lauinger Lake",48.122974321980465,-100.42022730876113,Lake
"Butte Lake",48.848135402904624,-100.21639149102597,Lake
"Bigham Lake",48.81445724884499,-100.02293459024018,Lake
"Lake George",48.10525854756913,-100.38726889599975,Lake
"Bittener Lake",48.99369975631864,-100.26102846393721,Lake
"Sand Lake",48.9438046433453,-100.25256172014136,Lake
"Deep Lake",48.92006429848772,-100.28010056083758,Lake
"School Section Lake",48.98904054134084,-100.32788748562807,Lake
"Buffalo Lodge Lake",48.32916893163097,-100.75273397160221,Lake
"Bear Lake",48.877479503839616,-100.30244619885131,Lake
"Stony Lake",48.1533327618133,-100.14039322422674,Lake
"Rock Lake",48.31382859691934,-100.72326894857,Lake
"Kilgore Lake",48.16451094755184,-100.14571627321565,Lake
"Davis Lake",48.15114166224832,-100.10166174914796,Lake
"Metigoshe Lake",48.978395422586786,-100.35390041158104,Lake
"Brager Lake",48.95538456070031,-100.27221129418518,Lake
"Carvers Lake",48.221707632272455,-100.82684590360273,Lake
"Duckshire Lake",48.12198901460449,-100.32508953080712,Lake
"Round Lake",48.48157087842085,-100.19744028947936,Lake
"Long Lake",48.907469713561255,-99.99767908735849,Lake
"Hartley Lake",48.99479616617175,-100.18767583730705,Lake
"South Loon Lake",48.9258336342181,-100.3059761614421,Lake
"Belmar Slough",48.65665620062127,-100.33391158832383,Lake
"Herrington Lake",48.08812945310933,-100.50408495795604,Lake
"Lee Lake",48.8914242629069,-100.27260740638064,Lake
"Long Lake",48.93814799477153,-100.02009778939235,Lake
"Berry Lake",48.93367189609019,-100.11794738627783,Lake
"Lagerquist Lake",48.95752173700398,-100.13642380033062,Lake
"Red Lake",48.23686211736426,-100.11447416165662,Lake
"School Section Lake",48.94456532348501,-99.9990343342107,Lake
"Willow Lake",48.92490086735596,-100.14572737738872,Lake
"Horseshoe Lake",48.43007215467718,-100.25930606002991,Lake
"Lake Bennett",48.96767806794277,-100.334464537561,Lake
"Bacon Lake",48.95461327774566,-100.15021284730831,Lake
"Eldridge Lake",48.90242243217935,-100.05403544609916,Lake
"Grigg Lake",48.881937900809774,-100.34551076786718,Lake
"Smoky Lake",48.16629029794052,-100.25532253018024,Lake
"Girard Lake",48.07504354187133,-100.00199919520168,Lake
"Stink Lake",48.070699353807754,-100.77931362904319,Lake
"Round Lake",48.03079432204604,-100.27571930077123,Lake
"Duck Lake",48.92399815533046,-100.39562515874664,Lake
"Oslie Lake",48.22947718608655,-100.8618356333141,Lake
"Boundary Lake",48.995640013968746,-100.21050876964594,Lake
"Belle Lake",48.893903011842674,-99.99995480608017,Lake
"North Lake",48.369620204957506,-100.77734397513497,Lake
"Martin Lake",48.04226701538697,-100.29627278117984,Lake
"Bromley Lake",48.056244836900674,-100.31261733923263,Lake
"Battema Lake",48.05466654116931,-100.10880814838158,Lake
"Lake Harman",48.907670601947494,-100.38487369658206,Lake
"Erickson Lake",48.02718969209922,-100.8642478540008,Lake
"Lake Klingenberg",48.937743783004635,-100.43401294001985,Lake
"Ranch Lake",48.13888847089476,-100.08873291230618,Lake
"Brennan Lake",48.955686949125415,-100.0171885649363,Lake
"Heffner Lake",48.184437853258736,-100.50724828986101,Lake
"Loon Lake",48.9352662781243,-100.30957525803362,Lake
"Spring Lake",48.32311053981567,-100.58485601572892,Lake
"Anderson Lake",48.91049217197357,-100.05836725861249,Lake
"Butler Lake",48.891417371494725,-100.05785035513675,Lake
"Gatten Lake",48.986720688910594,-100.15480622841062,Lake
"Cassidy Lake",48.904878401116356,-100.24982205039299,Lake
"Klebe Lake",48.976991436821336,-100.29220453915012,Lake
"Pelican Lake",48.94450905969928,-100.27001753482214,Lake
"Nead Lake",48.20410275426026,-100.81739216495335,Lake
"Smithsrund Lake",48.891052839826905,-100.3447973100322,Lake
"Lyde Lake",48.93574211153944,-100.0598101186416,Lake
"Rutten Lake",48.01282515858523,-100.3408227353001,Lake
"Walker Lake",48.96002553441084,-100.22825897349011,Lake
"Sand Slough",48.33977013763029,-100.08636955297858,Lake
"Sivertson Lake",48.98730572380888,-100.26932750259174,Lake
"Rose Lake",48.88371821685136,-100.07591273743957,Lake
"Lake Lemer",48.077049467028225,-100.34074114247615,Lake
"Long Lake",48.95365637583064,-99.81447770391432,Lake
"Girl Lake",48.68335437844217,-99.92028077487875,Lake
"Lake Irvine",48.28443003434255,-99.13749265422061,Lake
"Armourdale Lake",48.88157080767604,-99.42697349862561,Lake
"Jarvis Lake",48.923792742579835,-99.85363600087872,Lake
"Purdy Lake",48.947355054367215,-99.89860281879115,Lake
"Island Lake",48.9628038900157,-99.8821823707067,Lake
"School Section Lake",48.94354896315721,-99.87785706838382,Lake
"Ben Waters Lake",48.96744823615848,-99.8953225586701,Lake
"Belcourt Lake",48.87958114605451,-99.76080321525856,Lake
"Little Gurr Lake",48.68978619383859,-99.87929648120986,Lake
"Broken Bone Lake",48.34779081585,-99.80271083922823,Lake
"Sucker Lake",48.92771588047147,-99.96873599677464,Lake
"Dion Lake",48.9778515894553,-99.89554240426874,Lake
"Syrian Lake",48.87705244899292,-99.73784835270936,Lake
"Twin Lake",48.705710990483006,-99.91912220809967,Lake
"Long Lake",48.916280908287526,-99.8727220375178,Lake
"Silver Lake",48.19526022422703,-99.25648606241089,Lake
"Snyder Lake",48.69078762374963,-99.21791416832754,Lake
"Sheep Lake",48.18065951512819,-99.55566305061643,Lake
"Long Lake",48.897501851950075,-99.84447765297406,Lake
"Round Lake",48.08412341611768,-99.93057635527578,Lake
"Grass Lake",48.526744795554634,-99.6656839583842,Lake
"Soap Lake",48.411664329385026,-99.97785973010296,Lake
"Horseshoe Lake",48.3297407283863,-99.80342250120059,Lake
"Cool Lakes",48.94291016230174,-99.83098674670313,Lake
"Brumba Pool",48.72902329970131,-99.24423284090662,Lake
"Oak Lakes",48.96270363592188,-99.80470693802557,Lake
"Jay Lake",48.94507644329882,-99.94815042412287,Lake
"School Section Lake",48.90080916030327,-99.92643996769164,Lake
"Herd Lake",48.492098441396784,-99.95194256498928,Lake
"Byrnes Lake",48.92709973819101,-99.73929335251239,Lake
"Johnson Lake",48.869256323788385,-99.93041990373128,Lake
"Guss Lake",48.46061706514495,-99.74179707577201,Lake
"Lake Ibsen",48.26178685649653,-99.40034770453549,Lake
"Island Lake",48.5732753152142,-99.68733448924343,Lake
"Long Lake",48.633572226875614,-99.72294697388878,Lake
"Pound Lake",48.941781236694865,-99.34246426703487,Lake
"Gravel Lake",48.9564117066971,-99.83324733606364,Lake
"Cain Lake",48.91553122248688,-99.91544397595304,Lake
"Cranberry Lake",48.14896860743687,-99.76697015880359,Lake
"Streitzel Lake",48.97981305088043,-99.9282876589221,Lake
"Kishpaugh Lake",48.55502842539957,-99.9043544040559,Lake
"Chain Lake",48.34611124910591,-99.05351101916429,Lake
"Spring Lake",48.49275553771035,-99.90191239525538,Lake
"O'Connell Lake",48.18338838535531,-99.26723500890631,Lake
"Lake Upsilon",48.96624896034114,-99.84640473138987,Lake
"Roberts Lake",48.10544952419654,-99.77835791114313,Lake
"Rock Lake",48.83726115322942,-99.19156243611357,Lake
"Long Lake",48.087299573194116,-99.87431826208135,Lake
"Little Horseshoe Lake",48.91146288123788,-99.9870739079048,Lake
"Wheaton Lake",48.918816680296956,-99.79254899556241,Lake
"Goose Lake",48.4126238652633,-99.92300100850238,Lake
"Lake Yri",48.22060269097112,-99.24980023541957,Lake
"Carpenter Lake",48.958704553441535,-99.97444275656426,Lake
"Moore Lake",48.91484865180748,-99.29676598680406,Lake
"Wright Lake",48.55114220291968,-99.92817902124209,Lake
"Sand Lake",48.408798059610504,-99.80124514635203,Lake
"Petrified Lake",48.08662938974943,-99.9538482652669,Lake
"Fish Lake",48.10764939369055,-99.56139082391398,Lake
"Rock Lake",48.81556099002238,-99.22329237542104,Lake
"Martin Lake",48.86004050150623,-99.70632862810143,Lake
"Gunderson Lake",48.294410991156916,-99.97217760681777,Lake
"Rames Lake",48.9588976946643,-99.872325165242,Lake
"Pelican Lake",48.15574027169596,-99.16886720365879,Lake
"Mud Lake",48.23063139075968,-99.56925173627839,Lake
"Lake Murie",48.231802257149596,-99.24613229307612,Lake
"Fiestel Lake",48.98575781704763,-99.85582616790366,Lake
"Huff Lake",48.933278319567755,-99.91572151417029,Lake
"Hurricane Lake",48.418314249274424,-99.5019041516954,Lake
"Gravel Bottom Lake",48.901573232921834,-99.96048799141847,Lake
"Desjarlis Lake",48.88560824593268,-99.87408496887825,Lake
"Sand Lake",48.216633714486335,-99.79594018711781,Lake
"Long Lake",48.26061532318709,-99.78731923292696,Lake
"Twin Lakes",48.23663421836644,-99.62530958149264,Lake
"Twin Lakes",48.545206145998364,-99.76649216247469,Lake
"Dry Lake",48.2855517877363,-98.96700743112851,Lake
"Bu Lake",48.915239856436415,-99.9007721058479,Lake
"Lake Alice",48.37113274509482,-99.10932955378219,Lake
"Mill Lake",48.94107664102199,-99.8057045769162,Lake
"Crow Lake",48.94425110050447,-99.84932397282017,Lake
"Marion Lakes",48.85546590730083,-99.79646590664039,Lake
"Gordon Lake",48.923906162800044,-99.7790850680638,Lake
"Boyd Lake",48.98207844887348,-99.82261374356898,Lake
"McLaughlin Lake",48.85694022004007,-99.52132413279858,Lake
"Mikes Lake",48.294396453629226,-99.0189002306747,Lake
"Stone Lake",48.29784483375483,-98.92815221027315,Lake
"Cavanaugh Lake",48.2576423723927,-98.8892328176019,Lake
"Fox Lake",48.23204881828233,-98.5618767835279,Lake
"Sweetwater Lake",48.21145908952002,-98.81904525436441,Lake
"Twin Lakes",48.03516231484069,-98.49512047779209,Lake
"Waterloo Lake",48.529668589293735,-98.10631350891181,Lake
"Billings Lake",48.599915748178134,-98.49744634399555,Lake
"Lake Laretta",48.06932869753047,-98.17075670268285,Lake
"Rush Lake",48.90443715148416,-98.68523421689976,Lake
"Morrison Lake",48.251516503360676,-98.83073015048008,Lake
"McHugh Slough",48.12411854226163,-98.26248281426122,Lake
"Fiske Lake",48.07410241855827,-98.23751671138527,Lake
"Rose Lake",48.04874496763696,-98.1809743834214,Lake
"Jones Lake",48.02213650262575,-98.388220363558,Lake
"Salt Lake",48.459496995622125,-97.28456431845885,Lake
"North Salt Lake",48.53694864950383,-97.34099636434682,Lake
"Lunby Lake",48.043098302692506,-97.27933593949469,Lake
"Lake Ardoch",48.24180830567087,-97.3146413439624,Lake
"Stewart Lake",48.059310681520316,-97.281680218212,Lake
"Northwest Pool",48.37144168337535,-96.01984929233102,Lake
"Twin Lakes",48.62840046902642,-96.4315873684416,Lake
"Pool 3",48.95182336498425,-96.26813582214564,Lake
"North Platte River",41.687565431073864,-103.16439117305188,Creek
"Mitchell and Gering Canal",41.921282457946596,-103.93598221615395,Creek
"Pumpkin Creek",41.602355873576634,-103.15792778882383,Creek
"Pumpkin Creek",41.581331458054784,-103.33076236141125,Creek
"Rush Creek",41.32771424550934,-103.02239745462207,Creek
"Pumpkin Creek",41.58525300815111,-103.10226270632525,Creek
"Wildhorse Drain",41.806388286916906,-103.3412447930695,Creek
"Pumpkin Creek",41.653297377367544,-103.6475595120807,Creek
"Pumpkin Creek",41.59903719729223,-103.27559881622865,Creek
"Rush Creek",41.36717917768849,-103.12090054887341,Creek
"Belmont Canal",41.67413228164765,-103.17082693526837,Creek
"Pumpkin Creek",41.62519018384401,-103.50696160841989,Creek
"Deep Holes Creek",41.58617222083076,-102.93688693322812,Creek
"South Platte River",41.06202049803129,-102.05962521683637,Creek
"Cottonwood Creek",41.010475743479525,-102.92042878954419,Creek
"Rush Creek",41.26366899713857,-102.6505812233682,Creek
"South Fork Dismal River",41.83744805487169,-101.08270271239336,Creek
"North Fork Dismal River",41.86797905283481,-101.17473307321995,Creek
"Otter Creek",41.336847057790486,-101.94050846025375,Creek
"Whitetail Creek",41.25725593356674,-101.65368551350313,Creek
"South Fork Dismal River",41.79610277581004,-101.18728873319725,Creek
"Dismal River",41.82059401226213,-100.72247082045637,Creek
"South Platte River",41.1217973305918,-101.29347518246809,Creek
"North Fork Dismal River",41.82665537013794,-101.32291830415284,Creek
"Sutherland Canal",41.09684973909306,-101.2684634655353,Creek
"South Platte River",41.149869992928494,-101.0119894095783,Creek
"Sutherland Canal",41.15176192357626,-101.38052137262372,Creek
"Outlet Canal",41.09139142610099,-100.95997825534393,Creek
"West Birdwood Creek",41.38046431529744,-101.21485568702572,Creek
"North Fork Birdwood Creek",41.44509199615688,-101.1391220757991,Creek
"North Fork Birdwood Creek",41.46754159558023,-101.20053269487077,Creek
"Sutherland Canal",41.16483633495378,-101.46015485477652,Creek
"East Clear Creek",41.216441089669125,-101.25767547799022,Creek
"Sutherland Canal",41.192428931859894,-101.55623948198256,Creek
"Platte River",41.08353764916784,-100.59431562058015,Creek
"Platte River",41.03135607096238,-100.44720778024733,Creek
"Middle Loup River",41.88273805979054,-100.22176590348812,Creek
"Tri County Supply Canal",41.058215579495204,-100.62021402843368,Creek
"Dismal River",41.80515291313373,-100.21672602575637,Creek
"Pawnee Creek",41.110616995744614,-100.46785280218779,Creek
"Buffalo Creek",41.00655160573098,-100.11511110160686,Creek
"Middle Loup River",41.992679103898595,-100.71073323963823,Creek
"Calamus River",41.98715919326546,-99.44301171922457,Creek
"Calamus River",41.90417792436533,-99.30167300540779,Creek
"North Loup River",41.95665095573745,-99.91083276665707,Creek
"Dry Creek",41.63920492797692,-99.66503773145926,Creek
"Rifle Creek",41.75514305668592,-99.91272200569958,Creek
"North Loup River",41.92413956399447,-99.71994671419746,Creek
"Victoria Creek",41.65526726249478,-99.67905953692902,Creek
"Dry Cedar Creek",41.845639143485066,-98.90852876348303,Creek
"South Loup River",41.03662390272882,-98.73930955593474,Creek
"Beaver Creek",41.86697979411202,-98.20869831947604,Creek
"Moores Creek",41.01750406503715,-98.26113943166226,Creek
"Mira Creek",41.500074303199604,-98.75685501691167,Creek
"Moores Creek",41.11636648669779,-98.16812348653723,Creek
"Ash Creek",41.438237342049234,-98.04844029350186,Creek
"Prairie Creek",41.23180637745294,-98.05397320322585,Creek
"Elm Creek",41.61052971262585,-98.86318605772585,Creek
"Shell Creek",41.48454841612009,-97.04097836923343,Creek
"Loup River Canal",41.44426812761324,-97.29101256327057,Creek
"Platte River",41.28330568507285,-97.69157161299552,Creek
"Loup River Canal",41.50580045981098,-97.44198960895646,Creek
"Lost Creek",41.39973079596704,-97.1603494562214,Creek
"Lost Creek",41.42011920236844,-97.09886044228887,Creek
"Platte River",41.3788527106718,-97.42615534023435,Creek
"South Channel Platte River",41.35677217227958,-97.42319812013942,Creek
"Rawhide Creek (Old Channel)",41.42353571275763,-96.44714200580167,Creek
"Skull Creek",41.40605461146284,-96.94381793407933,Creek
"Rawhide Creek (Old Channel)",41.39602471570998,-96.34486224191316,Creek
"Rawhide Creek",41.501714697861914,-96.91011933798448,Creek
"Hell Creek",41.21124850292977,-96.09776108804535,Creek
"Silver Creek",41.15801540049503,-96.52863799568236,Creek
"Interstate Canal",42.02753441265766,-103.835539406563,Creek
"Little Cottonwood Creek",42.77355780682353,-103.42552341187034,Creek
"Snake Creek",42.121578062324055,-103.33612303364802,Creek
"Niobrara River",42.487061268257,-103.8806594141439,Creek
"Snake Creek",42.08705807485624,-103.10112157158099,Creek
"North Branch Point of Rocks Creek",42.16900928746462,-103.07922264495913,Creek
"Snake Creek",42.054333542862594,-103.0299805510835,Creek
"Snake Creek",42.058066573899495,-102.61561245072362,Creek
"Snake Creek",42.053211684785786,-102.9127109220979,Creek
"Pine Creek",42.47785837833497,-102.41338425880885,Creek
"Snake Creek",42.03980055771118,-102.80771169489662,Creek
"Deer Creek",42.5425913958115,-102.29450914332125,Creek
"Big Bordeaux Creek",42.816316784220426,-102.92744223118166,Creek
"Hemingford Creek",42.19867057265465,-102.88078920091665,Creek
"South Branch Middle Loup River",42.0875554740441,-101.3081748010529,Creek
"Dry Creek",42.514006474431895,-101.17711795807577,Creek
"Snake River",42.59859916962877,-100.94705997868452,Creek
"Bear Creek",42.904828007302356,-101.50710746722352,Creek
"South Branch Middle Loup River",42.11402365938637,-101.55203799775235,Creek
"Calf Creek",42.20841309880411,-101.19407918843055,Creek
"Clifford Creek",42.48628629097931,-101.81074997772623,Creek
"North Loup River",42.42131952641032,-101.20991075384572,Creek
"Snake River",42.56657455252182,-101.60993298175181,Creek
"Niobrara River",42.768231727828685,-101.81854881847622,Creek
"Gordon Creek",42.524805865507,-101.21315045911093,Creek
"North Branch Middle Loup River",42.19548905444487,-101.78083533084337,Creek
"Clifford Creek",42.550600708970016,-101.68020868805601,Creek
"Snake River",42.57742850282992,-101.82583092803496,Creek
"Heckel Creek",42.99713803101204,-101.74073843175067,Creek
"Niobrara River",42.85847863036772,-101.43943922845214,Creek
"Mud Creek",42.42074011735131,-101.33270038473286,Creek
"Bear Creek",42.889989974710446,-101.41327366769464,Creek
"Middle Branch Middle Loup River",42.095866175758175,-101.75894271297825,Creek
"Big Creek",42.33254993528083,-100.92818313799732,Creek
"Bear Creek",42.94156388879536,-101.74068735610606,Creek
"Middle Branch Middle Loup River",42.1245780123083,-101.30103813627524,Creek
"Willow Creek",42.50499762786463,-101.80271911145451,Creek
"North Branch Middle Loup River",42.17356901216377,-101.3992141678456,Creek
"Leander Creek",42.87793644061246,-101.71978348680281,Creek
"Niobrara River",42.79061293413186,-101.78250474566408,Creek
"Middle Branch Middle Loup River",42.15210306225636,-101.58744647815097,Creek
"Steer Creek",42.71577311801506,-100.96393659802928,Creek
"Dry Creek",42.92525355248636,-101.7703490283992,Creek
"Gordon Creek",42.446089221044836,-101.77970909862492,Creek
"Snake River",42.61676539458128,-101.30087742790309,Creek
"South Branch Middle Loup River",42.092861262321875,-101.47607737637715,Creek
"Middle Loup River",42.06686669225491,-101.00546865551638,Creek
"Medicine Creek",42.78749250168089,-101.25242347702773,Creek
"Medicine Creek",42.73455474517595,-101.46390112417672,Creek
"North Loup River",42.407336912737634,-101.37989239384338,Creek
"North Loup River",42.40287793572406,-101.05279937923505,Creek
"Calf Creek",42.18908011301627,-100.96299325212145,Creek
"Fairfield Creek",42.76069911755563,-100.15477063726833,Creek
"North Loup River",42.02303014878273,-100.13298069824303,Creek
"Big Creek",42.31401294018382,-100.82119430810151,Creek
"Dry Creek",42.63542643051221,-100.19324759372223,Creek
"North Loup River",42.353825478011125,-100.83508811854286,Creek
"Evergreen Creek",42.664337953170794,-100.30396712455078,Creek
"Goose Creek",42.39932010598484,-100.53816664926028,Creek
"Goose Creek",42.089630294118045,-100.10405349925472,Creek
"Rush Creek",42.60597215068736,-100.31010821902665,Creek
"Goose Creek",42.24841957079699,-100.273502696,Creek
"Fairfield Creek",42.759700043612064,-100.24425582316158,Creek
"Snake River",42.67622592071429,-100.85680330041366,Creek
"Pass Creek",42.27510768073059,-100.64770026076764,Creek
"Gordon Creek",42.59434029507408,-100.830134367879,Creek
"Calamus River",42.361910596074274,-100.1418267447466,Creek
"Cedar Creek",42.59608012059293,-100.17764138608788,Creek
"Minnechaduza Creek",42.99428395278437,-100.92155798093097,Creek
"Dry Creek",42.57054331852155,-100.18618938623743,Creek
"North Fork Plum Creek",42.557139896175535,-100.38535872495397,Creek
"Gordon Creek",42.709674124128874,-100.67480451416559,Creek
"Gordon Creek",42.62454507452438,-100.69455932505932,Creek
"Evergreen Creek",42.641875822946105,-100.18331402077838,Creek
"Calamus River",42.30497313122783,-100.00334483534604,Creek
"Calf Creek",42.17290214498998,-100.57337404857334,Creek
"Plum Creek",42.5757892786294,-100.10690198356228,Creek
"North Fork Plum Creek",42.55533281961925,-100.18801286250007,Creek
"Bloody Creek",42.132442337263385,-99.57474670308493,Creek
"Skull Creek",42.10015199849318,-99.5855891698608,Creek
"Dry Creek",42.47561721942624,-99.11215082957118,Creek
"Skull Creek",42.075899730625224,-99.56956276240105,Creek
"Dry Creek",42.4786562018545,-99.35443315879954,Creek
"Dry Creek",42.495481428311194,-99.01845740846406,Creek
"Holt Creek",42.36273899163576,-99.2728793225205,Creek
"Big Cedar Creek",42.1120029636511,-99.17562186590912,Creek
"Bone Creek",42.6739937271474,-99.74444532724003,Creek
"Calamus River",42.08653939184751,-99.65696951938712,Creek
"Dry Creek",42.53508368326584,-99.26733554442046,Creek
"Holt Creek",42.37146527749991,-99.01772285815976,Creek
"Buffalo Creek",42.98900726023906,-99.5361746740936,Creek
"Calamus River",42.17380979239303,-99.8335630423608,Creek
"Dry Creek",42.483804011211205,-99.28474867238333,Creek
"Long Pine Creek",42.500166477995016,-99.69655785339823,Creek
"Willow Creek",42.52786016474615,-99.78641384289395,Creek
"Calamus River",42.23631752548369,-99.95337987948285,Creek
"Elk Creek",42.69206191497867,-99.58250662786888,Creek
"Holt Creek",42.34992024438521,-99.44478916539124,Creek
"Holt Creek",42.37838828459639,-98.93113023670955,Creek
"Steel Creek",42.731812793618985,-98.27703601275401,Creek
"Dry Creek",42.18543061261885,-98.61579753130026,Creek
"Dry Creek",42.3359902258101,-98.73720158106885,Creek
"South Fork Elkhorn River",42.22791900863723,-98.8325325881067,Creek
"Dry Creek",42.29152567590083,-98.88310994704602,Creek
"Spring Creek",42.76275000471569,-98.81494306572387,Creek
"Cache Creek",42.21952263543707,-98.36327148968964,Creek
"South Fork Elkhorn River",42.2188982600553,-98.952045822424,Creek
"Dry Creek",42.16145367016487,-98.6953882818494,Creek
"Willow Creek",42.20030928045277,-97.76233701638098,Creek
"Ives Creek",42.035178241621644,-97.88438512330593,Creek
"Snatch Creek",42.9010951747077,-97.77906880485959,Creek
"Willow Creek",42.24532807221519,-97.88353628180403,Creek
"Vermillion River",42.77262781594549,-96.92642389679101,Creek
"Brule Creek",42.7529554303628,-96.67569562713528,Creek
"Big Sioux River",42.799905708935185,-96.59800821174073,Creek
"Battle Creek",43.79413169661193,-103.08062447713537,Creek
"Big Hollow Creek",43.64988766268798,-102.434394697508,Creek
"Wind Creek",43.591827525591675,-102.39004167679315,Creek
"Spring Creek",43.573387651042026,-102.4591384249476,Creek
"White River",43.18008717447295,-102.80101005130854,Creek
"Wind Creek",43.63860425866097,-102.46863343680575,Creek
"Tahc’a Okute Wakpa C’ikala",43.58794208021113,-102.95938015035338,Creek
"Spring Creek",43.63401665450477,-102.51571831463208,Creek
"Cain Creek",43.63340834008354,-102.27073325387525,Creek
"East Horse Creek",43.45277741375345,-102.73927187634283,Creek
"Peck Creek",43.10021166821092,-101.43342030305567,Creek
"Lake Creek",43.14924167006428,-101.4907547899696,Creek
"Spring Creek",43.03536675313501,-101.07133020287667,Creek
"Minnechaduza Creek",43.016448889422534,-101.00015004894159,Creek
"Black Pipe Creek",43.42277019942543,-101.14796047645991,Creek
"Little White River",43.2064249494382,-101.42349958174539,Creek
"White River",43.69357611700788,-101.80762108099182,Creek
"Spring Creek",43.0195595419494,-101.19056169704592,Creek
"Little White River",43.163729682383256,-101.359017692785,Creek
"Little White River",43.129340722484145,-101.64562875978977,Creek
"Buzzard Creek",43.49715118672366,-101.43576695973832,Creek
"White River",43.842916662233385,-101.01471163967058,Creek
"White River",43.733458866565655,-100.79637483291921,Creek
"White River",43.74188201401201,-100.63063885821904,Creek
"White River",43.71003374307332,-99.74681436060315,Creek
"West Branch Bull Creek",43.418477318450876,-99.54908453595574,Creek
"Dog Ear Creek",43.422723028299025,-99.880729620824,Creek
"Bull Creek",43.401300251396414,-99.51914932604294,Creek
"South Branch Dry Creek",43.330918020461134,-97.98710565004981,Creek
"Enemy Creek",43.636717236091854,-98.3575086563223,Creek
"Choteau Creek",43.23650038585193,-98.28124231465594,Creek
"Jim Creek",43.95840164100718,-97.98636080366306,Creek
"Enemy Creek",43.62837524838102,-98.17681934030374,Creek
"South Fork Twelvemile Creek",43.471606635116736,-98.05764495479436,Creek
"Rock Creek",43.7761556919797,-97.85500407674913,Creek
"Vermillion River",43.025577249827776,-96.96151753870035,Creek
"Smoky Run",43.08775856671524,-97.32465170950441,Creek
"Vermillion River",43.291384619285274,-96.99480124897617,Creek
"South Fork Twelvemile Creek",43.463417045332065,-97.89251824283915,Creek
"Jim Creek",43.98531312044055,-97.87091717735628,Creek
"West Fork Vermillion River",43.789031325234696,-97.42835383218043,Creek
"West Fork Vermillion River",43.860390332605974,-97.46524518465317,Creek
"North Branch Dry Creek",43.37328816439146,-97.927563440614,Creek
"Dawson Creek",43.169475410060684,-97.81883965058915,Creek
"Furlong Creek",43.28686037644948,-97.58170300473657,Creek
"Bloom Creek",43.58831887574567,-97.72027481522129,Creek
"Rock Creek",43.83786370458159,-97.79706786992008,Creek
"Vermillion River",43.07264845577533,-96.97869494932738,Creek
"Orange City Slough",43.02674911400749,-96.03807395721697,Creek
"Redwater River",44.592086727641984,-103.90437320244864,Creek
"Bear Butte Creek",44.4477664842695,-103.40949685873585,Creek
"Elk Creek",44.24615314149222,-103.21944578058353,Creek
"Bear Butte Creek",44.46710069346179,-103.32621204236978,Creek
"Boxelder Creek",44.21149133112456,-103.62557344803261,Creek
"Cottle Creek",44.4542575542612,-103.38097285308768,Creek
"Beaver Dam Creek",44.9217636191409,-102.46508230184013,Creek
"Little Creek",44.916032727618756,-101.115172093594,Creek
"Shaefer Creek",44.79711213493738,-99.13095396092147,Creek
"Lost Creek",44.70132371727647,-99.19117256314362,Creek
"Gooder Creek",44.91969835261271,-99.09906377207801,Creek
"North Wolf Creek",44.85088135037089,-99.02293240742222,Creek
"Missouri River",44.13538880995655,-99.6149956553892,Creek
"Campbell Creek",44.885345285474244,-99.0538931550117,Creek
"Foster Creek",44.6217485173813,-98.1817076840503,Creek
"Turtle Creek",44.52529171389909,-98.9332688688243,Creek
"Cain Creek",44.49392807256978,-98.5399718276252,Creek
"Cain Creek",44.45872706135195,-98.63009957854932,Creek
"Sand Creek",44.33474103797062,-98.71488104990088,Creek
"Ree Creek",44.573926053202925,-98.94319307800404,Creek
"Cain Creek",44.43797093574331,-98.48645813834851,Creek
"Cain Creek",44.477247069872526,-98.5571403624985,Creek
"Pearl Creek",44.549877859340775,-98.82016104331052,Creek
"Turtle Creek",44.5574255238105,-98.85946872036935,Creek
"South Fork Pearl Creek",44.229079875787534,-98.01894885046562,Creek
"Turtle Creek",44.677347888322906,-98.6602728865394,Creek
"Cain Creek",44.26607473609465,-98.17516843033704,Creek
"James River",44.41669329210406,-98.14302924486475,Creek
"Lost Creek",44.689625336537055,-98.91597195496557,Creek
"Little Turtle Creek",44.61517665749977,-98.9607765559257,Creek
"Little Turtle Creek",44.61908626842844,-98.81559825138982,Creek
"Rock Creek",44.24723417484651,-97.61598374622372,Creek
"Redstone Creek",44.052799660482364,-97.89880879335412,Creek
"Rock Creek",44.12517848810481,-97.66524447502009,Creek
"West Redstone Creek",44.10853746982185,-97.87969199619617,Creek
"Big Sioux River",44.77879048873248,-97.0571486731599,Creek
"Pearl Creek",44.63104281242002,-97.817799988706,Creek
"Redstone Creek",44.13329508138919,-97.77199537124295,Creek
"West Branch Lac qui Parle River",44.91078749151501,-96.37151503992992,Creek
"Coon Creek",44.35640170394815,-96.06019954228697,Creek
"North Branch Yellow Medicine River",44.600822328168675,-96.19512861336798,Creek
"South Branch Yellow Medicine River",44.44112424926695,-96.05685628621453,Creek
"Deer Creek",44.33708939050855,-96.66891883723305,Creek
"Cobb Creek",44.74336352798306,-96.46522604085642,Creek
"Hidewood Creek",44.60973080985977,-96.92129714488811,Creek
"Lac qui Parle River",44.753054554541414,-96.12563974939674,Creek
"Bullhead Run",44.59205487551867,-96.9019860041013,Creek
"Lac qui Parle River",44.817936765142115,-96.10103161912589,Creek
"Buffalo Creek",45.52405007078652,-103.51369946154544,Creek
"South Fork Grand River",45.56251339870064,-103.62902982990472,Creek
"South Fork Grand River",45.57472460945768,-103.51929520494653,Creek
"Moreau River",45.18028200047934,-101.44494648589512,Creek
"Grand River",45.70378448007551,-101.258812124912,Creek
"Iron Dog Creek",45.82729043757311,-101.15224131804476,Creek
"Grand River",45.680845769678434,-101.75905524879526,Creek
"Firesteel Creek",45.66223367222001,-101.29398172683294,Creek
"Hiddenwood Creek",45.57596309742088,-100.02659571823509,Creek
"Grand River",45.65430291911263,-100.70745397431655,Creek
"James River",45.227723248071165,-98.40031150115252,Creek
"Moccasin Creek",45.364780604197044,-98.32918710318329,Creek
"Foot Creek",45.42207766563657,-98.49973069077066,Creek
"James River",45.903998686813004,-98.1711276794518,Creek
"James River",45.26044605431933,-98.36857109715685,Creek
"James River",45.9845284977848,-98.1651461570851,Creek
"Dry Run",45.27695660652178,-98.14580677412852,Creek
"Mud Creek",45.25378579250029,-98.28957380884616,Creek
"James River",45.590219105422726,-98.26784985631554,Creek
"James River",45.139578834008844,-98.42413642679676,Creek
"James River",45.056591555202516,-98.44698948654086,Creek
"James River",45.2930058595019,-98.36173890090812,Creek
"Elm River",45.63693329415523,-98.48887018842154,Creek
"James River",45.339835001223314,-98.32649943130126,Creek
"Moccasin Creek",45.37533499175378,-98.50154075038981,Creek
"Elm River",45.568257629331335,-98.35448327501695,Creek
"James River",45.4215806829514,-98.269915029862,Creek
"Mud Creek",45.39729609692722,-98.05322836724442,Creek
"Mud Creek",45.35025562721263,-98.00839034849916,Creek
"Mud Creek",45.321092277241284,-98.17973858923743,Creek
"James River",45.03505235176569,-98.45030161712421,Creek
"Shortfoot Creek",45.89852595603836,-97.27704743672018,Creek
"Shortfoot Creek",46.02991417014762,-97.31563673441129,Creek
"Goodwill Creek",45.58118913497671,-97.00071811152887,Creek
"Little Minnesota River",45.87284655868016,-97.18968747566298,Creek
"Crow Creek",45.772332089014974,-97.91800385738725,Creek
"West Fork Twelvemile Creek",45.59253239194842,-96.2656949126822,Creek
"Yellow Bank River",45.23678833865012,-96.3346973447674,Creek
"Fish Creek",45.50869121308189,-96.722372424234,Creek
"North Fork Yellow Bank River",45.18977292688795,-96.40931435703796,Creek
"Bullion Creek",46.68860218241122,-103.76019913065883,Creek
"Williams Creek",46.55820456281715,-103.81866725423009,Creek
"Leaf on the Hill Creek",46.119536128999016,-101.2742451991595,Creek
"Hailstone Creek",46.784043186007004,-101.5380795181322,Creek
"Cannonball River",46.347845898397814,-101.96584501624666,Creek
"Apple Creek",46.85383927890958,-100.53972293724075,Creek
"Heart River",46.83306204217559,-100.9431393719998,Creek
"Buffalo Creek",46.712717197147406,-98.90413381071293,Creek
"Bone Hill Creek",46.560663779132994,-98.89588478299251,Creek
"Maple River",46.041778952633024,-98.39995502986335,Creek
"Cottonwood Creek",46.495006716792844,-98.73395832862373,Creek
"James River",46.32175573449111,-98.24152676601678,Creek
"James River",46.21180899456084,-98.15170452519598,Creek
"James River",46.87400057252525,-98.62522763049466,Creek
"James River",46.03553330588149,-98.14381389271183,Creek
"James River",46.59056534379308,-98.54825849457659,Creek
"James River",46.20722098899639,-98.21298140653293,Creek
"James River",46.82969877246776,-98.56498180686647,Creek
"James River",46.379854935220166,-98.31766046354947,Creek
"James River",46.440553807036615,-98.35540868420225,Creek
"Cottonwood Creek",46.51714450681352,-98.88824104109668,Creek
"James River",46.47408260586941,-98.4291168432216,Creek
"Maple River",46.74636773279185,-97.25720856942094,Creek
"Sheyenne River",46.53122170209285,-97.3057235465661,Creek
"Maple River",46.716990921281365,-97.3620010602352,Creek
"Crooked Creek",46.14618057539257,-97.43810738756548,Creek
"Swan Creek",46.9350591542447,-97.3002174128997,Creek
"Buffalo Creek",46.81839714512459,-97.21691423735437,Creek
"Sheyenne River",46.515221626977095,-97.38522763313189,Creek
"Buffalo Creek",46.823977750534695,-97.1612960225815,Creek
"Sheyenne River",46.39979426969713,-97.50412184657777,Creek
"Maple River",46.72346452522695,-97.3235217844313,Creek
"Wild Rice River",46.0949709722642,-97.3930576992622,Creek
"Sheyenne River",46.47751327888122,-97.51107146082833,Creek
"Maple River",46.62156802799904,-97.54384489434439,Creek
"Sheyenne River",46.635803272865424,-96.99389627899728,Creek
"Maple River",46.78420174606933,-97.15549694742016,Creek
"Sheyenne River",46.68402206976727,-97.95527781727841,Creek
"Wild Rice River",46.12428144583749,-97.35730809440818,Creek
"Sheyenne River",46.51654282031113,-97.46872438959477,Creek
"Wild Rice River",46.13039381806838,-96.86191195929409,Creek
"Red River of the North",46.54392274801106,-96.74102746056347,Creek
"South Branch Buffalo River",46.871739533115765,-96.62237861436437,Creek
"Wild Rice River",46.51862973825576,-96.82309261205506,Creek
"Stony Creek",46.71935078528202,-96.54700436815156,Creek
"Red River of the North",46.87793858767238,-96.78077472571495,Creek
"Pelican River",46.3336171678633,-96.12776405544145,Creek
"Antelope Creek",46.283808242137326,-96.81082517058955,Creek
"Antelope Creek",46.349119107357524,-96.93769348294241,Creek
"Sheyenne River",46.765794763065735,-96.91133467735976,Creek
"Sheyenne River",46.664308347463596,-96.94755627044947,Creek
"Red River of the North",46.42927866866615,-96.70721263267538,Creek
"Pitcairn Creek",46.453421455022806,-96.93138569806527,Creek
"Red River of the North",46.62391855486219,-96.78808141996699,Creek
"Sheyenne River",46.72705928953284,-96.93580774425575,Creek
"Buffalo River",46.913847235604386,-96.2285553793592,Creek
"Stony Creek",46.720425001286934,-96.34543677996247,Creek
"Red River of the North",46.34235906428203,-96.6200595276666,Creek
"Wild Rice River",46.166016695851916,-96.77761120937879,Creek
"Spring Creek",46.741224599289225,-96.40777033382997,Creek
"Buffalo River",46.93158180550816,-96.64412603093332,Creek
"Sheyenne River",46.86838331005652,-96.90538349279802,Creek
"Sheyenne River",46.953092387102274,-96.90762477461764,Creek
"Deerhorn Creek",46.581522988729084,-96.28090267181078,Creek
"Spring Creek",47.74421667265541,-103.2991504165221,Creek
"Knife River",47.346619595111704,-101.41162358807394,Creek
"Spring Creek",48.00284938252055,-100.8797824406039,Creek
"Wintering River",48.03526014936979,-100.53686495598075,Creek
"McClusky Canal",47.3260736668492,-100.54347695757761,Creek
"Little Pipestem Creek",47.394239783378836,-99.26038682815062,Creek
"Pipestem Creek",47.498484987454546,-99.36086433954547,Creek
"Rocky Run",47.568140179772826,-99.55350860494406,Creek
"Sheyenne River",47.84551651067216,-99.18126228983374,Creek
"Sheyenne River",47.88959222573923,-99.44869883606519,Creek
"Sheyenne River",47.69659256045554,-99.9543239360753,Creek
"James River",47.36147541754679,-98.80282389825102,Creek
"Pipestem Creek",47.03768563734314,-98.89145426373489,Creek
"James River",47.500902503376786,-98.77121778139195,Creek
"Sheyenne River",47.71606017779447,-98.19029519535123,Creek
"Little Goose River",47.77595363160519,-97.623158716174,Creek
"Goose River",47.50784595521572,-97.34525239221645,Creek
"Goose River",47.5334198174965,-97.43305295380571,Creek
"Goose River",47.464387626297565,-97.22323034962389,Creek
"South Branch Goose River",47.487545541953374,-97.47977695888468,Creek
"South Branch Turtle River",47.93949825004868,-97.64494735245091,Creek
"Beaver Creek",47.597754745485695,-97.59551247678773,Creek
"Goose River",47.92046662394447,-97.93188316070564,Creek
"Goose River",47.42351964004579,-96.99316541218283,Creek
"Buffalo Coulee",47.53665037568271,-97.13904413855327,Creek
"Elm River",47.3208743906029,-97.44392611945179,Creek
"North Branch Turtle River",47.97690619067958,-97.61420174980252,Creek
"Goose River",47.52392841972982,-97.39823160919975,Creek
"Goose River",47.54763114906755,-97.47998563586734,Creek
"Beaver Creek",47.573549615857125,-97.51953705173744,Creek
"Red Lake River",47.84802143384832,-96.88894405895324,Creek
"Wild Rice River",47.24772256679506,-96.79550792648924,Creek
"Red Lake River",47.89500083441138,-96.95337008477281,Creek
"Clearwater River",47.903802574678515,-96.06143190167444,Creek
"Buffalo Coulee",47.619686267749266,-96.94995530136296,Creek
"Red Lake River",47.76360511268855,-96.60720543113511,Creek
"Elm River",47.27787996435977,-96.87501282050931,Creek
"Red River of the North",47.25062596358231,-96.8355819390399,Creek
"Sand Hill River",47.53175944479018,-96.25993462654175,Creek
"Poplar River",47.79385396161989,-96.04768867833248,Creek
"Goose River",47.45565258566295,-96.88485958795721,Creek
"Red Lake River",47.824393533216885,-96.45638673180954,Creek
"Buffalo River",47.073263812728406,-96.7787413592072,Creek
"Poplar River",47.734671956765546,-96.01268499161507,Creek
"Red Lake River",47.78336224007241,-96.71599939892496,Creek
"Little Muddy River",48.553961199278525,-103.57576585210361,Creek
"Nelson Creek",48.18350873905843,-103.08644778424903,Creek
"Tobacco Garden Creek",48.04262178639597,-103.13782916889731,Creek
"White Earth River",48.17678576711192,-102.76379830077414,Creek
"White Earth River",48.30764364962295,-102.7486773898034,Creek
"White Earth River",48.395822991834386,-102.75140314106224,Creek
"West Branch Short Creek",48.92694163511679,-102.89280615570885,Creek
"Des Lacs River",48.36686629540618,-101.56655789428996,Creek
"Oak Creek",48.036631703872374,-101.06715243033186,Creek
"Souris River",48.156093309643516,-101.14812747485918,Creek
"Souris River",48.24585436513185,-101.3886726234593,Creek
"Des Lacs River",48.33774449708549,-101.51620987421396,Creek
"Des Lacs River",48.39353829431499,-101.61551504525436,Creek
"Souris River",48.79746138723467,-101.81401264757353,Creek
"Souris River",48.32449410214325,-101.44535945296971,Creek
"Stone Creek",48.80063923693736,-100.52003950280702,Creek
"Souris River",48.529460610854215,-100.47232943582462,Creek
"Souris River",48.33714245770206,-100.44754332431968,Creek
"Souris River",48.21408283510659,-100.55032859412026,Creek
"Miller Creek",48.681031849524686,-100.22033293229586,Creek
"Ox Creek",48.56643745910213,-99.97408644275738,Creek
"Willow Creek",48.578410215969306,-100.47049237851418,Creek
"Wintering River",48.158849364891815,-100.52000937518993,Creek
"Willow Creek",48.79544567494423,-100.07419538249489,Creek
"Souris River",48.44266587283401,-100.41659160336135,Creek
"Oak Creek",48.84068684865998,-100.43382268888655,Creek
"Boundary Creek",48.847797689497476,-100.73352156985257,Creek
"Mud Creek",48.78288174380686,-100.03816690312306,Creek
"Souris River",48.11181673356861,-100.81746837905702,Creek
"Willow Creek",48.7258883332251,-100.08957357274392,Creek
"Souris River",48.07650952394797,-100.88514878999337,Creek
"Miller Creek",48.75989252238872,-100.25484315728053,Creek
"Boundary Creek",48.97937964403682,-100.72900917722944,Creek
"Willow Creek",48.6301808463861,-100.19427458086255,Creek
"Souris River",48.17889302154509,-100.65843121561181,Creek
"Willow Creek",48.615992624241784,-100.42907264145356,Creek
"Willow Creek",48.64946245161075,-100.15736790860994,Creek
"Snake Creek",48.52748168479838,-100.39078454709617,Creek
"Willow Creek",48.85778347808165,-100.12384340839576,Creek
"Wolf Creek",48.66414966898617,-99.97678566248409,Creek
"Mauvais Coulee",48.45928392203554,-99.10073598385371,Creek
"Wolf Creek",48.68209987796726,-99.90155371239695,Creek
"Ox Creek",48.59794313834331,-99.86975288772219,Creek
"Snake Creek",48.7555546835746,-99.9328409358063,Creek
"Red River of the North",48.31160833645038,-97.1379478123182,Creek
"Park River",48.453523551290445,-97.16761331377587,Creek
"North Marais River",48.29223573329586,-97.15063081282813,Creek
"Tongue River",48.75630966429151,-97.83931475959506,Creek
"Red River of the North",48.22827546114814,-97.12460925987445,Creek
"North Marais River",48.208507054990584,-97.17258767013158,Creek
"Two Rivers",48.798534407411935,-96.98660266217469,Creek
"Red River of the North",48.57002196675556,-97.14917993092669,Creek
"Tongue River",48.78877274906927,-97.66948905191917,Creek
"North Branch Park River",48.59227104090379,-97.88951354214407,Creek
"Pembina River",48.95894159257005,-97.38571667259576,Creek
"North Branch Park River",48.595062115516484,-97.80183211855909,Creek
"Pembina River",48.97956418481092,-97.50997591083151,Creek
"North Branch Turtle River",48.04524805205941,-97.77184173954153,Creek
"Cart Creek",48.56193832753759,-97.60511045675412,Creek
"Turtle River",48.1539899163509,-97.16024218966783,Creek
"North Branch Park River",48.50496205965038,-97.54331702944094,Creek
"North Branch Park River",48.537748122316884,-97.63603739427718,Creek
"Cart Creek",48.58529445979295,-97.65347387494128,Creek
"Cart Creek",48.60728552583643,-97.69041922279658,Creek
"North Branch Park River",48.557599452653065,-97.70327941685643,Creek
"South Branch Park River",48.41175343650898,-97.68515065029199,Creek
"Middle Branch Park River",48.50638970788875,-97.76170369025019,Creek
"Red River of the North",48.41475214792101,-97.14590063334846,Creek
"Pembina River",48.9773985709719,-97.66842968856808,Creek
"North Branch Two Rivers",48.83120875440395,-96.86550083338193,Creek
"Tamarac River",48.48185020311746,-96.57715195206379,Creek
"Roseau River",48.979857477152805,-96.40547973070584,Creek
"Red Lake River",48.080298794898376,-96.07959193836216,Creek
"Middle River",48.35723556472294,-96.85943760933782,Creek
"Snake River",48.22532117284491,-96.57011363646463,Creek