name,lat,lng,category
"Lake Brandt",36.1662933794536,-79.8589904362146,Lake
"Martinsville Reservoir",36.74973889158629,-79.86558312632363,Lake
"After Bay Reservoir",36.518366078730885,-79.02351646199105,Lake
"Lake Hunt",36.336165375801606,-79.7262171959869,Lake
"Oak Hollow Lake",36.01928542314794,-79.9974001707526,Lake
"Lake Burlington",36.20865028314805,-79.41809325427201,Lake
"Lake Townsend",36.17898414791466,-79.77092999454236,Lake
"Burton Lake",36.86647691889224,-79.5349450711131,Lake
"Lake Wade",36.364195336297655,-79.58129184336772,Lake
"Stony Creek Reservoir",36.138623473809936,-79.40976680808564,Lake
"Quaker Creek Reservoir",36.11753250745104,-79.30853847529532,Lake
"Buffalo Lake",36.11199558274976,-79.79078274280535,Lake
"Smith Mountain Lake",37.08375025413478,-79.64664619982723,Lake
"Richland Lake",36.15137948371322,-79.80560684371616,Lake
"Rockingham Lake",36.34112340555747,-79.54315624861462,Lake
"High Point Lake",36.005058975252815,-79.94654245202855,Lake
"Roxboro Lake",36.42482615039616,-79.0184044808226,Lake
"Leesville Lake",37.04686644093926,-79.45432613235323,Lake
"Lake Michael",36.10482061928526,-79.24424431287275,Lake
"Lake Higgins",36.159146153024956,-79.89071649634457,Lake
"Hyco Lake",36.47040027950957,-79.1036240838998,Lake
"Quaker Creek Reservoir",36.12493893029913,-79.31755582440071,Lake
"Chub Lake",36.45166153706023,-79.00774499184907,Lake
"Elkhorn Lake",36.83335949150359,-79.17878242320286,Lake
"Wildwood Lake",36.45737697742002,-79.4014289363616,Lake
"Lake Gordon",36.69766444730691,-78.21222261549535,Lake
"Banister Lake",36.78213200774017,-78.94324537187283,Lake
"Boddies Millpond",36.0065701206527,-78.04837059818547,Lake
"John H. Kerr Reservoir",36.561290900242376,-78.42798288979888,Lake
"Brinkley Lake",36.015965696738746,-78.69496393651097,Lake
"Conner Lake",36.92050128121115,-78.80249404425614,Lake
"Mayo Reservoir",36.50071773109508,-78.87665832902893,Lake
"Island Creek Reservoir",36.54484818939328,-78.45880887248971,Lake
"Lake Gaston",36.54068751861734,-77.99495602709847,Lake
"Lake Devin",36.304285850951715,-78.62625304964767,Lake
"Mitchiners Pond",36.11329223521522,-78.35979165514674,Lake
"John H. Kerr Reservoir",36.682647882315614,-78.70919639820339,Lake
"Nottoway Reservoir",36.99964593522576,-77.98332345834898,Lake
"Darden Pond",36.652493004283734,-77.1214460188222,Lake
"Doolittle Millpond",36.40777276189359,-77.25028942025911,Lake
"Brunswick County Pond",36.79111567495703,-77.73867531280068,Lake
"Honey Pond",36.88107014258779,-77.2334597707396,Lake
"Brittles Millpond",36.969569068709234,-77.01419185024507,Lake
"Roanoke Rapids Lake",36.4836343286912,-77.74444873510139,Lake
"White Millpond",36.113685670681754,-77.35186683517878,Lake
"Airfield Pond",36.907800243914274,-77.03419796599584,Lake
"Galley Swamp",36.95924083759284,-77.41181817936679,Lake
"Taylors Millpond",36.454166284504055,-77.37880189082284,Lake
"Colgate Darden Millpond",36.76038958569454,-77.00991883049896,Lake
"Mush Pond Swamp",36.94290297018326,-77.34766155251431,Lake
"Meherrin River Reservoir",36.69850663548588,-77.56562201437123,Lake
"Rivers Pond",36.75814076920375,-77.33218180511034,Lake
"Harrells Pond",36.78283449493338,-77.39942622593891,Lake
"Beech Swamp",36.11680837906132,-77.53378003106069,Lake
"Slagles Lake",36.75885418601984,-77.52801464750118,Lake
"Lake Cohoon",36.757647878532815,-76.6451594592947,Lake
"Lake Drummond",36.6011297414363,-76.46798241136536,Lake
"Lassiter Swamp",36.43367576931455,-76.65681839568092,Lake
"Lake Burnt Mills",36.85397232649942,-76.65151336242255,Lake
"Sleepy Lake",36.90373618833777,-76.50487019247605,Lake
"Norfleet Pond",36.65067149121124,-76.70729485713713,Lake
"Merchants Millpond",36.428048631372604,-76.68691589283301,Lake
"Lake Whitehurst",36.90405196874056,-76.18697837204886,Lake
"Little Creek Reservoir",36.90060414607669,-76.16796651865548,Lake
"Acorn Hill Millpond",36.43414821814962,-76.55005140626433,Lake
"Honey Pot Swamp",36.37480340580508,-76.73454502005698,Lake
"Lake Cavalier",36.793952055649875,-76.37639747229481,Lake
"Lake Meade",36.748906467297395,-76.6051614302982,Lake
"The Desert",36.90950414772841,-76.01472029184964,Lake
"Bennett Millpond",36.14718698124686,-76.66306035360161,Lake
"Gray Swamp",36.143605729630764,-76.0817979008125,Lake
"Speights Run Reservoir",36.71282785068256,-76.63335183618624,Lake
"Lake Christopher",36.79105499020285,-76.17252500649393,Lake
"Lake Kilby",36.722838670738554,-76.60755300980318,Lake
"Lake Prince",36.806681219888276,-76.64852686311528,Lake
"Goodman Swamp",36.52042074779985,-76.6471748862491,Lake
"Pond B-2",36.654514574171856,-76.90140472202644,Lake
"Whitefields Millpond",36.81269174007405,-76.96444334709652,Lake
"Freemans Millpond",36.95266766650691,-76.95533326522947,Lake
"Mill Pond",36.377962025794275,-76.91013558884075,Lake
"Black Swamp",36.305438287854116,-76.00740407766003,Lake
"Johnson Millpond",36.79788714620363,-76.98598738484068,Lake
"Hoggard Swamp",36.30737671596333,-76.91059109927946,Lake
"Cedar Lake",36.77289742001341,-76.5346016875004,Lake
"Quaker Swamp",36.66367778254225,-76.73101893192147,Lake
"Run of Swamp",36.453124222431335,-76.91367508005352,Lake
"Western Branch Reservoir",36.816444109912766,-76.60818616801177,Lake
"Gum Swamp",36.7320551920325,-76.13876185079225,Lake
"Daughtrey Pocoson",36.701020904288114,-76.72711585739773,Lake
"Stumpy Lake",36.7642580008008,-76.15433327444424,Lake
"Light Swamp",36.53409433263956,-76.2296128056571,Lake
"Rountree South Pond",36.775267007177234,-76.57359094576307,Lake
"Lake James",36.796211747888755,-76.18525501627396,Lake
"Lake Joyce",36.910071914552454,-76.12310568245525,Lake
"Lake Smith",36.88482322424365,-76.15323225899799,Lake
"Lake Tecumseh",36.765805003292414,-75.96595444200621,Lake
"Maple Swamp",36.367261309726345,-75.930099461294,Lake
"Lake Redwing",36.79117969857559,-75.9695594577437,Lake
"Great Marsh",36.52272070804128,-75.9489977600147,Lake
"Sandbridge Marsh",36.7295330445561,-75.95167418276645,Lake
"Tar Cove Marsh",36.248954114868475,-75.78823498548091,Lake
"Goose Pond",36.2674432751027,-75.9422093430151,Lake
"Lake Moomaw",37.97055916351178,-79.96494834563302,Lake
"Timber Lake",37.3167243791547,-79.2706975982153,Lake
"Beaverdam Reservoir",37.31742551124785,-79.81862398912743,Lake
"Lynchburg Reservoir",37.6786026652345,-79.27854282545395,Lake
"Lake Merriweather",37.97347728705836,-79.44762015384755,Lake
"Douthat Lake",37.90607411164588,-79.79987388409394,Lake
"Carvin Cove Reservoir",37.38934143111108,-79.95749333317364,Lake
"Hicks Lake",37.24187784005099,-78.31206224834533,Lake
"Fork Swamp",37.44090634315051,-78.37966548696869,Lake
"Spring Creek Lake",37.21453466563843,-78.62487996437454,Lake
"Lake Monticello",37.91574978913171,-78.31507489204739,Lake
"Nelson Lake",37.68956932968834,-78.88422400140585,Lake
"Swans Lake",37.42132719161902,-78.2523092103674,Lake
"Picketts Creek Reservoir",37.66522278988567,-78.04738369747903,Lake
"Trice Lake",37.66343038520604,-78.18160502917468,Lake
"Bear Creek Lake",37.527741920829676,-78.27174192815603,Lake
"Crystal Lake",37.12600977053196,-78.08953040089423,Lake
"Fluvanna Ruritan Lake",37.89209505130151,-78.37997934781798,Lake
"Holiday Lake",37.39633134575728,-78.63763461972896,Lake
"Sports Lake",37.63462657804651,-78.23505419512335,Lake
"Mount Bernard Lake",37.668874713512444,-77.85807299462374,Lake
"Lees Millpond",37.111901447045334,-77.3319981564848,Lake
"Nebletts Millpond",37.00842529034882,-77.21987008803495,Lake
"Swift Creek Lake",37.38541890502658,-77.5614859022412,Lake
"The Meadows",37.67508947711258,-77.14224278675407,Lake
"Big Swamp",37.61529030407131,-77.64317869712,Lake
"Tommeheton Lake",37.03720183189975,-77.86224288595646,Lake
"Lake Anna",38.065067634299325,-77.81058197016051,Lake
"Lilly Point Marsh",37.5547015285713,-76.9962620627436,Lake
"Byrds Millpond",37.972081763014714,-77.13377260801323,Lake
"Collins Pond",37.96916987349807,-77.28298324298959,Lake
"Curles Neck Swamp",37.364160507448524,-77.28144177392583,Lake
"Spring Hill Pond",37.02408456374889,-77.00107504623256,Lake
"Harrison Lake",37.34687376034335,-77.18041726489456,Lake
"Gregorys Pond",37.4530204283759,-77.57469502004646,Lake
"Goose Pond",37.99160299808454,-77.36372727976259,Lake
"Nash Road Lake",37.356294152104404,-77.54663871751822,Lake
"Lake Lee",37.156468718908776,-77.98094789624832,Lake
"Isaac Walton Pond",37.16933917174877,-77.33084038632676,Lake
"Old Forge Pond",37.450931226577836,-77.04511912301591,Lake
"Lake Caroline",37.988768678898296,-77.52341927459453,Lake
"Swift Creek Reservoir",37.43068522717271,-77.67686921245023,Lake
"Birchin Lake",37.039332043686755,-77.9059903160187,Lake
"Amelia Lake",37.464171919625365,-77.92299989944055,Lake
"Wheelers Pond",37.12265349603613,-77.63578671742924,Lake
"Jordon Lake",37.1577442703049,-77.52758924005184,Lake
"Kennon Marsh",37.29136825889274,-77.00755496375282,Lake
"Tates Pond",37.390168155172645,-77.81702277552661,Lake
"Shirley Millpond",37.38474679102392,-77.21835819593696,Lake
"Dover Lake",37.628899005225136,-77.74129592445615,Lake
"Kent Lake",37.49308973548653,-77.12406923967745,Lake
"Northeast Creek Reservoir",37.98705488857329,-77.93464884017416,Lake
"Avery Millpond",37.12046573194882,-77.10303115679747,Lake
"Lake Chesdin",37.2553387870604,-77.61585972533165,Lake
"Charles Lake",37.33274705895804,-77.20486830484833,Lake
"Reedy Millpond",37.89928267683236,-77.30091189646778,Lake
"Mechumps Pond",37.76877355915852,-77.35008110073494,Lake
"Beaver Pond",37.293616937836354,-77.89025362602257,Lake
"Colemans Lake",37.110672963457226,-77.6993101892344,Lake
"Wests Pond",37.630899846974316,-77.23002722193812,Lake
"Salisbury Lake",37.519771545144394,-77.64839570133334,Lake
"Dameron Marsh",37.78248366751572,-76.29363486883658,Lake
"Cousiac Marsh",37.557300882716575,-76.92393675899051,Lake
"Jones Millpond",37.277913262532905,-76.64207196242393,Lake
"Sandy Bay",37.217306880119786,-76.78123515779072,Lake
"Cohoke Millpond",37.587603714199496,-76.94361105553826,Lake
"Beaverdam Pond",37.32248608462858,-76.64071069840313,Lake
"Gleason Marsh",37.640631046441946,-76.87359568491397,Lake
"Waller Mill Reservoir",37.306727441725904,-76.70776189707878,Lake
"Cohoke Marsh",37.54836903517085,-76.9550644223331,Lake
"Pitch and Tar Swamp",37.2063471973468,-76.76308969977724,Lake
"Sunken Meadow Pond",37.21192219701934,-76.93978211795555,Lake
"Little Creek Reservoir",37.3650076489493,-76.82835903883621,Lake
"Hill Marsh",37.559319008865685,-76.86942941653471,Lake
"Pratts Mill Swamp",37.503803071922455,-76.49223417020742,Lake
"Eustis Lake",37.161674867667045,-76.59839562812927,Lake
"Jolly Pond",37.30187555279884,-76.82115964052767,Lake
"Mangorite Marsh",37.93546750368758,-76.8204782054413,Lake
"Goddins Pond",37.478108024427996,-76.79915487194273,Lake
"Meggs Bay",37.57084587104922,-76.57273299797387,Lake
"Harwoods Mill Reservoir",37.1452027932438,-76.47184776188747,Lake
"Lake Maury",37.05307768818471,-76.48277690707731,Lake
"City Reservoir",37.17549652977643,-76.56207118243549,Lake
"Cheatham Pond",37.2927806706659,-76.61828204333635,Lake
"Back River Marsh",37.21392050338275,-76.7640200071055,Lake
"Custis Pond",37.60877317767934,-76.87556079786806,Lake
"Cow Creek Pond",37.43325020487297,-76.4951376544838,Lake
"Haynes Pond",37.35437095310757,-76.54799330420923,Lake
"Barlows Pond",37.36874016903167,-76.72065760575556,Lake
"Olssons Pond",37.5607748928319,-76.83651923668116,Lake
"Sunken Marsh",37.35193733643575,-76.88851588441237,Lake
"Great Pond",37.97590622719705,-76.03240810220404,Lake
"Queens Lake",37.293188455506765,-76.66001618002912,Lake
"Corbin Pond",37.581928629379284,-76.75690407568841,Lake
"Garlands Millpond",37.96253131184587,-76.69920178805737,Lake
"Penniman Lake",37.280228535290284,-76.60157666885105,Lake
"Church Swamp",37.90220655583436,-76.8946157262507,Lake
"Four Point Marsh",37.33505409441004,-76.40987648219941,Lake
"Broad Swamp",37.204930360937304,-76.8653296134908,Lake
"Essex Millpond",37.858072047413565,-76.8446305136526,Lake
"Bigler Millpond",37.33302366854551,-76.64936200334246,Lake
"Lake Tormentor",37.02355727246658,-76.61369072806094,Lake
"Mount Knoddy Swamp",37.782602906299125,-76.4548510570545,Lake
"Burke Pond",37.481782384462505,-76.46282980132825,Lake
"Eltham Marsh",37.53411127572211,-76.83028612581423,Lake
"Skiffs Creek Reservoir",37.203603827328145,-76.5880323056917,Lake
"Lee Marsh",37.54158568302109,-76.85112305766867,Lake
"Hilliard Pond",37.662319253097735,-76.64144960012938,Lake
"Gardy Millpond",38.0003297634783,-76.606947607662,Lake
"Diascund Creek Reservoir",37.44086891831362,-76.90308800954843,Lake
"Nayses Bay",37.27777809804164,-76.8472328066365,Lake
"South Point Marsh",37.932030833941816,-76.02466767907222,Lake
"Davis Pond",37.5106524813623,-76.83006610445722,Lake
"Big Salt Marsh",37.137375502529125,-76.33824650357323,Lake
"Camps Millpond",37.74990124749098,-76.39434098861204,Lake
"Sweet Hall Marsh",37.55984606001139,-76.8908187301969,Lake
"Matoaka Lake",37.26816615774885,-76.72493507798877,Lake
"Walker Coleman Pond",37.742873690602735,-76.92835622928878,Lake
"Chinns Pond",37.83197481827295,-76.5719802942174,Lake
"Beaverdam Swamp Reservoir",37.459895658878544,-76.54086777847851,Lake
"Big Bethel Reservoir",37.09191486421234,-76.41947371530638,Lake
"Big Bethel Reservoir",37.09522090854662,-76.43915542892088,Lake
"Walker Marsh",37.90114953007839,-75.45434883306717,Lake
"Black Duck Marsh",37.90494998597326,-75.36964632574139,Lake
"Shelly Bay Marsh",37.9188760592955,-75.43781627367581,Lake
"Wire Narrows Marsh",37.927526588214306,-75.40503489626589,Lake
"Ragged Point Marshes",37.9946052636883,-75.29572419814914,Lake
"Janeys Creek Marsh",37.925480795750524,-75.33762447612222,Lake
"Willis Marsh",37.91589253776488,-75.42697028462871,Lake
"Horse Marsh",37.91139981132333,-75.37627449725359,Lake
"Black Narrows Marsh",37.9326659462009,-75.39629303748336,Lake
"Wildcat Marsh",37.97866054862804,-75.32437129548205,Lake
"Bath County Pumped Storage Lake",38.20661534311609,-79.79860735256526,Lake
"Skidmore Fork Lake",38.56704398154371,-79.14400361691354,Lake
"Elkhorn Lake",38.32870909302296,-79.22889203001196,Lake
"Izac Lake",38.082617881202566,-78.14577226061999,Lake
"South Fork Rivanna River Reservoir",38.109939587943416,-78.50044930575885,Lake
"White Oak Lake",38.381898075755466,-78.31155346559494,Lake
"Lake Laura",38.79574855414326,-78.79438576366057,Lake
"Beaver Creek Reservoir",38.07701843665508,-78.66053442453126,Lake
"Green Mountain Lake",38.27666409713294,-78.43673674707554,Lake
"Lake Orange",38.22631525638304,-78.01846271981793,Lake
"Charlottesville Reservoir",38.031290659719154,-78.56270674845605,Lake
"Lake Gordonsville",38.09063531269288,-78.2078122883525,Lake
"Lake Louisa",38.11098419269449,-78.02398181710423,Lake
"Chris Greene Lake",38.16323511662003,-78.44242431918408,Lake
"Lake Culpeper",38.46525937292716,-78.03121714805715,Lake
"Merrimac Lake",38.47757698140151,-78.07272936441483,Lake
"Charlottesville Reservoir",38.13734469456961,-78.74316465501893,Lake
"Baylors Pond",38.10146306723686,-77.07015922901837,Lake
"Abel Lake",38.399690074407665,-77.48598980935486,Lake
"Jones Pond",38.36517667290801,-77.13542977787948,Lake
"Fawn Lake",38.26692715036124,-77.7187900108793,Lake
"Lake Thoreau",38.938296234618534,-77.33472465839945,Lake
"Lake Manassas",38.771403928557895,-77.64229888226377,Lake
"Lake Heritage",38.00528102955838,-77.55730136721935,Lake
"Gouldman Pond",38.17661256185788,-77.21005192011883,Lake
"Brent Marsh",38.439894860665895,-77.32453346234149,Lake
"Big Marsh",38.347149296106515,-77.34070344254248,Lake
"Breckenridge Reservoir",38.5429801614899,-77.39636379801684,Lake
"Elliots Pond",38.03982986207367,-77.32264345482913,Lake
"Dyke Marsh",38.76711488169253,-77.04951340054879,Lake
"Mount Swamp",38.199969663642186,-77.2614878686089,Lake
"Lake Barcroft",38.84694964078492,-77.1541273569235,Lake
"Hazel Grove Lake",38.30401489705919,-77.6658995512678,Lake
"White Lake",38.04854192609662,-77.1868881996038,Lake
"Smoots Pond",38.02549550080625,-77.27856086810772,Lake
"Smith Lake",38.492811137398945,-77.40820997562065,Lake
"Lunga Reservoir",38.532745214797245,-77.47115145390168,Lake
"Ruffins Pond",38.24084273476902,-77.40926453534057,Lake
"Warrenton Reservoir",38.74501126009129,-77.79324446586095,Lake
"Cleve Marsh",38.19288016720771,-77.24303510750934,Lake
"Cool Spring Lake",38.299345143433335,-77.65406687963626,Lake
"Lake Jackson",38.698234432334736,-77.45306598164088,Lake
"Hunting Run Reservoir",38.34421422614117,-77.64679283982545,Lake
"Lake Audubon",38.931425388431144,-77.33092639733341,Lake
"Lake Brittle",38.751107332142226,-77.69427555645971,Lake
"Lake Landor",38.0204513575648,-77.56110986099362,Lake
"Upper Occoquan Polish Pond",38.806580716988115,-77.45655584390902,Lake
"Occoquan Reservoir",38.715308137906966,-77.34089842711262,Lake
"Motts Run Reservoir",38.31407214202054,-77.55447343563822,Lake
"Thorne Gut Marsh",38.3885756830694,-77.24378501391978,Lake
"Lake Accotink",38.796309185666864,-77.22386678212311,Lake
"Otterburn Marsh",38.10109711015895,-76.9983591061298,Lake
"Lake Montclair",38.61432407751616,-77.35120456635974,Lake
"Burke Lake",38.76285605473612,-77.29939995143661,Lake
"Black Marsh",38.295858085151075,-77.02641640216824,Lake
"Beaverdam Reservoir",39.00817338142301,-77.5391454460696,Lake
"Dalecarlia Reservoir",38.94250622991539,-77.1101860557449,Lake
"Ni River Reservoir",38.25213496317909,-77.61506627841489,Lake
"Temples Millpond",38.031823157745,-77.58506857646714,Lake
"Lake of the Woods",38.33640129349469,-77.76460112316519,Lake
"Germantown Lake",38.621213249915776,-77.72684965835663,Lake
"Lake Mooney",38.34742111944343,-77.5474254845996,Lake
"Church Swamp",38.28191672601255,-76.75902035189773,Lake
"Flat Creek Marsh",38.950949089917984,-76.60293277049976,Lake
"Chews Creek",38.866775859095306,-76.36196713645133,Lake
"Chandlers Millpond",38.101514566301475,-76.84403146720746,Lake
"Trinity Lake",38.45105516351821,-76.84206267681249,Lake
"Jordan Swamp",38.51738088033272,-76.89550394157203,Lake
"Gilbert Pond",38.51497206973118,-76.80447149250045,Lake
"Saint Marys Lake",38.25612518443421,-76.54384303059022,Lake
"South River Headwaters Marsh",38.983126041927,-76.61136033166291,Lake
"Fresh Marsh",38.40772180018829,-76.93379575755081,Lake
"Chesapeake Ranch Club Lake",38.36497204841398,-76.42249094119144,Lake
"Wye Mills Community Lake",38.94540922994251,-76.07264184557093,Lake
"Lerch Creek Marsh",38.84691348366924,-76.55887851251256,Lake
"Kirkpatrick Marsh",38.87754171469663,-76.55031347637895,Lake
"Beards Creek Marsh",38.92759009580448,-76.5934773771674,Lake
"Long Pond",38.136537268469226,-76.6178167438288,Lake
"Pages Swamp",38.585967620972674,-76.97891398407505,Lake
"Popes Creek Swamp",38.1696529362392,-76.92719304564953,Lake
"Hall Pond",38.05840180152611,-76.35043884101398,Lake
"Backgarden Pond",38.40956351328497,-76.03144211110143,Lake
"Smith Creek Marsh",38.83744767444406,-76.56126435561916,Lake
"Wheatley Lake",38.49097059274429,-76.85586148026422,Lake
"The Swamp",38.80488596483409,-76.55630100843217,Lake
"Goose Pond",38.399177099602454,-76.0522504450448,Lake
"The Mess",38.87731340072822,-76.5682289354814,Lake
"Cove Point Marsh",38.38826750038922,-76.39603727819042,Lake
"Lake Independence",38.16226092652568,-76.79191946079057,Lake
"Newport Marsh",38.39142464865816,-76.91794276938084,Lake
"Swan Pond",38.17568388583816,-76.07368656161451,Lake
"Carroll Pond",38.174186265152805,-76.35851141641,Lake
"Wolfpit Pond",38.41081389709815,-76.05001282413312,Lake
"Swan Pond",38.396694409529424,-76.09037357910901,Lake
"Hog Rooting Pond",38.408879165825304,-76.02381919330489,Lake
"Blackwater Pond",38.41253220779101,-76.06263869105595,Lake
"Barbadoes Pond",38.40645525564895,-76.08590915778504,Lake
"Zigzag Marsh",38.48731470608598,-75.08761863653784,Lake
"Sixty Five Acre Pond",38.49449097825333,-75.07381094230927,Lake
"Wolfpit Marsh",38.65162431168761,-75.14397262290649,Lake
"Hearns Pond",38.68323085148656,-75.60071050490829,Lake
"Coursey Pond",38.988493364170075,-75.51868795828976,Lake
"Goose Point Marsh",38.013100679940436,-75.38183968989311,Lake
"Short Marsh",38.67236283943205,-75.13625591616452,Lake
"Gordon Pond",38.744578351827634,-75.08629574322318,Lake
"Big Millpond",38.02298470802361,-75.4605318040408,Lake
"Williams Pond",38.64974231037716,-75.59509811094398,Lake
"Pepper Pond",38.547760092191375,-75.46435693364323,Lake
"Peggy Boston Swamp",38.176644506923715,-75.62851364489703,Lake
"Trap Pond",38.52512422144551,-75.47490883999501,Lake
"Wilson Marsh",38.63911789142219,-75.14116934278456,Lake
"McColley Pond",38.9652788428139,-75.50073343317352,Lake
"Red Mill Pond",38.75419820772199,-75.21428324447785,Lake
"Huckleberry Swamp",38.84892817381957,-75.29822555085158,Lake
"Buddy Pond",38.26126060255153,-75.18844859093836,Lake
"Burnt Swamp",38.513351042055895,-75.3325756385726,Lake
"Rehoboth Flats",38.74972285052163,-75.08804084556873,Lake
"Bear Swamp",38.256716678548784,-75.45950976010704,Lake
"Purnell Pond",38.10908302504666,-75.30482598835157,Lake
"Parish Pond",38.4029792236256,-75.9486630227318,Lake
"Killen Pond",38.98131348019562,-75.53859177943384,Lake
"Longridge Swamp",38.38809432796735,-75.25983526923558,Lake
"Saint Pierre Marsh",38.11458378162545,-75.82752667513397,Lake
"Chipman Pond",38.56729678400986,-75.5350975782689,Lake
"Silver Lake",38.707399779658,-75.08049980838997,Lake
"Records Pond",38.55852125109404,-75.5566041935951,Lake
"Leonard Pond",38.42587283230876,-75.55719629876424,Lake
"Salt Pond",38.54969860737617,-75.0666921611895,Lake
"Waples Pond",38.822161756830226,-75.3135341492092,Lake
"Schumaker Pond",38.34880595761656,-75.56513550879816,Lake
"McCormick Swamp",38.183784853765765,-75.64941379955917,Lake
"Burton Pond",38.671451235495844,-75.19239939513342,Lake
"Big Bay Marsh",38.07614148116456,-75.29821931112056,Lake
"Purnell Marsh",38.03716019978203,-75.36735182997703,Lake
"Rum Harbor Marsh",38.060745828536625,-75.25154322809318,Lake
"Dames Quarter Marsh",38.17069076332658,-75.88993823226706,Lake
"Morris Millpond",38.644160310133735,-75.31566140910247,Lake
"Goose Pond",38.49377924143184,-75.0674992180315,Lake
"Millsboro Pond",38.601369887976894,-75.29767968511644,Lake
"Jay Patch",38.49146603522008,-75.21836242233341,Lake
"Smithville Lake",38.781390195628155,-75.73246318847887,Lake
"Big Round Pond",38.85992971626209,-75.25655004612773,Lake
"Nats Marsh",38.632193227803995,-75.11417500992803,Lake
"Acre Marsh",38.020284381781764,-75.85375059109285,Lake
"Salt Works Marsh",38.59884226753322,-75.06784004609477,Lake
"Concord Pond",38.64439317107911,-75.54486629697134,Lake
"Haven Lake",38.910894750197265,-75.45222517629736,Lake
"Rewastico Pond",38.41498076727852,-75.74480517638305,Lake
"Mulberry Pond",38.48878881184716,-75.08044208856201,Lake
"Dodd Marsh",38.693176491046124,-75.09011697997634,Lake
"Lawsons Marsh",38.03028201797105,-75.85984305848602,Lake
"Diamond Pond",38.76339735491242,-75.32291882714705,Lake
"Horseys Pond",38.53903269482498,-75.57823506888177,Lake
"Ingram Pond",38.58679842356843,-75.33279565174553,Lake
"Pikes Creek Marsh",38.05788548219857,-75.36666664584216,Lake
"Savanna Lake",38.37742731063027,-75.90336905161081,Lake
"Collins Pond",38.71308358878635,-75.51611829675586,Lake
"Middlemoor",38.05914897226819,-75.23934965652981,Lake
"Franklin Swamp",38.28470368890224,-75.35050089817283,Lake
"Williston Lake",38.82654223312318,-75.83911776778281,Lake
"Wagamons Pond",38.775065507387424,-75.31667275782083,Lake
"Massey Marsh",38.649951908442645,-75.1498830070362,Lake
"Little Savanna Lake",38.36709647444022,-75.90774834834544,Lake
"Rock Pond",38.03096197578824,-75.86633095466635,Lake
"Higgins Millpond",38.52566812706268,-75.9576396708818,Lake
"Johnson Pond",38.38425960576476,-75.59551497464832,Lake
"Pond Four",39.832432400626,-79.94665642196183,Lake
"Elk Run Reservoir",39.20432128184206,-79.39821074007664,Lake
"Savage River Reservoir",39.523116843367994,-79.1401465454013,Lake
"Hammel Glade",39.48746504087328,-79.35872753631304,Lake
"Deer Valley Lake",39.796303557851544,-79.19473196815589,Lake
"Youghiogheny River Lake",39.72416353612164,-79.3902573632288,Lake
"Lake O' Woods",39.70549536941953,-79.73940019158886,Lake
"The Glades",39.568692291479394,-79.27692478287905,Lake
"Cheat Lake",39.68883391955425,-79.86841249206218,Lake
"Cunningham Swamp",39.573429524221154,-79.24131645210025,Lake
"Callahan Swamp",39.64087359247651,-78.99983231389827,Lake
"Jennings Randolph Lake",39.418714862556875,-79.13646993315447,Lake
"Tygart Lake",39.25241160732705,-79.98517539482017,Lake
"Meadow Run Lake",39.6798257526562,-79.1059077718831,Lake
"Pine Swamp",39.514712261064844,-79.48004178733467,Lake
"Deep Creek Lake",39.5091701350284,-79.32296434337003,Lake
"Elder Swamp",39.19932799126357,-79.34896874237575,Lake
"Deer Lake",39.84884382196579,-79.59397944796281,Lake
"Mount Storm Lake",39.18152699680031,-79.26351078765092,Lake
"Pine Swamp",39.539296680971596,-79.48115366015853,Lake
"Frostburg Reservoir",39.707483252189014,-79.00482890650022,Lake
"Indian Creek Reservoir",39.97606644308433,-79.45571904981577,Lake
"Laurel Hill Lake",40.00092545514922,-79.2344118850038,Lake
"High Point Lake",39.779924057935105,-79.21898678855469,Lake
"Hulls Lake",39.470800110911085,-79.49807733849299,Lake
"Cranberry Glade Lake",39.909435899019364,-79.37375419631793,Lake
"Heritage Lake",39.75897251080122,-79.54816184006711,Lake
"Cranberry Swamp",39.70064996530561,-78.94334955112444,Lake
"Meadow Grounds Lake",39.91414937424281,-78.0552098843762,Lake
"Lake Habeeb",39.70490094031832,-78.65189004736051,Lake
"Lake Frederick",39.04928093808271,-78.15861530025445,Lake
"Sleepy Creek Lake",39.51512034617407,-78.15635742388885,Lake
"Lake Gordon",39.75442795261556,-78.675638757835,Lake
"Warden Lake",39.13423281011812,-78.59773561086786,Lake
"Tailings Pond",39.240533365337825,-78.33829626172646,Lake
"Lake Koon",39.77610808551045,-78.65809890624824,Lake
"Lake Holiday",39.3095063604081,-78.32378741920134,Lake
"Ferndale Farms Recreation Lake",39.45981925495968,-78.60598026967588,Lake
"Big Pool",39.6184575410093,-78.01465816627423,Lake
"Clopper Lake",39.142544427370076,-77.25079331355771,Lake
"Lake Meade",39.98274079492494,-77.04276329286016,Lake
"Long Pine Run Reservoir",39.942658917205335,-77.44845091858807,Lake
"Lawrence Baker Sheppard Reservoir",39.74573181997295,-76.99241421789887,Lake
"Sleeter Lake",39.1237302174894,-77.76236984749765,Lake
"Hunting Creek Lake",39.6257226508577,-77.46106588607076,Lake
"Lake Bernard Frank",39.107041007445936,-77.11198590774384,Lake
"Lake Heritage",39.809281560240116,-77.18632656889204,Lake
"Chambersburg Reservoir",39.92222761700421,-77.44883945305402,Lake
"Cowans Gap Lake",39.99768651352078,-77.92572822246264,Lake
"Triadelphia Reservoir",39.21762833937933,-77.02465640520607,Lake
"Little Seneca Lake",39.19232548894564,-77.30163845746779,Lake
"Lake Montebello",39.331684490743115,-76.58439826148482,Lake
"Gut Marsh",39.36595859213699,-76.05273514761973,Lake
"Lake Roland",39.38676969623822,-76.64417860560619,Lake
"Octoraro Lake",39.812113409399316,-76.04806383117587,Lake
"Lake Redman",39.88858994221629,-76.69617147161856,Lake
"Boyd Pond",39.13994998152417,-76.45227964363261,Lake
"Druid Lake",39.31818226072487,-76.6367970188587,Lake
"Piney Run Lake",39.39602403593681,-76.98455194579842,Lake
"Loch Raven Reservoir",39.45912985659146,-76.57810858241169,Lake
"Liberty Lake",39.430354365342446,-76.89237729570364,Lake
"Tripcellar Swamp",39.3309753059928,-76.27236086179131,Lake
"Lake Marburg",39.78927421076562,-76.90494676242068,Lake
"Lake Williams",39.89373778336206,-76.72056186421631,Lake
"Sheppard-Meyers Reservoir",39.732726322615676,-76.95459731056023,Lake
"Otter Pond",39.072023925238945,-76.43158945944225,Lake
"Lake Pahagaco",39.88775976913982,-76.89580467923737,Lake
"Prettyboy Reservoir",39.642430125311144,-76.74727579522803,Lake
"Rocky Gorge Reservoir",39.13101153410015,-76.91543936903204,Lake
"Big Marsh",39.35783573360173,-76.10111121956783,Lake
"Grove Point Disposal Area Lake",39.38827404354997,-76.02052318526711,Lake
"Cash Lake",39.0299117819332,-76.79245958681949,Lake
"Muddy Run Recreation Reservoir",39.84605642489567,-76.27789134224723,Lake
"Centennial Lake",39.24201635887894,-76.85838096004547,Lake
"Thousand Acre Swamp",39.54108260423237,-75.59898778406854,Lake
"Silver Lake",39.176751575978436,-75.53314867117673,Lake
"Laurel Lake",39.33473869635378,-75.03036668659071,Lake
"Bear Swamp Pool",39.28699634086556,-75.48031427234908,Lake
"Rainbow Lake",39.493709718283185,-75.11676686109351,Lake
"Noxontown Lake",39.42203412530142,-75.68771008045097,Lake
"Unicorn Mill Pond",39.242427713218,-75.85609695447033,Lake
"Silver Lake",39.43668343218154,-75.70217699027344,Lake
"Sunset Lake",39.62047981928995,-75.7343995510289,Lake
"Parvin Lake",39.510338082855576,-75.13775435797554,Lake
"Raymond Pool",39.25937174289543,-75.46551109357972,Lake
"Wyoming Lake",39.124609577298166,-75.5637847869535,Lake
"Cedar Swamp",39.40484477720373,-75.55341968376077,Lake
"Union Lake",39.423292687576826,-75.06503423855868,Lake
"Wilson Lake",39.66263871255757,-75.04734979473726,Lake
"Palatine Lake",39.547516164513084,-75.16794537730196,Lake
"Willow Grove Lake",39.55688075095357,-75.07169885638903,Lake
"Chesapeake City East Disposal Area",39.522509976173,-75.78691549761278,Lake
"Malaga Lake",39.58187936027933,-75.05946577288853,Lake
"West Chester Reservoir",39.98428508598841,-75.57851514219519,Lake
"Silver Lake",39.6578762197487,-75.11493813404537,Lake
"Springton Reservoir",39.959050408769926,-75.41013978705028,Lake
"Elmer Lake",39.5933294665429,-75.16487587967106,Lake
"Garrisons Lake",39.244102179332096,-75.59872714925056,Lake
"Lums Pond",39.55999246894982,-75.71834362770689,Lake
"Hoopes Reservoir",39.78618139948536,-75.62577118768364,Lake
"East Park Reservoir",39.98530285654286,-75.19147251606505,Lake
"Newton Lake",39.90680673303818,-75.07874224044777,Lake
"Sheppards Millpond",39.41566584928836,-75.31793794194897,Lake
"Bell Lake",39.837004671582974,-75.1730256377973,Lake
"Mill Pond",39.433639117900775,-75.88858402205807,Lake
"Lake Como",39.29070937019892,-75.60478656097455,Lake
"Cooper River Lake",39.92495136587694,-75.06423479176775,Lake
"Sunset Lake",39.450515926856134,-75.24152320307294,Lake
"Centerton Pond",39.530857236383625,-75.17457541466226,Lake
"Shallcross Lake",39.48643613044415,-75.67754101946011,Lake
"Alloway Lake",39.56892724042168,-75.35231012727895,Lake
"Shearness Pool",39.268865017366025,-75.47503089429279,Lake
"Pearce Creek Disposal Area Lake",39.43273039499145,-75.96106790335608,Lake
"Deer Head Lake",39.85452782016456,-74.21430175715136,Lake
"Hanover Lake",39.98361885285284,-74.51558243060401,Lake
"Harrisville Pond",39.67120588429482,-74.52034310178621,Lake
"Atlantic City Reservoir",39.440320278096976,-74.55494274756882,Lake
"North Pond",39.6923535015012,-74.1913795110792,Lake
"Bamber Lake",39.892789374968196,-74.32005634180203,Lake
"Lake Lenape",39.472956772668475,-74.74187844747301,Lake
"Chatsworth Lake",39.81963050117202,-74.54774790271306,Lake
"Log Creek Pond",39.68858141330692,-74.19985665391833,Lake
"Marshelder Pond",39.703795548496394,-74.18943641525105,Lake
"Makepeace Lake",39.54938937808236,-74.75404348683212,Lake
"Oswego Lake",39.7326528939526,-74.48281677203398,Lake
"Cushman Lake",39.59896801312057,-74.87428588532684,Lake
"Atsion Lake",39.742083664324646,-74.74107009637837,Lake
"Spruce Lake",39.6414153521172,-74.95778082763556,Lake
"Batsto Lake",39.65392245437654,-74.65214320510046,Lake
"Makepeace Lake",39.53850401984268,-74.74211562890783,Lake
"Bargaintown Pond",39.366257051111546,-74.5793907971443,Lake
"Manahawkin Lake",39.7015705402815,-74.26463212039987,Lake
"Hammonton Lake",39.62935663441653,-74.78133025424671,Lake
"Sunset Lake",39.63490872224282,-74.97124054123388,Lake
"Country Lake",39.949132513810675,-74.54072322139783,Lake
"Atlantic City Reservoir",39.440450622587036,-74.52952238162563,Lake
"Mill Pond",39.51547458598738,-74.5010936106156,Lake
"Pickle Factory Pond",39.2333667573875,-74.90768984546467,Lake
"Lebanon Lake",39.90381091308794,-74.56368561516801,Lake
"Taunton Lake",39.8483132843211,-74.85220087065815,Lake
"Lake Absegami",39.62526377731447,-74.42673953126828,Lake
"Holiday Lake",39.73702977220985,-74.26556804644228,Lake
"Johnson Pond",39.19760257883533,-74.82493659866182,Lake
"Mirror Lake",39.97313700357852,-74.56604910007631,Lake
"Ludlams Pond",39.1986067458982,-74.83977548548653,Lake
"Centennial Lake",39.83412930269927,-74.84844095889686,Lake
"East Creek Pond",39.22788553647428,-74.88399405284154,Lake
"Lake Barnegat",39.84437224269743,-74.20452854563312,Lake
"Beaver Run Reservoir",40.479043450969236,-79.56356399513736,Lake
"Two Lick Creek Reservoir",40.61997161665607,-79.07059450377939,Lake
"North Fork Reservoir",40.26886017216936,-79.01134492079338,Lake
"Keystone Lake",40.37354842001285,-79.38437056180231,Lake
"Stoughton Lake",40.161841820283826,-79.0529804612538,Lake
"Crooked Creek Lake",40.67930558053418,-79.47464125404406,Lake
"Lake Oneida",40.932027814400286,-79.85169541004403,Lake
"Thorn Reservoir",40.89943399850434,-79.86280780445499,Lake
"Glade Run Lake",40.71359271315845,-79.89979228205144,Lake
"Lake Somerset",40.03103080235206,-79.06192103477576,Lake
"Mahoning Creek Lake",40.88856008457389,-79.17013502080734,Lake
"Latrobe Reservoir",40.28282222693227,-79.25080207787032,Lake
"Keystone Lake",40.75437861447045,-79.28321296164755,Lake
"Canoe Creek Lake",40.48280709807304,-78.27851245832878,Lake
"Wishart Swamp",40.08696595192447,-78.18458523375399,Lake
"Saltlick Reservoir",40.389090081092135,-78.83109779845485,Lake
"Lake Altoona",40.49203609822634,-78.46182004258687,Lake
"City Reservoir",40.5024682004988,-78.71046021761637,Lake
"Black Moshannon Lake",40.90066585056705,-78.05757396423338,Lake
"Glendale Lake",40.67144924038006,-78.5498881601716,Lake
"Indian Lake",40.04299448692669,-78.86703595243385,Lake
"Beaverdale Reservoir",40.26939832428317,-78.68161042585942,Lake
"Shawnee Lake",40.0342527359519,-78.6377245035483,Lake
"Raystown Lake",40.352077006999465,-78.12724863970142,Lake
"Colver Reservoir",40.57022408529544,-78.77338553347222,Lake
"Bellwood Reservoir",40.62740803363908,-78.3836371348472,Lake
"Williams Run Reservoir",40.50937842773846,-78.76849544261225,Lake
"Kittanning Reservoir",40.49606971000546,-78.47256045692365,Lake
"Tipton Reservoir",40.680380178514994,-78.32972354923048,Lake
"Hinckston Run Reservoir",40.38125103885529,-78.883243087181,Lake
"Straight Run Lake",40.86528371174618,-78.88573347307893,Lake
"Lake Stonycreek",40.01772510792325,-78.87362724964902,Lake
"Quemahoning Reservoir",40.165488137042374,-78.96272332074068,Lake
"Curwensville Lake",40.93510274192608,-78.55171353276623,Lake
"Bear Meadows",40.72925751745103,-77.76267287214493,Lake
"Lake Perez",40.66328902461646,-77.9141966634226,Lake
"Mountain Lake",40.059430181556046,-77.82304613545433,Lake
"Colyer Lake",40.77458380691156,-77.68312842570982,Lake
"Little Buffalo Lake",40.454181924161325,-77.1824579913325,Lake
"Letterkenny Reservoir",40.10993825192626,-77.69576381902378,Lake
"Walker Lake",40.80548319693179,-77.17577167050251,Lake
"Laurel Creek Reservoir",40.73433676967496,-77.62929691339431,Lake
"Opossum Lake",40.23065090465392,-77.27932864961528,Lake
"Foster Joseph Sayers Lake",41.021638619165955,-77.65572604233137,Lake
"Lebanon Reservoir",40.54729056950724,-76.49922830971504,Lake
"Tuscarora Lake",40.80349028271096,-76.02102894159266,Lake
"Pinchot Lake",40.07636623956519,-76.89038229710425,Lake
"Eisenhuth Reservoir",40.77697880840943,-76.17178665508186,Lake
"Stairway Lake",40.60820189480552,-76.11686216383583,Lake
"Speedwell Forge Dam",40.208896919482065,-76.31698614661087,Lake
"McWilliams Reservoir",40.834462119845405,-76.40463169231862,Lake
"Locust Lake",40.78190700263097,-76.12408291037897,Lake
"Silver Creek Reservoir",40.75629298452299,-76.12845247326186,Lake
"Lake Wynonah",40.59269229051788,-76.1715831529913,Lake
"DeHart Reservoir",40.47747903579147,-76.70955014670633,Lake
"Bear Gap Reservoir",40.826148226380184,-76.48451170386733,Lake
"Sweet Arrow Lake",40.573547175154744,-76.36209715864207,Lake
"Middle Creek Reservoir",40.27385085595839,-76.2317954880136,Lake
"Lake Susquehanna",40.92970663759462,-76.12021264961496,Lake
"Number Eight Reservoir",40.89594179972243,-76.01855486792687,Lake
"Mud Run Reservoir",40.7690863889265,-76.23520992805253,Lake
"Ringtown Reservoir",40.839255895968094,-76.24755224748817,Lake
"Bear Swamp",40.59300968390725,-76.67117582140999,Lake
"Blue Marsh Lake",40.39494975970331,-76.0680756110302,Lake
"Wolf Creek Reservoir",40.75413273845173,-76.16459131209557,Lake
"Indian Run Reservoir",40.65359401029571,-76.24200137633495,Lake
"Wildwood Lake",40.31785652128984,-76.88734541475279,Lake
"Greenwood Lake",40.8323415480932,-75.94776454386495,Lake
"Leaser Lake",40.67465620945727,-75.83513933975449,Lake
"Mauch Chunk Lake",40.83418872105897,-75.81858538944259,Lake
"Marsh Creek Reservoir",40.07059484546625,-75.72275553829213,Lake
"Green Lane Reservoir",40.36895712417819,-75.50368917360214,Lake
"Ontelaunee Lake",40.46426611616485,-75.91529665706626,Lake
"Lake Nockamixon",40.46099039082834,-75.22326550736557,Lake
"Still Creek Reservoir",40.866190190763106,-75.9706895085073,Lake
"Dam F Reservoir",40.94756184622237,-75.91733391155017,Lake
"Glen Morgan Lake",40.18464994142041,-75.86419812898403,Lake
"Hughes Swamp",40.89564742001378,-75.8056554423248,Lake
"Lake Hauto",40.8396712024688,-75.91791264213876,Lake
"Minsi Lake",40.91564160082978,-75.17172700799216,Lake
"Pickering Creek Reservoir",40.11328794619277,-75.49856107722643,Lake
"Ingersoll Reservoir",40.73671700210805,-75.10156166959695,Lake
"Springfield Lake",40.18133676360518,-74.99625628823324,Lake
"Upper Owl Creek Reservoir",40.79926351183954,-75.91782830765462,Lake
"Struble Lake",40.11267596073981,-75.86435995692305,Lake
"Coatesville Reservoir",40.00252823799228,-75.85768406443658,Lake
"Peace Valley Reservoir",40.32835368492381,-75.1853149802694,Lake
"Penn Forest Reservoir",40.93789481299737,-75.56266040268191,Lake
"Wild Creek Reservoir",40.90596376329794,-75.55994000911265,Lake
"Upper Yards Creek Reservoir",41.00592053325442,-75.0214818998322,Lake
"Columbia Lake",40.93271376542043,-75.07605670223334,Lake
"Hopewell Lake",40.20186517263109,-75.78479667113744,Lake
"Beltzville Lake",40.87230132419962,-75.58979450456332,Lake
"Springfield Lake",40.18649626213337,-74.99949652021023,Lake
"Bear Creek Lake",40.931628576904814,-75.67237571607384,Lake
"Picatinny Lake",40.954014964265966,-74.54835188617635,Lake
"Mercer County Lake",40.268107475365426,-74.64513426535443,Lake
"Duhernal Lake",40.400352436496334,-74.3734356988961,Lake
"Mount Hope Lake",40.934780239409605,-74.52864108303994,Lake
"Cedar Lake",40.91108576967841,-74.47281128692202,Lake
"Kakeout Reservoir",40.984670314506104,-74.37253452389275,Lake
"Lake Denmark",40.971945907663105,-74.51419067605704,Lake
"Horicon Lake",40.00809985193616,-74.32452209577008,Lake
"Van Sciver Lake",40.154629027753344,-74.78940053091958,Lake
"Splitrock Reservoir",40.98144534068247,-74.44303535057824,Lake
"Pompton Lake",41.00459379834078,-74.27520453502581,Lake
"Middlesex Reservoir",40.62062579977388,-74.31561343636557,Lake
"Dundee Lake",40.889157421025196,-74.12949933746128,Lake
"Commonwealth Water Company Reservoir Number Three",40.78530386213231,-74.35911356601626,Lake
"Cub Lake",40.96823310649164,-74.73518643074546,Lake
"Orange Reservoir",40.76380046988471,-74.28564231257518,Lake
"Deal Lake",40.232726061100216,-74.01766764962316,Lake
"The Glimmerglass",40.11270492275266,-74.04813561180487,Lake
"Packanack Lake",40.94016055538394,-74.25385884858177,Lake
"Haledon Reservoir",40.98304651144694,-74.1984940144212,Lake
"Lake Estling",40.878954210382936,-74.5002370067434,Lake
"Shadow Lake",40.34961901946622,-74.0961293929865,Lake
"Spring Lake",40.19131516817759,-74.73437765881292,Lake
"Lake Manalapan",40.34285398936936,-74.42960281026548,Lake
"Bear Pond",40.96433586877257,-74.66269272841774,Lake
"Mountain Lake",40.85802946245266,-74.98499001594674,Lake
"Longwood Lake",40.98454506773859,-74.53708421690968,Lake
"Mountain Lake",40.886861010100056,-74.44479496817985,Lake
"Swimming River Reservoir",40.31533340432658,-74.14216696215459,Lake
"Point View Reservoir",40.97387446422106,-74.24765445521979,Lake
"Lake Luxembourg",40.206716535587944,-74.9120713071041,Lake
"Prospertown Lake",40.13423390840871,-74.45022711074607,Lake
"Allamuchy Pond",40.9118672167558,-74.81505475161997,Lake
"Franklin Lake",40.9889195531429,-74.2210233791262,Lake
"Cranberry Lake",40.94811695884386,-74.74534407072974,Lake
"Budd Lake",40.87062552489161,-74.74683198014448,Lake
"Lake Manetta",40.09147911044592,-74.22653427987848,Lake
"Lake Tranquility",40.95281748449157,-74.78007951124152,Lake
"Glendola Reservoir",40.192301531940565,-74.08401115937967,Lake
"Wreck Pond",40.14171880310029,-74.03928645805632,Lake
"Spruce Run Reservoir",40.65326568429196,-74.93486759336042,Lake
"Jefferson Lake",40.92745964909758,-74.7363553623325,Lake
"Durham Pond",40.99403307728871,-74.44614338543319,Lake
"Westons Mill Pond",40.46756871499178,-74.42526821586873,Lake
"Stickle Pond",40.99113998986362,-74.41111305167094,Lake
"Pine Lake",40.00944861897235,-74.25586855579984,Lake
"Lake Parsippany",40.85341363362464,-74.43324794824099,Lake
"Success Lake",40.0591549128869,-74.39922214268636,Lake
"Saxton Lake",40.896231864494304,-74.78889141087062,Lake
"Canoe Brook Reservoir Number 2",40.747221437419356,-74.36143672780577,Lake
"Lake Lefferts",40.41028075025611,-74.24232361450676,Lake
"Shongum Lake",40.84483456838109,-74.54068476522332,Lake
"Wolf Lake",40.95881709087397,-74.69719514546146,Lake
"Weequahic Lake",40.701799384115866,-74.20379950632346,Lake
"Oradell Reservoir",40.97147810144182,-74.00504563952322,Lake
"Lake Shenandoah",40.08734246298949,-74.19802787054505,Lake
"Lake Hopatcong",40.95313565457448,-74.63489690093888,Lake
"Natco Lake",40.44124690397156,-74.15219154619328,Lake
"Carnegie Lake",40.353595363101654,-74.63304928678228,Lake
"Forest Lake",40.97376777466966,-74.72895455166746,Lake
"Farrington Lake",40.43249735994626,-74.47149346748715,Lake
"Lake Shawnee",40.975024713647855,-74.59233401126629,Lake
"Mount Hope Lake",40.928477570662295,-74.53515508407675,Lake
"Round Valley Reservoir",40.616441015057525,-74.82954801073353,Lake
"Lake Lackawanna",40.95157066351518,-74.69553132777864,Lake
"White Meadow Lake",40.92483951965927,-74.51815028161458,Lake
"Oakford Lake",40.05692882926323,-74.54080639509773,Lake
"Indian Lake",40.889987476616284,-74.48913603717871,Lake
"White Lake",40.99960644408125,-74.91373795373592,Lake
"Clyde Potts Reservoir",40.80686613353363,-74.58534950277196,Lake
"Pines Lake",40.99521432796497,-74.2651435767559,Lake
"Ravine Lake",40.715632052841976,-74.63602927562586,Lake
"Green Pond",41.00331782856599,-74.49796940073948,Lake
"Lake Valhalla",40.93307036053708,-74.37412436011707,Lake
"Taylortown Reservoir",40.95873701513744,-74.37788174872969,Lake
"Cedar Grove Reservoir",40.85930217456753,-74.2131046563414,Lake
"Brindle Lake",40.03087913599723,-74.5108104663872,Lake
"Manor Lake",40.13969127583833,-74.78148196821049,Lake
"Deer Park Pond",40.90611595109422,-74.79655089692432,Lake
"Canoe Brook Reservoir Number 1",40.7514107393497,-74.35215045976868,Lake
"West Lake",40.9770378876706,-74.36516450523801,Lake
"Boonton Reservoir",40.8855587507898,-74.40846340758482,Lake
"Lake Musconetcong",40.90755625945149,-74.69070322534279,Lake
"Jerome Park Reservoir",40.877416103887754,-73.89543640558905,Lake
"Reservoir Number One",40.96072897632371,-73.80154812624299,Lake
"Prospect Park Lake",40.65683456584992,-73.96779242370071,Lake
"Dosoris Pond",40.89460523487135,-73.62592765364522,Lake
"Meadow Lake",40.734666342704884,-73.83873176055008,Lake
"Hillview Reservoir",40.91199307620409,-73.86915904508113,Lake
"Hempstead Lake",40.68113470648198,-73.6416801269828,Lake
"Willow Lake",40.72380391054972,-73.83311414609443,Lake
"Flax Pond",40.964099564782586,-73.13943140866948,Lake
"Beaver Lake",40.88467571064834,-73.56547011600797,Lake
"Playland Lake",40.971267252030316,-73.67028056717173,Lake
"New Millpond",40.83731920535749,-73.22230666944938,Lake
"West Pond",40.61835246043249,-73.83016126108504,Lake
"Grassy Sprain Reservoir",40.974831172611694,-73.84818491857004,Lake
"Jacqueline Kennedy Onassis Reservoir",40.786128827724184,-73.96196515947427,Lake
"Lake Ronkonkoma",40.8276460375407,-73.12191610925001,Lake
"Oradell Reservoir",40.98254703467825,-73.97029167174227,Lake
"Wildwood Lake",40.894777228994,-72.67547481286054,Lake
"Hook Pond",40.95146061412759,-72.1850635310863,Lake
"Scallop Pond",40.941235975273365,-72.43169728660548,Lake
"Big Fresh Pond",40.920343869194454,-72.41895169407215,Lake
"Kellis Pond",40.92804892044431,-72.31744598955099,Lake
"Lake Panamoka",40.923142846438914,-72.84961160932423,Lake
"Swan Pond",40.90171016370031,-72.79345331529275,Lake
"Peconic Lake",40.9107392989203,-72.72694998523276,Lake
"Agawan Lake",40.87501565280229,-72.39238676788617,Lake
"Georgica Pond",40.941544314153916,-72.2294029372615,Lake
"Sagaponack Pond",40.9105943608838,-72.2900311554975,Lake
"Long Pond",40.975705165725,-72.29239556177058,Lake
"Mill Pond",40.91351520035187,-72.3595437971488,Lake
"Red Creek Pond",40.91157011284922,-72.55161848086912,Lake
"Buzzard Swamp",41.44347241189944,-79.06426448747554,Lake
"Benson Swamp",41.94237763843487,-79.52057347380942,Lake
"Lake Canadohta",41.81269518251868,-79.83793039315843,Lake
"Allegheny Reservoir",42.01584076808012,-78.87538932914845,Lake
"Sugar Lake",41.566209764031306,-79.94466144599393,Lake
"Tamarack Swamp",41.99855864805927,-79.56283594583815,Lake
"Chapman Dam Reservoir",41.7482625883632,-79.17902154101192,Lake
"Seneca Pumped Storage Reservoir",41.83056157362341,-79.00984094909951,Lake
"LeBoeuf Lake",41.933891002301756,-79.98811496761721,Lake
"Cranberry Swamp",41.771380992797795,-79.09666106629655,Lake
"Kahle Lake",41.23572205973584,-79.64758987088483,Lake
"Clear Lake",41.8325265991664,-79.68780601237336,Lake
"Tionesta Lake",41.47563929017134,-79.40110048008411,Lake
"Balsam Swamp",41.392172644932,-78.60427407038776,Lake
"Treasure Lake",41.16887598121519,-78.72255137806127,Lake
"East Branch Clarion River Lake",41.59625451632127,-78.55806992525451,Lake
"Laural Run Reservoir",41.411806278013536,-78.5966742173384,Lake
"George B Stevenson Reservoir",41.4195628093212,-78.0264167418991,Lake
"Reservoir Number Five",41.89245224379092,-78.7239289108402,Lake
"Ridgway Reservoir",41.45634787202116,-78.78623769903172,Lake
"Kyle Lake",41.15500168637283,-78.84919586173946,Lake
"Cathrine Swamp",41.68094102571454,-78.56133992435568,Lake
"Du Bois Reservoir",41.102992926962,-78.63198179440444,Lake
"Sedimentation Reservoir",41.479092284572985,-78.70134718209177,Lake
"Bear Swamp",41.12645349789883,-77.66575924686575,Lake
"Hamilton Lake",41.73595823176258,-77.26069254151932,Lake
"Lyman Run Reservoir",41.722953115662584,-77.7681037720736,Lake
"Tamarack Swamp",41.42187568061085,-77.83850722013361,Lake
"Hagerman Lake",41.18909393461638,-77.00353020707237,Lake
"Algerine Swamp Bog",41.542922494242475,-77.48790962659614,Lake
"Kettle Creek Lake",41.3685649372356,-77.92915638949052,Lake
"Beechwood Lake",41.850851424439035,-77.5156057590991,Lake
"Cowanesque Lake",41.9784873991636,-77.19065178292404,Lake
"Warren H Ohl Reservoir",41.068550024381274,-77.32297204636012,Lake
"Middle Ridge Swamp",41.69880946126383,-77.41568948712712,Lake
"Spruce Run Reservoir",41.0298456292619,-76.99331594419604,Lake
"Mosquito Valley Reservoir",41.1505728527664,-77.08506373964431,Lake
"Lake Nessmuk",41.72942895802857,-77.29141942792563,Lake
"Hills Creek Lake",41.8105480413847,-77.19913766606085,Lake
"Saxe Pond",41.552969038240484,-76.32557362142272,Lake
"Lake Chillisquaque",41.1084834231345,-76.65998470418563,Lake
"Pikes Creek Reservoir",41.2812350970753,-76.0631830280193,Lake
"Beaver Lake",41.29873348622384,-76.5921836756355,Lake
"Macham Lake",41.91912644384016,-76.62288230538911,Lake
"Beaver Pond",41.56113562232505,-76.46411572310845,Lake
"Hall Pond",41.38710815462227,-76.98989454417661,Lake
"Crane Swamp",41.60569159911871,-76.28711749196732,Lake
"Moon Lake",41.25418186322136,-76.0476488566668,Lake
"Shumans Lake",41.45087899187529,-76.27338962351477,Lake
"Lake Jean",41.341884192768774,-76.29431026354952,Lake
"Mount Spring Lake",41.339497579054004,-76.23132768931757,Lake
"Spring Lake",41.67770775441121,-76.35436469900104,Lake
"Sylvan Lake",41.25974360276456,-76.15645801799883,Lake
"Tamarack Swamp",41.48391869986143,-76.22632284700776,Lake
"Negro Pond",41.586911791723196,-76.17213942612722,Lake
"Briar Creek Reservoir",41.06711101704012,-76.28638885944322,Lake
"Lake John",41.43084923676955,-76.2735619925071,Lake
"Lake Leigh",41.341838152955795,-76.27008261548232,Lake
"Carmault Lake",41.93265680932982,-76.10490066170861,Lake
"Gulf Pond",41.90382353314615,-76.24666484667407,Lake
"Chamberlain Pond",41.58433038776456,-76.15603514427819,Lake
"Rouse Pond",41.42655933425587,-76.28690611238612,Lake
"Coalbed Swamp",41.47142445408621,-76.21755845975406,Lake
"Minkler Lake",41.959001964703305,-76.09818477316546,Lake
"Tuscarora Lake",41.73974257702492,-76.08820154492962,Lake
"Eagles Mere Lake",41.415121012416485,-76.57793669358956,Lake
"Mokoma Lake",41.4164883851958,-76.48767349231399,Lake
"Shickshinny Lake",41.216958110414204,-76.18923487424357,Lake
"Ganoga Lake",41.356700589294334,-76.31853479542565,Lake
"Lily Lake",41.14246964765093,-76.07993124106702,Lake
"Lake Wesauking",41.808332872309606,-76.40067145291286,Lake
"Lake Pinecrest",41.18175627877075,-76.2448858490709,Lake
"Hunters Lake",41.38394572236286,-76.62106538948929,Lake
"Lake Silkworth",41.27528509564834,-76.08337202623319,Lake
"Harveys Lake",41.357476312534644,-76.0387239031833,Lake
"Beaver Pond",41.290631499983135,-76.28855610976905,Lake
"Lake Of Meadows",41.93315842182316,-76.14079776427543,Lake
"Splashdam Pond",41.40553373202632,-76.27745799766156,Lake
"Stephen Foster Lake",41.80396101588461,-76.66422372038475,Lake
"Mud Pond",41.70989100296414,-75.62252627973899,Lake
"Upper Twin Lake",41.8650470161,-75.34193050821725,Lake
"Corilla Lake",41.52771052607269,-75.08357449230343,Lake
"Tinkwig Lake",41.49950798065621,-75.12752781074592,Lake
"Decker Pond",41.4426839250984,-75.161871945954,Lake
"Elmhurst Reservoir",41.366138207847996,-75.52949801174404,Lake
"Lake Como",41.85249125550989,-75.35063325336694,Lake
"Otter Lake",41.14134143856136,-75.15730617511714,Lake
"Independent Lake",41.826870021720744,-75.43607114677258,Lake
"Lake Blytheburn",41.12964684677778,-75.95358466379196,Lake
"Tingley Lake",41.800836640283705,-75.72365212353566,Lake
"Lake Kewanee",41.5949526003512,-75.73324922448788,Lake
"Stevens Lake",41.60381969964161,-75.94635036062058,Lake
"Spangenberg Lake",41.43267631516532,-75.45386140547316,Lake
"Meadow Lake",41.226316442946505,-75.66798315444125,Lake
"Bear Lake",41.21355484728367,-75.63005758760984,Lake
"Pole Bridge Swamp",41.16546606774552,-75.89383496325424,Lake
"Barkley Lake",41.63297241732282,-75.07820011800555,Lake
"North Arrowhead Lake",41.16186527626217,-75.56473688723797,Lake
"Balsam Swamp",41.342351444079945,-75.18687119755381,Lake
"Pecks Pond",41.29373269783663,-75.08428227590394,Lake
"Hankins Pond",41.71937128930153,-75.39522345365863,Lake
"Trout Lake",41.0056735889948,-75.33745128913266,Lake
"Pocono Peak Lake",41.27855676540857,-75.4051260978792,Lake
"Thousand Acre Swamp",41.32037791264119,-75.42953268413098,Lake
"Glass Pond Number One",41.61959259414321,-75.31799972358671,Lake
"Goose Pond",41.40573949497597,-75.2747494767544,Lake
"Mountain Lake",41.23386924102237,-75.23386256979572,Lake
"Quaker Lake",41.97706492575037,-75.92147762189886,Lake
"Lowe Lake",41.750690337728464,-75.51946014460775,Lake
"Long Pond",41.66456300710435,-75.34344605086427,Lake
"Beaver Pond",41.21500157167853,-75.10481786833968,Lake
"Second Pond",41.14612599375351,-75.02975753114255,Lake
"Hickory Lake",41.83912803660471,-75.40518709976307,Lake
"Williams Pond",41.57055917409645,-75.15343242600402,Lake
"Moosic Lakes",41.432377558692906,-75.51875089722465,Lake
"Browns Lake",41.21130441965419,-75.18259066328017,Lake
"Lake Naomi",41.11329748834592,-75.45308174198632,Lake
"Little Elk Lake",41.75827002957278,-75.94102443931398,Lake
"Lake Belle",41.28011329155492,-75.14990932328178,Lake
"Wrighter Lake",41.84774852374932,-75.47566812379033,Lake
"Lake Ariel",41.44125792797537,-75.37881638673015,Lake
"Lake Henry",41.44956014077043,-75.44445149377441,Lake
"Page Lake",41.86119909554737,-75.65165908133947,Lake
"Wilson Swamp",41.29483673541145,-75.2302866004847,Lake
"Fairview Lake",41.39800642413193,-75.18674895214306,Lake
"Lake Ladore",41.57110015099377,-75.39112935269027,Lake
"Jimmy Kane Swamp",41.155259958749234,-75.8304010540666,Lake
"Bronson Pond",41.52639844840985,-75.43829576894001,Lake
"Cummings Pond",41.39758617877257,-75.91387986993047,Lake
"Little Hickory Lake",41.83245640552808,-75.41209508303304,Lake
"Glass Pond Number Three",41.64733057074031,-75.32598531131404,Lake
"Locklin Pond",41.44489118205001,-75.28028047849415,Lake
"Somerset Lake",41.91020068105075,-75.2291864532197,Lake
"White Deer Lake",41.4048427443164,-75.13123892164154,Lake
"Millpond Number One",41.18218070543776,-75.40807782204323,Lake
"Lake Carobeth",41.19611446507429,-75.36731209237117,Lake
"Tobyhanna Lake",41.20561042591654,-75.40676510201762,Lake
"Dresser Lake",41.217552565674616,-75.35545221987624,Lake
"Balsam Swamp",41.20933603815881,-75.63969551270823,Lake
"Roaming Woods Lake",41.43012389818658,-75.34837513476062,Lake
"Dark Swamp",41.14403090478623,-75.46778724208978,Lake
"Wildwood Lake",41.45091644544249,-75.34869257113368,Lake
"Underwood Swamp",41.173204065242345,-75.50371971810047,Lake
"Lake Greeley",41.41127028200169,-75.02560098519112,Lake
"Lower Woods Pond",41.74185118301224,-75.27241003333319,Lake
"Panther Lake",41.25934777126605,-75.31471909394303,Lake
"Longpatch Swamp",41.174972349348444,-75.51397649794569,Lake
"Shehawken Lake",41.89236544598726,-75.38868358907526,Lake
"Lake Giles",41.37573815684654,-75.09284974402485,Lake
"Lake Idlewild",41.7084046505385,-75.60764586928278,Lake
"Falling Springs Reservoir",41.378711966484374,-75.78095492780392,Lake
"Black Bear Swamp",41.22553456252996,-75.41510285990417,Lake
"Elk Lake",41.62354592336816,-75.38560685022705,Lake
"Saw Creek Pond",41.16500955154529,-75.07106119310858,Lake
"Lake Watawga",41.2390033855537,-75.43967539804035,Lake
"Bone Pond",41.827898551880814,-75.42430854554955,Lake
"Big Inlet Swamp",41.31444051631963,-75.1496065154339,Lake
"Open Woods Pond",41.55472532994202,-75.14203597751596,Lake
"Prompton Lake",41.60849116978627,-75.33673161290368,Lake
"Promised Land Lake",41.30882802405215,-75.19575438511352,Lake
"Ross Pond",41.8987852569976,-75.5868554444175,Lake
"Mill Creek Reservoir",41.26705075230382,-75.74275971139012,Lake
"Sly Lake",41.82397972500261,-75.33628854472892,Lake
"Long Pond",41.82397089128142,-75.3544582123908,Lake
"Nesbitt Reservoir",41.31818286198912,-75.64549024298977,Lake
"Baylors Pond",41.60728565340923,-75.72061670511191,Lake
"Chapman Lake",41.55306995909501,-75.59493024127083,Lake
"Lake Catalpa",41.393043859384704,-75.95807836175797,Lake
"Forest Lake",41.53455964809508,-75.07509771548823,Lake
"Mainses Pond",41.39767101820266,-75.17200695945621,Lake
"Teedyuskung Lake",41.517508191202154,-75.09391387122211,Lake
"Crystal Lake",41.63902092051428,-75.53589374772913,Lake
"Griffin Reservoir",41.500891385757235,-75.6597801603852,Lake
"Lake Wallenpaupack",41.40557316542119,-75.24709687276373,Lake
"Clemo Pond",41.49202309320712,-75.31707886436234,Lake
"Lake Monroe",41.11752506126257,-75.13493026312928,Lake
"Huntsville Reservoir",41.319551417413926,-75.9838940323107,Lake
"Selfice Swamp",41.146296384545465,-75.51035784367869,Lake
"Shohola Marsh Reservoir",41.37397141181897,-74.98760533099319,Lake
"Eagle Lake",41.281459642419264,-75.48559813412253,Lake
"Reservoir Number Four",41.576774579485345,-75.45536614316822,Lake
"Lake Carey",41.59648599044153,-75.92888173547787,Lake
"Whitney Lake",41.46943476376172,-75.25080417916998,Lake
"Paupackan Lake",41.46387949020574,-75.30265401847784,Lake
"Lake Scranton",41.38949385806568,-75.62786014251631,Lake
"Hemlock Lake",41.303911251786595,-75.04684060655057,Lake
"Baylors Mud Pond",41.61733282278061,-75.72819304449412,Lake
"Glass Pond Number Two",41.628719801414746,-75.32252337171197,Lake
"Lackawanna Lake",41.56674357901625,-75.70644054022782,Lake
"Perrins Marsh",41.40202796977916,-75.92542339299632,Lake
"Burns Pond",41.6249720454204,-75.36566754120999,Lake
"Fiddle Lake",41.78608652672566,-75.53211996651527,Lake
"Long Swamp",41.159797314408905,-75.81681918433068,Lake
"Duck Harbor Pond",41.75450739118683,-75.20607556821813,Lake
"Coxton Lake",41.86201667188728,-75.44214122668309,Lake
"Spruce Lake",41.842733338341695,-75.42418048138562,Lake
"Beaver Dam Swamp",41.16766140433762,-75.91386453960308,Lake
"Pocono Summit Lake",41.121884042729725,-75.38430163369601,Lake
"Watres Reservoir",41.28830485228283,-75.6095139096605,Lake
"Westcolang Pond",41.50960009022677,-75.04615750335562,Lake
"Mud Pond",41.559472704633244,-75.145827553888,Lake
"East Stroudsburg Reservoir",41.06880161131869,-75.16672495354365,Lake
"Lower Lake",41.31550016126709,-75.22358033979299,Lake
"Spring Swamp",41.20439806780463,-75.49758121318833,Lake
"Upper Lake",41.82567336482973,-75.75442843153176,Lake
"Lake Paupack",41.32393587359596,-75.25700714583706,Lake
"Welcome Lake",41.57221289860559,-75.08240539126346,Lake
"Beyea Pond",41.4449910990017,-75.40994870114946,Lake
"Stillwater Lake",41.70438795346309,-75.48690285603021,Lake
"White Oak Pond",41.648667569449806,-75.3840487400298,Lake
"Big Boulder Lake",41.04838158192169,-75.58939688711484,Lake
"Pickerel Lake",41.25509142920278,-75.08089465472128,Lake
"Lake Sheridan",41.59805033694091,-75.75595536320738,Lake
"Mountain Spring Lake",41.0136547969079,-75.35487375458334,Lake
"Tamaque Lake",41.10005855604974,-75.4561636864794,Lake
"Williams Bridge Reservoir",41.380006181202916,-75.61918338396006,Lake
"Stearns Lake",41.81187363046325,-75.60233259898979,Lake
"Lakeside Pond",41.6830371918387,-75.82058090283599,Lake
"Kizers Little Lake",41.45579700980614,-75.46044578462859,Lake
"Lake Russell",41.2564480161901,-75.29746493984648,Lake
"Silver Lake",41.934789888290524,-75.95241925665144,Lake
"Lake of the Four Seasons",41.04950045870035,-75.92519108657014,Lake
"Birch Swale",41.18475713600878,-75.49828575350799,Lake
"Wagner Swamp",41.14681446261424,-75.45557887286292,Lake
"Brownell Reservoir",41.56740671370645,-75.47401961881405,Lake
"Upper Woods Pond",41.760911247952755,-75.27640172003295,Lake
"Curtis Reservoir",41.38139463224939,-75.50385179647803,Lake
"Maple Lake",41.329224593267234,-75.58301347931378,Lake
"Frances Slocum Lake",41.33594330537268,-75.89134916184666,Lake
"Hollister Reservoir",41.310686862835205,-75.49417169309751,Lake
"Valley View Lake",41.49585897156847,-75.1566223517845,Lake
"Gravel Pond",41.49316658905732,-75.7408574311761,Lake
"Lake Jamie",41.24219618897729,-75.2873181595729,Lake
"Dunn Pond",41.82323363388189,-75.48057471577434,Lake
"Sicklers Pond",41.61444714965619,-75.62387979852922,Lake
"Bear Creek Lake",41.18520445210185,-75.75464904479996,Lake
"Turner Swamp",41.143686656723716,-75.97666578581988,Lake
"Penn Lake",41.11308872804992,-75.77133854135785,Lake
"Langan Swamp",41.3230249053527,-75.53149795615863,Lake
"Porters Lake",41.252303826437895,-75.05704925734771,Lake
"Cadjaw Pond",41.55541451578001,-75.27133515788023,Lake
"Butler Pond",41.44078055068088,-75.32122557544746,Lake
"Poyntelle Lake",41.82025264105162,-75.4111934588629,Lake
"Rock Lake",41.771392264875224,-75.32584981963367,Lake
"Tinglepaugh Swamp",41.802769244125514,-75.53382996796343,Lake
"Minks Pond",41.20366356859107,-74.99971801302404,Lake
"Bruce Lake",41.35061090488996,-75.17092838753798,Lake
"Arrowhead Lake",41.15319534525705,-75.56619792366564,Lake
"Pocono Lake",41.104430833302615,-75.51782646263415,Lake
"Beach Lake",41.60217305571095,-75.1607394928051,Lake
"Waynewood Lake",41.394731017774454,-75.36214412022836,Lake
"Behren Pond",41.186171207868604,-75.79609140400923,Lake
"Gouldsboro Lake",41.22801034568891,-75.45536209854056,Lake
"Bear Swamp",41.56833282064569,-75.31390709223862,Lake
"Silkmans Swamp",41.443243197867766,-75.42425077985943,Lake
"Larsen Lake",41.255419859400945,-75.4565619213905,Lake
"Big Elk Lake",41.75653430980169,-75.95094736838756,Lake
"Mud Pond",41.62953623488369,-75.54755436073634,Lake
"Perkins Pond",41.57518982349511,-75.11786943328067,Lake
"Kistler Swamp",41.22445018183173,-75.47568856146462,Lake
"White Heron Lake",41.060525936613715,-75.1213036632054,Lake
"McConnell Pond",41.33529322203969,-75.03844493130529,Lake
"Wolf Lake",41.53207751556722,-75.10389813423433,Lake
"Lake Lacawac",41.382177835461555,-75.2916850671741,Lake
"Lake in the Clouds",41.24394051616776,-75.27366880720552,Lake
"Comfort Lake",41.91744881098278,-75.54066099698,Lake
"Pepridge Swamp",41.24404612922615,-75.4045563711984,Lake
"Stearns Swamp",41.818952293054025,-75.50691262106763,Lake
"Fords Lake",41.494186356422865,-75.76255745730573,Lake
"Cobey Pond",41.566229430628404,-75.07131748138877,Lake
"Lake Quinn",41.50585390395937,-75.43325332761806,Lake
"First Pond",41.135780329758106,-75.02647950718814,Lake
"Lake Montrose",41.8418450903716,-75.85653987828188,Lake
"Forest Lake",41.885040373342356,-75.960946355912,Lake
"High Lake",41.839430466772924,-75.32101023927315,Lake
"Howell Pond",41.755602061530915,-75.35610936721712,Lake
"Miller Pond",41.723572916447765,-75.35505662008858,Lake
"Belmont Lake",41.776496880113385,-75.44252831838284,Lake
"Lake Constance",41.5179294593415,-75.1537918031588,Lake
"Heart Lake",41.84834035762494,-75.79138798763584,Lake
"Lake Louise",41.38253794283022,-75.91652511141285,Lake
"Laurel Lake",41.69496988149332,-75.1313618922374,Lake
"Lake Harmony",41.061478050656234,-75.60357141139473,Lake
"Rock Lake",41.55566217712499,-74.99813348863724,Lake
"Perch Pond",41.89668066590878,-75.34906967740945,Lake
"Upper Wilcox Pond",41.63635437266041,-75.21453513204938,Lake
"Underwood Lake",41.840330216816426,-75.36790218531245,Lake
"Keen Lake",41.58695576847514,-75.37750286030561,Lake
"Bradys Lake",41.17844969918826,-75.52744221027133,Lake
"Lewis Lake",41.720007340830286,-75.49980485171396,Lake
"Big Sampson Swamp",41.256149286333454,-75.38871725769953,Lake
"Sand Pond",41.915862267026775,-75.1842186173702,Lake
"Twelvemile Pond",41.17929148048686,-75.09290095511449,Lake
"Lake Lorain",41.81103437255477,-75.42291854924895,Lake
"Summit Lake",41.474472673209185,-75.71807102474214,Lake
"Lower Yards Creek Reservoir",41.014638535788315,-75.01847879727453,Lake
"Biglow Lake",41.76244496646832,-75.39006350947035,Lake
"Blue Heron Lake",41.27843857649641,-75.05187649033068,Lake
"Big Bass Lake",41.25593805517284,-75.49205007828789,Lake
"Tamarack Swamp Pond",41.84621916666737,-75.41115921146393,Lake
"Bender Swamp",41.22765840190065,-75.40814183770988,Lake
"Pond Swamp",41.2013011602049,-75.47909614135312,Lake
"Oxbow Lake",41.60855344588926,-75.89539450201168,Lake
"Hiawatha Lake",41.91728333312199,-75.372502501859,Lake
"Egypt Meadow Lake",41.352895492217165,-75.19527672221871,Lake
"Lake Laura",41.2997633437232,-75.16717690037079,Lake
"Lake Aleeda",41.24875625700663,-75.72082698705233,Lake
"Laurel Lake",41.952121402042536,-75.91923055884877,Lake
"Rose Pond",41.72720937474102,-75.22815886142888,Lake
"Crystal Lake",41.172549837605814,-75.83245910468872,Lake
"Nuangola Lake",41.160778679094605,-75.97368893332855,Lake
"Bear Swamp",41.34723348432566,-75.56892549205075,Lake
"Stillwater Lake",41.1220499323144,-75.4121371030197,Lake
"Lake Natalie",41.247743878375694,-75.4618236897819,Lake
"Indian Mountain Lake",41.00628601184795,-75.50110943910717,Lake
"Lake Huntington",41.683448567986524,-74.9902710154854,Lake
"Hunter Lake",41.72345936508002,-74.89899743452347,Lake
"New Wawayanda Lake",41.01944081224113,-74.7305181792184,Lake
"Blind Pond",41.55685653329679,-74.90066489595202,Lake
"Beaver Pond",41.54014708437653,-74.83137087382018,Lake
"Clinton Reservoir",41.086259639845785,-74.4500758949726,Lake
"Loch Sheldrake",41.77460399013882,-74.65606698978853,Lake
"Woodcliff Lake",41.02112579587561,-74.04463200442707,Lake
"Beaverdam Lake",41.443437776679154,-74.11593687753414,Lake
"Stilwell Lake",41.34542142173154,-74.04029278041439,Lake
"Lake Jefferson",41.77386297257841,-74.9163952546969,Lake
"Hunts Pond",41.005150330976086,-74.84485248527047,Lake
"Lily Pond",41.88730494022352,-74.74709652300233,Lake
"Lake La Barr",41.53755073619104,-74.96400827608606,Lake
"Davis Pond",41.57377943971585,-74.98265021437238,Lake
"Breakneck Pond",41.205340494099936,-74.09807062415726,Lake
"Lyon Lake",41.78043879569415,-74.3599926073477,Lake
"Lake Pochung",41.20469607460652,-74.539211201406,Lake
"Toronto Lake",41.629932816203706,-74.88199835755258,Lake
"Mongaup Falls Reservoir",41.54654407898172,-74.77689308144288,Lake
"Log Tavern Pond",41.31156795213553,-74.92629343677955,Lake
"Kittatinny Lake",41.1751421197728,-74.80035574744701,Lake
"Big Pond",41.46748756046829,-74.66188038168731,Lake
"Swinging Bridge Reservoir",41.622029380761695,-74.7844340271765,Lake
"Dunker Pond",41.09029539712532,-74.47510546827243,Lake
"Wild Acres Lake",41.212057132758794,-74.94131482729776,Lake
"Fourth Lake",41.875779275783344,-74.07878588814589,Lake
"Popolopen Lake",41.35346427403571,-74.05833630216557,Lake
"Island Pond",41.25658030698274,-74.14054040417832,Lake
"Highland Lake",41.16880941687089,-74.4636786439647,Lake
"Wanaque Reservoir",41.06940303837497,-74.29401903915513,Lake
"Lake Metauque",41.51701317616553,-74.78350572451595,Lake
"Forest Lake",41.298237658036626,-74.10374886039862,Lake
"Crystal Lake",41.62183028599184,-74.90742370189567,Lake
"Ashokan Reservoir East Basin",41.9646111976013,-74.24730765305357,Lake
"Cranberry Pond",41.14161083998036,-74.20347293221943,Lake
"Briscoe Lake",41.76429221185009,-74.87331508140515,Lake
"Hunter Pond",41.893748883561095,-74.73004526434741,Lake
"Lebanon Lake",41.569905403364444,-74.81000589560689,Lake
"Beaverdam Pond",41.8109850917638,-74.53732240696333,Lake
"Honk Lake",41.75294936043634,-74.37900771750441,Lake
"Nyce Lake",41.24942197198598,-74.926898369413,Lake
"Lake Owassa",41.150755089000974,-74.81204995176346,Lake
"Anawana Lake",41.700138668982376,-74.6758099144417,Lake
"Saint Josephs Lake",41.59951735199928,-74.70406633258865,Lake
"Twin Lakes",41.38385052573789,-74.90534996046983,Lake
"Lake Kemah",41.12420586584171,-74.78764145711447,Lake
"Toronto Reservoir",41.6315245969161,-74.85005451288566,Lake
"Mountain Lake",41.65807462975914,-74.81500096401709,Lake
"Silver Mine Lake",41.29140471419607,-74.05550788651294,Lake
"Mashipacong Pond",41.26727296366735,-74.72771971956836,Lake
"Holiday Lake",41.30695026494291,-74.75943272060994,Lake
"Buckabear Pond",41.1000645054492,-74.44785803534135,Lake
"Hanks Pond",41.083451649550206,-74.43646434060055,Lake
"Lake Tappan",41.03208929149926,-73.9927126756999,Lake
"Lake Washington",41.49185426679222,-74.06955571221572,Lake
"Wickham Lake",41.28196204671215,-74.29578500140445,Lake
"Reservoir Number Three",41.41277940776623,-74.69115407692003,Lake
"Black Lake",41.66107184841317,-74.86099076174965,Lake
"Wells Pond",41.61089756763607,-74.87421863930702,Lake
"Pinecliff Lake",41.130906730671065,-74.37606881500737,Lake
"Glenmere Lake",41.323509447563,-74.33586693372422,Lake
"Lake Lenape",41.00453846400171,-74.72944223083469,Lake
"Lake Ashroe",41.18070771080348,-74.81632321524508,Lake
"East Pond",41.73355208753512,-74.58000929059828,Lake
"Sturgeon Pool",41.843064551659076,-74.04231221046899,Lake
"Cape Pond",41.75072109988016,-74.46475157262991,Lake
"Walton Lake",41.30658399379109,-74.22279833080731,Lake
"Paulins Kill Lake",41.07069996978974,-74.79876331739955,Lake
"Crandon Lakes",41.13141894507676,-74.84085703200178,Lake
"Lake Wildwood",41.15266320253691,-74.52439207160215,Lake
"Sterling Lake",41.208820304009755,-74.25856651143137,Lake
"Neversink Reservoir",41.851559315378495,-74.65358293060066,Lake
"Bear Swamp Lake",41.03668292181705,-74.36428750565129,Lake
"Gold Key Lake",41.317977765305464,-74.94168721352654,Lake
"Lake Maratanza",41.68030399883837,-74.35297552163898,Lake
"Mastens Lake",41.60596827591933,-74.53982428613045,Lake
"Wildwood Lake",41.61233197435387,-74.72039701558226,Lake
"Tuxedo Lake",41.19608778756794,-74.20896488309087,Lake
"Round Lake",41.318818017777865,-74.20938803154185,Lake
"Lake Rutherford",41.2827024734169,-74.66973925861113,Lake
"Mount Hope Reservoir",41.49004529615331,-74.53870312712712,Lake
"Revonah Lake",41.828318325967345,-74.76784035297268,Lake
"Swan Lake",41.76493883318478,-74.79851408201036,Lake
"Sheppard Pond",41.13746051861115,-74.2274098740989,Lake
"Tomahawk Lake",41.405533444885506,-74.22492233766519,Lake
"Culvers Lake",41.17050190657709,-74.77810738947171,Lake
"Lake Mohawk",41.017762844329866,-74.66342998536258,Lake
"Lake Grinnell",41.098284044546524,-74.63911830754546,Lake
"Upper Greenwood Lake",41.176396930667906,-74.38016879198719,Lake
"Kiamesha Lake",41.67683366541562,-74.66596824259258,Lake
"Morningside Lake",41.75408062113466,-74.65312814500686,Lake
"Lake Swannanoa",41.01047157122049,-74.52020063459402,Lake
"North Pond",41.896840954572454,-74.70885744721113,Lake
"Cupsaw Lake",41.118008687346595,-74.24881140153295,Lake
"Mombasha Lake",41.281371078760195,-74.20576798835675,Lake
"Lake DeVenoge",41.520974443027285,-74.83939749841257,Lake
"Fifth Lake",41.86432230421136,-74.08397870658273,Lake
"Trout Lake",41.58626859564129,-74.68009300145492,Lake
"Potake Pond",41.134876955592574,-74.21484846368158,Lake
"Echo Lake",41.508548624429125,-74.72445526740665,Lake
"Sterling Forest Lake",41.16380401320859,-74.26107335539722,Lake
"Oak Ridge Reservoir",41.05653356356149,-74.49984133392668,Lake
"Chadwick Lake",41.56622790449294,-74.0696544407626,Lake
"Fairview Lake",41.07675825328436,-74.91252015556407,Lake
"Little Swartswood Lake",41.08542842648743,-74.81480687700575,Lake
"Treasure Lake",41.61052780795368,-74.59083357936487,Lake
"Green Turtle Lake",41.14684396963954,-74.32922315396821,Lake
"Cliff Lake",41.59757086416679,-74.79644053876957,Lake
"Lake Stahahe",41.23854333752338,-74.1599070288161,Lake
"Sand Pond",41.86465780421691,-74.8853775225335,Lake
"Monhagen Lake",41.45842065026728,-74.45376788465028,Lake
"Quick Pond",41.138043134412065,-74.84787664253155,Lake
"Echo Lake",41.061263440304934,-74.40923181827343,Lake
"Sand Pond",41.51334850986715,-74.8434705955766,Lake
"Wanaksink Lake",41.61893349968131,-74.56455892501748,Lake
"Burnt Hope Lake",41.52372848477071,-74.74402235757091,Lake
"Sunrise Lake",41.57708912559932,-74.86189716226033,Lake
"Lake Kanawauke",41.23116945880145,-74.11734384546521,Lake
"Lake Gerard",41.104594799438864,-74.54733766638792,Lake
"Lake Muskoday",41.90860966583957,-74.9894440052246,Lake
"Lake Iosco",41.03096303078877,-74.32137830456399,Lake
"Toasperns Pond",41.5316251775018,-74.93549264263876,Lake
"Little Long Pond",41.23261606556386,-74.12817508271547,Lake
"Cranberry Lake",41.292857641816745,-74.11327164243669,Lake
"Sackett Lake",41.62572348142016,-74.74019897150973,Lake
"Wolf Lake",41.586813088327204,-74.58908294322362,Lake
"Anawanda Lake",41.85693957896703,-74.96260411093355,Lake
"Yankee Lake",41.58722636679572,-74.5595165778412,Lake
"Swamp Pond",41.5936570418158,-74.98284574541113,Lake
"Silver Lake",41.25238835093381,-74.98486709006576,Lake
"Turkey Hill Pond",41.31846167001329,-74.04100416536963,Lake
"Baileys Lake",41.689959621696474,-74.66822831204719,Lake
"Washington Lake",41.53264606369302,-74.922113189989,Lake
"Sunrise Lake",41.318766382743455,-74.95754062978567,Lake
"Ulster Heights Lake",41.77627691031198,-74.49165439587075,Lake
"Silver Lake",41.72372604417,-74.85500472328503,Lake
"Lochada Lake",41.49389709068503,-74.85659685581028,Lake
"Lake Skemonto",41.21237673703385,-74.14454791334413,Lake
"Tennanah Lake",41.887302701105334,-74.97552871913415,Lake
"Bog Meadow Pond",41.389434631780496,-74.01174304066467,Lake
"Fox Hollow Lake",41.040990780991386,-74.66495132202974,Lake
"Glen Wild Lake",41.02366229370569,-74.33030502475711,Lake
"Merriewold Lake",41.569074608779445,-74.721348789132,Lake
"Hull Pond",41.58605089947609,-74.8299508070525,Lake
"Kenoza Lake",41.727697706175995,-74.94630776075016,Lake
"Lake Louise Marie",41.60952628990931,-74.58018792903113,Lake
"Balsam Pond",41.5915451754779,-74.90187344064415,Lake
"Mongaup Pond",41.96509951783665,-74.68593865356715,Lake
"Lake Welch",41.22710899486203,-74.07970300455106,Lake
"Martin Lake",41.40299214154058,-74.65459179832774,Lake
"Greenwood Lake",41.178687869251625,-74.3277760272827,Lake
"Sidwell Lake",41.5483301669276,-74.87255613913239,Lake
"Beaverdam Pond",41.496290214962784,-74.66872007387265,Lake
"Alta Lake",41.727144819146616,-74.6458040851759,Lake
"Binnewater Pond",41.409287128496906,-74.55243579263391,Lake
"Silver Lake",41.70557752947686,-74.55566972818248,Lake
"Ramapo Lake",41.03637287110981,-74.26634592358789,Lake
"Pine Meadow Lake",41.174811362262524,-74.1260287047751,Lake
"Spruce Swamp",41.175261406494364,-74.24063796753806,Lake
"Lake Erskine",41.094112013901096,-74.25403179491865,Lake
"Rondout Reservoir",41.83751321660143,-74.48996911531465,Lake
"Goshen Reservoir",41.378001474072946,-74.33005084946055,Lake
"Hemlock Lake",41.50505337690817,-74.7145486476295,Lake
"Shawangunk Lake",41.4452240395383,-74.501481557001,Lake
"White Lake",41.68155254980403,-74.83705974012197,Lake
"We-Wah Lake",41.21557028327111,-74.19508991775864,Lake
"Indian Field Pond",41.65110752918704,-74.884530953675,Lake
"Monksville Reservoir",41.130331829422644,-74.3090160968629,Lake
"Shandelee Lake",41.88544937110574,-74.87324746506837,Lake
"Mohican Lake",41.52278215630782,-74.81398082625063,Lake
"Cedar Pond",41.10925777561816,-74.42595723895954,Lake
"Ashokan Reservoir West Basin",41.97719366066013,-74.14824322069889,Lake
"Lake Sebago",41.20273402701868,-74.13658764485935,Lake
"Cromwell Lake",41.34265073907548,-74.14871044596534,Lake
"Highland Lake",41.53004277326659,-74.85087084200929,Lake
"Ruddick Pond",41.58706096203407,-74.74966277892514,Lake
"Turnpike Pond",41.58057268224457,-74.94312338314396,Lake
"Canistear Reservoir",41.12350202593337,-74.48350512168749,Lake
"Lake Askoti",41.244609581612146,-74.10011969927031,Lake
"Clearwater Lake",41.02066613941998,-74.70959312942495,Lake
"Beaver Lake",41.088174470563864,-74.56325152942476,Lake
"Rio Reservoir",41.50367937515035,-74.75904409265922,Lake
"Lake Maskenozha",41.18821010545146,-74.98724946656822,Lake
"York Lake",41.50125537828712,-74.96976078569955,Lake
"Filippini Pond",41.71045416973782,-74.88075048283979,Lake
"Long Pond",41.369169894116375,-74.02723802556021,Lake
"Kenozia Lake",41.99001342017051,-74.17211301946475,Lake
"Orange Lake",41.54811046976987,-74.1045011483179,Lake
"Woodpecker Lake",41.26107621774457,-74.9357179277447,Lake
"Lake Tiorati",41.26306710238145,-74.09091176730013,Lake
"Heddens Lake",41.70313889759872,-74.19902276346245,Lake
"Highland Lake",41.4519334766643,-74.48104981816158,Lake
"Chestnut Ridge Pond",41.67712511874214,-74.88607483254589,Lake
"Lake Awosting",41.70550544903514,-74.29148500116942,Lake
"Walker Lake",41.41841580812942,-74.91605925974525,Lake
"Browns Pond",41.46719985180276,-74.08520196216085,Lake
"Orange-Rockland Lake",41.346179868900585,-74.19367811102083,Lake
"Swartswood Lake",41.07190465287846,-74.8378291714563,Lake
"Charlotteburg Reservoir",41.0251203012709,-74.43166705876898,Lake
"Pleasure Lake",41.699252234236006,-74.62915922535774,Lake
"Sawkill Pond",41.34754404448257,-74.89244492901149,Lake
"Wawayanda Lake",41.181343905812014,-74.43312408785047,Lake
"Barry Lakes",41.20008035702334,-74.43718676969267,Lake
"Lake Superior",41.66386546191078,-74.87538949214253,Lake
"Lake Tonetta",41.42121935559464,-73.61059417696687,Lake
"Chodikee Lake",41.77264955358574,-73.98375514896858,Lake
"No Mans Land Swamp",41.68696363170471,-73.23544103666805,Lake
"Lake Winchester",41.91650003208846,-73.15521414503026,Lake
"Long Swamp",41.819304712942575,-73.22420257070667,Lake
"Wigwam Reservoir",41.667225554908164,-73.13599323214545,Lake
"Gaylord Pond",41.96879894977312,-73.06337689196354,Lake
"Ellis Pond",41.68169417490498,-73.54778467165816,Lake
"Teatown Lake",41.211223808972406,-73.83226561462808,Lake
"Squantz Pond",41.523766977049576,-73.48117838870344,Lake
"Meeker Swamp",41.68998171256365,-73.32460446796894,Lake
"Rugg Brook Reservoir",41.937857099121516,-73.11679865228471,Lake
"Margerie Lake Reservoir",41.45329578025871,-73.48043307291967,Lake
"Saugatuck Reservoir",41.27046750177804,-73.36948453571586,Lake
"West Lake Reservoir",41.408851238032824,-73.507781064405,Lake
"Siscowit Reservoir",41.197539753183115,-73.52873149780197,Lake
"China Pond",41.44208630584136,-73.74311624118747,Lake
"Oscawana Lake",41.39421350526961,-73.84846757551755,Lake
"Tarrytown Reservoir",41.08269179132133,-73.83961189599427,Lake
"Laurel Reservoir",41.171473299028634,-73.55213362298967,Lake
"North Stamford Reservoir",41.13331101349433,-73.53905959416517,Lake
"Pecks Swamp",41.64217134847092,-73.136170144964,Lake
"Peat Swamp",41.83680486813622,-73.23863473572081,Lake
"Old Naugatuck Reservoir",41.48327274899719,-72.99882641063898,Lake
"Little Whaley Lake",41.562397925846376,-73.6520159747605,Lake
"Rockland Lake",41.13881756184774,-73.92264713441811,Lake
"Rockwood Lake",41.10149820508054,-73.62800610619016,Lake
"Lake Winnemaug",41.5852095282841,-73.13049586272905,Lake
"Lake Quassapaug",41.53590616184994,-73.15357728464589,Lake
"Trinity Lake",41.22204677999722,-73.55224488745597,Lake
"Lake Kitchawan",41.24328421886461,-73.54909710900803,Lake
"Great Swamp",41.28871890454599,-73.48291374365337,Lake
"Hunns Lake",41.90231113131907,-73.64752796286182,Lake
"Indian Lake",41.918775385486285,-73.49730094708764,Lake
"Bog Brook Reservoir",41.41639547740099,-73.58504617242856,Lake
"Wiccopee Reservoir",41.417692713632995,-73.81916313048144,Lake
"Lake Dutchess",41.51671668419664,-73.6721547269292,Lake
"Lake Mahopac",41.381009868806984,-73.7389555602783,Lake
"Converse Lake",41.13222051213581,-73.65184071658031,Lake
"Park Pond",41.89472932503706,-73.1509956697243,Lake
"Tobey Pond",41.9757806064266,-73.22096026465665,Lake
"Mohansic Lake",41.276813069177955,-73.81082291209191,Lake
"Lake Forest",41.22165068780805,-73.20605018251254,Lake
"Cream Hill Lake",41.88392268881493,-73.30521951562694,Lake
"Lake Harwinton",41.782576675672594,-73.08168176846847,Lake
"Great Brook Reservoir",41.58021601792471,-73.01906394611697,Lake
"Ball Pond",41.46326374112888,-73.52330837087163,Lake
"Morris Reservoir",41.68388716336136,-73.1467744485821,Lake
"Nepaug Marsh",41.79971754488601,-73.00704417041628,Lake
"Round Pond",41.881816211526896,-73.51138856308124,Lake
"Black Spruce Bog",41.85727482538905,-73.30188510706083,Lake
"Poplar Swamp",41.652863898363776,-73.34604219161653,Lake
"Mudge Pond",41.90255539898289,-73.47429937333588,Lake
"Stillwater Pond",41.8423081094592,-73.15197918512398,Lake
"Highland Lake",41.90656894802219,-73.09093332781406,Lake
"Lake Walton",41.58999128114827,-73.82862590826848,Lake
"Dog Pond",41.81414869698207,-73.23909274454579,Lake
"Tamarack Swamp",41.65082279502604,-73.42932308421008,Lake
"Stillwater Pond",41.44431472685204,-73.82130552347871,Lake
"Canoe Brook Lake",41.254040750008905,-73.23911067662489,Lake
"Esopus Lake",41.87664907206092,-73.96949467013289,Lake
"Crane Pond",41.74290725559266,-73.53522023986173,Lake
"Lake Zoar",41.4118860908038,-73.20437113410397,Lake
"Titicus Reservoir",41.329657344099104,-73.61736709930453,Lake
"Round Pond",41.82404609997355,-73.67792641822896,Lake
"John D Milne Lake",41.206570500462526,-73.49541969090649,Lake
"East Lake Reservoir",41.442998496554786,-73.49348342281209,Lake
"Taunton Pond",41.41096365228044,-73.33466414879567,Lake
"Wildcat Swamp",41.914618748349945,-73.24031262991143,Lake
"Samp Mortar Reservoir",41.190708249997975,-73.25961777301832,Lake
"Lake Candlewood",41.50017936554595,-73.45338319387422,Lake
"Tyrrel Lake",41.754068790172525,-73.74895163765932,Lake
"Bronson E Lockwood Reservoir",41.66044921723594,-73.18917954864008,Lake
"Beaver Dam Lake",41.253073061528326,-73.14064315253277,Lake
"West Hill Pond",41.88197541276985,-73.04073519154207,Lake
"Upton Lake",41.84702712042052,-73.753047654132,Lake
"South Norwalk Reservoir",41.18205187773677,-73.4481153431471,Lake
"Boggs Pond",41.41761377790647,-73.5313617427828,Lake
"Shepaug Reservoir",41.7323177453528,-73.29434034298957,Lake
"Mianus Reservoir",41.1451654891032,-73.61337888782255,Lake
"Cranberry Swamp",41.71398565718651,-73.19687338071907,Lake
"Peat Swamp Reservoir",41.374917981120674,-73.056047575953,Lake
"Hall Meadow Brook Reservoir",41.873300847409,-73.1666707143716,Lake
"DeForest Lake",41.1606724821775,-73.9566899929921,Lake
"Great Mountain Pond",41.564230291414965,-73.45713189354333,Lake
"Mill Plain Swamp",41.38118935026302,-73.48859540430877,Lake
"Lake Gleneida",41.42094321520205,-73.68356000245532,Lake
"Upper Shepaug Reservoir",41.76092199722364,-73.31422093032764,Lake
"Mirror Lake",41.86672044657595,-73.96999865767187,Lake
"Lake Gilead",41.398421975642925,-73.67552529004347,Lake
"Lake Naraneka",41.323359405680364,-73.5070826712343,Lake
"Rudd Pond",41.97801752003632,-73.5052494989156,Lake
"Whist Pond",41.85021371731413,-73.18635903359457,Lake
"Swift Pond",41.766522431209815,-73.55081136420658,Lake
"Wangum Lake",41.97989220122429,-73.26201708129588,Lake
"Lake Plymouth",41.65202781698303,-73.0479087579781,Lake
"Nuclear Lake",41.5988996803871,-73.64511260460857,Lake
"Congers Lake",41.141836886849056,-73.94035194164914,Lake
"West Branch Reservoir",41.422112479587234,-73.7086641865384,Lake
"Mamanasco Lake",41.31964035145994,-73.52730008813968,Lake
"Hemlock Reservoir",41.22160341105715,-73.29953514396045,Lake
"North Pond",41.91333470640979,-73.22316891714637,Lake
"Silver Lake",41.04660889710486,-73.74780544028751,Lake
"Popes Pond",41.22321291088976,-73.45143568687855,Lake
"South Spectacle Pond",41.71811316193742,-73.41836515471306,Lake
"Bantam Lake",41.703974799923245,-73.22294420150048,Lake
"Truesdale Lake",41.281360603110905,-73.55352325309491,Lake
"White Pond",41.50163383843259,-73.72288659686141,Lake
"Indian Meadow",41.95070427519608,-73.08363965761191,Lake
"Middle Branch Reservoir",41.406994311034765,-73.64418398320372,Lake
"Lake Meahagh",41.25443623841972,-73.9497066182028,Lake
"Dickerson Pond",41.25212996103371,-73.8754656306095,Lake
"Satans Meditation",41.55182634055373,-73.13470078079749,Lake
"Rye Lake",41.08232394921662,-73.73085322457192,Lake
"Lyons Swamp",41.305354537050476,-73.31832508824989,Lake
"Quipy Swamp",41.56848494978977,-73.46621722135357,Lake
"Stissing Pond",41.97096194627311,-73.67430131804066,Lake
"Trap Falls Reservoir",41.2710288602561,-73.14323424801013,Lake
"Thompson Pond",41.96065734260105,-73.67744441844158,Lake
"Byram Lake Reservoir",41.16430775684667,-73.69092654497969,Lake
"Lake Mohegan",41.31484681436402,-73.85042506793799,Lake
"Peach Lake",41.36287514166747,-73.57929452195935,Lake
"Indian Lake",41.37228323034943,-73.88853681958048,Lake
"Robbins Swamp",41.99653672873425,-73.34062295610848,Lake
"Browns Reservoir",41.217284690139564,-73.49327093577222,Lake
"Gulf Pond",41.21864301627766,-73.03933090246011,Lake
"Pinewood Lake",41.25676603256719,-73.17606897547797,Lake
"Red Spruce Swamp",41.98731848836321,-73.27882966109269,Lake
"Twin Island Lake",41.97984556818788,-73.671072420763,Lake
"Whaley Lake",41.561770407748284,-73.66214934976861,Lake
"Pine Pond",41.46553061011921,-73.70785790373604,Lake
"Aspetuck Reservoir",41.24609133466946,-73.31877169720393,Lake
"Cedar Swamp",41.86237831585475,-73.05352194399438,Lake
"Roaring Brook Lake",41.44017143335234,-73.80779213931321,Lake
"Blue Heron Lake",41.196030745057506,-73.59158324463365,Lake
"Secor Lake",41.3766356543733,-73.78737059120856,Lake
"Baldwin Swamp",41.2372260874442,-73.06748766908767,Lake
"Wataba Lake",41.341411491580416,-73.49492465353643,Lake
"Reuben Hart Reservoir",41.87367900989674,-73.17975447842576,Lake
"Lake Waccabuc",41.29830268727474,-73.58406064294599,Lake
"Bear Swamp",41.8025325829654,-73.26727374587347,Lake
"Pine Swamp",41.89311384320499,-73.39344829418964,Lake
"Long Pond",41.40986665071922,-73.73260129418213,Lake
"Easton Reservoir",41.26908597976867,-73.26886817993646,Lake
"North Spectacle Pond",41.73005708044329,-73.41862186788495,Lake
"Long Meadow Pond",41.49446800913363,-73.11795942855589,Lake
"Wononpakook Lake",41.938054681346486,-73.45432061747707,Lake
"Beardsley Pond",41.89649128828677,-73.44764187399205,Lake
"DeForest Lake",41.13144115535822,-73.9623985489965,Lake
"Ice Pond",41.455563060497965,-73.61250576110196,Lake
"Tyler Lake",41.83868512272236,-73.26126227761937,Lake
"Gritman Pond",41.76418850354678,-73.3690981439721,Lake
"Lake Kenosia",41.38420335610623,-73.50260825509002,Lake
"Quaker Lake",41.60158829073294,-73.56319625776636,Lake
"Sagamore Lake",41.472869218866315,-73.78110651802021,Lake
"Huckleberry Swamp",41.30687486231829,-73.43845431362885,Lake
"Blue Swamp",41.761252566321886,-73.28747974440901,Lake
"Beckley Bog",41.96783020252549,-73.16162158704387,Lake
"Mianus River Pond",41.05099732553781,-73.58560574006336,Lake
"Pine Swamp",41.36164954844015,-73.25050421677149,Lake
"Wappinger Lake",41.60509922011371,-73.91702230901785,Lake
"Barrett Pond",41.433185650104285,-73.74172870499173,Lake
"Putnam Lake",41.4674610966727,-73.53924216963844,Lake
"Putnam Lake",41.091284936419044,-73.63889401620283,Lake
"Mount Tom Pond",41.70073626779855,-73.27756604049186,Lake
"Oscaleta Lake",41.29672374663003,-73.56195865151126,Lake
"Chestnut Hill Reservoir",41.59825825773717,-73.01016039556123,Lake
"Grant Swamp",41.94587035825747,-73.15282685540042,Lake
"Vanderburgh Cove",41.877519377308566,-73.92909044717734,Lake
"Hatch Pond",41.684080007570294,-73.47817130718975,Lake
"Wononskopomuc Lake",41.95536249643018,-73.44573036800361,Lake
"Pine Swamp",41.79441558378426,-73.45326138627509,Lake
"Ripley Swamp",41.73629206382505,-73.22344496298571,Lake
"Woodridge Lake",41.80520013997194,-73.25078080685323,Lake
"Lake Waramaug",41.698101935782844,-73.3638100117015,Lake
"Silver Lake",41.91552772144941,-73.80342000137084,Lake
"Sylvan Lake",41.60865309826863,-73.74132112259944,Lake
"Holly Pond",41.05390609307809,-73.49699495769968,Lake
"Lake Peekskill",41.33939449507748,-73.88224871651873,Lake
"Long Pond",41.8857568029353,-73.81528610038019,Lake
"Pitch Reservoir",41.698510483315204,-73.15601031427471,Lake
"Long Meadow Pond",41.65823081040274,-73.20833973701633,Lake
"Great Bear Swamp",41.95375513552231,-73.2325938050102,Lake
"Lake Lillinonah",41.487763840529546,-73.34267703805104,Lake
"Kensico Reservoir",41.10282653744544,-73.74705510088951,Lake
"New Croton Reservoir",41.24015775993074,-73.79198431562602,Lake
"Canopus Lake",41.45849845253142,-73.83407481323465,Lake
"Canopus Lake",41.46806410557512,-73.82841044051538,Lake
"Boyd Corners Reservoir",41.46122615466983,-73.75000688987879,Lake
"Croton Falls Reservoir",41.37306293940976,-73.6735448071866,Lake
"Cross River Reservoir",41.258670161459804,-73.631346341676,Lake
"Muscoot Reservoir",41.293843071750615,-73.68403453729935,Lake
"Kirk Lake",41.38778620188612,-73.75251185112388,Lake
"Amawalk Reservoir",41.30662321933097,-73.74453616217708,Lake
"Lake Carmel",41.456846756875436,-73.6652161956561,Lake
"East Branch Reservoir",41.40980106776264,-73.5690729492849,Lake
"Black Pond",41.50973542975353,-73.75583244384698,Lake
"Seven Hills Lake",41.48642554805262,-73.74893385511828,Lake
"Cross River Reservoir",41.24268536886713,-73.61515667527793,Lake
"West Branch Reservoir",41.99865317145735,-73.02717585444388,Lake
"Burr Pond",41.86913425445195,-73.09759862999991,Lake
"Bristol Reservoir Number 4",41.74627873138262,-73.02067280414957,Lake
"Old Marsh Pond",41.70980627494219,-72.99460507066517,Lake
"Crystal Lake",41.92277671328614,-73.10375489519252,Lake
"Smith Cove",41.40054018480909,-72.10673880242251,Lake
"Halls Pond",41.84018054195609,-72.11011467097562,Lake
"Oxoboxo Lake",41.48885880964253,-72.20191751235359,Lake
"Bogue Brook Reservoir",41.43949285722175,-72.20365947291583,Lake
"Mansfield Hollow Lake",41.76004405257002,-72.17351113939289,Lake
"Fairview Reservoir",41.56891797260221,-72.07828094849161,Lake
"Dismal Swamp",41.947198192755764,-72.72070197605959,Lake
"Killingworth Reservoir",41.365099332663675,-72.53495795890575,Lake
"Cedar Swamp",41.79403171660799,-72.08640519966333,Lake
"Great Swamp",41.4241891419765,-72.18042808703652,Lake
"Uncas Pond",41.374870125120275,-72.31594992234659,Lake
"Towner Swamp",41.28240224431546,-72.73218914627856,Lake
"Broad Brook Reservoir",41.51062002092112,-72.85964960079411,Lake
"Round Meadow",41.58263060984502,-72.65714417873004,Lake
"Pine Swamp",41.43108945091803,-72.06188465588838,Lake
"Smith Lake",41.35734741434612,-72.03156476932052,Lake
"Shenipsit Lake",41.88514189601484,-72.42751824917215,Lake
"Wheeler Pond",41.46373856613302,-72.1486494254735,Lake
"Dead Wood Swamp",41.696137465494814,-72.81669739187144,Lake
"Hoyt Hayes Swamp",41.96205558749174,-72.90200957665871,Lake
"Maple Swamp",41.851572151870656,-72.03386181980346,Lake
"Shade Swamp",41.71314294708705,-72.85015731949738,Lake
"Ashford Lake",41.90073276623736,-72.12854589539747,Lake
"Bissonnette Pond",41.92495244187426,-72.21914417183696,Lake
"Wangumbaug Lake",41.77312335047053,-72.32254763517079,Lake
"Griggs Pond",42.00285683614447,-72.08750287930215,Lake
"Rogers Lake",41.36080299700448,-72.30235073239278,Lake
"Bolton Lake",41.8012627452483,-72.4328891382704,Lake
"Crystal Pond",41.92404079083479,-72.09986650210872,Lake
"Pigeon Swamp",41.659858782205134,-72.18745713665282,Lake
"Dutton Swamp",41.5550552574546,-72.29913036652971,Lake
"Great Cedar Swamp",41.992491330317414,-72.07317424834415,Lake
"Globe Hollow Reservoir",41.753471147946925,-72.51792272943254,Lake
"Staffordville Reservoir",42.00881007830841,-72.25668401400179,Lake
"Morgan Pond Reservoir",41.41957348066781,-72.03113596934695,Lake
"Lower Hart Pond",41.61816447779953,-72.80522840606955,Lake
"New Britain Reservoir",41.613986499488725,-72.93572155373313,Lake
"Turkey Hill Reservoir",41.426952079555164,-72.52312182777591,Lake
"Happy Acres Pond",41.86792034070281,-72.21205698067965,Lake
"Hartford Reservoir Number 6",41.80402179629007,-72.78342458422973,Lake
"Pickerel Lake",41.53057117556679,-72.42135127974586,Lake
"Messerschmidt Pond",41.33967498054602,-72.48849982339613,Lake
"Crystal Lake",41.93759739664145,-72.37256237355527,Lake
"Scott Swamp",41.72389943979036,-72.8941380796312,Lake
"Williams Pond",41.638639939985815,-72.31039607479055,Lake
"Fresh Meadows",41.46369511457367,-72.86527744647188,Lake
"Witches Woods Lake",41.953896182781925,-72.06809400299612,Lake
"Beseck Lake",41.514647639902684,-72.73164725885063,Lake
"Stony Brook Reservoir",41.49564918749598,-72.15286882494287,Lake
"Konolds Pond",41.350360229448,-72.98026366476782,Lake
"Wangunk Meadows",41.61657199047061,-72.60742328538632,Lake
"Chamberlain Pond",41.977092968632775,-72.05830534787113,Lake
"Plainville Reservoir",41.649974706952136,-72.83873217875565,Lake
"Lake Wintergreen",41.35628004881324,-72.96766815866545,Lake
"Silver Lake",41.57981029208203,-72.77213469265892,Lake
"Lake Whitney",41.35260926005571,-72.9144896344776,Lake
"Nightingale Pond",41.90345768430937,-72.01268110255008,Lake
"Rosemond Lake",41.431548400187815,-72.02741175254666,Lake
"Cove Meadow",41.47547005339181,-72.47870098034856,Lake
"Cedar Swamp",41.3922545666427,-72.49438469485811,Lake
"Fairy Lake",41.46946523810181,-72.24504902184569,Lake
"Beaver Brook Meadow",41.94394447967683,-72.9928777079103,Lake
"Lake Mc Donough",41.899162410178654,-72.96151348156631,Lake
"Versailles Pond",41.60752873699023,-72.04039733855771,Lake
"Andover Lake",41.71743495764268,-72.35776525483072,Lake
"McDonald Pond",41.54634843020245,-72.28354389995475,Lake
"Red Cedar Lake",41.55382419108071,-72.22825324584691,Lake
"Trading Cove Pond",41.49596925672299,-72.08964081556356,Lake
"Lake Saltonstall",41.2928547220162,-72.8488352008498,Lake
"Hanover Pond",41.52323124370143,-72.83060643654412,Lake
"Lake Dawson",41.37266560769702,-72.97680806967983,Lake
"Willimantic Reservoir",41.74509059638496,-72.19160902907328,Lake
"Moodus Reservoir",41.5055065848277,-72.40467938940625,Lake
"Cedar Lake",41.40141380922414,-72.49933249576644,Lake
"Knowlton Pond",41.84004941820904,-72.1959363622816,Lake
"Papermill Pond",41.621773414937415,-72.04959176568367,Lake
"Eagleville Lake",41.791596034398346,-72.287973973189,Lake
"Bushy Hill Pond",41.355636386398125,-72.46832327179771,Lake
"Cedar Swamp",41.306770126977966,-72.40625574138511,Lake
"Cedar Swamp",41.968569715682726,-72.26236569990533,Lake
"Catden Swamp",41.84537611439569,-72.05017060114369,Lake
"Lake Konomoc",41.416835790321656,-72.18697066303106,Lake
"Pattagansett Lake",41.37222915404114,-72.23125483082902,Lake
"Cedar Swamp Pond",41.64238653068374,-72.9684229982588,Lake
"Bashan Lake",41.49237489858004,-72.41402040348592,Lake
"Bride Lake",41.32737980240391,-72.23826986154143,Lake
"Miller Pond",41.411486893526295,-72.1365682423912,Lake
"McDonald Swamp",41.550363730999564,-72.28758501314988,Lake
"Waterhouse Pond",41.42207310832486,-72.4642051826975,Lake
"Pine Acres Lake",41.783391772646254,-72.08322603489206,Lake
"Mine Swamp",41.32437141947773,-72.45524120021217,Lake
"Hashamomuck Pond",41.083900116533776,-72.4046704801145,Lake
"Hansens Pond",41.807248287368324,-72.18455272766468,Lake
"Daly Swamp",41.71498343062733,-72.42122866499847,Lake
"Gorton Pond",41.34306262707843,-72.21071015645573,Lake
"Pohegnut Reservoir",41.36550597268081,-72.03129021755224,Lake
"Cedar Swamp",41.36508738966538,-72.65046101204379,Lake
"Beaverdam Marsh",41.97839018661374,-72.75951744658157,Lake
"Upper Bolton Lake",41.814805075878326,-72.42589650742921,Lake
"Devils Hopyard Swamp",41.9433277687455,-72.35314951410383,Lake
"Tobaccolot Pond",41.08853265519503,-72.08859978306516,Lake
"Gunning Swamp",41.28414081512314,-72.28957868240954,Lake
"Pistapaug Pond",41.42923532360367,-72.74420855711614,Lake
"Gardner Lake",41.5130377619967,-72.2261259838172,Lake
"Upper Hart Pond",41.609584933715915,-72.8104625010681,Lake
"Columbia Lake",41.71216393735925,-72.3289514665684,Lake
"Cedar Swamp",41.9804886937575,-72.04529748357568,Lake
"Lake Hammonasset",41.37051480436918,-72.61230435008632,Lake
"Ulbrich Reservoir",41.449294029182255,-72.74505531530671,Lake
"Cedar Swamp",41.52073094889615,-72.00245532145276,Lake
"Laurel Brook Reservoir",41.5087982151537,-72.68165838081403,Lake
"Warner Swamp",41.73898829232006,-72.42370858336665,Lake
"Fresh Pond",41.01517624317167,-72.02403403395438,Lake
"Powers Lake",41.39397239526415,-72.24963766824841,Lake
"Hampton Reservoir",41.82613501068725,-72.05888707420729,Lake
"Mono Pond",41.67012200766136,-72.31331718407625,Lake
"West Lake",41.33780684527981,-72.73219910233634,Lake
"Chapman Pond",41.43870994280977,-72.44597991423183,Lake
"Dead Mans Swamp",41.606087276421526,-72.6347557657719,Lake
"Black Pond",41.9698976382861,-72.07011412144811,Lake
"Ledyard Reservoir",41.402081590880094,-72.0357797813673,Lake
"North Farms Reservoir",41.48656120716264,-72.77881502995798,Lake
"Hartford Reservoir Number 2",41.76906894040402,-72.78500631162869,Lake
"Deep River Reservoir",41.54469415666285,-72.2501542718342,Lake
"Savin Lake",41.576279376300946,-72.24936032105961,Lake
"Pattaconk Reservoir",41.41225887608355,-72.52957423690869,Lake
"Dam Pond",41.134317701523635,-72.32851531030667,Lake
"Cedar Swamp",41.83813017733229,-72.27903492739908,Lake
"The Cove",41.26302186434411,-72.68869915564899,Lake
"Lake Chamberlain",41.40016301737908,-72.98817351990304,Lake
"Lake Watrous",41.391416982588694,-72.96591801956141,Lake
"Lake Chaffee",41.93809226141014,-72.19555764333329,Lake
"Scovill Reservoir",41.58701846206039,-72.97896609708238,Lake
"Mount Higby Reservoir",41.54339785939899,-72.72299307711899,Lake
"Pecks Meadow",41.512178609181916,-72.37225654427543,Lake
"Great Pond",41.05902958152035,-72.09307361559219,Lake
"Groton Reservoir",41.36028143957307,-72.03952783566476,Lake
"Poole Pond",41.88118351614958,-72.11590025786478,Lake
"New Naugatuck Reservoir",41.470560477854036,-72.98193128174817,Lake
"Mill Pond",41.3510016125317,-72.42546786345537,Lake
"Brewster Pond",41.62249307721862,-72.29247080709855,Lake
"Bog Meadow Reservoir",41.578470829482036,-72.09467524941662,Lake
"Darrow Pond",41.39427394119608,-72.22829613602246,Lake
"Beaver Head Swamp",41.38218927342076,-72.7389766348356,Lake
"Skungamaug Marsh",41.893143705245365,-72.34341543360881,Lake
"Lake Gaillard",41.35302580290172,-72.77374728586489,Lake
"Quonnipaug Lake",41.388182235410916,-72.69913094181113,Lake
"Great Marsh",41.96875224895073,-72.75810106308731,Lake
"Hitchcock Lake",41.567023666455064,-72.95288113588256,Lake
"Lake Bethany",41.41877554790951,-72.96764131445805,Lake
"Fitchville Pond",41.55984356216075,-72.16074229106376,Lake
"Jobs Pond",41.57218792337247,-72.59309181009239,Lake
"Amston Lake",41.625817499198384,-72.3275472658192,Lake
"Babcock Pond",41.54123134905429,-72.39716557873976,Lake
"Batterson Park Pond",41.71120667271629,-72.78912910134797,Lake
"Babcock Swamp",41.53167405618377,-72.39345731554015,Lake
"Shuttle Meadow Reservoir",41.638226718328255,-72.82928639947013,Lake
"Pocotopaug Lake",41.595282712785945,-72.50024373216132,Lake
"Holbrook Pond",41.67746526440954,-72.3751681959113,Lake
"Wassel Reservoir",41.62520844552945,-72.82511620725498,Lake
"Lake Hayward",41.52147996980126,-72.32983994346816,Lake
"Merrow Swamp",41.69661884423656,-72.41815420399237,Lake
"Woodridge Lake",41.739005229164285,-72.76516612829974,Lake
"Union Pond",41.80212960970368,-72.5240984607195,Lake
"Merimere Reservoir",41.561139907583595,-72.8258407790865,Lake
"Lake Terramuggus",41.63827976223177,-72.46879784073076,Lake
"Great Hill Pond",41.57664817442011,-72.56423207699362,Lake
"Manitook Lake",41.97774644858677,-72.79534616884631,Lake
"Barkhamsted Reservoir",41.97196228885124,-72.95242830304107,Lake
"Nepaug Reservoir",41.811825181746435,-72.94805569342357,Lake
"Alexander Lake",41.857989135515425,-71.90109167654681,Lake
"Anderson Pond",41.50898628574434,-71.8961810180794,Lake
"Richmond Pond",41.5037636368939,-71.11335127370344,Lake
"Edgewood Lake",41.78052429268679,-71.41041441471756,Lake
"James V Turner Reservoir",41.838140281835805,-71.33849278712614,Lake
"Hopeville Pond",41.60330627282404,-71.92959933604085,Lake
"Lawton Valley Reservoir",41.56395416753413,-71.27922211457947,Lake
"Long Pond",41.41004323609563,-71.55334705408896,Lake
"Middle Reservoir",41.855191253918015,-71.8080023033481,Lake
"Arnold Mills Reservoir",41.98480479288421,-71.39542623378091,Lake
"Gorton Pond",41.705103670393086,-71.45886784134616,Lake
"Harold E Watson Reservoir",41.53855827225011,-71.17958734244755,Lake
"Cedar Swamp",41.98101428495982,-71.53323870705611,Lake
"Watchaug Pond",41.38488017876933,-71.69310524116575,Lake
"Saugatucket Pond",41.458983660131715,-71.49353541728732,Lake
"Bear Swamp",41.55323246578897,-71.55356459795297,Lake
"West Thompson Lake",41.95271560264597,-71.90349751175259,Lake
"Douglas Swamp",41.62659723053187,-71.83950222455967,Lake
"Erickson Wildlife Marsh",41.61212921776826,-71.82798429386952,Lake
"Ponaganset Reservoir",41.87822972866399,-71.74485733128564,Lake
"Mary C Donovan Marsh",41.54629874105424,-71.20669429550748,Lake
"Flat River Reservoir",41.693838257811926,-71.61327509949687,Lake
"Hazard Pond",41.62853811170655,-71.7892399115227,Lake
"North Grosvenordale Pond",42.00332858050648,-71.89169036325238,Lake
"Cedar Swamp",41.6935857454746,-71.93432516550112,Lake
"Bailey Pond",41.637034770486665,-71.79051966746118,Lake
"Great Swamp",41.462170825539125,-71.56980050490138,Lake
"Central Pond",41.855775422860404,-71.33904695091918,Lake
"Cockeast Pond",41.51008334421351,-71.10238597100978,Lake
"Pasquiset Pond",41.42568439439592,-71.63096323986042,Lake
"Tippecansett Pond",41.598011552598585,-71.78435419051232,Lake
"Chase Reservoir",41.85170608502335,-71.83505667997707,Lake
"Briggs Marsh",41.47665568529418,-71.16660448004546,Lake
"Mishnock Swamp",41.66489531660277,-71.59161023335308,Lake
"Falls Pond",41.97069613211927,-71.32416341767791,Lake
"Dawley Swamp",41.54800652593362,-71.73243435762019,Lake
"Thompson Meadows",41.958870742146615,-71.85513122455616,Lake
"Tunipus Pond",41.49712146874018,-71.14001068963145,Lake
"Forge Pond",41.807512436368846,-71.04907413577531,Lake
"Cook Pond",41.67701094414487,-71.17286771226648,Lake
"Scituate Reservoir",41.77725088166723,-71.62582966628264,Lake
"Alton Pond",41.44405848897205,-71.71768123927454,Lake
"Boone Lake",41.58299443727803,-71.67386723117178,Lake
"Metcalf Wildlife Marsh",41.558928533685275,-71.61549987853542,Lake
"Quanaduck Cove",41.346871554255664,-71.90694928404692,Lake
"Quinebaug Pond",41.77434665722106,-71.8879306999767,Lake
"Smith and Sayles Reservoir",41.8935494562616,-71.6807870720776,Lake
"Scott Pond",41.89988523168622,-71.40698414041157,Lake
"Olney Pond",41.89130932496642,-71.43202830753101,Lake
"Shingle Island Swamp",41.69357440859621,-71.00913439991307,Lake
"Card Ponds",41.373818699105975,-71.56831093338143,Lake
"Pine Swamp",41.929531117302886,-71.06990082297249,Lake
"Norton Reservoir",41.986402806874466,-71.19889809635494,Lake
"Indian Cedar Swamp",41.42037809203401,-71.67713455337618,Lake
"Lake Albert",41.820107363927775,-71.80753750217737,Lake
"Spring Lake",41.98264180099135,-71.66310480088063,Lake
"Black Swamp",41.59684089439899,-71.47524268325921,Lake
"Squannakonk Swamp",41.85573376025196,-71.21304182742011,Lake
"Lake of Isles",41.48557683182037,-71.94698847476299,Lake
"Indian Lake",41.479502605267804,-71.46821563525731,Lake
"Beach Pond",41.570948281340364,-71.78329594302936,Lake
"Waterman Reservoir",41.87626707412594,-71.58365198658389,Lake
"Stafford Pond",41.640638024366055,-71.15565951664593,Lake
"Avery Pond",41.49289776912221,-71.97887433681755,Lake
"Long Pond",41.44484530412775,-71.94704409216399,Lake
"Roseland Lake",41.95082269748678,-71.95093108471568,Lake
"Stump Pond",41.97615001895049,-71.81794475400288,Lake
"Quidnick Reservoir",41.6790191054515,-71.68052326568517,Lake
"Watuppa Pond",41.705756829219766,-71.10566938624292,Lake
"Nannaquaket Pond",41.60998428380455,-71.19997024708738,Lake
"Green End Pond",41.49897831113076,-71.29026762874854,Lake
"Cedar Swamp",41.9727395700517,-71.5379527290451,Lake
"Deerfield Swamp",41.614923812094325,-71.02450255775385,Lake
"Hundred Acre Pond",41.49953613619901,-71.54201401438034,Lake
"Amos Lake",41.51675722921498,-71.97543162984283,Lake
"Dead Swamp",41.95171434867216,-71.05496347502712,Lake
"Slatersville Reservoirs",41.98340831769518,-71.6010958056819,Lake
"Worden Pond",41.4406976822662,-71.57434662267175,Lake
"Aspinook Pond",41.634071882650154,-71.97606060390771,Lake
"Lake Washington",41.91614237610701,-71.7570742878816,Lake
"Diamond Hill Reservoir",42.00018914273324,-71.3995978367197,Lake
"Saint Marys Pond",41.556963033987074,-71.27020116751196,Lake
"Beach Pond",41.26984898384727,-71.98276965466309,Lake
"Sachem Pond",41.22220999490987,-71.569900115871,Lake
"Trustom Pond",41.37351245179835,-71.58326653666313,Lake
"Pascoag Reservoir",41.937335519648336,-71.71099263398953,Lake
"Warren Reservoir",41.769573866901844,-71.23004000788983,Lake
"Slack Reservoir",41.8610841594835,-71.55343314597114,Lake
"Oak Swamp Reservoir",41.827798318138825,-71.5455418683754,Lake
"Crows Swamp",41.59677705453024,-71.33302515624783,Lake
"Prospect Hill Pond",41.93448231195542,-71.09331182856943,Lake
"Copicut Reservoir",41.714798998460985,-71.03886954939564,Lake
"Ross Management Area Pond",41.77892807707273,-71.79613658435689,Lake
"Casual Swamp",41.84119394195874,-71.001022511833,Lake
"Breakheart Pond",41.59955673953459,-71.70056331629964,Lake
"Sucker Pond",41.93872552732527,-71.66821199533874,Lake
"Simmons Lower Reservoir",41.79299604668874,-71.51323358112244,Lake
"Noquochoke Lake",41.646999763434096,-71.04333519313147,Lake
"Yawgoo Pond",41.51145636914048,-71.57294648671187,Lake
"Wesquage Pond",41.4771380061844,-71.42556461448125,Lake
"Cedar Swamp",41.59118111914211,-71.17647331182988,Lake
"Furnace Pond",41.87379468568705,-70.9978392318365,Lake
"Cedar Swamp",41.63802589523704,-71.67267215806454,Lake
"Barrowsville Pond",41.95144848680385,-71.21271200627032,Lake
"Lake Montauk",41.06281557569085,-71.92595440534053,Lake
"Almy Reservoir",41.81726675726661,-71.52265131531252,Lake
"Secret Lake",41.55441358672841,-71.47803139794655,Lake
"Somerset Reservoir",41.78410860649257,-71.14106686604408,Lake
"Great Grass Pond",41.661457391471636,-71.72296180435299,Lake
"Locke Swamp",41.52448116445912,-71.57359488003326,Lake
"Blue Pond",41.51008005957333,-71.7519323311841,Lake
"Arnold Pond",41.664742106251985,-71.74726701290857,Lake
"Doaneville Pond",41.56603745350233,-71.87484040769904,Lake
"Warwick Pond",41.72295134704815,-71.41325907978911,Lake
"Orrs Pond",41.92870884075642,-71.3327884629511,Lake
"Whitford Pond",41.667899572306986,-71.72400884142846,Lake
"Quicksand Pond",41.50729819802015,-71.13000107623463,Lake
"Assekonk Swamp",41.4328349163381,-71.8956105393199,Lake
"Winnapaug Pond",41.33187378763443,-71.78589805333218,Lake
"Fort Pond",41.03911854008123,-71.95186387433579,Lake
"Paradise Lake",41.75349218817576,-71.97391610024341,Lake
"Wakefield Pond",41.96454809503406,-71.7918073335462,Lake
"Killingly Pond",41.86165193208151,-71.79668596095844,Lake
"Tiogue Lake",41.67527362693472,-71.5491792479731,Lake
"Gardiner Pond",41.493634569642246,-71.25411323413098,Lake
"Stillwater Reservoir",41.90722010714425,-71.54876346322249,Lake
"South Watuppa Pond",41.65825649175338,-71.1257771261992,Lake
"Silver Lake",41.43483244260878,-71.48835616801294,Lake
"Ashland Pond",41.608877039899795,-71.96641524363021,Lake
"Slatersville Reservoirs",41.994555514129274,-71.58838879067164,Lake
"Mashapaug Pond",41.7945651803034,-71.43232912338615,Lake
"Lake Nippenicket",41.97067202575367,-71.04265921353363,Lake
"Wenscott Reservoir",41.87554299365919,-71.46648677909444,Lake
"Colebrook Swamp",41.67662016339264,-71.0182598535981,Lake
"Glasgo Pond",41.56031858482786,-71.88252855683905,Lake
"Lake Mishnock",41.65349131910339,-71.59103408392268,Lake
"Nonquit Pond",41.56275730432143,-71.19502884369382,Lake
"Lake Sabbatia",41.94608918014889,-71.1072458933538,Lake
"Wyassup Lake",41.4893892485594,-71.87167442345178,Lake
"Clayville Pond",41.6220152987191,-71.96949991147437,Lake
"Moswansicut Pond",41.84475371576801,-71.57576600162483,Lake
"Bad Luck Swamp",41.83734429023607,-71.20997986429818,Lake
"Barden Reservoir",41.801654655786415,-71.69013968638154,Lake
"Browning Mill Pond",41.557941627577534,-71.68864836567471,Lake
"Green Fall Pond",41.53249026619701,-71.80931149753988,Lake
"Burlingame Reservoir",41.908973354120604,-71.7454866884917,Lake
"Larkin Pond",41.46985819167479,-71.55726030430822,Lake
"Cedar Swamp",41.644293153237136,-71.83531166567279,Lake
"Chartley Pond",41.945634850116534,-71.23801905101017,Lake
"Bowdish Reservoir",41.92179765070155,-71.76953217570285,Lake
"Beach Pond",41.58042201550635,-71.80052245667336,Lake
"Locustville Pond",41.51547853534059,-71.72013558559829,Lake
"Watson Pond",41.951229694467976,-71.11853313138566,Lake
"Allens Pond",41.516161058955305,-71.00946674107747,Lake
"Wappaquasset Pond",41.92327205533541,-71.98292079135224,Lake
"Almy Pond",41.46136898457116,-71.31224669191057,Lake
"Sisson Pond",41.55165731959512,-71.27686465621971,Lake
"Long Pond",41.46587106285407,-71.17915949018932,Lake
"Georgiaville Pond",41.89684118142982,-71.51436315210276,Lake
"Bell Cedar Swamp",41.44158839844077,-71.83374746931675,Lake
"Moosup Pond",41.735157491427884,-71.8661350476974,Lake
"Woonsocket Reservoir Number Three",41.9434555675618,-71.5016025903482,Lake
"Brickyard Pond",41.73480022305701,-71.32014452173286,Lake
"Hockomock Swamp",41.99936276531487,-71.07471304818306,Lake
"Pine Swamp",41.74527179760676,-71.56004875732484,Lake
"Greenwood Lake",41.99952532337006,-71.27920826526301,Lake
"Big Reed Pond",41.07830007340805,-71.90935943309535,Lake
"Tillinghast Pond",41.64845839586775,-71.75527068753945,Lake
"Carr Pond",41.52325383679176,-71.44945634510655,Lake
"Warren Upper Reservoir",41.8295109824181,-71.21812783860476,Lake
"Great Swamp",41.585351303886085,-71.1521964710258,Lake
"Oyster Pond",41.070776491617,-71.89213974035792,Lake
"Carr Pond",41.635977265804605,-71.55581757329107,Lake
"Great Cedar Swamp",41.661661815226644,-71.71941266058576,Lake
"Pine Swamp",41.82102918968233,-71.56662435817373,Lake
"Wincheck Pond",41.51539736226081,-71.77289132498689,Lake
"Cedar Swamp",41.4756812586311,-71.97133039371268,Lake
"Wallum Lake",42.00670593843454,-71.76832135088388,Lake
"Coventry Reservoir",41.693329996224435,-71.64160469955858,Lake
"Titicut Swamp",41.94633421288842,-71.03185425131271,Lake
"Arrow Swamp",41.525616631688855,-71.5571294690045,Lake
"Billings Lake",41.50836272528699,-71.87543348578917,Lake
"Westconnaug Reservoir",41.76341303171398,-71.6831601417345,Lake
"Hemlock Swamp",41.91696361609593,-71.21652192606783,Lake
"Manwhague Swamp",41.80568337220758,-71.214622535562,Lake
"Winnecunnet Pond",41.972409681884876,-71.13354800698275,Lake
"Nipsachuck Swamp",41.931349541543824,-71.57639257004897,Lake
"Bear Swamp",41.61363165695624,-71.51798952584411,Lake
"Belleville Pond",41.562875624227125,-71.47988350943349,Lake
"Simmons Upper Reservoir",41.800106500242656,-71.5233267032631,Lake
"School House Pond",41.39843524825441,-71.66575039352229,Lake
"Quaddick Reservoir",41.94816938925032,-71.82482576838287,Lake
"Wilson Reservoir",41.96899957651918,-71.72962033594278,Lake
"Manchester Pond",41.94742215979004,-71.31667330092243,Lake
"Yawgoog Pond",41.519917779229296,-71.78734129132273,Lake
"Keech Pond",41.882223348058034,-71.69110203633173,Lake
"Sneech Pond",41.98165553544188,-71.45202118046376,Lake
"Tucker Pond",41.42195934074981,-71.55155547230423,Lake
"Pachaug Pond",41.56821577809097,-71.91183786944507,Lake
"Easton Pond",41.491438671562534,-71.29238898639213,Lake
"Devol Pond",41.60892604781082,-71.12145234972527,Lake
"Chapman Pond",41.38068235748079,-71.79373380154742,Lake
"Genesee Swamp",41.45660744908805,-71.54173096954645,Lake
"Winnapaug Pond",41.330845377562696,-71.77435639458135,Lake
"Curran Lower Reservoir",41.89288184023637,-71.53875158048872,Lake
"Green Hill Pond",41.36969041197496,-71.6153973438244,Lake
"Cedar Swamp",41.753306471010426,-71.03410272419096,Lake
"Maple Swamp",41.865610119402014,-71.18721441882634,Lake
"Pocasset Cedar Swamp",41.6616616147921,-71.17156385886416,Lake
"King Phillips Swamp",41.71861578889534,-71.08524998922552,Lake
"Trapps Pond",41.40334973278033,-70.53066900251275,Lake
"Marks Cove Marshes",41.73845244055215,-70.72992658591271,Lake
"Parkers River Marshes",41.640887591307674,-70.22581711797689,Lake
"Wequaquet Lake",41.670187468905574,-70.33738244241873,Lake
"Oyster Pond",41.54209496755399,-70.63884915759363,Lake
"Sandwich Harbor Marshes",41.75635121333226,-70.47339720427594,Lake
"White Island Pond",41.8101154608971,-70.62230946748072,Lake
"Turner Pond",41.68429727701541,-70.97314512955434,Lake
"Great Herring Pond",41.79879170086211,-70.56439064462137,Lake
"Lawrence Pond",41.698573870447845,-70.44167892238906,Lake
"East Head Pond",41.84261768683472,-70.6855061844371,Lake
"Round O Swamp",41.276797269361126,-70.17073230277148,Lake
"Hummock Pond",41.263124009614074,-70.15228262269684,Lake
"Boat Meadow River Marshes",41.799602009379726,-69.99958235147234,Lake
"Mattapoisett Neck Marshes",41.63600086844833,-70.81965636805484,Lake
"Hathaway Swamp",41.724770515127524,-70.9324969261623,Lake
"Chilmark Pond",41.34734246877637,-70.69812266094225,Lake
"Squam Swamp",41.316438566235796,-70.0001166332471,Lake
"Glen Charlie Pond",41.79199669218145,-70.64808980174914,Lake
"Cedar Swamp",41.68608521441443,-70.8244833135969,Lake
"Maple Swamp",41.782024075012174,-70.7145572896188,Lake
"Duck Harbor",41.948119065227814,-70.05899519824942,Lake
"Silver Spring Brook Marshes",41.878503909205165,-70.00067566592175,Lake
"East Lake",42.00446408326308,-70.83773422068303,Lake
"Assawompset Pond",41.83949730242028,-70.92574977001432,Lake
"Moromoesoy Island",41.573863483202366,-70.50781068394947,Lake
"Long Pond",41.27691109220477,-70.17841853653773,Lake
"Westend Pond",41.46374935045123,-70.79512291082486,Lake
"Broad Marsh",41.74569308785133,-70.67949500364188,Lake
"South Purchase Swamp",41.84577630886966,-70.81512774189022,Lake
"Seine Pond",41.65774865632447,-70.215082592199,Lake
"Mill Pond",41.77329140853864,-70.66671195587192,Lake
"New Bedford Reservoir",41.735088259754896,-70.90227551890301,Lake
"Indian Pond",41.96221077735144,-70.76180597291837,Lake
"Oyster Pond",41.36185434836199,-70.59973473933236,Lake
"Meetinghouse Swamp",41.91487624807595,-70.88812470931163,Lake
"Scargo Lake",41.74297819836195,-70.18228661780343,Lake
"Seymour Pond",41.72375000139641,-70.0927946114811,Lake
"Long Pond",41.57931140516171,-70.61622596380636,Lake
"Herring River Marshes",41.81631611789853,-69.99791462384665,Lake
"Leonards Pond",41.75611894815995,-70.80070309014464,Lake
"Eel Point Marsh",41.29084105761167,-70.20004508482155,Lake
"Robbins Reservoir",42.00052578930929,-70.89305492678277,Lake
"Jobs Neck Pond",41.35655502978716,-70.58405439114969,Lake
"Billington Sea",41.93447040878048,-70.68624514972869,Lake
"Mystic Lake",41.679922649088276,-70.41461417656006,Lake
"George Easton Swamps",41.264416291694985,-70.15529618153292,Lake
"Ashumet Pond",41.632336566698754,-70.53476799046265,Lake
"Great Swamp",41.495444055851706,-70.71218186172898,Lake
"Cliff Pond",41.75699111691184,-70.02480570153347,Lake
"Cedar Swamp",41.789777570252916,-70.84569179742252,Lake
"Crane Brook Bog Pond",41.85378088588552,-70.7316275476518,Lake
"Saquish Neck Marshes",42.006609085806325,-70.61783524061978,Lake
"Halfway Pond",41.85198802457497,-70.61818619627914,Lake
"Little Cedar Swamp",41.94748816386357,-70.85830658099962,Lake
"Tispaquin Pond",41.86385238159841,-70.85676566156178,Lake
"Mill Pond Marshes",41.66019468612966,-70.26885813339855,Lake
"Namskaket Creek Marshes",41.78476080034118,-70.02061111070951,Lake
"Sampson Pond",41.8508478374818,-70.75074861421058,Lake
"Bay View Marshes",41.571511697183375,-70.96265773559938,Lake
"Dunham Pond",41.866987722584305,-70.73258484351938,Lake
"Triangle Pond",41.693227248041055,-70.45623368821566,Lake
"Fawn Pond",41.826672936270626,-70.63592082820239,Lake
"Upper Millpond",41.73086091986809,-70.1181349269729,Lake
"Dennis Pond",41.69580476333144,-70.25261841683835,Lake
"Johns Pond",41.62699031777154,-70.52151788094707,Lake
"Long Pond",41.66946073811782,-70.1977228310206,Lake
"Muddy Pond",41.95647416640591,-70.737822738231,Lake
"Coskata Pond",41.35063125743186,-70.01443765338131,Lake
"Snipatuit Pond",41.774372696937235,-70.86528836875034,Lake
"Pamet River Marshes",41.997050852099996,-70.03554523973688,Lake
"Pocomo Meadow",41.308760225764814,-70.02156379907032,Lake
"Long Pond",41.858125601071315,-70.60325029716044,Lake
"Lovells Pond",41.648487928681966,-70.44155942945773,Lake
"Peters Pond",41.68861178649163,-70.49018838119999,Lake
"Muddy Pond",41.91269308004009,-70.7962011697695,Lake
"Long Pond",41.79692613431807,-70.94422157576987,Lake
"Great South Pond",41.90456707002459,-70.67060661314368,Lake
"Boot Pond",41.89675367815439,-70.66293373728551,Lake
"Big Sandy Pond",41.811251532062656,-70.60349748777888,Lake
"Great Pond",41.940177680896,-70.00032214983605,Lake
"Hinckleys Pond",41.71326575564472,-70.08988917339443,Lake
"Lower Millpond",41.74120964571956,-70.1104570156409,Lake
"Cedar Swamp",41.87926892208333,-70.74231371544484,Lake
"Hobomock Swamp",41.72321230687691,-70.96124926075204,Lake
"Bucks Creek Marshes",41.67612751386145,-69.99956570055406,Lake
"Loagy Bay Marshes",41.90037215620162,-69.99822379835656,Lake
"Eel Pond",41.72931029020791,-70.60497961492119,Lake
"Bloody Pond",41.84991435382673,-70.58297902965653,Lake
"Sheep Pond",41.73704420134166,-70.07109777801311,Lake
"Long Pond",41.654884039414384,-70.3357942761956,Lake
"Little Harbor Marshes",41.73021394348152,-70.67516209679388,Lake
"Little South Pond",41.91508683243272,-70.67500842052698,Lake
"Little Sippewisset Marsh",41.57522570819615,-70.6361011103533,Lake
"Coonamessett Pond",41.61902105867063,-70.56865173139141,Lake
"Plashes Pond",41.670991250946315,-70.22078708538088,Lake
"Apponagansett Swamp",41.664646819922794,-70.97579410357741,Lake
"Great Swamp",41.71619498342814,-70.73046960477835,Lake
"Fresh Meadow Pond",41.91948873883382,-70.74332584204349,Lake
"Dicks Pond",41.76016024071674,-70.65767010664305,Lake
"Shallow Pond",41.67647845028678,-70.32413109281629,Lake
"Snows Pond",41.75705391794176,-70.85296091034498,Lake
"College Pond",41.86795882665266,-70.66318435382765,Lake
"Island Pond",41.81153397363579,-70.57670661356788,Lake
"Mashpee Pond",41.66171718249948,-70.48776345121169,Lake
"The Creeks",41.27600123976408,-70.08872148319107,Lake
"Federal Pond",41.877443939689385,-70.70759882188857,Lake
"North Head Long Pond",41.28698430556901,-70.16951211381551,Lake
"Little Namskaket River Marshes",41.79391401235717,-70.00942134152322,Lake
"James Pond",41.43810087034189,-70.67185611292447,Lake
"Swan Pond",41.679120557443255,-70.13260893310763,Lake
"Sippican Harbor Marshes",41.68928898708653,-70.75513540013293,Lake
"Long Pond",41.66722172855673,-70.4441181528052,Lake
"Edgartown Great Pond",41.363730783189695,-70.5573662748867,Lake
"Haskell Swamp",41.71354032584471,-70.82328589818275,Lake
"Trots Swamp",41.27610446948972,-70.14570978846129,Lake
"Spectacle Pond",41.703052979884106,-70.45929991069761,Lake
"Shubael Pond",41.67184175985647,-70.39334295690537,Lake
"Russell Millpond",41.91650143115589,-70.6347945513957,Lake
"Menemsha Pond",41.33495296910487,-70.77674210997208,Lake
"Gull Pond",41.956093574600516,-70.00743775382787,Lake
"Great Marshes",41.72547931169387,-70.34992400650327,Lake
"Hamblin Pond",41.66773103556051,-70.40969312999012,Lake
"Indian Neck Marshes",41.91255159936045,-70.01597068830462,Lake
"Beaverdam Swamp",41.93012891877247,-70.89990815630034,Lake
"Gallows Pond",41.8630868408544,-70.61395121748016,Lake
"Sconticut Neck Marshes",41.60436465934699,-70.85393055995978,Lake
"Forbes Swamp",41.80283376601184,-70.81041217283178,Lake
"Parker Mills Pond",41.77628908770562,-70.71938642926112,Lake
"Watcha Pond",41.355772770546736,-70.61328051181253,Lake
"Green Pond",41.56058627533119,-70.56831474275398,Lake
"Fresh Pond",41.90439597862663,-70.55610096480252,Lake
"Aucoot Cove Marshes",41.68039191570902,-70.76326615445986,Lake
"Marys Pond",41.75529702811136,-70.79051480110573,Lake
"West Reservoir",41.68601291244473,-70.11953519089616,Lake
"North Pond",41.30801245040279,-70.26774048269493,Lake
"Towsers Swamp",41.716886739958966,-70.83488100584178,Lake
"Great Sippewisset Marsh",41.58717456720799,-70.64010054615723,Lake
"Blackmore Pond",41.75642993590154,-70.75198648995163,Lake
"Little Bear Swamp",41.70086882654495,-70.83082288520858,Lake
"Black Point Pond",41.34774190858363,-70.66974117777707,Lake
"Woods Pond",41.88996573292963,-70.85014033550566,Lake
"Snake Pond",41.68347562387484,-70.5200649499746,Lake
"Tihonet Pond",41.792923812321845,-70.71605207282627,Lake
"Long Pond",41.72415051563085,-70.06182454933099,Lake
"Follins Pond",41.70240634619375,-70.17996048808779,Lake
"Curlew Pond",41.89111484446482,-70.69635595499918,Lake
"Salt Pond",41.542180631140695,-70.62934667473183,Lake
"Little Long Pond",41.869308686235044,-70.61308480237716,Lake
"Quivett Creek Marshes",41.7531574893092,-70.12403498794026,Lake
"Logging Swamp",41.766108322353304,-70.88913149127197,Lake
"Black Flats",41.725352286695106,-70.21849241384182,Lake
"Pocha Pond",41.36418365569262,-70.45507895451183,Lake
"Little Pond",41.55060605449726,-70.58998838613468,Lake
"Halls Island Marshes",41.628998724509955,-70.3165327344873,Lake
"Quicks Hole Pond",41.436228165124035,-70.85626882969726,Lake
"Flag Swamp",41.682413783275614,-70.99226262723793,Lake
"Flax Pond",41.766745663402766,-70.02640632240632,Lake
"Little Pond",41.941930190936844,-70.68509906699825,Lake
"Horseshoe Pond",41.76495942817711,-70.75126677630787,Lake
"Cape Poge Bay Marshes",41.3820284714581,-70.4647965581289,Lake
"Salt Marsh",41.755385857461086,-70.72555164175053,Lake
"Elders Pond",41.84673174341276,-70.96510525582259,Lake
"Eel Pond",41.566017751291454,-70.53947889893318,Lake
"Grass Pond Bog",41.676258642399986,-70.07539984846329,Lake
"Squibnocket Pond",41.31767060280033,-70.78225128925506,Lake
"Spectacle Pond",41.76932251447351,-70.66486527248554,Lake
"Santuit Pond",41.65394203804756,-70.45860048489588,Lake
"Little Quittacas Pond",41.79167496682201,-70.91621041215075,Lake
"Sesuit Creek Marshes",41.74665322460351,-70.1577821627762,Lake
"Island Pond",41.88453324109955,-70.57274045746853,Lake
"Little Herring Pond",41.82623609416796,-70.57586680051777,Lake
"Wenham Pond",41.91663821280561,-70.76352774089908,Lake
"Jenkins Pond",41.595831760542104,-70.58632749356555,Lake
"Bournes Pond",41.55902930758765,-70.55516028849385,Lake
"Lake Tashmoo",41.46104124753635,-70.62860494140062,Lake
"Mill Pond",41.70424719898007,-70.203439708216,Lake
"Tisbury Great Pond",41.364553116941345,-70.654572003788,Lake
"Maxim Corner Pond",41.869539272872316,-70.82270382594588,Lake
"Wakeby Pond",41.67338110686671,-70.4858830832523,Lake
"Great Quittacas Pond",41.7976042297279,-70.89723808682729,Lake
"Bearse Pond",41.67588170859977,-70.33278292428191,Lake
"Middle Pond",41.67372141018484,-70.4124090068711,Lake
"Walkers Pond",41.72306707307939,-70.12710562766956,Lake
"Nashaquitsa Pond",41.32820931422262,-70.76565954658324,Lake
"Peterson Swamp",42.00002528924177,-70.81942490369859,Lake
"Assawompset Pond",41.82868545978092,-70.89281604723139,Lake
"Turkey Swamp",41.98442541524325,-70.81976332528549,Lake
"Bolton Cedar Swamp",41.756423032396974,-70.95637496642402,Lake
"Owl Swamp",41.84990358745088,-70.9027169129059,Lake
"Bolton Cedar Swamp",41.743728554093764,-70.95303161563861,Lake
"Cedar Swamp",41.93861710069686,-70.7593949127997,Lake
"Winebrook Bogs",41.99766579424366,-70.85668488313294,Lake
"Oyster Pond",41.67908456440887,-69.97373451262322,Lake
"Rock Harbor Creek Marshes",41.80658902191357,-69.9909628393806,Lake
"Strong Island Marshes",41.71867392487421,-69.95703833459152,Lake
"Great Pond",41.8336805122174,-69.99019419447335,Lake
"Blackfish Creek Marshes",41.91052233394109,-69.99187271427766,Lake
"Tom Nevers Swamp",41.2553541853335,-69.9867147678711,Lake
"Sesachacha Pond",41.29595470734077,-69.98155530160713,Lake
"Nauset Marsh",41.83056161121627,-69.95296950705416,Lake
"Sampson Island Marshes",41.7529449824745,-69.94768790653154,Lake
"Herring Pond",41.825088788739464,-69.98558583403678,Lake
"Nauset Bay Marshes",41.81989255253943,-69.95279695453448,Lake
"Lake Pleasant",42.00415667052187,-79.89811712836236,Lake
"Cassadaga Lakes",42.34981053700188,-79.32293718409568,Lake
"Howard Eaton Reservoir",42.15443142637438,-79.77832598233287,Lake
"Chautauqua Lake",42.16928222208069,-79.40626664875484,Lake
"Findley Lake",42.1052432989903,-79.72601404572168,Lake
"Fredonia Reservoir",42.393033470960134,-79.31127285176757,Lake
"Silver Creek Reservoir",42.46761000714199,-79.09350848065215,Lake
"Bear Lake",42.34576514118096,-79.3814371164734,Lake
"Dry Lake",42.938074024420764,-79.93956782102443,Lake
"Rushford Lake",42.37725929340095,-78.20067961844615,Lake
"Lime Lake",42.42726849171063,-78.47990181128321,Lake
"Silver Lake",42.69954520776867,-78.03323967371466,Lake
"Akron Reservoir",42.86634969833278,-78.35717197450097,Lake
"Attica Reservoir",42.78624075116865,-78.2255538514713,Lake
"Crystal Lake",42.46446277705608,-78.34326300637582,Lake
"Faun Lake",42.644826343716495,-78.28697125727089,Lake
"Red House Lake",42.102598647292595,-78.74322538705549,Lake
"Lake Le Roy",42.79434312355918,-78.00031502436227,Lake
"Cuba Lake",42.25163185507211,-78.2979907597881,Lake
"Honeoye Lake",42.751156385132056,-77.5109681291896,Lake
"Loon Lake",42.49263697006253,-77.56731855039976,Lake
"Lamoka Lake",42.40127190242814,-77.07726226757518,Lake
"LeRoy Reservoir",42.890331362355006,-77.97500160377422,Lake
"Waneta Lake",42.44429463008844,-77.10191103011184,Lake
"Lake Salubria",42.32939163497054,-77.29284228334693,Lake
"Smith Pond",42.388761549775495,-77.4744135553735,Lake
"Canadice Lake",42.71494598888364,-77.56932690970288,Lake
"Canandaigua Lake",42.78793886410145,-77.30143462056347,Lake
"Keuka Lake",42.5407499531556,-77.12522703896863,Lake
"Newark Reservoir",42.931296927268846,-77.09207963813398,Lake
"Hemlock Lake",42.718910716674685,-77.60744528867481,Lake
"Conesus Lake",42.78695227295264,-77.71231833134361,Lake
"Mill Pond",42.37483258703923,-77.09712746957187,Lake
"Almond Lake",42.34619621387734,-77.71335100275749,Lake
"Crooked Lake",42.78833519333709,-76.14984662485253,Lake
"Seneca Lake",42.62751818133531,-76.91393320642341,Lake
"Mud Pond",43.00064036243028,-76.28560562757325,Lake
"Otisco Lake",42.871361334841936,-76.2873667932941,Lake
"Ithaca Reservoir",42.41407709127184,-76.459368313588,Lake
"Goodale Lake",42.70802333082337,-76.14628133221602,Lake
"Dryden Lake",42.46160167052857,-76.27219358170898,Lake
"Van Cleef Lake",42.912751666757615,-76.79146307624904,Lake
"Cayuta Lake",42.36728817750714,-76.73641951606882,Lake
"Spencer Lake",42.24697731868045,-76.49876707651048,Lake
"Song Lake",42.76966566112571,-76.14708041932174,Lake
"Burnett Pond",42.963268959387975,-76.96415765979954,Lake
"Skaneateles Lake",42.86089035428756,-76.36319314315396,Lake
"Green Lake",42.79393102808644,-76.12858668595483,Lake
"Cayuga Lake",42.701684259872735,-76.66514423329212,Lake
"Black Lake",42.97144949483405,-76.75064364634733,Lake
"Jamesville Reservoir",42.97394071587642,-76.06869743010193,Lake
"Owasco Lake",42.82603061559574,-76.5051674402669,Lake
"Lake Como",42.67755244662804,-76.30237120488015,Lake
"Upper Little York Lake",42.70235339934174,-76.15643785922428,Lake
"Beaver Pond",42.4140014045108,-76.12128228651687,Lake
"Hunt Pond",42.592586079408356,-75.37203217557766,Lake
"North Pond",42.43867249816712,-75.5027703244315,Lake
"Lake Ludlow",42.4641694475805,-75.70728895923415,Lake
"Oquaga Lake",42.02230497039578,-75.45791345904601,Lake
"Ninemile Swamp",42.849355145137764,-75.420752787603,Lake
"Ellis Lake",42.470385338833665,-75.87484692020278,Lake
"Brackett Lake",42.35185173761672,-75.55869907304557,Lake
"Genegantslet Lake",42.51655446953155,-75.77449544094242,Lake
"Long Pond",42.41885498545227,-75.84317489872042,Lake
"Solon Pond",42.61827756201995,-75.92364262003662,Lake
"Bear Swamp",42.27817289386872,-75.85538368127364,Lake
"Eaton Reservoir",42.86181672820276,-75.69815910770544,Lake
"Canadarago Lake",42.817522450148886,-75.00651329973859,Lake
"Guilford Lake",42.41276292179645,-75.49872088273659,Lake
"Lebanon Reservoir",42.802256155645566,-75.60864288748282,Lake
"Bradley Brook Reservoir",42.83332828693374,-75.66030526316382,Lake
"Morrisville Swamp",42.92844958738945,-75.66587038285118,Lake
"Chenango Lake",42.582619711176264,-75.44088552325843,Lake
"Woodman Pond",42.85121409765078,-75.56907133728137,Lake
"Steer Pond",42.52600359864359,-75.66636289089273,Lake
"Stump Pond",42.46059261223952,-75.88737614029577,Lake
"Poolville Pond",42.77700396305311,-75.49581375912067,Lake
"Leland Pond",42.874136916888105,-75.57381514429768,Lake
"Tamarack Swamp",42.4906324570185,-75.6178232170906,Lake
"Arnold Lake",42.61091382279929,-75.00448105230606,Lake
"Wilber Lake",42.51791424666782,-75.0531251748662,Lake
"Loomis Swamp",42.42504565910708,-75.76076742761126,Lake
"Echo Lake",42.386018095235606,-75.85068343618688,Lake
"Lake Moraine",42.8531508305205,-75.51965644600612,Lake
"Tuscarora Lake",42.867442120186894,-75.75556704937428,Lake
"Cannonsville Reservoir",42.10398658736386,-75.27026323086847,Lake
"East Sidney Lake",42.327206428507125,-75.21259546331301,Lake
"DeRuyter Reservoir",42.81188417339619,-75.89218496208055,Lake
"Cazenovia Lake",42.94923405465052,-75.87130371233641,Lake
"Cincinnatus Lake",42.42767645832107,-75.86590860105726,Lake
"Plymouth Reservoir",42.58785095284225,-75.65215126567676,Lake
"Hatch Lake",42.834706823391244,-75.67742734189744,Lake
"Buck Horn Lake",42.35250146229672,-75.29254411348033,Lake
"Warners Lake",42.62496217534605,-74.07845291669568,Lake
"Myosotis Lake",42.52055773261081,-74.15019493516327,Lake
"Titus Lake",42.50208528994112,-74.7133384595588,Lake
"Bear Gulch Pond",42.592570683072225,-74.59434702231107,Lake
"Basic Creek Reservoir",42.48311340595708,-74.01764346886918,Lake
"The Vlaie",42.53068152384751,-74.30407795637508,Lake
"Pepacton Reservoir",42.09880240321393,-74.82472751481141,Lake
"Weaver Lake",42.85224905375647,-74.93053999986819,Lake
"Allen Lake",42.82939780126177,-74.95175835698427,Lake
"Alder Lake",42.04970107115517,-74.67540545404458,Lake
"Crystal Lake",42.521035626458854,-74.20667121299253,Lake
"Onderdonk Lake",42.54477263914184,-74.08468183148713,Lake
"Thompsons Lake",42.64996163507294,-74.04276675851446,Lake
"Yankeetown Pond",42.0203371241773,-74.17872635426777,Lake
"Upper Blenheim Gilboa Reservoir",42.4459200722182,-74.42348686782061,Lake
"Crumhorn Lake",42.55786916804785,-74.9214905345637,Lake
"Duane Lake",42.74932284777926,-74.11252876998363,Lake
"Bear Swamp Pond",42.68898161110411,-74.67902552358481,Lake
"Goodyear Lake",42.50925598213551,-74.98192550653502,Lake
"Otsego Lake",42.761654783955095,-74.89942542328686,Lake
"Cooper Lake",42.061419318972895,-74.17912113150278,Lake
"Summit Lake",42.5831355396874,-74.58166815943576,Lake
"Big Pond",42.046704421779246,-74.72419673375555,Lake
"Blenheim Gilboa Reservoir",42.440077569670414,-74.45372963984019,Lake
"Summit Lake",42.860704812516744,-74.84897118349086,Lake
"Lake Delaware",42.235096916003336,-74.82604343593606,Lake
"Fly Pond",42.59337362537612,-74.60770286131802,Lake
"Young Lake",42.84395855632341,-74.92134178375491,Lake
"Schoharie Reservoir",42.353970116083836,-74.44134945646093,Lake
"Mariaville Lake",42.826754786450415,-74.13062690170837,Lake
"Cleveland Brook Reservoir",42.46555739864889,-73.11008059481502,Lake
"Bell Pond",42.174944653068614,-73.75410677208885,Lake
"Tackawasick Lake",42.53143230211754,-73.52252648384028,Lake
"Stockbridge Bowl",42.330596496567345,-73.32153844026917,Lake
"Rudd Pond",42.29654690781083,-73.08132051291544,Lake
"Burden Lake",42.60151088179951,-73.56451335455587,Lake
"Round Pond",42.249681225343295,-73.3906463643022,Lake
"Hayes Pond",42.208686807243225,-73.14673954289131,Lake
"Clam Lake Reservoir",42.14331782375438,-73.10995891648766,Lake
"Chrysler Pond",42.10101535250187,-73.6060936853335,Lake
"Wood Creek Pond",42.02668178623493,-73.19261646600394,Lake
"Crystal Lake",42.63973520739639,-73.55531044882764,Lake
"Copake Lake",42.14461657632761,-73.59679871514132,Lake
"Twining Pond",42.10072787200311,-73.05323342125567,Lake
"Lake Taghkanic",42.08853019133113,-73.70675867169564,Lake
"Mill Pond",42.1282417067319,-73.37530690944426,Lake
"Windsor Reservoir",42.4870040335367,-73.10611009745287,Lake
"Benton Pond",42.183564036769205,-73.04708428522645,Lake
"Windemere Lake Reservoir",42.07860241649426,-73.19217938643034,Lake
"Wager Pond",42.72570867360365,-73.48879757454868,Lake
"Palmer Brook Reservoir",42.287482470661324,-73.10789170453855,Lake
"Lower Rhoda Pond",42.07951448818716,-73.59465093228457,Lake
"Washining Lake",42.03050588527241,-73.38215777269681,Lake
"Hollister Lake",42.3080834888319,-73.88401043952516,Lake
"Thousand Acre Swamp",42.073685124694315,-73.1985863921119,Lake
"Wolf Swamp",42.066883658851424,-73.18378033648722,Lake
"Laurel Lake",42.32617179356672,-73.26828393553996,Lake
"Lake Buel",42.170697928317516,-73.2761096341915,Lake
"Abbey Lake",42.13810827976409,-73.15203086006353,Lake
"Broncks Lake",42.348000750348696,-73.87058244520574,Lake
"Shaver Pond",42.77986803799579,-73.45708763791819,Lake
"Upper Spectacle Pond",42.18159293189386,-73.11783574117712,Lake
"Greenwater Pond",42.285803906537176,-73.15081053669529,Lake
"Thousand Acre Swamp Reservoir",42.06938969256161,-73.2062102734731,Lake
"Shaw Pond",42.25441498518745,-73.12574249173021,Lake
"Lake Averic",42.316493407968316,-73.34225873933102,Lake
"Prospect Lake",42.19427429290718,-73.45217829643448,Lake
"Noyes Pond",42.10470121011268,-73.0280250334259,Lake
"Bog Pond",42.64146505890985,-73.03750425321577,Lake
"Yokum Pond",42.303016204216114,-73.12383183071238,Lake
"Farnham Reservoir",42.38974249723743,-73.2044516644334,Lake
"Threemile Pond",42.13970521206569,-73.30946686144875,Lake
"Benedict Pond",42.03222040049118,-73.16106756902045,Lake
"Plantain Pond",42.070668680639365,-73.4441302371362,Lake
"Lower Spectacle Pond",42.169195331606055,-73.11859841112117,Lake
"Ashley Lake",42.3824545984943,-73.16283348447031,Lake
"Washinee Lake",42.02421535592405,-73.40204048094664,Lake
"White Lily Pond",42.22596998115237,-73.03954651675258,Lake
"Beaver Dam Lake",42.39092691754748,-73.89484085412741,Lake
"Queechy Lake",42.40564106778799,-73.4161544954188,Lake
"Lake Triangle",42.024877461218324,-73.10647446368901,Lake
"Dunham Reservoir",42.75536219135455,-73.47742856359963,Lake
"Kinderhook Lake",42.45147388782303,-73.65531037819699,Lake
"Robinson Pond",42.119124839598456,-73.55499681513572,Lake
"Goose Pond",42.28150189985122,-73.19491024785283,Lake
"Plunkett Reservoir",42.42568550578867,-73.1278136350358,Lake
"Otis Reservoir",42.14797181878453,-73.04090306505239,Lake
"Buckley Dunton Lake",42.31252216388777,-73.13661493008372,Lake
"Hartland Pond",42.01862036247998,-73.00921187296578,Lake
"Glass Lake",42.62109876916267,-73.52956977685776,Lake
"Alcove Reservoir",42.484021655173926,-73.95123007469356,Lake
"Troy Reservoir",42.76477539041264,-73.63492399588777,Lake
"West Lake",42.13189867503897,-73.16339356003851,Lake
"Riga Lake",42.022113175021936,-73.48339159460546,Lake
"South Pond",42.01201020145688,-73.48356849722232,Lake
"Geisler Swamp",42.20037129375619,-73.1312851629482,Lake
"Round Lake",42.93832574092591,-73.78128617272726,Lake
"Tomhannock Reservoir",42.84569677094444,-73.54973438303448,Lake
"Lake Garfield",42.182953233071906,-73.19765809092277,Lake
"Lawson Lake",42.539181350042526,-73.95956416446299,Lake
"Long Pond",42.230832128038,-73.39002126304796,Lake
"Richmond Pond",42.41462949905369,-73.32483653290286,Lake
"Fisher Pond",42.03507894510335,-73.42449477542763,Lake
"Forest Pond",42.19015263981019,-73.62938286683722,Lake
"Marsh Pond",42.172313307958184,-73.44874053009737,Lake
"East Indies Pond",42.06319937492955,-73.19233489833117,Lake
"Upper Reservoir",42.33003845777322,-73.21362621517316,Lake
"Nassau Lake",42.53747011547207,-73.60357249873174,Lake
"Sandwash Reservoir",42.36875028791936,-73.16662177103149,Lake
"Greens Lake",42.28724376679817,-73.88240377737343,Lake
"The Marsh",42.362887349321774,-73.29964042030534,Lake
"Cranberry Pond",42.064480663813846,-73.00506438008998,Lake
"Big Pond",42.1901890689517,-73.03981547521992,Lake
"Long Pond",42.7886470540545,-73.44233178484352,Lake
"Lake Hancock",42.82460651242442,-73.12874661942789,Lake
"Potuck Reservoir",42.332356353322055,-73.9197596822077,Lake
"Ashmere Lake",42.44045968046743,-73.08114229270447,Lake
"Tyne Swamp",42.28914141108923,-73.12668842874076,Lake
"Knickerbocker Lake",42.4608171567507,-73.68706182198822,Lake
"Woods Pond",42.35586210199408,-73.24042490932526,Lake
"Trout Pond",42.1016391405922,-73.00138881725553,Lake
"Center Pond",42.29789835258382,-73.06793382682292,Lake
"Crooked Lake",42.61038758666378,-73.52964978992672,Lake
"Onota Lake",42.47127657386694,-73.28173665226139,Lake
"Ballston Lake",42.93915702846007,-73.85861073705674,Lake
"Saratoga Lake",43.01754288571957,-73.74156045158765,Lake
"Mauserts Pond",42.7374564587181,-73.0788993978585,Lake
"Snyders Lake",42.66306824051162,-73.63447952296472,Lake
"Holleran Swamp",42.03731606666028,-73.19548795889975,Lake
"Pontoosuc Lake",42.498751742821995,-73.2496761546641,Lake
"Long Pond",42.202229271243596,-73.00806351107586,Lake
"Upper Rhoda Pond",42.094698751603964,-73.58914678601164,Lake
"Mount Williams Reservoir",42.68485527324561,-73.15395377439987,Lake
"Cheshire Reservoir",42.54837974599758,-73.17493129307317,Lake
"Cheshire Reservoir",42.53041219912819,-73.19239716816848,Lake
"Sleepy Hollow Lake",42.29501780449292,-73.80724007197708,Lake
"Colebrook River Lake",42.03213557244119,-73.04788658829894,Lake
"Doolittle Lake",42.01811077046473,-73.16053032349205,Lake
"Collins Lake",42.82608136420619,-73.95327265910106,Lake
"Colonie Reservoir",42.81840001683356,-73.81172725098337,Lake
"Miller Swamp",42.16513810969566,-73.01722354910922,Lake
"Cedar Pond",42.120220318090524,-72.08885781029487,Lake
"Lake Skatutakee",42.94159578095249,-72.06142114423551,Lake
"Mountain Brook Reservoir",42.80295712098643,-72.04104509449698,Lake
"Allen Swamp",42.20822650726589,-72.06061001720722,Lake
"Borden Brook Reservoir",42.12886542497449,-72.94582787475059,Lake
"Brooks Pond",42.30281871737711,-72.0413762962217,Lake
"Cohasse Brook Reservoir",42.039815090996285,-72.05427200578264,Lake
"Howe Pond",42.78414679519204,-72.98621815562224,Lake
"Pelham Lake",42.699381766488976,-72.88849131681626,Lake
"Ware River Reservoir",42.264129504415145,-72.22943769441336,Lake
"Queen Lake",42.534596339158966,-72.11534037459917,Lake
"Pool Pond",42.77230869252814,-72.03823593381233,Lake
"Sportsman Pond",42.727963635466246,-72.17177820967423,Lake
"Wilson Pond",42.90172669173709,-72.26154105471619,Lake
"Forest Lake",42.7922769869054,-72.36631928790345,Lake
"South Athol Pond",42.536564356173805,-72.25759350216515,Lake
"Sherman Pond",42.135080269842085,-72.1939746955518,Lake
"Spoonwood Pond",42.98968153447203,-72.07459848361336,Lake
"Chesham Pond",42.93926840450518,-72.13428103606643,Lake
"Goose Pond",42.971658990414504,-72.2902693893488,Lake
"Swanzey Lake",42.84390988577348,-72.30334234195661,Lake
"Quaboag Pond",42.19374270576662,-72.06687597005012,Lake
"Harvard Pond",42.50494693581306,-72.20957793205476,Lake
"Cobble Mountain Reservoir",42.13983893653837,-72.91810491861416,Lake
"Sherman Reservoir",42.743973456110865,-72.92550535837618,Lake
"Hemingway Swamp",42.39737197747209,-72.19117590514475,Lake
"Forest Lake",42.20706777233566,-72.30784775958365,Lake
"Meetinghouse Pond",42.88600203895432,-72.18202585829411,Lake
"Somerset Reservoir",43.009873212394005,-72.94667791923452,Lake
"Upper Reservoir Bear Swamp",42.68231033752164,-72.95937485134645,Lake
"Lake Mattawa",42.56694154736595,-72.32230318132056,Lake
"Spofford Lake",42.911461934298124,-72.44158246583743,Lake
"Hamilton Reservoir",42.05924002187841,-72.15528521743548,Lake
"Blair Pond",42.17742229280992,-72.97731113613476,Lake
"Whiting Street Reservoir",42.23737059587077,-72.6387016742969,Lake
"Tully Pond",42.636681549724095,-72.24207335467804,Lake
"Coolidge Swamp",42.58197022276864,-72.3441899461598,Lake
"Lake Lashaway",42.23823929601903,-72.0445643219728,Lake
"Harriman Reservoir",42.83127769762026,-72.8954876099333,Lake
"Holland Pond",42.080106249771504,-72.1633860212394,Lake
"Tully Lake",42.64524254213844,-72.2153530534849,Lake
"Number Four Reservoir",42.04715655052013,-72.07759858933053,Lake
"Thorndike Pond",42.85667839731439,-72.05497904236678,Lake
"Robbins Pond",42.717261869088915,-72.0535482926109,Lake
"Leverett Pond",42.457668350792375,-72.50588220745973,Lake
"Metacomet Lake",42.30553809623077,-72.43111291835221,Lake
"McLean Reservoir",42.17868666166983,-72.67008327017638,Lake
"Cooley Lake",42.055687038051126,-72.85077345620725,Lake
"Alum Pond",42.14221737716707,-72.11978548101483,Lake
"Prindle Lake",42.11250456160067,-71.99734548783012,Lake
"Mud Pond",42.8922122720732,-72.0183861741712,Lake
"Lake Warner",42.3914371495119,-72.57107909176734,Lake
"Beaver Lake",42.26246506919832,-72.30502862792181,Lake
"Sadawga Lake",42.78062548720893,-72.87803916981788,Lake
"Little Alum Pond",42.13062106518642,-72.15159267257005,Lake
"Westfield Reservoir",42.19298542179534,-72.81026690035148,Lake
"Lake Denison",42.644420251146514,-72.0878281658837,Lake
"Middle Pond",42.02909041832715,-72.7600294615462,Lake
"Grassy Pond",42.77232682341327,-71.99976557793157,Lake
"Whites Mill Pond",42.695347541949175,-72.00532274717818,Lake
"Chicopee River Reservoir",42.180782851597534,-72.40283385190386,Lake
"Upper Highland Lake",42.46119194679842,-72.79825488631762,Lake
"Perley Brook Reservoir",42.594037911228014,-72.00295577400509,Lake
"Williamsville Pond",42.488361321044785,-72.08144292599745,Lake
"McLeod Pond",42.65179701295901,-72.74843169860617,Lake
"Morgans Pond",42.14689161846173,-72.17810517862952,Lake
"Single Swamp",42.12089086238069,-72.1436256903289,Lake
"Damon Pond",42.41763080196661,-72.83415243980906,Lake
"Lake Pleasant",42.560313265039696,-72.51259507821376,Lake
"Pine Island Lake",42.339230156745536,-72.77384299779696,Lake
"Ashley Pond",42.17177997027665,-72.66400083205473,Lake
"Tighe Carmody Reservoir",42.229118130081055,-72.78294334708919,Lake
"Great Swamp",42.20630156179115,-72.09273258262017,Lake
"Horse Pond",42.29414690304225,-72.07076615579693,Lake
"Frost Pond",42.86259389541846,-72.02266522380967,Lake
"Moore Pond",42.01027558342863,-72.20288141608069,Lake
"Contoocook Lake",42.786918321476264,-72.02023543076913,Lake
"Woodward Pond",42.959153365643786,-72.17644969198176,Lake
"White Pond",42.550591744523174,-72.2577392568046,Lake
"Higgins Swamp",42.4250740543804,-72.15048902081959,Lake
"Dark Swamp",42.00898162020841,-72.0544685816002,Lake
"Quacumquasit Pond",42.17016524152086,-72.0733947468936,Lake
"Dean Pond",42.346548013691496,-72.0273217742635,Lake
"Riceville Pond",42.52838804801104,-72.21569130170188,Lake
"Halfmoon Pond",42.93557432027072,-71.99791529825643,Lake
"Packard Pond",42.634128783915976,-72.23360586454803,Lake
"Reservoir Number Two",42.56847645754981,-72.17989330521658,Lake
"Conant Brook Reservoir",42.0735391323745,-72.2847481229296,Lake
"Hardwick Pond",42.31625196875842,-72.23787318714547,Lake
"Dead Swamp",42.38001871073113,-72.79638618202928,Lake
"Hulberts Pond",42.290744699210364,-72.63521085591246,Lake
"Brigham Pond",42.47302421024483,-71.9986576167718,Lake
"Cedar Swamp",42.059634006762124,-72.29943640066264,Lake
"Breakneck Pond",42.020018974536676,-72.11026696772211,Lake
"Silver Lake",42.9598110156545,-72.1409175283603,Lake
"Otter Brook Lake",42.95540240761258,-72.23561123739076,Lake
"Pequot Pond",42.18463965923255,-72.69591741388646,Lake
"Atkins Reservoir",42.422932160670946,-72.48385192057529,Lake
"Sportsmans Pond",42.609050057420866,-72.23156300325155,Lake
"Lake Ellis",42.575658511802295,-72.20602572961917,Lake
"East Brimfield Lake",42.10818711045929,-72.13696002963925,Lake
"Mashapaug Pond",42.01654040689597,-72.13145053385486,Lake
"Bowker Pond",42.796446101763316,-72.15927303892275,Lake
"Pisgah Reservoir",42.8194790241023,-72.44943795572524,Lake
"Lake Wyola Reservoir",42.50228712377534,-72.42945960915851,Lake
"Houghton Swamp",42.41659919504879,-72.13370580172422,Lake
"Lake George",42.05769429901426,-72.22251858215971,Lake
"Rattlesnake Swamp",42.01561096702734,-72.70021231705017,Lake
"Nubanusit Brook Reservoir",42.95358462641963,-72.09865158110651,Lake
"Long Pond",42.67264339907309,-72.21006890488272,Lake
"Norwich Pond",42.30607157080902,-72.83259110581191,Lake
"Gilmore Pond",42.81011248566245,-72.05659576876592,Lake
"Cass Pond",42.74559898700995,-72.26470657654873,Lake
"State Line Pond",42.02314885473993,-72.31599769627897,Lake
"Rockwood Pond",42.7938195259195,-72.17927507210015,Lake
"North Spectacle Pond",42.52108871465389,-72.26944775809683,Lake
"Long Pond",42.123431228694535,-72.13050664017814,Lake
"Cedar Swamp",42.13011931761517,-72.44196177516856,Lake
"Nubanusit Lake",42.98701034575085,-72.06205813151792,Lake
"Springfield Reservoir",42.21063148693757,-72.42439433131888,Lake
"Cranberry Meadow Pond",42.183993756130555,-72.00347451968835,Lake
"Leadmine Pond",42.06393357107776,-72.12538611840057,Lake
"Chicopee River Reservoir",42.160284448704864,-72.56824993295054,Lake
"Pottapaug Pond",42.41233224849384,-72.22480648107731,Lake
"Morse Pond",42.032059068005395,-72.01421950136198,Lake
"Cummings Meadow Reservoir",42.82728277713399,-72.09694274136734,Lake
"Dublin Pond",42.905663769506305,-72.08200498694508,Lake
"Forge Pond",42.27110810975143,-72.46612910824213,Lake
"Quabbin Reservoir",42.40194683271954,-72.31374407106459,Lake
"Littleville Lake",42.282623362954276,-72.89034460830631,Lake
"Granville Reservoir",42.09174746174088,-72.85159735504611,Lake
"Sunset Lake",42.91888533320209,-72.68406356257434,Lake
"Northampton Reservoir Upper",42.448115109661515,-72.687836215517,Lake
"Lily Pond",42.73699514525834,-72.50936746452192,Lake
"South Pond",42.84434191943394,-72.71326436104583,Lake
"Lake Monomonac",42.7150211458219,-72.00002176699616,Lake
"Stoddard Pond",42.63427316455999,-72.05946383526546,Lake
"North Pond",42.0450930155441,-72.7538710429567,Lake
"Stone Pond",42.89772136785852,-72.15388989453426,Lake
"Plainfield Pond",42.54361061081346,-72.95701277485693,Lake
"Laurel Lake",42.62189341081364,-72.37128851998673,Lake
"Lake Raponda",42.87544792754287,-72.8193300740549,Lake
"Surry Mountain Lake",43.00776277694075,-72.3129679986177,Lake
"Childs Bog",42.95748366392,-72.1234460572289,Lake
"Sip Pond",42.73300951953856,-72.10272110586995,Lake
"Wickaboag Pond",42.24676381752822,-72.15661959884447,Lake
"Congamond Lakes South Pond",42.0135903133614,-72.76400517227442,Lake
"Pearly Lake",42.776535990244305,-72.06413562839765,Lake
"Mountain Street Reservoir",42.405489535905986,-72.66900802643958,Lake
"Carter Pond",42.435766655540384,-72.18364428868679,Lake
"Hunts Pond",42.98344384545304,-72.03240496805621,Lake
"Northfield Mountain Reservoir",42.61473229316332,-72.4427286607658,Lake
"Laurel Lake",42.738617185592915,-72.1523254713739,Lake
"Lower Reservoir Bear Swamp",42.68898092145098,-72.96453279041799,Lake
"Walker Pond",42.13803140548539,-72.060527675376,Lake
"Watershops Pond",42.10521043452745,-72.54204542597284,Lake
"Scott Pond",42.79212630974832,-72.1127424282563,Lake
"Montague Power Canal Reservoir",42.600562078431786,-72.56706118189851,Lake
"Lower Highland Lake",42.44867445160382,-72.7976410122715,Lake
"Damon Upper Reservoir",42.73652463883911,-72.07936077354253,Lake
"Skatutakee Lake",42.938273111839095,-72.07578499773442,Lake
"Blackington Swamp",42.533332213869244,-72.28915588183709,Lake
"Blood Swamp",42.40263110539291,-72.02340977002935,Lake
"Otter Lake",42.95976304893994,-71.89856414810293,Lake
"Gumpas Pond",42.73022957035982,-71.36026309287554,Lake
"Long Pond",42.923464213431465,-71.10062390488747,Lake
"Lake Whittemore",42.25435140439871,-71.98419918849001,Lake
"Buffumville Lake",42.11089394392591,-71.91135287949686,Lake
"Sunset Lake",42.202897349872565,-71.01190851248117,Lake
"Emerson Brook Reservoir",42.60700385752777,-71.039513221446,Lake
"Grove Pond",42.552468467514984,-71.58581408417369,Lake
"Stoneville Reservoir",42.20875429421444,-71.85946754431518,Lake
"Angle Pond",42.90056837409974,-71.15865030860488,Lake
"Populatic Pond",42.130796949719524,-71.37951926430148,Lake
"Reservoir Pond",42.16833898781002,-71.11868640191457,Lake
"Great Pond Reservoir",42.199337466339344,-71.04546830657567,Lake
"Jamaica Pond",42.317594005166164,-71.12072701613955,Lake
"Bogastere Swamp",42.199816081556946,-71.3973041431389,Lake
"Moosehorn Pond",42.46860647270048,-71.96656750757091,Lake
"Cranberry Meadow Pond",42.865267936632755,-71.9188727588485,Lake
"Nabnasset Pond",42.61583816737544,-71.42889479010226,Lake
"Middleton Pond",42.591626283677805,-71.02886182333144,Lake
"Flints Pond",42.747499935919244,-71.55002539857371,Lake
"Turnpike Lake",42.01484252534505,-71.3121357104565,Lake
"Lake Saltonstall",42.78270350275895,-71.06547101399106,Lake
"Lake Pearl",42.0597911776737,-71.35199551736765,Lake
"Pierpoint Meadow Pond",42.08341200500476,-71.91547857816909,Lake
"Miscoe Meadow",42.037728228432975,-71.43182655803226,Lake
"Long Pond",42.35141441867754,-71.992860489649,Lake
"Stiles Reservoir",42.2092371683875,-71.94798529974858,Lake
"Peter Pond",42.06344841991997,-71.89481240148184,Lake
"Long Pond",42.59817522080946,-71.25103843176487,Lake
"Flint Pond",42.672684286479054,-71.4315617801465,Lake
"Potanipo Pond",42.73993001198248,-71.67618875837383,Lake
"Quinapoxet Reservoir",42.397479336246136,-71.88339406124108,Lake
"Asnebumskit Pond",42.323193187787226,-71.90895310149186,Lake
"Jerrys Swamp",42.01925690506297,-71.82837861487585,Lake
"Cedar Swamp",42.025946116360316,-71.66761205978355,Lake
"Bartlett Pond",42.31820865814892,-71.6184378515798,Lake
"Little Chauncy Pond",42.30596160252745,-71.61703857329731,Lake
"Spectacle Pond",42.56376618841974,-71.51659379407054,Lake
"Wash Pond",42.88684891515268,-71.17763076986326,Lake
"South Reservoir",42.44596276926368,-71.11585351541224,Lake
"Pines River Marshes",42.43880385396325,-71.00273726588875,Lake
"Lake Whalom",42.57438786970547,-71.740078903187,Lake
"Phillips Pond",42.91838704634986,-71.18953922552554,Lake
"Sacarrappa Pond",42.11712423000763,-71.82232454238073,Lake
"Hayden Pond",42.07584716125537,-71.91919656146902,Lake
"Harris Pond",42.0220519330018,-71.50855355961738,Lake
"Little Island Pond",42.72741858307295,-71.28783398401737,Lake
"Arlington Mill Reservoir",42.82454388874415,-71.21336037761364,Lake
"Wachusett Lake",42.507692777335194,-71.8804892290558,Lake
"Little Crane Swamp",42.31172374332483,-71.59972089618444,Lake
"Whitehall Reservoir",42.22808071750856,-71.57733910798898,Lake
"Johnsons Pond",42.731007016835456,-71.05310901986878,Lake
"Morses Pond",42.29981741193002,-71.32164802780147,Lake
"Hubbard Pond",42.77668224708613,-71.96616257670625,Lake
"Lost Lake",42.59544267849926,-71.52486093544847,Lake
"Paradise Pond",42.50338745867334,-71.85593406498222,Lake
"Pennichuck Pond",42.790718692220125,-71.55882914903651,Lake
"Upper Mystic Lake",42.43944654995748,-71.14850562334831,Lake
"Stearns Pond",42.61677485321791,-71.06797259308352,Lake
"White Pond",42.51309592494888,-71.71619219760389,Lake
"Pine Swamp",42.01259213943992,-71.43388441878677,Lake
"Pine Swamp",42.00738941536426,-71.43608085564632,Lake
"Sudbury Reservoir",42.32245578178019,-71.51604188773081,Lake
"Lake Attitash",42.85168394401262,-70.98754773746415,Lake
"Neponset Reservoir",42.08589612434552,-71.24178991159107,Lake
"Swan Pond",42.59191793056286,-71.0505011535036,Lake
"Stiles Pond",42.68892350219035,-71.03605615224797,Lake
"Crocker Pond",42.5722532915032,-71.88868316631724,Lake
"Little Pond",42.01461369648597,-71.84044203935244,Lake
"Great Cedar Swamp",42.22000267156208,-71.90416554298649,Lake
"Lynde Brook Reservoir",42.256628997250886,-71.88024855089007,Lake
"Hiley Meadows",42.43997281173389,-71.54376273823684,Lake
"Spot Pond",42.45635920375972,-71.09695551366227,Lake
"Pentucket Pond Outlet Reservoir",42.73433838247373,-70.99844000016626,Lake
"Eagle Lake",42.35588630307649,-71.88528295299068,Lake
"Wrights Reservoir",42.5446783212034,-71.9689885582258,Lake
"Demond Pond",42.352874554673924,-71.97113091356843,Lake
"Mirror Lake",42.08736683587696,-71.32625834343315,Lake
"Fall Brook Reservoir",42.49526824090471,-71.78359822908504,Lake
"Edward MacDowell Reservoir",42.901349711576415,-71.99419201955573,Lake
"Burnt Swamp",42.02270217326232,-71.38163643032891,Lake
"Emerson Pond",42.763784989022504,-71.98816651717378,Lake
"Cold Brook Meadow",42.414641828800576,-71.3817075208697,Lake
"Water Loom Pond",42.7431391228522,-71.8406433463591,Lake
"King Brook Reservoir",42.79808112022127,-71.81071002917707,Lake
"Cedar Swamp",42.103750590179416,-71.61292661479833,Lake
"Tophet Swamp",42.54510787170007,-71.34198171108955,Lake
"Farm Pond",42.28252455863424,-71.42668593430234,Lake
"Ballard Pond",42.871947390551256,-71.2531783353985,Lake
"Long Pond",42.693833554202456,-71.36968930601171,Lake
"Box Pond",42.09340987394906,-71.49308950773609,Lake
"Glen Echo Lake",42.16472899422392,-71.9911538811935,Lake
"North Pond",42.19500002561004,-71.55536220289785,Lake
"Greenwood Pond",42.93687181416545,-71.06109949290729,Lake
"Mill Pond Reservoir",42.51235800173361,-71.17557719643722,Lake
"Sunset Lake",42.68192423445197,-71.97538557934774,Lake
"Richardson Pond",42.587920435387026,-71.24796743483991,Lake
"Ottarnic Pond",42.77197941890958,-71.42288603994332,Lake
"Middle Reservoir",42.45431230094031,-71.11442847140411,Lake
"Muschopauge Pond",42.38332610176205,-71.92178350474224,Lake
"Flint Pond",42.250093751773406,-71.7359208690269,Lake
"Pillings Pond",42.530555735912685,-71.02926720351108,Lake
"Dapping Brook Swamp",42.20964986312693,-71.40129917608454,Lake
"Stevens Pond",42.090974654614165,-71.75699401774321,Lake
"Wrack Meadow",42.3666982513295,-71.68074634629693,Lake
"Blacks Creek Marshes",42.2685281599993,-71.00209250805496,Lake
"Lake Wampanoag",42.62246466703861,-71.96135407110052,Lake
"Bare Hill Pond",42.489267944670225,-71.59857587082796,Lake
"Hog Swamp",42.39788943699436,-71.61453068307326,Lake
"Cedar Swamp",42.181800467117995,-71.46840746546451,Lake
"Kendall Reservoir",42.34031094911898,-71.8889420366388,Lake
"Coes Reservoir",42.254651057215106,-71.84110054972284,Lake
"Carding Millpond",42.36135368037316,-71.46598784252313,Lake
"Whittemore Lake",42.986971879676936,-71.9053115260552,Lake
"Millvale Reservoir",42.790845974978,-71.03053534015956,Lake
"Pine Island Pond",42.93647503398079,-71.44875537615873,Lake
"Wyman Pond",42.52622165164397,-71.88033550638924,Lake
"Little Cedar Swamp",42.01502401218213,-71.07349711559431,Lake
"Beaver Lake",42.90187808110761,-71.29981016238183,Lake
"Farm Pond",42.233866651429175,-71.34451445597009,Lake
"Fresh Pond",42.384312072244455,-71.14871580284749,Lake
"Squantum Marshes",42.2923922448788,-71.01782485729372,Lake
"Round Meadow Pond",42.545022090671914,-71.89386974210367,Lake
"Moulton Pond",42.38972109934111,-71.95382742888398,Lake
"Forge Pond",42.57397657239045,-71.49095377091156,Lake
"Cub Pond",42.92263215525505,-71.14893696918439,Lake
"Ponkapoag Pond",42.19237052350382,-71.09729900751941,Lake
"Fort Pond",42.523512014814784,-71.68784672885569,Lake
"West River Reservoir",42.176577717091256,-71.64042335609219,Lake
"Ramshorn Pond",42.154804447739586,-71.80768404415768,Lake
"Ames Pond",42.63801875468482,-71.22488345806478,Lake
"Burton Pond",42.87085265710899,-71.81447730838119,Lake
"North Reservoir",42.46144791621634,-71.11297949005711,Lake
"Crystal Lake",42.58791295502138,-71.99292280576016,Lake
"Holden Reservoir Number One",42.31182763622445,-71.87756683112693,Lake
"Lackey Pond",42.09201852361451,-71.69047829043564,Lake
"Notown Reservoir",42.53814087237544,-71.82120174372167,Lake
"West Waushacum Pond",42.414421237256015,-71.76380713705447,Lake
"Miscoe Lake",42.01305991098731,-71.41797171101929,Lake
"Chauncy Lake",42.294059131322165,-71.61249838142817,Lake
"Great Meadows",42.43237069470998,-71.20118172612821,Lake
"Hickory Hills Lake",42.61087655726111,-71.70831582152833,Lake
"Fort Meadow Reservoir",42.368849125586316,-71.55775277721827,Lake
"Westboro Reservoir",42.24025956267637,-71.6059890602497,Lake
"Crystal Lake",42.490677692298775,-71.07443434718436,Lake
"Wachusett Reservoir",42.37413801325737,-71.74739721975762,Lake
"Eames Pond",42.318258529640175,-71.95126292090546,Lake
"Robinson Pond",42.103617269237105,-71.82946486862653,Lake
"Indian Lake",42.296600253045256,-71.8128760605922,Lake
"Fairhaven Bay",42.42579884673803,-71.35470971442413,Lake
"Ashland Reservoir",42.23863088286781,-71.46673666619006,Lake
"Cedar Swamp",42.263017676329916,-71.58933978419205,Lake
"Stodge Meadow Pond",42.66401147905843,-71.88461235851858,Lake
"Willett Pond",42.179639536674244,-71.23825037952508,Lake
"Fisk Pond",42.28129931438596,-71.36891341871299,Lake
"Gates Pond",42.37876997172761,-71.61005582930844,Lake
"Bowers Pond",42.8001265145761,-71.49879320810986,Lake
"Flints Pond",42.43456262555662,-71.3142022638285,Lake
"Nipmack Pond",42.0958057755651,-71.57060719016357,Lake
"Hundred Acre Meadow",42.55557006521977,-71.12288750587621,Lake
"Maple Swamp",42.166686771199934,-71.33462789702284,Lake
"Lake Shirley",42.555513768792245,-71.68500832325113,Lake
"Turkey Hill Pond",42.336701990072456,-71.94829388215153,Lake
"Asnacomet Pond",42.45573525350989,-71.98292645956612,Lake
"South Charlton Reservoir",42.10274382891465,-71.93447065864471,Lake
"Massapoag Pond",42.55527985214931,-71.71869001895207,Lake
"Crowcroft Pond",42.75493525534406,-71.9964328042466,Lake
"Cedar Meadow Pond",42.227792097683654,-71.94076756202355,Lake
"Fort Meadow Reservoir",42.371211566202795,-71.54186450264673,Lake
"Althea Lake",42.66789602612775,-71.38091257801712,Lake
"Cambridge Reservoir",42.4104473579397,-71.26847411234627,Lake
"Winnekeag Lake",42.66142841186271,-71.9011802863739,Lake
"Sawmill Pond",42.544905455283974,-71.84609468225872,Lake
"Foss Reservoir (Number Three)",42.30135156325252,-71.4722372041387,Lake
"Peters Pond",42.71727156320157,-71.26064177960635,Lake
"Haunted Lake",42.98445680986354,-71.76421412428648,Lake
"Fowl Meadows",42.2276778174943,-71.13039167634919,Lake
"East Waushacum Pond",42.411504811201794,-71.74708968527244,Lake
"Brockton Reservoir",42.11771396244556,-71.05618397320467,Lake
"Crane Swamp",42.30488026186356,-71.59392565993105,Lake
"Haggetts Pond",42.64937400864614,-71.19806346133554,Lake
"Crystal Lake Reservoir",42.80188138028256,-71.15039400298576,Lake
"Kirby Swamp",42.16108753084578,-71.43293079352587,Lake
"Sugden Reservoir",42.2722376292089,-71.96640707843278,Lake
"Sargent Pond",42.24986244680899,-71.91735816629894,Lake
"Holden Reservoir Number Two",42.30046664738779,-71.86830705537393,Lake
"Great Pond Upper Reservoir",42.189631795063086,-71.04238327251016,Lake
"Hy-Crest Pond",42.48027680850698,-71.80627777838897,Lake
"Bickford Pond",42.48646056810144,-71.9278380659499,Lake
"Merino Pond",42.049509768946216,-71.89986765949875,Lake
"Farrar Pond",42.413890981114676,-71.35335677015433,Lake
"Williams Lake",42.3394530649408,-71.56845730281927,Lake
"Fosters Pond",42.6068610973991,-71.13632752283891,Lake
"Rocky Pond",42.75975631214836,-71.63261750297579,Lake
"White Pond",42.39089765955573,-71.48024829690847,Lake
"Captain Pond",42.80739893329279,-71.17483207632516,Lake
"Baboosic Lake",42.88582609949264,-71.57879800354938,Lake
"Hawkes Pond",42.50401065635642,-71.02153825268236,Lake
"Suntaug Lake",42.521874138635994,-71.00551856587926,Lake
"Martins Pond",42.59488370252147,-71.12478353473517,Lake
"Long Pond",42.57078095166199,-71.54341806008291,Lake
"Spectacle Pond",42.51311861418428,-71.68375367219922,Lake
"Sedge Meadows",42.38747640253088,-71.36907332307925,Lake
"Massapoag Ponds",42.64771351006473,-71.49699229651912,Lake
"Hopedale Pond",42.14032838788304,-71.55355490250356,Lake
"Greenville Reservoir",42.79945228015875,-71.8324223531844,Lake
"Harris Pond",42.74333552972778,-71.26075861284349,Lake
"Canobie Lake",42.79606065659331,-71.25701482688375,Lake
"Spy Pond",42.40791174320556,-71.15390948785726,Lake
"Lake Chaubunagungamaug",42.040729620671215,-71.84395514728236,Lake
"Badluck Lake",42.04958611053255,-71.76818008685359,Lake
"Long Sought-for Pond",42.621050903899054,-71.4523507266389,Lake
"Lake Cochichewick",42.70151967577553,-71.09715337452567,Lake
"Meadow Pond",42.107836809531555,-71.68271909384084,Lake
"Birch Pond",42.47940952983908,-71.00081338516932,Lake
"Wallace Pond",42.705053187594146,-71.92372483507413,Lake
"Burncoat Pond",42.240935595381586,-71.94980353115162,Lake
"Flint Pond",42.24205959634282,-71.72986817383756,Lake
"Newfield Pond",42.63332776157326,-71.3909175885778,Lake
"Thayer Pond",42.37857927530677,-71.96645130178845,Lake
"Lake Quinsigamond",42.26574573745389,-71.75056906337562,Lake
"Whitin Reservoir",42.07189533231947,-71.77339590201458,Lake
"Heart Pond",42.56590917823188,-71.38933177124272,Lake
"Lake Boon",42.397919732052976,-71.49396025033319,Lake
"World End Pond",42.75536193229842,-71.189726150514,Lake
"Lake Watatic",42.68769249327052,-71.93688201543762,Lake
"Lower Naukeag Lake",42.66929183280875,-71.95475413742041,Lake
"Mare Meadow Reservoir",42.50308991686782,-71.93074776370621,Lake
"Flaggy Meadow",42.01186281937969,-71.02926457400328,Lake
"Walden Pond",42.43936887307619,-71.34051411683707,Lake
"Nagog Pond",42.51411995319719,-71.43915616082401,Lake
"Nutting Lake",42.536005980110644,-71.26880102188488,Lake
"Millville Lake",42.79708445183374,-71.21538355209825,Lake
"Winona Pond",42.53346533986004,-71.00943738696887,Lake
"Sandy Pond",42.56218765986834,-71.55514533273148,Lake
"Massapoag Lake",42.101648876045516,-71.17945682995858,Lake
"Kettle Brook Reservoir Number Four",42.298583332065014,-71.91769932020055,Lake
"Big Island Pond",42.86955034267706,-71.20630489663819,Lake
"Douglas Cedar Swamp",42.04716219264259,-71.77588518024096,Lake
"Bungay Swamp",42.023150039990085,-71.44102983343255,Lake
"Long Pond",42.52946502263348,-71.4711859279015,Lake
"Baddacook Pond",42.61907792070414,-71.53054101938358,Lake
"Lake Quannapowitt",42.51378477512485,-71.0786856626907,Lake
"Rice City Pond",42.09061435093284,-71.61933752640411,Lake
"Lake Ripple",42.21353795085596,-71.69600043573172,Lake
"Chadwick Pond",42.740445602762506,-71.07809969250334,Lake
"Massabesic Lake",42.98290758861167,-71.37491666494698,Lake
"Lake Winthrop",42.187620739444554,-71.4244465550036,Lake
"Noannet Pond",42.23393698743343,-71.239574819233,Lake
"Nahanton Street Swamp",42.28959341963941,-71.19944394633431,Lake
"Manchaug Pond",42.09775665919211,-71.77722374699633,Lake
"Cedar Swamp",42.136333458873494,-71.7750567656605,Lake
"Country Pond",42.88710098257428,-71.06350828915994,Lake
"Linwood Pond",42.1038889150697,-71.65529470306183,Lake
"Bridge Brook Swamp",42.38766831278652,-71.37712641936905,Lake
"Horseshoe Pond",42.84845956338254,-71.48946953192068,Lake
"Rock Pond",42.72955867667442,-71.00564683863388,Lake
"Haynes Reservoir",42.51362706142839,-71.80808240226861,Lake
"Singletary Pond",42.160574443638474,-71.78113585946762,Lake
"Silver Lake",42.0632844074468,-71.46539600271836,Lake
"Stearns Reservoir (Number 1)",42.2900919178341,-71.45161041453896,Lake
"Powder Mill Pond",42.97493331067121,-71.93314122147396,Lake
"Ward Pond",42.68160906074675,-71.88179763656159,Lake
"Powwow Pond",42.91425524831982,-71.0351064490198,Lake
"Hardys Pond",42.40844576757971,-71.24133075428945,Lake
"Great Black Swamp",42.16682935443361,-71.38343578680337,Lake
"Newton Pond",42.31385740086575,-71.74868094329307,Lake
"Rocky Pond",42.34611397617601,-71.68831228364589,Lake
"Naticook Lake",42.81814185562821,-71.52865692605194,Lake
"Robinson Pond",42.79769447665629,-71.38580379417044,Lake
"Echo Lake",42.19356487575452,-71.51202092894194,Lake
"West Meadow Brook Pond",42.041028612620785,-71.03859172259558,Lake
"Forest Lake",42.727979557413704,-71.24701129627488,Lake
"Kenoza Lake",42.7894081701095,-71.0557276490226,Lake
"Nashua River Reservoir",42.63985906707054,-71.58777328453279,Lake
"Alder Meadow",42.22154431406044,-71.96353285761134,Lake
"Dorothy Pond",42.21297124986466,-71.7497629442292,Lake
"Lake Cochituate",42.31988002439473,-71.37933552393399,Lake
"Chestnut Hill Reservoir",42.336083017264656,-71.15824883198215,Lake
"Horn Pond",42.468301551871576,-71.15699694121642,Lake
"Rochdale Pond",42.19771763752424,-71.90797514045055,Lake
"Fort Pond",42.50821165657026,-71.46584634641592,Lake
"Spruce Swamp",42.98917130493823,-71.10314824583361,Lake
"Millham Reservoir",42.34341797399035,-71.60865831805532,Lake
"Great Pond",42.92195014880353,-71.06361160006973,Lake
"Diamond Creek Marshes",42.424909375139194,-70.99638450247298,Lake
"Meetinghouse Pond",42.534251415052736,-71.90970557895807,Lake
"Lovewell Pond",42.51051512159875,-71.9573732713157,Lake
"Sorag Pond",42.723321402564345,-71.02423093814788,Lake
"Lower Mystic Lake",42.42674143416866,-71.14689976558802,Lake
"Waite Pond",42.24901708925203,-71.89187542530489,Lake
"Waldo Lake",42.108213544235404,-71.04692017692021,Lake
"Sunk Meadow",42.4233234390054,-71.60676620972966,Lake
"Warners Pond",42.46246336573365,-71.40366088478123,Lake
"Dudley Pond",42.33049688282046,-71.37093945948405,Lake
"Cobbetts Pond",42.79804277297057,-71.28636853468156,Lake
"Weston Reservoir",42.34865858003276,-71.29293900295998,Lake
"Baker Pond",42.08068165707908,-71.94654628505643,Lake
"Whitins Pond",42.114699764892656,-71.69055316673897,Lake
"Leach Pond",42.06530652012588,-71.1543659885381,Lake
"Milford Pond",42.15530794078082,-71.51379910283282,Lake
"Dug Pond",42.27618819290698,-71.36411455461888,Lake
"Baldpate Pond",42.69834472952168,-71.00195826750303,Lake
"Upper Naukeag Lake",42.65800012686935,-71.92768019184945,Lake
"Browning Pond",42.31528030675407,-71.99724045183086,Lake
"Bugs Swamp",42.12746781133115,-71.82490252552437,Lake
"Lake Mirimichi",42.027083904951915,-71.29241848646878,Lake
"Heard Pond",42.351640095048765,-71.3834376390484,Lake
"Bracket Reservoir (Number Two)",42.27412365064741,-71.44497652364699,Lake
"Waushakum Pond",42.263807720607225,-71.42729288499687,Lake
"Great Meadows",42.49334459488063,-71.31615846057511,Lake
"Orchard Swamp",42.28939616650754,-71.60222143257185,Lake
"Upper Reservoir",42.53601910329905,-71.96725686801216,Lake
"Knops Pond",42.58911096963972,-71.52307687584575,Lake
"Chaffin Pond",42.33108352565545,-71.83921702283509,Lake
"Whitmanville Reservoir",42.60028878525221,-71.9150558004667,Lake
"Flannagan Pond",42.55932249606645,-71.56835467021466,Lake
"Pine Hill Reservoir",42.34683686894232,-71.91923131046822,Lake
"Walden Pond",42.49554064231169,-70.99741831358966,Lake
"Field Pond",42.60844415916168,-71.10927020489913,Lake
"Broad Meadow",42.18469569909845,-71.01937026938715,Lake
"Bear Swamp",42.157997401288256,-71.05921907891998,Lake
"Great Cedar Swamp",42.215175336849164,-71.04840270391857,Lake
"Cedar Swamp",42.117326601571534,-71.25946194148017,Lake
"Cedar Swamp",42.54905739402582,-71.08765810005161,Lake
"Fitchburg Reservoir",42.64889388813218,-71.8445442913667,Lake
"Lowlands",42.0162099094543,-71.25275020951264,Lake
"Witch Pond Swamp",42.015782413024965,-71.28169633201694,Lake
"Lily Pond",42.22430157512358,-70.8155805002144,Lake
"Essex Bay Marshes",42.65694913695247,-70.74590545459907,Lake
"Little Sandy Bottom Pond",42.041651516887626,-70.8311530262128,Lake
"Oldham Pond",42.06703747447666,-70.83774026987216,Lake
"Lake Gardner",42.869213403951726,-70.94907417300105,Lake
"Longham Reservoir",42.59332245884059,-70.864603701131,Lake
"Bear Meadow",42.074728710523615,-70.92098082990597,Lake
"Great Meadows",42.9561224502556,-70.95035836795293,Lake
"Furnace Pond",42.05603595842635,-70.82492375838758,Lake
"Great Sandy Bottom Pond",42.05362486887843,-70.8318431162189,Lake
"The Gove",42.95950998470238,-70.92253092703362,Lake
"Upper Artichoke Reservoir",42.79751307905524,-70.9312228840674,Lake
"Dykes Pond",42.60669704385057,-70.72724500669203,Lake
"Little Cedar Swamp",42.07826470978261,-70.86662763437376,Lake
"Taylor River Reservoir",42.93583964068275,-70.86993231284731,Lake
"Flax Pond",42.482475827140355,-70.95150972897945,Lake
"Maquan Pond",42.0608166612841,-70.85132568007566,Lake
"Annisquam River Marshes",42.63711917935108,-70.69173141730272,Lake
"South River Marshes",42.11159761681892,-70.67859237598682,Lake
"Hampton Flats",42.90600450225273,-70.83930948276948,Lake
"South River Marshes",42.122590751090954,-70.6878902896926,Lake
"Clapps Pond",42.0526032237807,-70.20829069193545,Lake
"Black Rock Creek",42.996621995343524,-70.82480501177007,Lake
"Hell Swamp",42.13665653336468,-70.85060687484797,Lake
"Old Pond Meadows",42.13477819462134,-70.82523184349097,Lake
"Parker River Marshes",42.754101660717104,-70.84000425782607,Lake
"Wenham Lake",42.590061126189696,-70.89238946506826,Lake
"Ipswich River Marshes",42.696175950295846,-70.8123536362618,Lake
"Green Harbor Marsh",42.09568620106313,-70.66129683648293,Lake
"Babson Reservoir",42.6286149709702,-70.66146235307949,Lake
"Stage Island Pool",42.70742861157445,-70.77764400820817,Lake
"West Lake",42.01045500337569,-70.85094761683547,Lake
"Lower Artichoke Reservoir",42.80827524914141,-70.9311899426721,Lake
"Green Harbor Marsh",42.09425795492405,-70.67576973880477,Lake
"North Hill Marsh",42.040412306990035,-70.70597150791305,Lake
"Stetson Pond",42.02751168271941,-70.82740977110878,Lake
"Satsuit Meadow",42.178967931417134,-70.77027018974616,Lake
"Bluefish River Marshes",42.043809123537145,-70.679709304955,Lake
"Stump Pond",42.080707487958385,-70.77159561018694,Lake
"North Hill Pond",42.04233244259364,-70.7083285859277,Lake
"Flat Swamp",42.18816560460727,-70.82425792641085,Lake
"Weymouth Great Pond",42.158567091928425,-70.97041640755498,Lake
"Wharf Creek Marshes",42.08335401902298,-70.66954953435803,Lake
"Randall Swamp",42.119254725620806,-70.83362811152219,Lake
"Castle Neck River Marshes",42.660122746881584,-70.77612064026113,Lake
"Jacobs Pond",42.16344817730227,-70.85094700206916,Lake
"Breeds Pond",42.4818789817544,-70.97745524704911,Lake
"Robbins Pond",42.00400813657699,-70.90681131623614,Lake
"Cleveland Pond",42.121017064717286,-70.98263921671767,Lake
"South Swamp",42.19682179187598,-70.79835542028403,Lake
"Little Pamet River Marshes",42.00311256190216,-70.07536766489405,Lake
"Indian Head Pond",42.04886449430736,-70.84966986123796,Lake
"Fox Creek Marshes",42.68215141169966,-70.78425530378333,Lake
"Ash Swamp",42.773596057820654,-70.96804909662275,Lake
"Norwood Pond",42.58222822225866,-70.86883878901905,Lake
"Sand Creek Marshes",42.73967710692452,-70.83849734903168,Lake
"Burrage Pond - Lower Reservoir",42.017872114417344,-70.87916233282047,Lake
"Tuxbury Pond",42.870878788590126,-70.99065963808224,Lake
"Chebacco Lake",42.611230675698714,-70.81072111871411,Lake
"Roger Island River Marshes",42.714823594470644,-70.83475427934196,Lake
"Wampum Swamp",42.107879326444845,-70.8611443327207,Lake
"Orne Swamp",42.61453277103185,-70.98244856017756,Lake
"Dead Swamp",42.16958242314323,-70.7921446215882,Lake
"Eagle Hill River Marshes",42.69609440819842,-70.83301607946102,Lake
"Great Swamp",42.239585787445584,-70.84031556268155,Lake
"Teal Pond",42.625846628208265,-70.9215832866199,Lake
"Putnamville Reservoir",42.60048257458852,-70.94745381755658,Lake
"Whitmans Pond",42.206196088518794,-70.93667073132211,Lake
"Accord Pond",42.172028452873505,-70.8919556867201,Lake
"Little River Swamp",42.95716636118339,-70.78775827689174,Lake
"Cedar Swamp",42.59621419427147,-70.76738939253086,Lake
"Musquashcut Pond",42.227486907490444,-70.75778754230016,Lake
"Cape Pond",42.638727892181564,-70.63099580913169,Lake
"The Glades",42.24063920423881,-70.77323034615796,Lake
"Sluice Pond",42.49057513544213,-70.96594506295975,Lake
"Wampatuck Pond",42.06082825653913,-70.86666223810175,Lake
"Burrage Pond - Upper Reservoir",42.02622308120534,-70.87221418086533,Lake
"Straits Pond",42.2637149515687,-70.83799285006808,Lake
"Long Point Marshes",42.03479830184288,-70.20443752576524,Lake
"Jones River Marshes",42.64501472536034,-70.69222296692006,Lake
"Hoop Pole Swamp",42.16551314879703,-70.8208676912033,Lake
"Gravelly Pond",42.59902458130615,-70.81080687330589,Lake
"Farm Creek Marshes",42.65073692373454,-70.71371356176434,Lake
"Haskell Pond",42.610394901841424,-70.74019912640091,Lake
"Burnt Plain Swamp",42.1711654451197,-70.83401470759827,Lake
"Black Pond Swamp",42.18636762984037,-70.81245098921455,Lake
"Meadow Pond",42.93578484833796,-70.80184475826972,Lake
"Valley Swamp",42.178386303841144,-70.860987666371,Lake
"Briar Swamp",42.65304055467103,-70.64184561990595,Lake
"Teal Pond",42.63699498619294,-70.91153142078298,Lake
"Hood Pond",42.67001178525835,-70.8786750607056,Lake
"Teal Pond",42.62878821785772,-70.90739224901513,Lake
"Lake Niapenco",43.10604836225124,-79.85235045298258,Lake
"Lake Ontario",43.72958174098187,-78.3442301272289,Lake
"Mary Lake",43.95134541574046,-79.54728395162348,Lake
"Claireville Reservoir",43.741049742715326,-79.63426292280964,Lake
"Bond Lake",43.93456637783145,-79.44854204763898,Lake
"Preston Lake",43.98590848991693,-79.37962458591453,Lake
"Wilcox Lake",43.94857254789333,-79.43836833579748,Lake
"Heart Lake",43.74089913571379,-79.79578390394053,Lake
"Hamilton Harbor",43.282483406244495,-79.82942271760014,Lake
"Scotch Block Reservoir",43.57046639375223,-79.94879806941617,Lake
"Kelso Lake",43.509809166507786,-79.94709736012916,Lake
"Fifteen Mile Pond",43.175950050805774,-79.31906916921741,Lake
"Sixteen Mile Pond",43.17015949331996,-79.32932289689974,Lake
"Lake Moodie",43.11248645957781,-79.25579940480823,Lake
"Lake Gibson",43.100965693141205,-79.22588949983891,Lake
"Martindale Pond",43.18994548850772,-79.27330504274764,Lake
"Waterport Pond",43.31802200329851,-78.25713742776976,Lake
"Upper Stafford Marsh",43.11857408201983,-78.27562780034792,Lake
"Glenwood Lake",43.2304474611505,-78.38917703438877,Lake
"Oshawa Harbor",43.86860948794926,-78.82735031761504,Lake
"Buck Pond",43.27774523390962,-77.66545446019357,Lake
"Cranberry Pond",43.2994493082563,-77.70006032798332,Lake
"Irondequoit Bay",43.20534942080705,-77.52932873700576,Lake
"Long Pond",43.288430214456916,-77.69939487447888,Lake
"Round Pond",43.27400505329807,-77.64629495405246,Lake
"West Lake",43.94414549339188,-77.2852671942587,Lake
"Consecon Lake",44.00231862749793,-77.47421758388707,Lake
"East Lake",43.92389552473089,-77.19218459577148,Lake
"Pleasant Bay",43.95092029234638,-77.5015601231139,Lake
"Onondaga Lake",43.09082035393073,-76.21370381367689,Lake
"Floodwood Pond",43.7242721432531,-76.1985799678199,Lake
"Duck Lake",43.14861241940115,-76.68754321411812,Lake
"Mosher Pond",43.46542149909559,-76.00273509887137,Lake
"Henderson Pond",43.83892447595611,-76.16652366285544,Lake
"Port Bay",43.29088476686312,-76.83125591870481,Lake
"South Pond",43.35685727706655,-76.00252561835865,Lake
"South Pond",43.62349814932827,-76.1874361037587,Lake
"Crusoe Lake",43.091008963562565,-76.77770483080404,Lake
"Cranberry Pond",43.689646349851884,-76.19607807426566,Lake
"Parker Pond",43.160865854971675,-76.55739295925011,Lake
"North Pond",43.66064534180571,-76.1807409749725,Lake
"The Pond",43.34095523634561,-76.69508810450513,Lake
"North Colwell Pond",43.70763596280634,-76.19781777055769,Lake
"North Pond",43.36899201671269,-75.99656264872084,Lake
"East Bay",43.283635229454795,-76.89881707435062,Lake
"South Colwell Pond",43.69938395665722,-76.1948648612663,Lake
"Lakeview Pond",43.74755973562093,-76.20648950284611,Lake
"Mud Pond",43.186526032287325,-76.59005833021976,Lake
"Pleasant Lake",43.23607846314135,-76.22539968721941,Lake
"Mud Pond",43.44121815737292,-76.36253628760225,Lake
"Russ Pond",43.37242149198561,-76.23594580176895,Lake
"Crystal Lake",43.829950428184894,-76.12600523021557,Lake
"Mud Pond",43.37751510601124,-76.54853557330843,Lake
"Oneida Lake",43.21063482593167,-75.96820718516682,Lake
"Otter Lake",43.13999250017494,-76.53438161501201,Lake
"Cross Lake",43.1266485254605,-76.48298816264456,Lake
"Sodus Bay",43.248230380046294,-76.95156549438316,Lake
"Lake Neatahwanta",43.308037529159925,-76.43842617864082,Lake
"Chub Pond",43.52705628117446,-75.04555195437896,Lake
"Gull Lake",43.64500091258285,-75.08726470920554,Lake
"Stony Lake",43.7745181939826,-75.21583341724707,Lake
"Copper Lake",43.66387438257719,-75.1407871517939,Lake
"Long Pond",43.9848672686133,-75.19465180996946,Lake
"Whitney Pond",43.43348483178446,-75.98956095084851,Lake
"Bear Pond",43.958317993194214,-75.00247058118707,Lake
"Coan Pond",43.40663724916718,-75.97579118601787,Lake
"Nelson Lake",43.64617598649295,-75.05999254683962,Lake
"Woodhull Lake",43.59835659843692,-74.98403084207605,Lake
"East Pond",43.740387783150716,-75.05024351305964,Lake
"Carterville Pond",43.34362219728299,-75.90120956199105,Lake
"Cody Pond",43.312373059408365,-75.88040662239703,Lake
"Beaver Lake",43.8728180360012,-75.15663253182022,Lake
"Long Lake",43.56267176568003,-75.14985273723194,Lake
"Middle Branch Lake",43.701642172990425,-75.0982763049824,Lake
"Chase Pond",43.353340339599015,-75.98831699972334,Lake
"Soft Maple Reservoir",43.91870126730761,-75.21328311455729,Lake
"Pine Lake",43.70447057833598,-75.14888637933673,Lake
"Crooked Lake",43.916690958272504,-75.1663131861623,Lake
"Sand Lake",43.571843981596245,-74.9954324557849,Lake
"Bear Lake",43.597489389760014,-75.05516924708297,Lake
"Effley Falls Pond",43.921563448209234,-75.26206420878948,Lake
"Sand Pond",43.94769129265617,-75.15934017048454,Lake
"Moshier Reservoir",43.893275059302546,-75.08047920364623,Lake
"Sunshine Pond",43.938617197192926,-75.05162345605164,Lake
"Round Lake",43.5314114654825,-75.17949899539502,Lake
"Brantingham Lake",43.69441975826276,-75.2752691176116,Lake
"Gull Lake",43.55321871811704,-75.05858238281193,Lake
"Forestport Reservoir",43.43285083186999,-75.2044447346059,Lake
"Shallow Pond",43.92751891496856,-75.03409616233986,Lake
"Oneida City Reservoir",43.36873097196592,-75.62261221434343,Lake
"Otter Lake",43.59116552492539,-75.11852730797243,Lake
"Francis Pond",43.28878078815531,-75.93457627505633,Lake
"Little Otter Lake",43.744215089917304,-75.26440523064126,Lake
"Grass Pond",43.78862305204382,-75.07398347735388,Lake
"Taylorville Pond",43.92813957274585,-75.29862072163151,Lake
"High Falls Pond",43.927543721627295,-75.36263558970357,Lake
"Peaked Mountain Lake",43.9141600000529,-75.00313740091453,Lake
"Middle South Pond",43.99015272820353,-75.01784665214028,Lake
"Round Pond",43.98689032855845,-75.19070607658684,Lake
"Panther Lake",43.32934034090612,-75.90863144669312,Lake
"Lyon Lake",43.94680240178237,-75.01862725528848,Lake
"Nicks Lake",43.677681616405785,-74.99274907759157,Lake
"Big Otter Lake",43.72777557212807,-75.1088154580621,Lake
"Pleasant Lake",43.93872896290828,-75.68297589591435,Lake
"Lower South Pond",43.984759652040914,-75.00728130474334,Lake
"Middle Settlement Lake",43.6847928905618,-75.0981623151942,Lake
"Vanderkamp Lake",43.25827252136488,-75.90769068807487,Lake
"Crystal Lake",43.8384515787771,-75.27529911552661,Lake
"Sage Pond",43.50245767005519,-75.8888131715465,Lake
"Echo Lake",43.423770008950335,-75.27100837506877,Lake
"Evergreen Lake",43.91871002795536,-75.01597924649846,Lake
"Green Lake",43.05231239050078,-75.96540541977711,Lake
"Chase Lake",43.759452608295895,-75.30587519592513,Lake
"Long Pond",43.43342557148161,-75.96060970348343,Lake
"Kayuta Lake",43.40710261739245,-75.18321757122798,Lake
"White Lake",43.54369128523446,-75.14806427456058,Lake
"Sears Pond",43.73751640058542,-75.71362137015737,Lake
"Stillwater Reservoir",43.905113547522426,-74.96702300625202,Lake
"Buck Lake",43.551032975305915,-75.21551483778755,Lake
"Gibbs Lake",43.73263318976739,-75.0014186548256,Lake
"Francis Lake",43.85463602825789,-75.17114514524616,Lake
"Mud Pond",43.9743403896284,-75.22019627779831,Lake
"Dutcher Pond",43.292087924642985,-75.95841989890222,Lake
"Hinckley Reservoir",43.33396291337806,-75.06528386001135,Lake
"Delta Reservoir",43.29269164640828,-75.42622084937143,Lake
"Witchhopple Lake",43.96545179462269,-74.91721935615973,Lake
"Utowana Lake",43.835746704943595,-74.518797039855,Lake
"Salmon Lake",43.95889391309402,-74.67318250201227,Lake
"Silver Lake",43.84388931053716,-74.91203843872746,Lake
"Essex Chain Lakes",43.88964991656559,-74.23156293716383,Lake
"Moss Lake",43.78472297953308,-74.85008511936455,Lake
"South Lake",43.512771700354804,-74.8824771772534,Lake
"Stephens Pond",43.81937021405614,-74.41632425900943,Lake
"New Pond",43.944517012163956,-74.6241864144474,Lake
"Gilman Lake",43.46364629683433,-74.31542837880343,Lake
"Bug Lake",43.76859913144728,-74.72993431716151,Lake
"Sixth Lake",43.89009408376677,-74.21415882835718,Lake
"Black Creek Lake",43.453018480942305,-74.90053824116508,Lake
"North Lake",43.54142501435308,-74.92483702075133,Lake
"Balfour Lake",43.85594606423188,-74.009924622734,Lake
"Sprague Pond",43.7964200904858,-74.37678635286801,Lake
"Catlin Lake",44.01812465773967,-74.27060637493217,Lake
"Minnow Pond",43.881834220138934,-74.43566772378047,Lake
"Sagamore Lake",43.7681830159397,-74.61909171711082,Lake
"Owl Pond",43.60558562468788,-74.32534374582566,Lake
"Lake Rondaxe",43.77181877019355,-74.89412249553125,Lake
"Kibby Pond",43.57248159203337,-74.08020906462576,Lake
"Vly Lake",43.48571774969948,-74.4903616262071,Lake
"Cascade Lake",43.79106993842647,-74.80204350040158,Lake
"Limekiln Lake",43.712583673104554,-74.80262617873349,Lake
"Negro Lake",43.99301023244901,-74.87774474920028,Lake
"Eagle Lake",43.84583998176909,-74.48171457729899,Lake
"Blue Mountain Lake",43.861857309625066,-74.45644358873624,Lake
"Woods Lake",43.2538293907912,-74.3144775102228,Lake
"Dart Lake",43.796066537931075,-74.863265066037,Lake
"Rose Pond",43.91851771603565,-74.83035569644088,Lake
"Crotched Pond",43.68127165267758,-74.29297801806044,Lake
"Tenant Lake",43.36223890414025,-74.0941505320581,Lake
"North Pond",43.93856430202658,-74.7177360228785,Lake
"Deer Pond",43.92977798748393,-74.78243835639104,Lake
"Peck Lake",43.11382887310688,-74.41205484043186,Lake
"Adirondack Lake",43.789939384953016,-74.25881090876057,Lake
"Constable Pond",43.83399829778751,-74.79675083576048,Lake
"Clockmill Pond",43.33844163128264,-74.58827293093567,Lake
"Fawn Lake",43.48780597735901,-74.45591433140484,Lake
"Windover Lake",43.63243326625315,-74.01319852188345,Lake
"Livingston Lake",43.37438132660943,-74.03990617307852,Lake
"Buckhorn Lake",43.418613274172785,-74.47834236526678,Lake
"Sheriff Lake",43.37117392639557,-74.62164209319583,Lake
"Fourth Lake",43.56855021255521,-74.97119215891156,Lake
"Beaver Lake",43.64942500336216,-74.74293337669587,Lake
"Harris Lake",43.97316068658642,-74.14672165112721,Lake
"Whitaker Lake",43.568560530986744,-74.37793555709514,Lake
"Lower Pond",43.85602597684661,-74.5639266750016,Lake
"Brandreth Lake",43.9153976721753,-74.7044454002449,Lake
"Little Moose Lake",43.68999398420678,-74.92001033883639,Lake
"Hour Pond",43.70111105085589,-74.16081738403896,Lake
"Plumley Pond",43.91347595500884,-74.5636604340896,Lake
"Steele Reservoir",43.15821017510068,-74.05420362633778,Lake
"Lake Pleasant",43.478695256487285,-74.37720150166805,Lake
"Rock Lake",43.96666435902005,-74.8734730232259,Lake
"Rich Lake",43.97626336845503,-74.20800195556228,Lake
"Lens Lake",43.399171500111876,-74.01400840835456,Lake
"Lower Pond",43.80817545533323,-74.70227725600661,Lake
"Cameron Reservoir",43.162264085879734,-74.26975323445262,Lake
"Hamilton Lake",43.431334985226655,-74.3890242418933,Lake
"Big Bad Luck Pond",43.79239211794279,-74.16875018308416,Lake
"Salmon Pond",43.90831541130467,-74.3713533032548,Lake
"Shallow Lake",43.81870814001626,-74.73451802649672,Lake
"Good Luck Lake",43.248899079068615,-74.54156253709507,Lake
"Great Sacandaga Lake",43.14876997498178,-74.17461380891767,Lake
"Third Lake",43.58064473724028,-74.9640458585939,Lake
"Zack Pond",43.93269366205244,-74.18434070224824,Lake
"Puffer Pond",43.67559933166072,-74.19644271880613,Lake
"Chase Lake",43.21772331305221,-74.35799277175994,Lake
"Pigeon Lake",43.848058902107816,-74.76055820680254,Lake
"Dismal Pond",43.95521102949061,-74.97772199216311,Lake
"Willys Lake",43.96994351162437,-74.95483477930392,Lake
"Deer Pond",43.8833518572048,-74.26492625799172,Lake
"Thayer Lake",43.93162514437075,-74.83168856136346,Lake
"Spy Lake",43.39608281008378,-74.51732674924706,Lake
"Second Lake",43.59272865522463,-74.94712140239535,Lake
"Horn Lake",43.60010743784651,-74.8188529458801,Lake
"Thumb Pond",43.84832238855305,-74.11837825514101,Lake
"Mink Pond",43.84594176409646,-74.12790814287045,Lake
"Thirteenth Lake",43.704945691642166,-74.12655605655618,Lake
"Pelcher Pond",43.82685016637318,-74.71392438371886,Lake
"Moose Pond",43.95848239932774,-74.55750076581005,Lake
"Shingle Shanty Pond",43.916954353498014,-74.78029619902678,Lake
"Bennett Lake",43.31563392849287,-74.19321317943272,Lake
"Beaver Flow",43.996799687004355,-74.07299746730007,Lake
"Wakely Pond",43.739652399641415,-74.46743627207266,Lake
"Long Pond",43.639500314713175,-74.28990118322808,Lake
"South Pond",43.914109761182,-74.45236457172084,Lake
"Lake Algonquin",43.39808211384854,-74.29049682092254,Lake
"Fulton Chain Lakes",43.7552735446446,-74.83893446950223,Lake
"Little Moose Lake",43.68076806566872,-74.53153801878895,Lake
"Cod Pond",43.51516268347042,-74.14169889078681,Lake
"Piseco Lake",43.40185183528293,-74.55275868440842,Lake
"Flatfish Pond",43.981584170381225,-74.57605917946533,Lake
"Goodnow Flowage",43.91683880266034,-74.2175166840385,Lake
"Essex Chain Lakes",43.87520859172406,-74.25424938115289,Lake
"Rock Lake",43.8294040394734,-74.33341703097176,Lake
"Spruce Lake",43.532330091606035,-74.61196250102816,Lake
"Arbutus Pond",43.987621141056024,-74.2418223328283,Lake
"Canachagala Lake",43.60406751282265,-74.90125001683839,Lake
"Panther Lake",43.679633887136255,-74.92130092737573,Lake
"Little Safford Lake",43.75922862633931,-74.96377699951154,Lake
"Jackson Pond",43.87303502702017,-74.23570034437004,Lake
"Bottle Pond",43.96354065526154,-74.60059822100553,Lake
"Lake Nancy",43.11956057393883,-74.00707396360983,Lake
"Woodward Lake",43.22510974351817,-74.20282086175294,Lake
"Seventh Lake",43.751972019651895,-74.73363061465089,Lake
"Bubb Lake",43.771953992630685,-74.85149425671084,Lake
"Chub Lake",43.82920466492356,-74.78523420608299,Lake
"Kennels Pond",43.3097622384883,-74.57275898589394,Lake
"Upper Pond",43.800173582522035,-74.70965390763496,Lake
"Big Moose Lake",43.83420987042744,-74.84231231447292,Lake
"Jackson Summit Reservoir",43.14484394278233,-74.28095260945891,Lake
"West Pond",43.92643920715794,-74.73933127972948,Lake
"Balsam Lake",43.53584326383487,-74.60066031328455,Lake
"Moose Pond",43.87543632735367,-74.08381670585028,Lake
"Second Pond",43.663154587720086,-74.08013122773846,Lake
"East Pond",43.932778959884956,-74.69380810380567,Lake
"Long Lake",44.0040068993366,-74.39887156765221,Lake
"Indian Lake",43.68108789978968,-74.33230969526133,Lake
"Lake Francis",43.7920874858111,-74.1999474312806,Lake
"Little Forked Lake",43.922519082844396,-74.59344816261152,Lake
"Elm Lake",43.542461074476336,-74.33327130928203,Lake
"Siamese Ponds",43.618609723689126,-74.18332341067162,Lake
"Echo Lake",43.49540162374564,-74.38877907637432,Lake
"Lower Sister Lake",43.878538230396714,-74.76750691968506,Lake
"Indian Lake",43.617915079728014,-74.7559858213702,Lake
"High Pond",43.92419466423606,-74.61991459530294,Lake
"Lilypad Pond",43.98132175449143,-74.71683157070478,Lake
"Woodruff Pond",43.963958592399216,-74.14602684747564,Lake
"Brooktrout Lake",43.60292097343099,-74.66289123873655,Lake
"Woods Lake",43.87005377290706,-74.95237795499948,Lake
"Nehasane Lake",43.9606695823522,-74.81195023385868,Lake
"Queer Lake",43.8109578167534,-74.79806232850574,Lake
"Sand Lake",43.35460925292751,-74.57456562629736,Lake
"County Line Flow",43.98117739339356,-74.27767688134541,Lake
"Gray Lake",43.70216916253135,-74.96383239741172,Lake
"Wilcox Lake",43.40176419421385,-74.15062402576515,Lake
"Sand Lake",43.34391462643356,-74.07000962433341,Lake
"Clear Lake",43.987257201997856,-74.92088761268461,Lake
"Perch Pond",43.98943160459749,-74.02167500930149,Lake
"Lake Eaton",43.97885752130268,-74.46599287369986,Lake
"Harrisburg Lake",43.40641328694944,-74.08115591194546,Lake
"Jockeybush Lake",43.3029575818689,-74.59248200761347,Lake
"Lake Lila",44.00362426640774,-74.75064400143944,Lake
"Salmon Lake",43.9459422001108,-74.93990425797156,Lake
"Walker Lake",43.970849966588695,-74.94350919673788,Lake
"Goodnow Pond",43.95267126385861,-74.23320161861837,Lake
"Pine Lake",43.84697115879282,-74.24936489799154,Lake
"Rock Pond",43.63109457469097,-74.30198030889342,Lake
"Upper Pond",43.866539780311854,-74.5376418101862,Lake
"Terror Lake",43.89202223570097,-74.82029103728553,Lake
"Round Pond",43.50770627991887,-74.00190602496981,Lake
"Evergreen Lake",43.39407064915768,-74.62156534845845,Lake
"Falls Lake",43.935948633949344,-74.88093531396727,Lake
"Trout Pond",43.98129138148873,-74.01015177102393,Lake
"Oxbow Lake",43.44073242283138,-74.48368048992853,Lake
"Mason Lake",43.59500075459706,-74.42316882858154,Lake
"Mohegan Lake",43.74386326858599,-74.65423886581958,Lake
"Safford Pond",43.78805045344682,-74.91256582498467,Lake
"South Pond",43.887172919354185,-74.73898639376179,Lake
"Independence Lake",43.772918394708746,-74.97888163106357,Lake
"Round Lake",43.145376691787455,-74.01197447873153,Lake
"Little Woodhull Lake",43.52971847344623,-74.9908828804192,Lake
"Little Rock Pond",43.96052317027831,-74.90981144718484,Lake
"Silver Lake",43.29456339322529,-74.42901118023708,Lake
"Cary Pond",43.94796429992221,-74.59901756721618,Lake
"Twitchell Lake",43.84988583989601,-74.88569866068063,Lake
"Lake Kora",43.742609234441424,-74.60076236139801,Lake
"Kings Flow",43.676223659698415,-74.23320291574241,Lake
"Forked Lake",43.90146356963698,-74.56922573366093,Lake
"Split Rock Pond",43.86569707814847,-74.15267579637694,Lake
"Tirrel Pond",43.88277186373847,-74.36968872647348,Lake
"Round Pond",43.67641554892078,-74.25469417126013,Lake
"Raquette Lake",43.84170185653497,-74.63570546225796,Lake
"Ireland Vly",43.15545266348963,-74.0161516920959,Lake
"Eighth Lake",43.7789690959908,-74.70242847788313,Lake
"First Lake",43.60461410285824,-74.93371512952953,Lake
"Muskrat Lake",43.633103926912646,-74.73980339726003,Lake
"Crooked Lake",43.99601854410313,-74.93752307055395,Lake
"Garnet Lake",43.524856548134956,-74.02290930459542,Lake
"Mud Pond",43.8992328087844,-74.45180026262331,Lake
"Trout Lake",43.27708861936828,-74.54177803462369,Lake
"Beaverdam Pond",43.970887840501106,-74.89692988893755,Lake
"Newcomb Lake",44.0073891477205,-74.12654875806759,Lake
"Rock Pond",43.98574693439022,-74.64192058638606,Lake
"Great Sacandaga Lake",43.276771651282374,-74.0409055255926,Lake
"Sacandaga Lake",43.491585879767996,-74.42339864930376,Lake
"Cedar River Flow",43.7128104035939,-74.47586462370002,Lake
"Fulton Chain Lakes",43.71775210266393,-74.92664861467202,Lake
"Lewey Lake",43.64186542087929,-74.39692695623759,Lake
"Green Lake",43.17586416610998,-74.50650145595564,Lake
"Hillabrandt Vly",43.1167163640251,-74.55254394596793,Lake
"Pleasant Lake",43.1885430240506,-74.59908105209396,Lake
"The Floe",43.40089835963202,-74.70337341005742,Lake
"Mud Lake",43.59284491863036,-74.6109955254506,Lake
"Saint Johnsville Reservoir",43.065524498672715,-74.55217002694228,Lake
"Ferris Lake",43.306756732305,-74.63088527899757,Lake
"Whitney Lake",43.58867786218397,-74.56344333774729,Lake
"Pine Lake",43.19814692120358,-74.51168792748692,Lake
"T Lake",43.45494697293261,-74.58192026478734,Lake
"South Lake",43.586020339856425,-74.63099139209113,Lake
"Spectacle Lake",43.23945523909336,-74.57745914600876,Lake
"Fourth Lake",43.21608343027812,-74.56532666597634,Lake
"Wilmurt Lake",43.43101676233143,-74.72474882256606,Lake
"Jones Lake",43.54895232399192,-74.77689472529069,Lake
"Ayers Lake",43.2017534800445,-74.60899099260017,Lake
"Caroga Lake",43.130826924687966,-74.48862886100953,Lake
"Metcalf Lake",43.4674669825993,-74.65929239947815,Lake
"Sampson Lake",43.57887640722748,-74.57613351628275,Lake
"Third Lake",43.22208915248253,-74.56786184347712,Lake
"G Lake",43.41356655070231,-74.63156071459512,Lake
"Rockwood Lake",43.066205752008756,-74.49883016856548,Lake
"Stoner Lakes",43.22651272564252,-74.51783841393673,Lake
"Pillsbury Lake",43.59739717027929,-74.53425892032446,Lake
"Big Rock Lake",43.4480199226156,-74.69755295653977,Lake
"Knapps Long Lake",43.24315796553894,-74.6158474340058,Lake
"Morehouse Lake",43.36308770467058,-74.67911164268288,Lake
"Long Lake",43.31348720668716,-74.71817997472922,Lake
"Vandenburgh Pond",43.11952255742102,-74.36030941104075,Lake
"Mill Creek Lake",43.41744325022288,-74.8912112179724,Lake
"East Canada Lake",43.03515987114678,-74.74878541778608,Lake
"Otter Lake",43.18840346973735,-74.49911340865715,Lake
"West Lake",43.596549051639656,-74.6345024742416,Lake
"Kyser Lake",43.06941179065343,-74.7709411226861,Lake
"Nine Corner Lake",43.19492590546813,-74.55052027069553,Lake
"Galway Lake",43.030227837048166,-74.07464514044621,Lake
"Trout Lake",43.34767938642243,-74.71265926094729,Lake
"Irving Pond",43.16586482681654,-74.47068435080034,Lake
"Canada Lake",43.15854266877974,-74.53849013459097,Lake
"Spruce Lake",43.17223634675881,-74.83974124228435,Lake
"Mountain Lake",43.10645174120268,-74.37037678317306,Lake
"Jerseyfield Lake",43.30549420583019,-74.76046149854866,Lake
"Pine Lake",43.4167551467546,-74.65536669386323,Lake
"Klondike Reservoir",43.23359835397198,-74.78183365272784,Lake
"Honnedaga Lake",43.52461595875277,-74.83274775384908,Lake
"West Lake",43.170527292501546,-74.54085203755977,Lake
"Beaver Pond",43.629016734158064,-74.55500193443257,Lake
"Butler Pond",43.37211422767877,-73.73552798685064,Lake
"Dolph Pond",43.481767823427745,-73.45143580897492,Lake
"Lake George",43.59074823798467,-73.5844220241524,Lake
"Daggett Pond",43.53779691039292,-73.84526896785488,Lake
"Flemings Pond",43.90197221152073,-73.62822007957436,Lake
"Thurman Pond",43.806780702240346,-73.79522533147446,Lake
"Rock Pond",43.85166502675023,-73.5943614474229,Lake
"Loon Lake",43.67736379860935,-73.85362124656565,Lake
"Sugar Hill Reservoir",43.911355239015016,-73.00201165216434,Lake
"Lake Lonely",43.05628324201124,-73.74072969731259,Lake
"Efner Lake",43.26625060967038,-73.92887244638668,Lake
"Brant Lake",43.711444861545864,-73.70806806836268,Lake
"Mountain Spring Lake",43.71353837938842,-73.84311141043972,Lake
"Sunset Lake",43.754525431550604,-73.27177110252778,Lake
"Bourn Pond",43.10563773702097,-73.00204766115968,Lake
"Burnt Pond",43.647635774730084,-73.73740691415686,Lake
"Great Sacandaga Lake",43.30630570770246,-73.90221149229846,Lake
"Knob Pond",43.909856730639454,-73.5949533721933,Lake
"Lake Luzerne",43.32223401214392,-73.83125851914761,Lake
"Sherman Lake",43.989516808499154,-73.53865567295067,Lake
"Sherman Lake",43.63020082457301,-73.73347832786182,Lake
"Wintergreen Lake",43.761231433869746,-73.56941039199293,Lake
"Crossett Pond",43.50143696728879,-73.58789478503718,Lake
"Fourth Lake",43.3581043001076,-73.82378591762502,Lake
"Goose Pond",43.8416468832859,-73.67784039859806,Lake
"Sunrise Lake",43.76011040930565,-73.26082508289318,Lake
"Browns Pond",43.500686983852646,-73.31251822538975,Lake
"Loughberry Lake",43.0998785003709,-73.76675381637517,Lake
"Berrymill Pond",43.81200159615968,-73.58311957627566,Lake
"Minerva Lake",43.793768672398286,-73.97474477053338,Lake
"Pharoah Lake",43.804901083618745,-73.636062433018,Lake
"Mud Pond",43.72542850405358,-73.44817452338228,Lake
"Wolf Pond",43.96230986213887,-73.93005925583327,Lake
"Big Pond",43.85706949410817,-73.82104282656964,Lake
"Lake Saint Catherine",43.47044826830602,-73.21207949667601,Lake
"Strong Swamp",43.70975434664343,-73.32295371897976,Lake
"Burr Pond",43.765331369420366,-73.18361513340085,Lake
"Barkley Pond",43.24014260750422,-73.39193139673897,Lake
"Johnson Pond",43.931029840118946,-73.69321094778586,Lake
"Hewitt Pond",43.87001763472719,-73.97646516451462,Lake
"Schroon Lake",43.78819515072774,-73.77262663184045,Lake
"Pyramid Lake",43.86869585359928,-73.64793194846192,Lake
"Kellum Pond",43.55682019279335,-73.78017112473658,Lake
"Sand Pond",43.94665198508972,-73.8993353597803,Lake
"Beaver Pond",43.74872316004726,-73.71759657799643,Lake
"Branch Pond",43.08054573439271,-73.01965707428371,Lake
"Keenan Reservoir",43.330056118277234,-73.75638731921643,Lake
"Old Marsh Pond",43.63232991374606,-73.26972594098905,Lake
"Hadlock Pond",43.42315010571428,-73.57302930826584,Lake
"Copeland Pond",43.43162561055686,-73.559177400081,Lake
"Bell Brook Pond",43.34501370917528,-73.93700309236993,Lake
"Great Sacandaga Lake",43.297312280358064,-73.96099565819588,Lake
"Black Pond",43.23084439999517,-73.93529481494205,Lake
"Lake Nebo",43.466475322977466,-73.55695608276932,Lake
"Lake Bonita",43.207368147262535,-73.7657477116112,Lake
"Crystal Lake",43.655126195981644,-73.74188126457922,Lake
"Jenny Lake",43.265921877160615,-73.91406103809545,Lake
"Smith Pond",43.301309379517065,-73.31609575707682,Lake
"Martins Pond",43.397581244220625,-73.33913838215251,Lake
"Pine Lake",43.602664607744444,-73.45982008593325,Lake
"Gooseneck Pond",43.8629675143367,-73.60345625581881,Lake
"Pack Forest Lake",43.55771361369036,-73.81265457243235,Lake
"Hunt Lake",43.259741556817545,-73.90683327200318,Lake
"Inman Pond",43.64309976152845,-73.27686084371885,Lake
"Lakes Pond",43.48261143813719,-73.5539783082121,Lake
"Lake Hortonia",43.7493031527716,-73.20917539795404,Lake
"Woodland Lake",43.21549613750701,-73.83401609553843,Lake
"Hedges Lake",43.10616031569651,-73.38246713120327,Lake
"Bass Lake",43.97608365610274,-73.67992860918854,Lake
"Horseshoe Pond",43.83132431479631,-73.80929951885497,Lake
"Glen Lake",43.6632542938992,-73.23933647766974,Lake
"Eagle Lake",43.8789462059787,-73.58864517867102,Lake
"Paradox Lake",43.88632446223212,-73.69142386896667,Lake
"Stony Pond",43.83680093946095,-73.97933405599936,Lake
"Lake Dunmore",43.90392131064899,-73.07522990513233,Lake
"Lake Desolation",43.13727344967375,-73.97171519651017,Lake
"Sly Pond",43.454976023487276,-73.59032063149165,Lake
"Chipman Lake",43.4074593068007,-73.03025511485421,Lake
"Crane Pond",43.85289254571126,-73.6526509999218,Lake
"Pine Pond",43.635569944981526,-73.19336802381883,Lake
"Loves Marsh",43.670848766361985,-73.20524026009794,Lake
"Island Pond",43.684155414540804,-73.65442485695723,Lake
"Oliver Pond",43.828149539341965,-73.90630707326451,Lake
"Lily Pond",43.70376673313303,-73.67005009874669,Lake
"Lake Bomoseen",43.65909975742587,-73.20812955669332,Lake
"Little Lake",43.43342534910904,-73.2033427373307,Lake
"Moreau Lake",43.231129756435266,-73.71133282218902,Lake
"Mill Pond",43.70433960851605,-73.28453672574273,Lake
"Valentine Pond",43.7180305628121,-73.76885041355021,Lake
"Beebe Pond",43.73445307372095,-73.18441704749902,Lake
"Glen Lake",43.364782206713855,-73.67232870439283,Lake
"Lake Lauderdale",43.08914916799331,-73.3743941719321,Lake
"Trout Lake",43.53970365162715,-73.70226989436145,Lake
"Echo Lake",43.74660303750338,-73.18199534006288,Lake
"Friends Lake",43.62541337559284,-73.84395503084896,Lake
"Fern Lake",43.867598227728955,-73.06999101788165,Lake
"Danby Pond",43.363777680213616,-73.05202827152216,Lake
"Cossayuna Lake",43.204823917189756,-73.4237492599494,Lake
"Whortleberry Pond",43.78781399776775,-73.64689915468234,Lake
"Jabe Pond",43.70471983651801,-73.53883559202973,Lake
"Cheney Pond",43.93464870799951,-73.97257975800576,Lake
"Muller Pond",43.831534173957074,-73.88980599984932,Lake
"Billings Marsh",43.60524232253229,-73.37806434984086,Lake
"Tripp Pond",43.597649592117264,-73.79573692182966,Lake
"Hinkum Pond",43.76461526371956,-73.16804425811092,Lake
"Lake Champlain",44.45768362161876,-73.31250191970456,Lake
"Hammond Pond",43.99190715455581,-73.6423128645429,Lake
"Summit Lake",43.210277834168984,-73.46401203898048,Lake
"Putnam Pond",43.83783887372874,-73.58007211014163,Lake
"Bear Pond",43.495202510797284,-73.91612494231813,Lake
"Silver Lake",43.89205526390867,-73.05176798058035,Lake
"Penfield Pond",43.90953186652115,-73.53772441301335,Lake
"Clear Pond",43.999442774364596,-73.82338262962114,Lake
"Bigsby Pond",43.83681106029916,-73.90600193165152,Lake
"Woodward Reservoir",43.5679883110645,-72.75916253911875,Lake
"Mascoma Lake",43.628386403033815,-72.14840326407177,Lake
"Echo Lake",43.47288571024779,-72.7007042336587,Lake
"Gale Meadows Pond",43.17155031714528,-72.87351842136425,Lake
"Lake Pinneo",43.652707486852975,-72.43264693315929,Lake
"Morgan Pond",43.4757437837028,-72.01810249393742,Lake
"Indian Pond",43.92925067952499,-72.04718601247349,Lake
"Eastman Pond",43.52775129067338,-72.1172823340091,Lake
"Upper Baker Pond",43.910127748166914,-71.99351353405727,Lake
"Perkins Pond",43.40916371056956,-72.11621851914626,Lake
"Rand Pond",43.317967403201344,-72.10842335769276,Lake
"Granite Lake",43.022358280890806,-72.14168597936347,Lake
"Deweys Pond",43.644138052054124,-72.40313482312534,Lake
"Lefferts Pond",43.716945479578094,-72.90188016717977,Lake
"Mountainview Lake",43.34591269960172,-72.07892216529977,Lake
"Stratton Pond",43.10460912506992,-72.96845799815934,Lake
"Kent Pond",43.676760683538504,-72.80452629535193,Lake
"Reservoir Pond",43.786487112329404,-72.04164615822044,Lake
"Star Lake",43.46110473714419,-72.0537014695868,Lake
"Ledge Pond",43.43236823421757,-72.09081734989776,Lake
"Pickerel Creek Pond",43.11495014722187,-72.0652660735617,Lake
"Lake Morey",43.92664914316151,-72.14892904390892,Lake
"Goose Pond",43.705919095779485,-72.09497355814408,Lake
"Grout Pond",43.04240025596673,-72.943548819655,Lake
"Cole Pond",43.14759988931295,-72.80619189836378,Lake
"Kolelemook Lake",43.490208232582845,-72.04188805614884,Lake
"Gilman Pond",43.29090020485915,-72.2063856527491,Lake
"Millen Lake",43.16572246137913,-72.12227199716546,Lake
"Spectacle Pond",43.602890996288835,-72.03435758544128,Lake
"Sunapee Lake",43.38016990519943,-72.05749685673734,Lake
"Black Pond",43.110236211452126,-72.02430353518542,Lake
"Chittenden Reservoir",43.73034351368347,-72.9102288190109,Lake
"Willard Pond",43.0233393580062,-72.01639520182141,Lake
"Wantastiquet Lake",43.30949316638859,-72.81704009333102,Lake
"Mill Pond",43.47222913664463,-72.39819373562489,Lake
"Minards Pond",43.14327829997968,-72.46999475020631,Lake
"Post Pond",43.82728043228055,-72.14980775019077,Lake
"Butternut Pond",43.554182773208396,-72.1277677787738,Lake
"Rockybound Pond",43.44693473419081,-72.1444474104032,Lake
"Baptist Pond",43.45129722198422,-72.08101030265381,Lake
"North Springfield Reservoir",43.34556467743637,-72.50729133782974,Lake
"Long Pond",43.18881894224941,-72.15370242443215,Lake
"Sand Pond",43.18012939144568,-72.16454313046628,Lake
"Reeds Marsh",43.891632418772716,-72.15403975115954,Lake
"Messer Pond",43.40064686073516,-72.00483777257547,Lake
"Lake Rescue",43.45183490055857,-72.70275934042631,Lake
"Lake Fairlee",43.889940379546765,-72.22550016685818,Lake
"Lake Coniston",43.44953518088819,-72.1205714370538,Lake
"Lary Pond",43.70997386584425,-72.00237041861918,Lake
"North Pond",43.24154082780807,-72.10020096841814,Lake
"Silver Lake",43.72930708753194,-72.61143426655936,Lake
"Lowell Lake",43.22491707434002,-72.76157880011709,Lake
"Halfmoon Pond",43.18336139845549,-72.08616209108062,Lake
"Amherst Lake",43.487289168828525,-72.70449708897902,Lake
"Red Leaf Pond",43.44673549412087,-72.19902417592829,Lake
"Island Pond",43.176105753313045,-72.06545617329266,Lake
"Grafton Pond",43.57858838470025,-72.03591695706426,Lake
"Stocker Pond",43.48318463515522,-72.1100654132565,Lake
"White Pond",43.1245320252034,-72.03254247397348,Lake
"Island Pond",43.070335067161096,-72.08554454787249,Lake
"Canaan Street Lake",43.66967654863595,-72.03393989197114,Lake
"Boston Lot Lake",43.66600277243359,-72.2894946458625,Lake
"Ashuelot Pond",43.160602110771904,-72.15062874332116,Lake
"Bolster Pond",43.033741210915345,-72.18645902918323,Lake
"George Pond",43.57708293288675,-72.09899149081865,Lake
"The Overflow",43.411812652298856,-72.144180276013,Lake
"Spring Lake",43.49651369973072,-72.91835022923286,Lake
"Fletcher Reservoir",43.71829672290547,-72.24527280478655,Lake
"Center Pond",43.06347425773941,-72.12749017149805,Lake
"Stoughton Pond",43.38095713982044,-72.49999343140206,Lake
"Miller Pond",43.89244731069929,-72.30677667583282,Lake
"Robb Reservoir",43.03232500238074,-72.06410682794444,Lake
"Crystal Lake",43.59847596875139,-72.08901495592472,Lake
"Little Sunapee Lake",43.43262445331962,-72.0197690132968,Lake
"Wallingford Pond",43.41490366942489,-72.90808893328845,Lake
"Lake Warren",43.11830287650402,-72.28881384089725,Lake
"North Hartland Reservoir",43.614647515134386,-72.38596592410288,Lake
"Crescent Lake",43.26829829256018,-72.25115460476047,Lake
"Otter Pond",43.43528952409784,-72.05928818631561,Lake
"Star Lake",43.41870639503378,-72.81670095315519,Lake
"Lake Abenaki",43.83364416680045,-72.23431972512812,Lake
"May Pond",43.2301884310476,-72.10818910349559,Lake
"Lake Runnenede",43.48484951986908,-72.39108359682828,Lake
"Lake Ninevah",43.46781231772273,-72.75696086194847,Lake
"Smith Pond",43.58741321481622,-72.13921172318854,Lake
"Highland Lake",43.113117001025024,-72.08907623485842,Lake
"Clark Pond",43.73172947041259,-72.06275982526606,Lake
"Cummins Pond",43.78118715491516,-72.01140860643878,Lake
"Sawyer Lake",43.45026192858567,-71.40419655231908,Lake
"Chocorua Lake",43.90290194434476,-71.23769897003058,Lake
"Gile Pond",43.351468241705845,-71.93300283111817,Lake
"Loch Lyndon",43.307918755665725,-71.96546000053358,Lake
"Hermit Lake",43.56377377669326,-71.60872483790658,Lake
"Dan Hole Pond",43.72695357714052,-71.22185943664986,Lake
"Lake Armington",43.96070527634939,-71.96757579122229,Lake
"Conner Pond",43.77747826184453,-71.23422476834513,Lake
"Craney Pond",43.14367118308306,-71.79248064420558,Lake
"Franklin Pierce Lake",43.096563508002866,-71.95627627910805,Lake
"Deering Reservoir",43.06104639849427,-71.8485926281897,Lake
"Swains Lake",43.18997715086848,-71.04131289495952,Lake
"Merrymeeting Lake",43.4897797840138,-71.15564978025947,Lake
"Little Dan Hole Pond",43.73745909626263,-71.20954783724326,Lake
"Belleau Lake",43.65235368623801,-70.99440239527556,Lake
"Pleasant Lake",43.42681338665492,-71.95385846250807,Lake
"Flaghole Pond",43.28345967047223,-71.6392643099997,Lake
"Rochester Reservoir",43.287084185106494,-71.04847988280568,Lake
"Hawkins Pond",43.6884062502962,-71.5589771632671,Lake
"Ryefield Marsh",43.6109180102262,-71.1335501274208,Lake
"Clough Pond",43.32528513940602,-71.49790072754979,Lake
"Turkey Pond",43.17605118050786,-71.58554523318155,Lake
"Jenness Pond",43.255386020140826,-71.24668015783746,Lake
"Bagley Pond",43.09955929979415,-71.99196544365923,Lake
"Hopkinton Lake",43.18314691859759,-71.716544190774,Lake
"Kilton Pond",43.5867844442639,-71.97599604513464,Lake
"Upper Suncook Lake",43.39021827262497,-71.28594439021815,Lake
"Lougee Pond",43.35933689779062,-71.31474075238935,Lake
"Clement Pond",43.21807104151612,-71.7671144504163,Lake
"Winona Lake",43.67861773125216,-71.5691152298614,Lake
"Lower Beech Pond",43.6700795616704,-71.20708496980724,Lake
"Heads Pond",43.10037323981473,-71.43789095116938,Lake
"Opechee Bay Reservoir",43.544541316032856,-71.47373102258928,Lake
"Jones Pond",43.45498103910254,-71.17326277372402,Lake
"Kezar Lake",43.363557505648295,-71.948802656031,Lake
"Barville Pond",43.790183077982405,-71.46762121156321,Lake
"Garland Pond",43.74909970100596,-71.4093270198899,Lake
"Harvey Lake",43.215054260346356,-71.21188472160229,Lake
"Todd Lake",43.27930482993469,-71.96984239582585,Lake
"Loon Lake",43.79483905115587,-71.75344827973231,Lake
"Bearcamp Pond",43.8168698339675,-71.37077313639341,Lake
"Spectacle Pond",43.709542204323704,-71.82748454631897,Lake
"Drew Lake",43.16309231027229,-71.6890631757273,Lake
"Shaws Pond",43.53426195341031,-71.14360600235341,Lake
"Sargent Lake",43.44759787336351,-71.43651995855394,Lake
"Pequawket Pond",43.972610986110425,-71.1279677246848,Lake
"Gorham Pond",43.07079754815783,-71.63439569790224,Lake
"Marchs Pond",43.46434952380867,-71.12697418024288,Lake
"Intervale Pond",43.788590651866976,-71.50808423633273,Lake
"Moores Pond",43.857493578236834,-71.20012381729151,Lake
"Cascade Marsh",43.382647700974715,-71.91850926363432,Lake
"Lake Eileen",43.477742972114605,-71.32844132816174,Lake
"Rocky Pond",43.40086428545819,-71.45478757133822,Lake
"Kimball Pond",43.08666807958453,-71.57836112276571,Lake
"Wakondah Pond",43.73522233165144,-71.47154937894013,Lake
"Tower Hill Pond",43.040111426043275,-71.37226017960236,Lake
"Wheelwright Pond",43.13723735476594,-71.00895418394057,Lake
"Mendums Pond",43.17355294496742,-71.06595010184549,Lake
"Giles Pond",43.492099048048246,-71.64767612296676,Lake
"Gilman Pond",43.50966610989459,-71.20280285608952,Lake
"Sunrise Lake",43.453795556797964,-71.07153446952736,Lake
"Crescent Lake",43.58945321893199,-71.19614579563616,Lake
"Rust Pond",43.563797471546195,-71.1698556469498,Lake
"Lake Tarleton",43.97587740998121,-71.96316187265101,Lake
"Little Squam Lake",43.718742502599795,-71.61072504692123,Lake
"Bow Lake",43.24905434227808,-71.17983037906671,Lake
"Jackson Pond",43.677468226584374,-71.58834091802893,Lake
"Lees Pond",43.740017612765826,-71.40015019243931,Lake
"Iona Lake",43.955963609869194,-71.19984350995209,Lake
"Onway Lake",43.04024327335909,-71.22239254801914,Lake
"Kingswood Lake",43.56275563271144,-71.08752403705081,Lake
"Copps Pond",43.67759985224033,-71.27742522705728,Lake
"Silver Lake",43.87129639005297,-71.17207161598247,Lake
"Hills Pond",43.48272349038922,-71.30467036702134,Lake
"Downing Pond",43.440744254569125,-71.16892886267844,Lake
"Lovell Lake",43.54509263945925,-71.00691776060404,Lake
"White Oak Pond",43.71480653632544,-71.55654477096954,Lake
"Tucker Pond",43.33821768730362,-71.80254267014557,Lake
"Round Pond",43.27746962648133,-71.04603048381009,Lake
"Little Pea Porridge Pond",43.93796174527054,-71.13384609206506,Lake
"Sunset Lake",43.47231958718107,-71.30441759725001,Lake
"Crystal Lake",43.44927626935087,-71.3157931544636,Lake
"Wild Goose Pond",43.28145367375215,-71.24351572214715,Lake
"Perch Pond",43.799917641010715,-71.59188550180296,Lake
"Mirror Lake",43.62378721922384,-71.26419300434873,Lake
"Conway Lake",43.95979688941962,-71.06082409103155,Lake
"Lake Winnepocket",43.30792114036873,-71.73797901372436,Lake
"Ossipee Lake",43.79494084637745,-71.11701451080127,Lake
"Pemingewasset Lake",43.61521497869716,-71.59383535632008,Lake
"Pleasant Pond",43.02984695747217,-71.80942371731723,Lake
"Sargents Pond",43.62398017290017,-71.19943453272131,Lake
"Blaisdell Lake",43.288912553673995,-71.93758681190461,Lake
"Whitton Pond",43.940930884714625,-71.19688414746571,Lake
"White Lake",43.839603011277674,-71.22301289583768,Lake
"Stinson Lake",43.86765926465062,-71.79977590365814,Lake
"Webster Lake",43.469800955400345,-71.68550332614446,Lake
"Lily Pond",43.569983549039584,-71.43283221224013,Lake
"Loon Lake",43.80242029572588,-71.023825143387,Lake
"The Basin",43.61961089208635,-71.28113597544825,Lake
"Marsh Pond",43.46272445967438,-71.18065226891575,Lake
"Long Pond",43.24239626500966,-71.23300353516501,Lake
"Lake Wicwas",43.614729637752035,-71.55182227251015,Lake
"North River Pond",43.19696730069128,-71.12697479924314,Lake
"Ayers Pond",43.254735156150375,-71.04528356150502,Lake
"Manning Lake",43.47813374132352,-71.3393242454189,Lake
"Huntress Pond",43.3513329787087,-71.27649509041659,Lake
"Nippo Pond",43.22251539894598,-71.08323690650579,Lake
"Red Hill Pond",43.80726389279122,-71.41535369893819,Lake
"Bear Pond",43.2342120305721,-71.80200202418686,Lake
"Upper Beech Pond",43.649426356334224,-71.20387134754881,Lake
"Knights Meadow Marsh Reservoir",43.321508819152676,-71.76140981351965,Lake
"Glen Lake",43.01753457248746,-71.58323218475975,Lake
"Lower Baker Pond",43.89138970031921,-71.9684001558222,Lake
"Kusumpe Pond",43.78743734962992,-71.49289698749641,Lake
"Tewksbury Pond",43.608718341810174,-71.96966032516319,Lake
"Everett Lake",43.10416153205488,-71.66307968299257,Lake
"Pleasant Pond",43.13015560554347,-71.82155570177378,Lake
"Abe Emerson Marsh",43.04375316556421,-71.29040103460288,Lake
"Great East Lake",43.58050292657148,-70.96183631983578,Lake
"Bradley Lake",43.41442489635859,-71.82795237075013,Lake
"Pillsbury Lake",43.28520100665134,-71.67855937693908,Lake
"Gould Pond",43.14995719794664,-71.88776667409265,Lake
"Gillan Pond",43.46445098858937,-71.338494123762,Lake
"Gregg Lake",43.03603195924642,-71.98602081617588,Lake
"Sanborn Pond",43.337706239920934,-71.38798710233516,Lake
"Duncan Lake",43.70644125397027,-71.10667775057013,Lake
"Newfound Lake",43.661407419047116,-71.76804584809572,Lake
"Highland Lake",43.4560217972426,-71.75579770830215,Lake
"Trumbull Pond",43.2930707813218,-71.75281348405812,Lake
"Shellcamp Pond",43.407427130570575,-71.41973163218836,Lake
"Willey Ponds",43.28818298541001,-71.18412683710494,Lake
"Northwood Lake",43.21605461544856,-71.26375176496316,Lake
"Elbow Pond",43.97906244165275,-71.73572444575389,Lake
"School Pond",43.53714131095095,-71.86791956358418,Lake
"Pine River Pond",43.629829391119465,-71.02612719950494,Lake
"Walker Pond",43.31456784293783,-71.68452815347216,Lake
"Hoit Road Marsh",43.29652563528973,-71.52596750020024,Lake
"Pickerel Pond",43.60023792696959,-71.51082881945368,Lake
"Lake Massasecum",43.243499854832045,-71.91326491598058,Lake
"Turtle Pond",43.25422865844948,-71.51648348565267,Lake
"Ellsworth Pond",43.87778186855526,-71.75189782641137,Lake
"Squam Lake",43.75614502491991,-71.520032750535,Lake
"Waukeena Lake",43.51765107681429,-71.89573728509333,Lake
"Lake Winnisquam",43.53221227877352,-71.51700462905352,Lake
"Little Massabesic Lake",43.012894892066285,-71.3371253355107,Lake
"Dubes Pond",43.070288714396256,-71.40165076018545,Lake
"Lake Waukewan",43.66022543508067,-71.52316091003081,Lake
"Lower Suncook Lake",43.37322336250714,-71.26859344395729,Lake
"Penacook Lake",43.22887236934946,-71.59107058037208,Lake
"Weare Reservoir",43.1017176736124,-71.78501219941079,Lake
"Chalk Pond",43.46757767744952,-71.13447941893318,Lake
"Dinsmore Pond",43.81368416036404,-71.48278194813608,Lake
"Lake Wentworth",43.5968415160984,-71.16618071237151,Lake
"Danforth Ponds",43.8246335777987,-71.10484386478466,Lake
"Lake Kanasatka",43.72540343721755,-71.45539660529013,Lake
"Long Pond",43.20278149282973,-71.81110993637586,Lake
"Brindle Pond",43.36783284702258,-71.24318170654784,Lake
"Long Pond",43.252908430111816,-71.07626360672809,Lake
"Lake Winnipesaukee",43.63341168465876,-71.35208165450591,Lake
"White Pond",43.69470294857833,-71.07937113844807,Lake
"Elbow Pond",43.45057788497789,-71.79739888564225,Lake
"Sand Brook Marsh",43.18104777009604,-71.90884148166985,Lake
"Pea Porridge Pond",43.93923014165601,-71.11943812099646,Lake
"Great Hill Pond",43.88931391278724,-71.33300956588003,Lake
"Pleasant Lake",43.19013102160551,-71.2607670758053,Lake
"Turee Pond",43.156387199660685,-71.55478253222613,Lake
"Beaver Pond",43.10956113959646,-71.32865465363078,Lake
"Knowles Pond",43.42882424320316,-71.53965035657721,Lake
"Loon Pond",43.397846915473544,-71.38317322917115,Lake
"Line Pond",43.82018439337317,-71.96485971686417,Lake
"Loon Pond",43.15738762694792,-71.94880009838296,Lake
"Governors Lake",43.05415550112203,-71.18712362904606,Lake
"Baxter Lake",43.32608780042616,-71.04449461632113,Lake
"Union Meadows",43.50748980404726,-71.02227846979139,Lake
"Lake Katherine",43.98269120024006,-71.9804842982706,Lake
"Contention Pond",43.168378670260225,-71.96548628145852,Lake
"Halfmoon Lake",43.39151492635251,-71.22909405998725,Lake
"Pawtuckaway Pond",43.09034629578129,-71.14680063433856,Lake
"Berry Pond",43.76477036066241,-71.3949729138211,Lake
"Hayes Swamp",43.139600885704745,-71.38027562585994,Lake
"Silver Lake",43.46505361667904,-71.53598999914884,Lake
"Province Lake",43.690779498509286,-70.9971446493171,Lake
"Locke Lake",43.38146524821421,-71.23509657866992,Lake
"Little Turkey Pond",43.189324668449906,-71.59598086289613,Lake
"Dundee Pond",43.78854618411798,-70.45392825104874,Lake
"Bickford Pond",43.83549884420298,-70.96948892767269,Lake
"Rock Haven Lake",43.64793112263177,-70.90825344612207,Lake
"Middle Branch Pond",43.55615669143874,-70.77596460873893,Lake
"Fairhill Swamp",43.0425512764559,-70.72350240212126,Lake
"Browns Pond",43.91242631771989,-70.72715510068801,Lake
"Highland Lake",43.763254218118135,-70.35629854659456,Lake
"Beaver Pond",43.99695474991948,-70.82385300322333,Lake
"Stanley Pond",43.83512185470789,-70.88812818535298,Lake
"Foster Pond",43.96765323670904,-70.68790728827237,Lake
"Collins Pond",43.83159786868475,-70.42527795224724,Lake
"Moose Pond",44.034684548367395,-70.8026086197025,Lake
"Little Sebago Lake",43.880016060124184,-70.41195584141579,Lake
"Peabody Pond",43.941308951929216,-70.68348600471147,Lake
"Shapleigh Pond",43.595368449456004,-70.89483965907515,Lake
"Forest Lake",43.821646979316704,-70.32791025907561,Lake
"Sebago Lake",43.862843394991515,-70.53765581306187,Lake
"Killick Pond",43.67901503084366,-70.64784074094031,Lake
"Willand Pond",43.22812515662946,-70.88955141698112,Lake
"Old Falls Pond",43.41928281801644,-70.64852964431948,Lake
"Pequawket Pond",43.91013287569488,-70.84368493721333,Lake
"Crescent Lake",43.96904978698152,-70.45654161735467,Lake
"Southeast Pond",43.88400724008359,-70.74414768535189,Lake
"Hidden Lake",43.61357807308169,-70.9413636858822,Lake
"Barker Pond",43.89744486539872,-70.75786135134193,Lake
"Clemons Pond",43.876391662190905,-70.88130414750324,Lake
"Mine Pond",43.809304454501465,-70.97935280745232,Lake
"Kennebunk Pond",43.504004556060615,-70.64932065486065,Lake
"Bonny Eagle Pond",43.69104905110652,-70.58144689190988,Lake
"Roberts Pond",43.53789654370871,-70.64409806902788,Lake
"Raymond Pond",43.971458837401336,-70.4294427576951,Lake
"Adams Pond",43.994652092527645,-70.71265146140088,Lake
"Bauneg Beg Pond",43.36401265494221,-70.7392111616575,Lake
"Crystal Lake",43.92938810149662,-70.35915233816073,Lake
"Heath Bog",43.31589071574743,-70.97218782492098,Lake
"Sand Pond",43.81955701887505,-70.68136193461294,Lake
"Parker Pond",43.99631938165286,-70.5162020988994,Lake
"Watchic Pond",43.74206513108294,-70.6114440345761,Lake
"Long Pond",44.0009560946958,-70.85619914335655,Lake
"Horne Pond",43.7720630181138,-70.68318598740427,Lake
"Boulter Pond",43.17091330622134,-70.6983509160507,Lake
"Rich Millpond",43.79407666935469,-70.57479724034752,Lake
"Perley Pond",43.967336814528046,-70.7463984862163,Lake
"Pleasant Pond",44.009864738273,-70.89085051679149,Lake
"Silver Lake",43.626361276571764,-70.82956265640975,Lake
"Sabbathday Pond",43.97631974112778,-70.35346817979442,Lake
"Loon Pond",43.50680164752002,-70.87673541942536,Lake
"Burnt Meadow Pond",43.92611977725562,-70.88778398919771,Lake
"Gate Swamp",43.28507947090905,-70.94647761917916,Lake
"Wilson Lake",43.557655917345414,-70.93854275335332,Lake
"Square Pond",43.561470938028414,-70.88533696741689,Lake
"Long Lake",44.031311103701476,-70.64862104360998,Lake
"Pickerel Pond",43.7008566657194,-70.77603308733583,Lake
"Number One Pond",43.44990999569049,-70.77762907542271,Lake
"Colcord Pond",43.84653511531966,-70.95754494861187,Lake
"Swan Pond",43.51957025706117,-70.64905666545029,Lake
"Haley Pond",43.74286730720384,-70.79916706977545,Lake
"Sokokis Lake",43.70446715308244,-70.79533167308698,Lake
"Folly Pond",43.20021813162116,-70.69495474142161,Lake
"Bellamy Reservoir",43.18544712191807,-70.95530078796982,Lake
"Mousam Lake",43.515527585228476,-70.86354991896327,Lake
"Balch Pond",43.61519827783302,-70.96958310484298,Lake
"North Mill Pond",43.08032530004109,-70.76632755455864,Lake
"Lake Murdock",43.32725287245091,-70.88016392486325,Lake
"Lovewell Pond",44.004851638079934,-70.93186904083257,Lake
"West Pond",43.75271182369804,-70.87149362164784,Lake
"Alewife Pond",43.43906842051962,-70.60539510803129,Lake
"Tuttle Swamp",43.07781359986389,-70.99235021212183,Lake
"Shaker Pond",43.50236311598393,-70.72276764063167,Lake
"Panther Pond",43.92434933006395,-70.4680003435037,Lake
"Hancock Pond",43.943122439357474,-70.74486226563805,Lake
"Bunganut Pond",43.50577225238417,-70.69995763331292,Lake
"Lake Ivanhoe",43.601081920556574,-70.98934836595278,Lake
"Wards Pond",43.7523695345309,-70.66720916051123,Lake
"Northeast Pond",43.457014246720234,-70.96110619365072,Lake
"Horn Pond",43.56225669780167,-70.96121520851632,Lake
"Spinney Creek",43.10229599733355,-70.77093100353072,Lake
"Spaulding Pond",43.38326145028014,-70.9857863015888,Lake
"Knights Pond",43.822674555147785,-70.26223679542635,Lake
"Packer Bog",43.031099723115084,-70.81552940928728,Lake
"Great Bog",43.04531401662692,-70.80512937293969,Lake
"Knights Pond",43.25692823466742,-70.7658958954715,Lake
"Granger Pond",43.95661168002661,-70.78662616230591,Lake
"Chases Pond",43.19610341528724,-70.66760786970849,Lake
"Shaker Bog",43.99532511310039,-70.37353749277894,Lake
"Pettingill Pond",43.85522971526609,-70.44548369933769,Lake
"Little Watchic Pond",43.773428939761175,-70.60765902423408,Lake
"Notched Pond",43.952320810105,-70.37811797355057,Lake
"Trickey Pond",43.942842261643484,-70.60979448247534,Lake
"Granny Kent Pond",43.61564979158443,-70.84122539419015,Lake
"Long Pond",43.75825091354747,-70.8582107142315,Lake
"Scituate Pond",43.17794111397784,-70.67618760046535,Lake
"Thomas Pond",43.919713968809894,-70.50587458870275,Lake
"Pine Springs Lake",43.61281457087836,-70.81271702040488,Lake
"Trafton Pond",43.845804408010885,-70.8917623004049,Lake
"York Pond",43.18946518936671,-70.76341231459608,Lake
"Great Pond",43.575154523749084,-70.23266420186343,Lake
"Coffee Pond",43.97851506360374,-70.49757680244977,Lake
"Lake Arrowhead",43.65824162354528,-70.74403830751127,Lake
"Black Lake",43.83018266994544,-70.91542881965,Lake
"Awcomin Swamp",43.00654643805419,-70.75144690336897,Lake
"Upper Range Pond",44.003850006217526,-70.39954536659933,Lake
"Little Ossipee Pond",43.61014606886881,-70.71043353985351,Lake
"Walden Pond",43.95268298920872,-70.76271836822976,Lake
"Town House Pond",43.43403897502028,-70.98394873598916,Lake
"Milton Pond",43.423998471048854,-70.97690794594133,Lake
"Estes Lake",43.425524955659945,-70.67534561325066,Lake
"Biscay Pond",44.001550986355745,-69.47961349779092,Lake
"Knickerbocker Lakes",43.88171949656178,-69.65128921883296,Lake
"Boyd Pond",43.93199473172683,-69.49944960279961,Lake
"Nequasset Lake",43.95069924571074,-69.77367769453788,Lake
"Webber Pond",43.99069241395312,-69.44478137902142,Lake
"Lily Pond",43.96981657113579,-69.6384081280629,Lake
"Adams Pond",43.89173807150355,-69.63145959503983,Lake
"Sewell Pond",43.86959791269986,-69.78098020187221,Lake
"Little Lake",44.42464697892896,-79.67096799387869,Lake
"Jacks Lake",44.4863203181424,-79.99727215626626,Lake
"Lake Simcoe",44.438220039208524,-79.35783570526398,Lake
"Musselman Lake",44.031080786394675,-79.27369006767545,Lake
"Wagner Lake",44.18982378425297,-79.13072299614227,Lake
"Mud Lake",44.19588346042824,-79.20423775584273,Lake
"Chalk Lake",44.02315145779551,-79.04803111620619,Lake
"Bass Lake",44.602655539641496,-79.50556653573413,Lake
"Buck Lake",44.902523104098,-79.2466271605446,Lake
"Fawn Lake",44.9176372886638,-79.25928248867163,Lake
"North Longford Lake",44.89478242106111,-79.08224411836599,Lake
"Grass Lake",44.766913449873066,-79.39102714258678,Lake
"North Muldrew Lake",44.905871220537456,-79.43608693388784,Lake
"Eastern Lake",44.80269707061569,-79.4677619817927,Lake
"Kahshe Lake",44.856348397159366,-79.26685530373469,Lake
"Lake Couchiching",44.679839227036744,-79.36551642356758,Lake
"Boot Lake",44.93259873571702,-79.00403389241845,Lake
"Cornall Lake",44.8901953235381,-79.3290453765933,Lake
"Lower Eastern Lake",44.81376238796951,-79.48944454330135,Lake
"Morrison Lake",44.87019648776406,-79.4549555732463,Lake
"Turtle Lake",44.92322569534589,-79.45059178991578,Lake
"Sunny Lake",44.910521195696724,-79.29954599713679,Lake
"Doe Lake",44.92264018656703,-79.28376904856854,Lake
"Bearpaw Lake",44.92744791677904,-79.48937297678738,Lake
"Prospect Lake",44.99264619266664,-79.13535130559377,Lake
"Loon Lake",44.921569352456146,-79.43520527140971,Lake
"Cranberry Lake",44.77171366955574,-79.05152651178479,Lake
"Bass Lake",44.87329770076894,-79.20655023991183,Lake
"Jevins Lake",44.90042953632053,-79.34802623451841,Lake
"Logan Lake",44.87612471524249,-78.98046233023946,Lake
"Long Lake",44.7899700673481,-79.48734363268404,Lake
"Dalrymple Lake",44.6435300173598,-79.12295692496163,Lake
"Lake St. George",44.73306946132808,-79.37685756987284,Lake
"Middle Muldrew Lake",44.899128620229654,-79.4428798016731,Lake
"Browns Lake",44.945057178548524,-79.00053121470268,Lake
"Robinson Lake",44.83699852812252,-79.0999714083779,Lake
"Uley Lake",44.785689895297985,-79.07441612644146,Lake
"Carp Lake",44.79878755613566,-79.06129510043343,Lake
"Lake St. John",44.68934517601418,-79.32334217930982,Lake
"Cabin Lake",44.94518517201256,-79.09713726747415,Lake
"Deer Lake",44.78432273711562,-79.08717128153307,Lake
"Raven Lake",44.787987412203535,-79.0629372221159,Lake
"Mud Lake",44.66642814490878,-79.29728629816192,Lake
"Long Lake",44.96161918982993,-79.13019383294036,Lake
"Buck Lake",44.77082709784626,-79.41733289826111,Lake
"South Muldrew Lake",44.88561233863735,-79.42822448047517,Lake
"Canal Lake",44.57001642418966,-79.04161374817055,Lake
"Ben Lake",44.89146461648202,-79.20452047208263,Lake
"Riley Lake",44.83534551516449,-79.18193351373284,Lake
"Three Mile Lake",44.88596874184619,-79.26680823931079,Lake
"Little Lake",44.89290233834275,-79.46841522081597,Lake
"Sparrow Lake",44.82123736284776,-79.40000929112078,Lake
"Clearwater Lake",44.80782848007687,-79.24212476334358,Lake
"Barkway Lake",44.89961144007638,-79.16523916486362,Lake
"South Longford Lake",44.88167815792724,-79.07665366004217,Lake
"Young Lake",44.712321626983496,-79.1581015111859,Lake
"Cranberry Lake",44.576579256817105,-79.09106480983073,Lake
"Moose Lake",44.848498549946676,-79.4123359951371,Lake
"Swamp Lake",44.981756467871975,-79.0126705810637,Lake
"Gull Lake",44.915971065325664,-79.3514819898164,Lake
"Silver Lake",44.90187194548057,-79.31757198883143,Lake
"Pine Lake",44.94110999619683,-79.45558739086555,Lake
"Spence Lake",45.002754713229535,-79.28114743132282,Lake
"Pigeon Lake",44.97208242168545,-79.47175192836735,Lake
"Deer Lake",44.960644659871114,-79.4595462511436,Lake
"Spence Lake",44.98901325993416,-79.25493950481857,Lake
"Long Lake",44.80950315927985,-78.90824991169809,Lake
"Mitchell Lake",44.57587615776353,-78.94637650789299,Lake
"Oak Lake",44.748074067691974,-78.86983099983925,Lake
"Cranberry Lake",44.80544295248075,-78.88051509821355,Lake
"Sickle Lake",44.9682467476047,-78.96239461011594,Lake
"Brush Lake",44.722152100919594,-78.97575483513975,Lake
"Fisher Lake",44.911602921303285,-78.92803739400243,Lake
"Mitchell Lake",44.561746430127904,-78.9562750013954,Lake
"Scrabble Lake",44.8206277156718,-78.86497942635616,Lake
"Smudge Lake",44.82077267456237,-78.95900071134722,Lake
"Raven Lake",44.62030605468292,-78.91573209311032,Lake
"Upper Andrews Lake",44.93386509196015,-78.95488875479398,Lake
"Snake Lakes",44.91119682821964,-78.89650578621678,Lake
"Big Duck Lake",44.90243859492473,-78.95872817667372,Lake
"Victoria Lake",44.85990214742569,-78.90089817713388,Lake
"Snake Lakes",44.89009822925331,-78.8803178840279,Lake
"Clear Lake",44.811752272569144,-78.86170275416028,Lake
"Crooked Lake",44.824558355114796,-78.91201497461233,Lake
"Talbot Lake",44.69666137668112,-78.85174809747518,Lake
"Millward Lake",44.92362112390653,-78.88182490206772,Lake
"Rainy Lake",44.946081497818064,-78.91214355157818,Lake
"Fishog Lake",44.78061886201492,-78.88511947612211,Lake
"Wolf Lake",44.860356840630345,-78.91920423335286,Lake
"Andrews Lake",44.95123370076894,-78.97607173915921,Lake
"Big Trout Lake",44.928019228846225,-78.92444181430227,Lake
"Coburn Lake",44.80733933509621,-78.84623821045463,Lake
"Pauper Lake",44.99648210881169,-78.91514508513369,Lake
"Kirkfield Lake",44.58587643867311,-78.96891228970239,Lake
"Duck Lake",44.67469067891685,-78.95712695036988,Lake
"Thrasher Lake",44.91688220675616,-78.98428201755925,Lake
"Murphy Lake",44.9285746505754,-78.97459976584474,Lake
"Head Lake",44.73490916512728,-78.91271753520539,Lake
"Crotchet Lake",44.961696122560255,-78.93263206319726,Lake
"Circlet Lake",44.90842872876401,-78.98038659293127,Lake
"Perch Lake",44.7000446629461,-78.89093298764105,Lake
"Rush Lake",44.715378282617245,-78.93080113389722,Lake
"Red Boat Lake",44.79903141711205,-78.86349113106198,Lake
"Jordan's Lake",44.85223012732521,-78.90386931961503,Lake
"Brough Lake",44.96277373392799,-78.09932417875449,Lake
"Auger Lake",44.997350185096046,-78.04716160825946,Lake
"Chandos Lake",44.80517035949827,-77.99376881162466,Lake
"Colbourne Lake",44.99982102192364,-78.13593877550191,Lake
"Lasswade Lake",44.774124738402925,-77.99784196971551,Lake
"Silent Lake",44.90922121308517,-78.05738132729684,Lake
"Clydesdale Lake",44.82825306370054,-78.02753665554174,Lake
"Little Tallan Lake",44.830202705500554,-78.04702950572938,Lake
"Long Lake",44.57133965041984,-77.99052773051828,Lake
"Paudash Lake",44.966872436068144,-78.03642382029132,Lake
"Tallan Lake",44.845244449811695,-78.05279870084554,Lake
"Monck Lake",45.00289743020188,-78.10947169344476,Lake
"Lake Scugog",44.151454733672246,-78.90446637906605,Lake
"Lake Scugog",44.2182374227123,-78.79920480520943,Lake
"Lake Scugog",44.21453553272604,-78.92216006306055,Lake
"Little Gull Lake",44.842528429051775,-78.80939552591767,Lake
"Hadlington Lake",44.904596866383585,-78.27237512210768,Lake
"South Beaver Lake",44.78266241698313,-78.77830863411535,Lake
"Leaf Lake",44.985148352558895,-78.34417301237808,Lake
"Kashagawigamog Lake",44.99741133078496,-78.5877809026793,Lake
"Tory Lake",44.965026147036276,-78.2683811683419,Lake
"Bow Lake",44.84904359687808,-78.56414741385173,Lake
"Black Lake",44.81803306125725,-78.82309098752562,Lake
"Salerno Lake",44.85928677815456,-78.49436282211843,Lake
"Contau Lake",44.88723143281603,-78.43514103281812,Lake
"Duck Lake",45.00328757153897,-78.64808447915078,Lake
"Pockett Lake",44.97124824360951,-78.55632212657343,Lake
"Horseshoe Lake",44.86403851748393,-78.38962269251729,Lake
"Silver Lake",44.68513120316778,-78.79854191525044,Lake
"North Pigeon Lake",44.88115353059285,-78.77615980931509,Lake
"Salmon Lake",44.81632501082307,-78.44396018800647,Lake
"Beechnut Lake",44.74082948376026,-78.84857800040916,Lake
"Little Bob Lake",44.876084106209035,-78.78615971434878,Lake
"Birchbark Lake",44.80092987065599,-78.57212586776097,Lake
"North Beaver Lake",44.84667396683141,-78.7178502424026,Lake
"Mountain Lake",44.98323183446987,-78.70989897629228,Lake
"Stormy Lake",44.97532917803984,-78.40815595675909,Lake
"Goose Lake",44.586063981273874,-78.76066525393797,Lake
"Union Lake",44.79372259533933,-78.53342181998843,Lake
"Cedar Lake",44.812260889805025,-78.79261072801222,Lake
"Denna Lake",44.866013421462846,-78.7427871170613,Lake
"Blue Hawk Lake",45.00191334207067,-78.45047934505646,Lake
"Miserable Lake",44.91697734495866,-78.55888506707548,Lake
"Bob Lake",44.91292761777622,-78.78726131141197,Lake
"McCue Lake",44.968528248516826,-78.2838942398198,Lake
"Corben Lake",44.77003839435157,-78.73840398132774,Lake
"South Lake",44.91013051641447,-78.68568430973963,Lake
"Minden Lake",44.95682619854704,-78.69552849226739,Lake
"Devil's Lake",44.86904250076583,-78.83653653151067,Lake
"Lochlin Lake",44.95793786797296,-78.51153672547022,Lake
"Crego Lake",44.77412031637503,-78.71069137908172,Lake
"Beer Lake",44.93376809060244,-78.80981279736618,Lake
"North Otter Lake",44.89255908463512,-78.81125061490846,Lake
"Plewman Lake",44.860676088942135,-78.70854359917286,Lake
"West Moore's Lake",44.784112680326665,-78.83129953624542,Lake
"Balsam Lake",44.590389618799556,-78.83834990688746,Lake
"Davis Lake",44.79213001921316,-78.71055947474392,Lake
"Howland Lake",44.83881627021196,-78.69012354830546,Lake
"Sheldon Lake",44.85053803205668,-78.84422386357855,Lake
"Kawartha Lakes",44.55326374467907,-78.76124509614934,Lake
"Little Glamor Lake",44.97695359576769,-78.36844082225518,Lake
"Billings Lake",44.93302139939612,-78.36748083377572,Lake
"Minnicock Lake",44.99783693970448,-78.40113055191587,Lake
"Bark Lake",44.93154457149397,-78.46918458901224,Lake
"Adams Lake",44.9842122379971,-78.17485451061539,Lake
"Shadow Lake",44.71380446880373,-78.79428661087081,Lake
"McCaslim Lake",45.003544478980864,-78.34170997700156,Lake
"Glamor Lake",44.96128930289184,-78.37130915107498,Lake
"Trooper Lake",44.88779467483793,-78.35097804426438,Lake
"Sam's Lake",44.80901470581433,-78.77561095349787,Lake
"Moore Lake",44.79709277471423,-78.8018668335532,Lake
"Monrock Lake",44.969386167947526,-78.19820226832002,Lake
"Tamarack Lake",44.884392977224365,-78.3722592114136,Lake
"Canning Lake",44.93701849436926,-78.65125436130889,Lake
"Four Mile Lake",44.6828672670717,-78.73658938079842,Lake
"Bat Lake",44.93453247057065,-78.68437096448103,Lake
"Buckskin Lake",44.95926053971821,-78.19347693565899,Lake
"White Lake",44.82939643401562,-78.47627550744774,Lake
"Fortescue Lake",44.83724581499552,-78.44132250199266,Lake
"Clear Lake",44.80938545272725,-78.76304314529823,Lake
"Gooderham Lake",44.91270097084155,-78.38516717127465,Lake
"Rotten Lake",44.4563347846744,-78.01509891947691,Lake
"Long Lake",44.46242401871299,-78.16974174218952,Lake
"Fair Lake",44.694840437326285,-78.22146219718007,Lake
"Upper Monmouth Lake",44.931666231770485,-78.21615504151377,Lake
"Picard Lake",44.77726254454084,-78.38473172660835,Lake
"Loon Call Lake",44.74137168772056,-78.14887911182016,Lake
"Kawartha Lakes",44.55299485385515,-78.27905950609504,Lake
"Coon Lake",44.60791851351826,-78.19943912379355,Lake
"Lavery Lake",44.6601896472447,-78.46690120860966,Lake
"Buzzard Lake",44.6675102247284,-78.20680562662795,Lake
"Farrel Lake",44.94546298045159,-78.09156063692218,Lake
"Shark Lake",44.63562927138902,-78.20511385629528,Lake
"Copper Lake",44.790499536143955,-78.16708261903763,Lake
"Crab Lake",44.72365598607092,-78.19174906729926,Lake
"Lower Monmouth Lake",44.900849881380886,-78.20311045668129,Lake
"Stoplog Lake",44.65217236918511,-78.23019647917049,Lake
"Turtle Lake",44.65216036001824,-78.24909408990837,Lake
"Vixen Lake",44.648609192943645,-78.20789762002167,Lake
"Poplar Lake",44.70785193159613,-78.2381971339851,Lake
"Cox Lake",44.68813738004596,-78.25275940045077,Lake
"Galloway Lake",44.80303194366873,-78.38005105411415,Lake
"Long Lake",44.68869348617759,-78.17532619189942,Lake
"Emily Lake",44.45014117073698,-78.57356670285449,Lake
"Clanricarde Lake",44.83390857030675,-78.1539123158494,Lake
"Julian Lake",44.59511001315435,-78.14701507172605,Lake
"De Gaulle Lake",44.669982683483305,-78.48521318225987,Lake
"Bottle Lake",44.76614186393866,-78.28409094104055,Lake
"Eels Lake",44.89580232775331,-78.1341736201483,Lake
"Wolf Lake",44.739109959036284,-78.17997457356476,Lake
"Goose Lake",44.420843788884454,-78.86433889906972,Lake
"Mountain Lake",44.693619698866755,-78.36130118752885,Lake
"McGee Lake",44.646233135688234,-78.17059305700515,Lake
"Apsley Lake",44.75978265387583,-78.06959231985186,Lake
"Rathbun Lake",44.77926003962003,-78.20444747021273,Lake
"Cloudy Lake",44.68463667193029,-78.29040786830954,Lake
"Big Cedar Lake",44.60677639019558,-78.1734188685669,Lake
"Red Lake",44.72182157759141,-78.2205141778819,Lake
"Little Anstruther Lake",44.82496439903554,-78.15665093183961,Lake
"Concession Lake",44.67939180704265,-78.47691551689888,Lake
"Sucker Lake",44.766081018609064,-78.2560887708769,Lake
"Kawartha Lakes",44.55935443989024,-78.2326284163738,Lake
"Moore Lake",44.49091585713226,-78.27117296672733,Lake
"Crane Lake",44.643422198692456,-78.2851870289363,Lake
"North Rathbun Lake",44.793077530023915,-78.21454688346886,Lake
"Jack Lake",44.69597602732867,-78.0332050858582,Lake
"Higgins Lake",44.872398148346086,-78.16402606112025,Lake
"Anstruther Lake",44.7464440571095,-78.20982298038774,Lake
"Clear Lake",44.502663890296866,-78.20685544798808,Lake
"North Pencil Lake",44.8828093340266,-78.2680975132492,Lake
"Little Jack Lake",44.662430575236705,-78.01662927656099,Lake
"Serpentine Lake",44.801118431764976,-78.1794482872322,Lake
"Agate Lake",44.67582532694974,-78.2747683362824,Lake
"Sandy Lake",44.54111628172657,-78.40544623360564,Lake
"Bolger Lake",44.67926429677304,-78.1586046399526,Lake
"Nogies Lake",44.81611272679617,-78.46571411389934,Lake
"Little Long Lake",44.68031356814523,-78.14735678913804,Lake
"Chemong Lake",44.33341813352026,-78.45815074403905,Lake
"Loom Lake",44.74436568450405,-78.46310560131244,Lake
"Elm Lake",44.6663578757165,-78.17673769957503,Lake
"Loucks Lake",44.680546581016316,-78.22437429018947,Lake
"Bass Lake",44.671761114882415,-78.53603311435775,Lake
"Pencil Lake",44.80759742735956,-78.35168530921763,Lake
"St. Croix Lake",44.75766642764488,-78.43500259369632,Lake
"North Eels Lake",44.95988134013149,-78.12966807061873,Lake
"Alder Lake",44.86793996159925,-78.14715984417796,Lake
"Kawartha Lakes",44.46094463140885,-78.25568680189772,Lake
"Greens Lake",44.79121483555528,-78.37208431017929,Lake
"Monmouth Lake",44.90814041714147,-78.19391574177386,Lake
"Crystal Lake",44.7608494756967,-78.48441994942037,Lake
"Lake on the Mountain",44.03442179134117,-77.05867312919779,Lake
"Fish Lake",44.09518509433218,-77.17651817022185,Lake
"Roblin Lake",44.058328052103164,-77.42500584335258,Lake
"Cashel Lake",44.91534025312638,-77.54688003324817,Lake
"Second Lake",44.8690383708527,-77.76815718680822,Lake
"Round Lake",44.499690804411145,-77.86899964629764,Lake
"Lucid Lake",44.936516664193306,-77.5086977642555,Lake
"Crowe Lake",44.48055932246036,-77.74507956320976,Lake
"Steen Lake",44.77871573270298,-77.78983608693336,Lake
"Ross Lake",44.3223653222341,-77.45965206400876,Lake
"Aryhart Lake",44.98561761431946,-77.93198587816191,Lake
"Snow Lake",44.853603282619,-77.88265877880372,Lake
"Copeway Lake",44.74216996116247,-77.80008586120951,Lake
"Steenburg Lake",44.824934052658,-77.68246420950673,Lake
"Stevenson Lake",44.27484270727339,-77.9107724342697,Lake
"Little Lake",44.04624835278835,-77.82538330900655,Lake
"Sweets Lake",44.87784057107186,-77.73864948923202,Lake
"West Twin Lake",44.64470898828029,-77.88868940031112,Lake
"Lavallée Lake",44.94112747553211,-77.93463412215331,Lake
"Glanmire Lake",44.76385656128645,-77.64732612027919,Lake
"Spring Lake",44.918092043160485,-77.7122122917913,Lake
"Big Burnt Lake",44.71474448358008,-77.75397028235044,Lake
"Rylstone Lake",44.42108303528472,-77.7063131305126,Lake
"Methuen Lake",44.71845017708111,-77.90829586416369,Lake
"Wadsworth Lake",44.84905783170757,-77.57446358141935,Lake
"Brooks Lake",44.87237187021509,-77.77200610150032,Lake
"North Lake",44.89280641137717,-77.93637592050132,Lake
"Oak Lake",44.26939883236448,-77.52031911385548,Lake
"Gunter Lake",44.8999385023378,-77.53733685707161,Lake
"Blue Sea Lakes",44.96132404885897,-77.61760817852486,Lake
"Sandy Lake",44.67559035903021,-77.89126512990963,Lake
"Twin Sister Lakes",44.58945644955602,-77.76013142606534,Lake
"White Lake",44.44333576866003,-77.45612369650274,Lake
"Robinson Lake",44.91029863591461,-77.71786516869693,Lake
"Dixon Lake",44.94408567233142,-77.61208051139259,Lake
"Kasshabog Lake",44.62710519529045,-77.95894911140238,Lake
"Seymour Lake",44.3861220236245,-77.83272235441986,Lake
"Belmont Lake",44.491486604017766,-77.83018243046565,Lake
"Coe (Island) Lake",44.99115435369856,-77.91497812626648,Lake
"Mud Turtle Lake",44.6414465138662,-77.78934966012068,Lake
"Tremur Lake",44.103718057526216,-77.62690082290824,Lake
"Horse Lake",44.9226177919723,-77.5143550125162,Lake
"Twin Sister Lakes",44.59776379127699,-77.74968437496558,Lake
"The Twins",44.9589896955955,-77.93008048224074,Lake
"Mephisto Lake",44.93248176755242,-77.5772295199176,Lake
"South Lake",44.57579511318687,-77.9400741458528,Lake
"Mountain Lake",44.91181520835887,-77.98241828471564,Lake
"Freen Lake",44.756931588811916,-77.74784592712686,Lake
"Sanford Lake",44.92862469172201,-77.50580612889846,Lake
"Urbach Lake",44.83085532290882,-77.8080554432228,Lake
"Chain Lakes",44.95472331654689,-77.65747506912737,Lake
"Henderson Lake",44.81008622908017,-77.79339388055256,Lake
"Lost Lake",44.558193334064875,-77.85159655397933,Lake
"Barrette Lake",44.679148901392516,-77.9419341759139,Lake
"Dark Lake",44.922137602070606,-77.59644377032834,Lake
"Brinklow Lake",44.899385201586554,-77.72253871432652,Lake
"Sams Lake",44.630059479995836,-77.90847659289095,Lake
"Finnegan Lake",44.87260835016241,-77.80763859869637,Lake
"Castoroil Lake",44.80100631399931,-77.84917161401384,Lake
"Lighthouse Lake",44.83685597405466,-77.76060762896822,Lake
"Gilroy Lake",44.81340353116711,-77.88040851236465,Lake
"Wollaston Lake",44.838569381950514,-77.83994366677271,Lake
"Twomile Lake",44.91242806696633,-77.66286567793301,Lake
"Little Burnt Lake",44.742427044733866,-77.72557280204786,Lake
"Oak Lake",44.600831424526795,-77.91148598940636,Lake
"Peter Lake",44.866128349918355,-77.79505640576077,Lake
"Big Mountain Lake",44.635193252167014,-77.98761767529258,Lake
"Hinchcliffe Lake",44.88586265806019,-77.5444861999278,Lake
"Laundry Lake",45.00055738947287,-77.9212299436403,Lake
"Bald Lake",44.91977954587414,-77.81405534086994,Lake
"Cordova Lake",44.57324021482226,-77.82545326017005,Lake
"Little Sugarbush Lake",44.711047978173575,-77.96271865594757,Lake
"Sugarbush Lake",44.724581269412205,-77.9496446722371,Lake
"Bow Lake",44.69299874110514,-77.9921240002685,Lake
"Joeperry Lake",44.91111197155683,-77.29287191973599,Lake
"Partridge Lake",44.82225178930857,-77.32514852172831,Lake
"Lingham Lake",44.76507090326891,-77.42066968946779,Lake
"Deerock Lake",44.736119598963576,-77.25967831755548,Lake
"Wolf Lake",44.694859384208684,-77.53275526165315,Lake
"Stoco Lake",44.47663351590704,-77.28885188732684,Lake
"Whitefish Lake",44.906793196535226,-77.40519257307831,Lake
"Shirtcliff Lake",44.590451507690716,-77.12800965576652,Lake
"Moira Lake",44.48962798306553,-77.45049347101448,Lake
"Pearson Lake",44.89966158341544,-77.27685611987688,Lake
"Rainy Lake",44.898322062985336,-77.33035400040875,Lake
"Eldorado Lake",44.58625730436288,-77.50734415522535,Lake
"Pringle Lake",44.86622484519551,-77.22390837591092,Lake
"Dry Lake",44.42491749891531,-77.1037395485419,Lake
"Haley Lake",44.546017903331,-77.13607767251872,Lake
"Quinlan Lake",44.694591712036726,-77.4933097313558,Lake
"Upper Partridge Lake",44.94833274770405,-77.48730633847094,Lake
"McKnight Lake",44.7079304710523,-77.36182603887283,Lake
"Jarvis Lake",44.51198979744333,-77.56882935801109,Lake
"Jordan Lake",44.77876717411069,-77.63009725713418,Lake
"Raccoon Lake",44.61363940156277,-77.11145237430397,Lake
"Otter Creek Lakes",44.64000114029573,-77.0833430425782,Lake
"Grimsthorpe Lake",44.87376885930552,-77.39622591623412,Lake
"Little Merrill Lake",44.911419591437124,-77.39367678072644,Lake
"Killer Lake",44.88405605172126,-77.3283318039003,Lake
"Canniff Lake",44.79372148889337,-77.35977200378544,Lake
"Hazzard Lake",44.57204833015163,-77.4657382392066,Lake
"Mellon Lake",44.57026954777898,-77.09247981024694,Lake
"Silva Lake",44.86616402864933,-77.4660096304929,Lake
"Boundary Lake",44.89889878381895,-77.4342286567505,Lake
"Lime Lake",44.40837459630316,-77.10797451257126,Lake
"Skootamatta Lake",44.83896366917191,-77.26226170148112,Lake
"Dafoe Lake",44.93927564836841,-77.45036790310945,Lake
"Topper Lake",44.827682130520145,-77.26954450854664,Lake
"Robinson Lake",44.68639892922285,-77.50417932764572,Lake
"Drag Lake",44.44526215709296,-77.3936008737052,Lake
"Sheldrake Lake",44.81774747085907,-77.282741778793,Lake
"Merrill Lake",44.923881265489456,-77.4005557854096,Lake
"Calpin Lake",44.530595502242875,-77.08394933934673,Lake
"Story Lake",44.80630635065204,-77.17709452827089,Lake
"Beaver Lake",44.49858481596444,-77.03222209263971,Lake
"White Lake",44.45901686318013,-77.05217656670283,Lake
"Kennebec Lake",44.737403646160885,-76.9628265535932,Lake
"Cranberry Lake",44.66112684158787,-76.99717796227543,Lake
"Sheffield Long Lake",44.59535448883753,-77.00970662486091,Lake
"Little Cranberry Lake",44.47715377200618,-76.26045698981663,Lake
"Loughborough Lake",44.38667632136252,-76.52233827877757,Lake
"Cranesnest Lake",44.46112235721734,-76.32522931299177,Lake
"Darling Lake",44.47615887029049,-76.53853405717939,Lake
"Newboro Lake",44.630210637490634,-76.31910433130369,Lake
"Christie Lake",44.60274050660345,-76.47189841760056,Lake
"Little Clear Lake",44.55239065653434,-76.50350290288294,Lake
"Deline Lake",44.482964778543604,-76.55245940781141,Lake
"Dog Lake",44.4243567287378,-76.34654954412315,Lake
"Little Lake",44.61355181498215,-76.25643851101559,Lake
"Draper Lake",44.482139768216264,-76.51376917162628,Lake
"South Otter Lake",44.498364424041846,-76.54803497105097,Lake
"Buck Lake",44.53005990253534,-76.46294157831228,Lake
"Little Salmon Lake",44.5416375984806,-76.51841180069523,Lake
"Leo Lake",44.44537468740838,-76.27970401353487,Lake
"Colonel By Lake",44.30957036568585,-76.4293950399914,Lake
"Loughborough Lake",44.44801390532331,-76.41398346718029,Lake
"Buck Lake",44.529364166676906,-76.443817356931,Lake
"Charleston Lake",44.515102962722,-76.02578693806882,Lake
"Stonehouse Lake",44.50786529367279,-76.41959757886143,Lake
"Mica Lake",44.4627035508387,-76.54439542288777,Lake
"Opinicon Lake",44.55924057570772,-76.32779338560577,Lake
"Miner Lake",44.577543110092776,-76.57279081898385,Lake
"Lower Rock Lake",44.51776903908891,-76.36916616735625,Lake
"Gananoque Lake",44.447162884003134,-76.15204903544912,Lake
"Pollywog Lake",44.55870940478075,-76.43608550740583,Lake
"Benson Lake",44.58796754435136,-76.35798094826723,Lake
"Cranberry Lake",44.43520767636952,-76.31062527704817,Lake
"Upper Awada Lake",44.45480042430187,-76.47711745950116,Lake
"Grippen Lake",44.50632271502401,-76.15667067241631,Lake
"Traverse Lake",44.496070177142556,-76.2968427724441,Lake
"Devil Lake",44.58485116970911,-76.45617032085269,Lake
"Indian Lake",44.591715336207784,-76.32794141019197,Lake
"Red Horse Lake",44.519200997279455,-76.09344428721101,Lake
"Slide Lake",44.51715716667706,-76.48392207965195,Lake
"Kingsford Lake",44.566517805093284,-76.53725735117271,Lake
"Little Long Lake",44.56091705592966,-76.08836589407383,Lake
"Birch Lake",44.54910999116839,-76.5415385218593,Lake
"Garter Lake",44.607892045705896,-76.54760551902662,Lake
"Green Lake",44.56772561487398,-76.0429590484092,Lake
"Cronk Lake",44.46391930511964,-76.56494465359188,Lake
"Sand Lake",44.559957959701165,-76.59083975239565,Lake
"Upper Beverley Lake",44.621906055645184,-76.08034025830842,Lake
"Lower Beverley Lake",44.591963186656,-76.14527883405869,Lake
"Doe Lake",44.499101876088346,-76.53840577978866,Lake
"Mud Lake",44.513546189073956,-76.27935644176294,Lake
"Little Mud Lake",44.489169783457555,-76.26012781656638,Lake
"Holleford Lake",44.504183954875856,-76.60161420333655,Lake
"Bear Lake",44.49558013187942,-76.49871620412098,Lake
"Lime Lake",44.465537205168644,-76.1256091232806,Lake
"Hart Lake",44.533163004133854,-76.330280320733,Lake
"Guerley Lake",44.48137887448659,-76.36163305438191,Lake
"Crow Lake",44.60200583469075,-76.42338524436634,Lake
"Killenbeck Lake",44.50098304417605,-76.05423926507119,Lake
"Canoe Lake",44.58839826243427,-76.54969845175357,Lake
"Lyndhurst Lake",44.54778463620448,-76.11642145028598,Lake
"Long Lake",44.49265945394723,-76.0813478905368,Lake
"Desert Lake",44.539165836055446,-76.59233027627003,Lake
"Mosquito Lake",44.60250146476811,-76.36787393892043,Lake
"Sand Lake",44.56625010090423,-76.26395878559649,Lake
"Lucky Star Lake",44.12916822318347,-76.10265894086524,Lake
"Knowlton Lake",44.457104127472306,-76.61288459810606,Lake
"Singleton Lake",44.521403229059445,-76.1141548593882,Lake
"Little Franklin Lake",44.48701711897261,-76.48309162957919,Lake
"Eel Lake",44.55609936936506,-76.5591967575389,Lake
"South Lake",44.43635454316157,-76.21681622773978,Lake
"Troy Lake",44.52113349703604,-76.26385369553648,Lake
"Bass Lake",44.57044191644539,-76.07040215437428,Lake
"Davis Lake",44.51264226721333,-76.44055047617253,Lake
"Mud Lake",44.48843348164646,-76.49806473526927,Lake
"Clear Lake",44.605736878694444,-76.31514113299286,Lake
"Whitefish Lake",44.515430727618785,-76.23336694904528,Lake
"Elbow Lake",44.47460720364093,-76.4263893293373,Lake
"Labelle Lake",44.540318453816624,-76.47245315011973,Lake
"Fishing Lake",44.47499834584115,-76.39647599766309,Lake
"Indian Lake",44.47228573271403,-76.50512386383036,Lake
"Upper Rock Lake",44.498885094287004,-76.41061336699161,Lake
"Deans Pond",44.539595117754935,-76.22335059546135,Lake
"Horseshoe Lake",44.48829242866545,-76.32209212560005,Lake
"Loon Lake",44.61212070030746,-76.38998277402827,Lake
"Higley Lake",44.50772235689941,-76.06099463971047,Lake
"Round Lake",44.414818867242985,-76.42988532609276,Lake
"Brewer Lake",44.40927215217656,-76.32386504925198,Lake
"Crow Lake",44.53174069744297,-76.3145438967102,Lake
"Pearkes Lake",44.49526014806694,-76.55589760749756,Lake
"Big Clear Lake",44.553839144040886,-76.46382162733894,Lake
"Big Salmon Lake",44.5394075619737,-76.500089671511,Lake
"North Otter Lake",44.50648086810938,-76.56818308332466,Lake
"Poole Lake",44.52962463408287,-76.39063365082185,Lake
"Hinge Lake",44.52412338886363,-76.42405553855697,Lake
"Wallbridge Lake",44.707214024002006,-76.99052301589225,Lake
"Rock Lake",44.8191649351619,-76.87480315386759,Lake
"Napanee Lake",44.442092982984875,-76.73065542759741,Lake
"Little Long Lake",44.457168103872405,-76.5686677211894,Lake
"Inverary Lake",44.3956594396944,-76.4460902658582,Lake
"St. Andrew Lakes",44.611786991225465,-76.66824798897272,Lake
"Little John Lake",44.51449301499785,-76.62759109204949,Lake
"Odessa Lake",44.31692054922416,-76.69011676877987,Lake
"Hambly Lake",44.47096925483581,-76.68199348117716,Lake
"Echo Lake",44.60680158059007,-76.77366095864934,Lake
"White Lake",44.60499496297286,-76.6122062451189,Lake
"Collins Lake",44.36104429719786,-76.46528338680443,Lake
"Big Marl Lake",44.70147206145771,-76.97483480365152,Lake
"Spring Lake",44.482481952586255,-76.66426158241384,Lake
"First Depot Lake",44.50231454645134,-76.74809763999667,Lake
"Bitch Lake",44.638610001294374,-76.90928244426696,Lake
"Gull Lake",44.58914680224667,-76.99144765366576,Lake
"Fourth Depot Lake",44.59120850911114,-76.79024908503902,Lake
"Fifth Depot Lake",44.606312336509674,-76.86520111025838,Lake
"Thirty Island Lake",44.569233943170964,-76.60428128377185,Lake
"Thirteen Island Lake",44.540611656955676,-76.62486340892151,Lake
"Gould Lake",44.476237928169546,-76.57625464317229,Lake
"Loon Lake",44.57946523751624,-76.81043718019005,Lake
"Cox's Lake",44.76795876712238,-76.8756637203396,Lake
"Garrison Lake",44.73144594734518,-76.94641861536185,Lake
"Norway Lake",44.59898836936313,-76.94271466737916,Lake
"Bull Lake",44.68738667901282,-76.97394432629801,Lake
"Barretts Pond",44.526881154419826,-76.93147980768903,Lake
"Camden Lake",44.42705786120232,-76.85640018983507,Lake
"Crotch Lake",44.66132605373231,-76.96921501079694,Lake
"Peters Lake",44.36888861067298,-76.64906397849366,Lake
"Third Depot Lake",44.566666693964315,-76.78324341464933,Lake
"Horseshoe Lake",44.67337626083808,-76.9618362331408,Lake
"Big McNeil Lake",44.612044790612174,-76.93807906616165,Lake
"Dutch Lake",44.6848622552388,-76.9553859436376,Lake
"Sixth Depot Lake",44.5866189684485,-76.91092085073274,Lake
"Cole Lake",44.56708666636621,-76.68312557076408,Lake
"Pond Lily Lake",44.592814685672394,-76.5696400480175,Lake
"Fourteen Island Lake",44.496931212273296,-76.6414200348826,Lake
"Small Clear Lake",44.65275460750076,-76.92494688074306,Lake
"Meadow Lake",44.596520189347316,-76.7178560927408,Lake
"Sigsworth Lake",44.51067502359376,-76.61697338926257,Lake
"Potspoon Lake",44.60148350005277,-76.58717783688347,Lake
"Thompson Lake",44.70041832009328,-76.93980338432047,Lake
"Bear Lake",44.60283795382227,-76.92587075915982,Lake
"South Cranberry Lake",44.55359185474783,-76.9457823998801,Lake
"Wheeler Lake",44.578162275687106,-76.93985215868214,Lake
"Skewgaw Lake",44.59526093934152,-76.84334913912363,Lake
"Second Depot Lake",44.55241657544804,-76.75545244763751,Lake
"Pondlily Lake",44.448398947219246,-76.71185088683664,Lake
"Third Depot Lake",44.578118999710036,-76.79654267838782,Lake
"Buck Lake",44.70573851389256,-76.9512924871737,Lake
"Howes Lake",44.50828767448121,-76.67671081497068,Lake
"Chippego Lake",44.563269835334914,-76.82214810154404,Lake
"St. Andrew Lakes",44.59768720371786,-76.67224263962058,Lake
"Hambly Lake",44.46685344864405,-76.67447417401947,Lake
"Mink Lake",44.806938923048854,-76.85734971730838,Lake
"Big Clear Lake",44.72608473903513,-76.90712514838997,Lake
"Murphy Lake",44.53117569207604,-76.93915720139032,Lake
"Sydenham Lake",44.432244876230385,-76.55718361655049,Lake
"Arden Lake",44.716056581993,-76.93469560116219,Lake
"Varty Lake",44.392816183317045,-76.8109766569304,Lake
"Vanluven Lake",44.491453997053746,-76.70363176709967,Lake
"Hungry Lake",44.80790415317997,-76.89167116599961,Lake
"Verona Lake",44.48569566137825,-76.68550701371473,Lake
"Sangster Lake",44.5793524582067,-76.58920267603902,Lake
"Fish Lake",44.54461465533095,-76.82252464091434,Lake
"Puzzle Lake",44.60098654683774,-76.97002659984413,Lake
"Huckleberry Lake",44.32238354261063,-75.33744523931868,Lake
"Bullhead Pond",44.125790101494644,-75.4065723926084,Lake
"Bonner Lake",44.25685441502565,-75.30091955786966,Lake
"Hickory Lake",44.46951927175299,-75.51440816345668,Lake
"Star Lake",44.15725974243847,-75.04549090898146,Lake
"Narrow Lake",44.14012178907764,-75.45419027442021,Lake
"Long Pond",44.27384953202311,-75.06145912618614,Lake
"Sucker Lake",44.179653590865236,-75.11919122110974,Lake
"Lambs Pond",44.65334406386814,-75.80496827150421,Lake
"Round Lake",44.11783885272841,-75.17465849248944,Lake
"Lees Pond",44.59508245484103,-75.82695733068087,Lake
"Payne Lake",44.28339333548383,-75.64518062280261,Lake
"Temperance Lake",44.59170952545635,-75.88170393484614,Lake
"Indian Pond",44.1264306685576,-75.45617822075616,Lake
"Portaferry Lake",44.22700076851614,-75.19812919623189,Lake
"Buells Creek Reservoir",44.62488434097898,-75.71957015176528,Lake
"Red Lake",44.27064530624689,-75.73372997553705,Lake
"Crystal Lake",44.2748270316604,-75.79896799242194,Lake
"Hyde Lake",44.24291821062843,-75.83354489817414,Lake
"Perch Lake",44.095274411772586,-75.93800439224675,Lake
"Lake of the Woods",44.31639128288707,-75.7261831458162,Lake
"Trout Lake",44.364282199421005,-75.2672837029214,Lake
"Chub Lake",44.337025794921075,-75.34924154267705,Lake
"Lower Lake",44.58170978863082,-75.30196646357699,Lake
"Graham Lake",44.566372368394894,-75.8857858312687,Lake
"Cedar Lake",44.34807411315451,-75.26157268432839,Lake
"Pleasant Lake",44.387980611996085,-75.6037632533369,Lake
"Moon Lake",44.25222074828616,-75.73612500912776,Lake
"Black Lake",44.49278542149131,-75.5966653976258,Lake
"Wiltse Lake",44.597649006884936,-75.9537134446672,Lake
"Streeter Lake",44.1078556271894,-75.0714486425269,Lake
"Sylvia Lake",44.25367687391477,-75.41278982785987,Lake
"Millsite Lake",44.291580810779294,-75.77446065082437,Lake
"Lake Bonaparte",44.15445833703517,-75.4009554121209,Lake
"Boyd Pond",44.39389542380119,-75.09552175610416,Lake
"Mud Lake",44.29111448823169,-75.80872883748128,Lake
"Clear Lake",44.27861331758201,-75.82457722941903,Lake
"Mud Lake",44.50357154659123,-75.46155970116607,Lake
"Pine Hill Pond",44.239579735277246,-75.29101517458254,Lake
"South Greek Lake",44.11773376598032,-75.22003511674544,Lake
"Butterfield Lake",44.317097672132356,-75.77594401902155,Lake
"Yellow Lake",44.328666007769506,-75.59757787101306,Lake
"Lake Eloida",44.66630115063144,-75.96307983077497,Lake
"Muskellunge Lake",44.295817402379555,-75.69612140761288,Lake
"Sixberry Lake",44.27951060341148,-75.77463480523976,Lake
"Rock Lake",44.01218871700788,-75.01452122393167,Lake
"Sand Lake",44.01096634513319,-75.0084078104199,Lake
"Ashcraft Pond",44.027225783486514,-75.4709413274813,Lake
"Clear Lake",44.277279476647976,-75.29250018208701,Lake
"Mud Lake",44.36942759818995,-75.60142901710674,Lake
"Grass Lake",44.333378393000835,-75.71848744549885,Lake
"Cage Lake",44.049720688719724,-75.01134187399201,Lake
"Upper Lake",44.61314163736326,-75.23927778352427,Lake
"Centre Lake",44.60374656335405,-75.85773633254192,Lake
"Sampson Pond",44.26626654617913,-74.76441625139216,Lake
"Lake Duane",44.691654797312864,-74.31661560154367,Lake
"Clear Pond",44.58749182176541,-74.28461640840212,Lake
"Franklin Falls Pond",44.42151722564969,-73.989681729967,Lake
"Floodwood Pond",44.33184579806464,-74.39810492611787,Lake
"Raquette Pond",44.18150550832152,-74.51954619844369,Lake
"Spitfire Lake",44.41608923081781,-74.27126132843253,Lake
"Rock Pond",44.36497451834264,-74.55333208171946,Lake
"Mohegan Lake",44.05252501638442,-74.47550979364213,Lake
"First Pond",44.08203559845987,-74.36087833180376,Lake
"Lake Colby",44.342828201366004,-74.15318153067179,Lake
"McCauley Pond",44.352797120619414,-74.20391169401721,Lake
"Debar Pond",44.624149264991594,-74.19578083132691,Lake
"Saint Regis Pond",44.38185233175667,-74.3157811784455,Lake
"Lake Flower",44.307065427852045,-74.12428843369105,Lake
"Pleasant Lake",44.34102890511128,-74.85566132342083,Lake
"Grass River Flow",44.25608468015468,-74.72989650288704,Lake
"Grampus Lake",44.03162374360568,-74.47584484036565,Lake
"Cat Pond",44.40673564359952,-74.40577185371173,Lake
"Rainbow Lake",44.47608893220393,-74.16496141291711,Lake
"Follensby Clear Pond",44.32299914102825,-74.34721369494325,Lake
"Sperry Pond",44.086898627748994,-74.51107339638529,Lake
"Jordan Lake",44.37805816007098,-74.61249408864549,Lake
"Sterling Pond",44.54222906936598,-74.7280398978088,Lake
"Charley Pond",44.029315361687495,-74.69122161482993,Lake
"Fish Creek Ponds",44.30170601174756,-74.35266422801101,Lake
"Rollins Pond",44.31103598190856,-74.41366707219309,Lake
"Handsome Pond",44.05664875333976,-74.454726493891,Lake
"Lake Clear",44.36061611125943,-74.25814198917024,Lake
"Lead Pond",44.28083447993211,-74.41214276491817,Lake
"Rice Lake",44.51368592271728,-74.3162535005935,Lake
"Buck Pond",44.50775585033639,-74.11021737605729,Lake
"Slim Pond",44.01597925123033,-74.54336491025873,Lake
"Willis Pond",44.3517006135468,-74.49775670040154,Lake
"Carry Falls Reservoir",44.39408530682383,-74.73339849189803,Lake
"Bay Pond",44.43003062291686,-74.41786633564962,Lake
"Spectacle Ponds",44.41800485911839,-74.30144621131144,Lake
"Second Pond",44.289013700426814,-74.18600041048538,Lake
"Arbuckle Pond",44.51561190953634,-74.91889220288446,Lake
"Gull Lake",44.0177950991997,-74.88750291994312,Lake
"Tooley Pond",44.26854752998598,-74.91966235742399,Lake
"Mud Pond",44.73716948972894,-74.06494584486595,Lake
"Quebec Pond",44.47763902220078,-74.34842933452721,Lake
"Little Clear Pond",44.36616877406068,-74.29103769607335,Lake
"Eagle Crag Lake",44.178084478522265,-74.60916156627697,Lake
"Round Pond",44.059726698586076,-74.28465800364526,Lake
"Blake Falls Reservoir",44.47817037890635,-74.75746854621336,Lake
"Upper Saint Regis Lake",44.408200193486294,-74.28005190830625,Lake
"Wolf Pond",44.647941441721215,-74.05969856889779,Lake
"Crooked Lake",44.34316386069344,-74.73917323043129,Lake
"Moose Pond",44.048250126590645,-74.19590344801234,Lake
"Stony Pond",44.02523103257244,-74.59277834718006,Lake
"Big Wolf Lake",44.27957724761317,-74.47672096821498,Lake
"Duck Lake",44.113907932489845,-74.44188402374522,Lake
"Mud Pond",44.01705410887307,-74.42441666385376,Lake
"East Pond",44.380866671626514,-74.43150532135094,Lake
"Square Pond",44.491835583769344,-74.13780318152229,Lake
"Moose Pond",44.372542698736886,-74.06246298888908,Lake
"Turtle Pond",44.36178194100726,-74.363990065088,Lake
"Long Pond",44.0907773062469,-74.69358600838335,Lake
"Bettner Ponds",44.04046117978319,-74.64889340202373,Lake
"Lower Saint Regis Lake",44.42848933973435,-74.2686548059207,Lake
"Kiwassa Lake",44.29431314869424,-74.15941682804812,Lake
"Oven Lake",44.01823605828414,-74.90862133982934,Lake
"Lake Kushaqua",44.51488709484991,-74.1164605579319,Lake
"Hoel Pond",44.35473390556488,-74.34716090610968,Lake
"Wolf Pond",44.027919674451276,-74.9857706886997,Lake
"Barney Pond",44.47033525820353,-74.80621912648083,Lake
"Stark Falls Reservoir",44.44369226518277,-74.74774292130681,Lake
"Bear Pond",44.398861585502424,-74.28662046912746,Lake
"Green Pond",44.3396923804498,-74.33888957800312,Lake
"Gull Pond",44.20929667914226,-74.53149783503922,Lake
"Little Long Pond",44.39140431988557,-74.38205446731138,Lake
"Clear Pond",44.48578903447359,-74.16029077061526,Lake
"McKenzie Pond",44.3297101127793,-74.08382840447284,Lake
"Follensby Pond",44.17340162100905,-74.37419673625296,Lake
"Hornet Ponds",44.100225725927245,-74.72627099056332,Lake
"Chaumont Pond",44.219265259522125,-74.96044808621552,Lake
"Rollins Pond",44.32065224372579,-74.38541184381127,Lake
"Five Falls Reservoir",44.526353990212826,-74.83120783750718,Lake
"Mount Arab Lake",44.18761488856367,-74.59934208037203,Lake
"Cranberry Lake",44.170261855960234,-74.83762275827586,Lake
"Middle Saranac Lake",44.26276239719725,-74.27163042208949,Lake
"Mountain View Lake",44.696864706890764,-74.12327896349943,Lake
"Lower Chateaugay Lake",44.82067855046699,-74.01802516482016,Lake
"Bridge Brook Pond",44.1637037736607,-74.5835323412445,Lake
"Lake Ozonia",44.593698666619495,-74.60612384303026,Lake
"Joe Indian Pond",44.48509580337203,-74.72549977373635,Lake
"Indian Lake",44.71640513394316,-74.13452425738865,Lake
"Lower Pond",44.13614910617524,-74.09585974316941,Lake
"Lake Madeleine",44.12597522351641,-74.46694266191116,Lake
"Inlet",44.47931643458022,-74.17777588866454,Lake
"Ragged Lake",44.71856306715262,-74.06860857976383,Lake
"Deer River Flow",44.65468749725029,-74.30888290119833,Lake
"Whey Pond",44.30799573579418,-74.39152144872912,Lake
"Cook Pond",44.24671306625532,-74.88926254683057,Lake
"Muskrat Pond",44.189725611686306,-74.92835415630586,Lake
"Duck Pond",44.59956987001602,-74.14357148668816,Lake
"Jones Pond",44.45131514832543,-74.19165409221937,Lake
"Long Pond",44.35597094591693,-74.39933335385095,Lake
"Warm Brook Flow",44.51573539271177,-74.92106922941669,Lake
"Henderson Lake",44.09199267351961,-74.06731306444955,Lake
"Deer Pond",44.039592690136544,-74.25270853727788,Lake
"Dexter Lake",44.60992264426173,-74.53457669191306,Lake
"Horseshoe Pond",44.322084195161125,-74.35878222793501,Lake
"Big Deer Pond",44.0687364238358,-74.83838408174802,Lake
"Mountain Pond",44.474507722950804,-74.2742694501624,Lake
"Loon Pond",44.068645177249195,-74.63509379249322,Lake
"Meacham Lake",44.558527610078436,-74.29118458864593,Lake
"Pine Pond",44.26440918673589,-74.14405449531033,Lake
"Slang Pond",44.363857749764655,-74.37794399632419,Lake
"Leonard Pond",44.332114316294664,-74.73839226899561,Lake
"Jocks Pond",44.29124031966628,-74.66571833671902,Lake
"Weller Pond",44.283259049134124,-74.27967075029866,Lake
"Lake Placid",44.31676012904574,-73.97734214103637,Lake
"Town Line Pond",44.229048519164785,-74.66789106568214,Lake
"High Pond",44.086873625863305,-74.65102859439587,Lake
"McDonald Pond",44.395880120365426,-74.52800479087773,Lake
"Little Long Pond",44.390370250914486,-74.29430938929202,Lake
"Lake Titus",44.72396001110244,-74.28117994684402,Lake
"Ingraham Pond",44.76155059639319,-74.10984555581346,Lake
"Fishhole Pond",44.58653654464045,-74.10475441733465,Lake
"Black Pond",44.31378593213314,-74.26763179599554,Lake
"Square Pond",44.30376969466352,-74.36803450352943,Lake
"West Pine Pond",44.33827954576041,-74.42964320393325,Lake
"Stony Creek Ponds",44.220986921217175,-74.30712278409918,Lake
"Ampersand Lake",44.2121481516072,-74.1973286472954,Lake
"McRorie Lake",44.032804591489,-74.41537800066051,Lake
"Black Pond",44.43741365503177,-74.29443215830825,Lake
"Second Pond",44.07720906767005,-74.37949567436853,Lake
"Weller Pond",44.5268048488052,-74.59855083540748,Lake
"Deer Pond",44.27067768524022,-74.39057958896687,Lake
"Moosehead Pond",44.24957806288241,-74.95320352475018,Lake
"Wolf Pond",44.020862153561936,-74.2190071180489,Lake
"Grass Pond",44.07760079480967,-74.7685328703795,Lake
"Loon Lake",44.55992485985063,-74.07158193343261,Lake
"Polliwog Pond",44.33427274192518,-74.35580241605827,Lake
"Ledge Pond",44.363465331002196,-74.42235079102421,Lake
"Lake Sally",44.0654993431649,-74.04211087690109,Lake
"Clear Pond",44.040786593254126,-74.76392229606788,Lake
"Little Green Pond",44.35793858415396,-74.29971777399123,Lake
"East Pine Pond",44.33987910615388,-74.41922982587585,Lake
"Fish Pond",44.393143009612245,-74.37049758801095,Lake
"Long Pond",44.45218616747722,-74.47759777154381,Lake
"Madawaska Pond",44.513775065371895,-74.38463817997417,Lake
"Rock Pond",44.32991679889168,-74.42016626223021,Lake
"Burntbridge Pond",44.210348955223516,-74.71405718767552,Lake
"Comer Pond",44.03496239217013,-74.29877097665099,Lake
"Amber Lake",44.399073623652036,-74.61985571153312,Lake
"Plumadore Pond",44.64788095381111,-74.1005791885886,Lake
"Eagle Pond",44.66904138338973,-74.27397297131635,Lake
"Dry Channel Pond",44.35264806263532,-74.4357012891103,Lake
"Lower Saranac Lake",44.29929292094453,-74.19511473229478,Lake
"Little Wolf Pond",44.253441757024646,-74.48097954171777,Lake
"Heavens Pond",44.30367698488902,-74.4585095732442,Lake
"Round Lake",44.06634022440173,-74.58440792600632,Lake
"Simon Pond",44.19818105613902,-74.45021834552043,Lake
"Oseetah Lake",44.28245347093793,-74.1351005698494,Lake
"Upper Saranac Lake",44.29257662442072,-74.31881889680919,Lake
"Massawepie Lake",44.25498568928385,-74.65376365433501,Lake
"Trout Pond",44.094356077507,-74.64376394729193,Lake
"Windfall Pond",44.364638320952494,-74.44760201108313,Lake
"South Colton Reservoir",44.52560233880556,-74.86485238994206,Lake
"Osgood Pond",44.4531307696687,-74.2355759489788,Lake
"Partlow Lake",44.00294988158363,-74.83293186097004,Lake
"Duck Hole",44.14054547935211,-74.10512181100074,Lake
"Little Colby Pond",44.33325090464817,-74.15378041816561,Lake
"Middle Pond",44.33937991844302,-74.37897666737501,Lake
"Deer Pond",44.301846056480784,-74.4309575597671,Lake
"Rainbow Falls Reservoir",44.509489037409935,-74.79095571358597,Lake
"Otter Pond",44.10515434457395,-74.98617486176634,Lake
"Chain Lake",44.48895370646073,-74.2997656345955,Lake
"Upper Pond",44.12713257110818,-74.0893103435292,Lake
"Hitchins Pond",44.114471460326875,-74.64819578827843,Lake
"Little Tupper Lake",44.03178574107459,-74.61512677197045,Lake
"Cranberry Pond",44.41428968630799,-74.45532055749835,Lake
"Catamount Pond",44.264502181463534,-74.63502498352055,Lake
"Long Pond",44.25400671068234,-74.63913687025273,Lake
"Silver Lake",44.22714916644861,-74.82561783990242,Lake
"Horseshoe Lake",44.13095382554947,-74.62086148558255,Lake
"Horseshoe Pond",44.66847027338674,-74.29046253008781,Lake
"Bear Pond",44.069815561061745,-74.66533998672273,Lake
"Little Trout Pond",44.0959455921664,-74.6511842857606,Lake
"Lake Marian",44.12306946255869,-74.71575189436264,Lake
"Barnum Pond",44.45911427888159,-74.26011358738886,Lake
"Olmstead Pond",44.12162228308431,-74.84277778904998,Lake
"Twin Ponds",44.709868331196915,-74.34507123185666,Lake
"Pickwacket Pond",44.00561852934347,-74.30464352927979,Lake
"Follensby Junior Pond",44.45822323186199,-74.34333484612593,Lake
"Keenan Pond",44.43328673862937,-73.46999304676824,Lake
"Silver Lake",44.50661308255658,-73.87524441973845,Lake
"Mud Pond",44.56244464700113,-73.9224598419434,Lake
"Fairfield Pond",44.84970052515786,-72.991034600095,Lake
"Colchester Pond",44.553020007647035,-73.12020374387997,Lake
"Lower Pond",44.352260393518364,-73.0844227202782,Lake
"Butternut Pond",44.42986617508289,-73.4981339428173,Lake
"Elk Lake",44.03595190455623,-73.83451435139146,Lake
"Connery Pond",44.312591556765895,-73.93117038214626,Lake
"Tub Mill Pond",44.02466116167214,-73.57928333574458,Lake
"Patterson Reservoir",44.714049614943654,-73.5972834667015,Lake
"Boreas Ponds",44.02057319414506,-73.9291259581908,Lake
"Mud Pond",44.75431087499686,-73.85647510991222,Lake
"Indian Brook Reservoir",44.53608735516855,-73.09901695404776,Lake
"Upper Ausable Lake",44.07768257085559,-73.87226948501333,Lake
"Bristol Pond",44.17556199731976,-73.09142896685134,Lake
"Round Lake",44.22913429767187,-73.90229567697399,Lake
"Taylor Pond",44.48694921677297,-73.85706487201344,Lake
"Mirror Lake",44.29180505232902,-73.97972660737929,Lake
"Union Falls Pond",44.47511604219896,-73.94141422287268,Lake
"Upper Chateaugay Lake",44.737636708166384,-73.97081495653296,Lake
"Slush Pond",44.51215194172197,-73.72880753136609,Lake
"Bradley Pond",44.752892405779576,-73.88781645686322,Lake
"Lake Alice",44.867829531558364,-73.48464331318581,Lake
"Highlands Forge Lake",44.409563040158126,-73.44420165198389,Lake
"Long Pond",44.384516384438434,-73.45298588180667,Lake
"Long Pond",44.67438353894043,-73.19123309310335,Lake
"Lincoln Pond",44.14712142624143,-73.57094944403111,Lake
"Big Pond",44.28796012100176,-73.55479695345717,Lake
"Fern Lake",44.48827953092971,-73.71981964762315,Lake
"Shelburne Pond",44.3888564535331,-73.16141370769627,Lake
"Chazy Lake",44.746157869909204,-73.8164471780401,Lake
"Newberry Pond",44.464588098813316,-73.78301506548723,Lake
"Mill Pond",44.11393145622443,-73.54957852149491,Lake
"Big Marsh Slough",44.97188727636812,-73.14464768591637,Lake
"Mead Reservoir",44.72731318398363,-73.58344517670714,Lake
"Arrowhead Mountain Lake",44.67341353579897,-73.09975623860197,Lake
"Nichols Pond",44.158124066659205,-73.51580726070861,Lake
"New Pond",44.1027847015418,-73.65493763487123,Lake
"Cedar Lake",44.250282232850026,-73.13409932015055,Lake
"Lower Asuable Lake",44.10556669010167,-73.83527415228434,Lake
"Bartlett Pond",44.10626795926252,-73.5110686549954,Lake
"Augur Lake",44.45680343817346,-73.50079847032517,Lake
"Lake Iroquois",44.36971284057833,-73.08370555938146,Lake
"Miner Lake",44.869034371012354,-73.68032657053517,Lake
"Davis Lake",44.61706367254473,-73.61467025057739,Lake
"Woodruff Pond",44.740775110453384,-73.41960425243329,Lake
"Flagg Pond",44.56510004831295,-72.20922989974558,Lake
"Symes Pond",44.24537721083511,-72.10190230506839,Lake
"Kettle Pond",44.29538475032796,-72.32019994027627,Lake
"Lake Eden",44.71907676473546,-72.50525003532306,Lake
"Adamant Pond",44.33375291233108,-72.50285607241622,Lake
"Valley Lake",44.447552043023535,-72.43874754730356,Lake
"Green River Reservoir",44.63559872694945,-72.52056594444277,Lake
"Baker Pond",44.746991523851335,-72.23441211543374,Lake
"Forest Lake",44.40627550092505,-72.44137574308672,Lake
"Wolcott Pond",44.56582449292692,-72.42202893759305,Lake
"Greenwood Lake",44.45905989878265,-72.42476367935068,Lake
"Lake Willoughby",44.75305275475036,-72.05809067497466,Lake
"Waterbury Reservoir",44.39955980220704,-72.74933053579461,Lake
"Mollys Pond",44.39295624730573,-72.23761189043798,Lake
"Charleston Pond",44.89164922862688,-72.05390865205304,Lake
"Mirror Lake",44.39570196666916,-72.44343835293199,Lake
"Great Hosmer Pond",44.694634615333364,-72.36062620856464,Lake
"Thurman W. Dix Reservoir",44.18538987135388,-72.42258908888775,Lake
"Curtis Pond",44.382112634332564,-72.4962840388154,Lake
"Belvidere Pond",44.766946976803126,-72.60067321640412,Lake
"Lake Salem",44.9236966400862,-72.10040291960644,Lake
"Metcalf Pond",44.7303826431098,-72.88350038337549,Lake
"Long Pond",44.62287102678774,-72.26315440869527,Lake
"Ricker Pond",44.2467267378613,-72.24459699353737,Lake
"Joes Pond",44.414539882286284,-72.21926691443814,Lake
"Lake Memphremagog",45.07214470076534,-72.234966171068,Lake
"Wrightsville Reservoir",44.3260421986163,-72.57203780268746,Lake
"Caspian Lake",44.58610943696461,-72.31097902075831,Lake
"Crystal Lake",44.733632673194194,-72.15456639567607,Lake
"Hardwick Lake",44.52925108972819,-72.37254423349802,Lake
"Brownington Pond",44.8779789628834,-72.14745006255902,Lake
"Long Pond",44.75000407522099,-72.01736210018976,Lake
"West Hill Pond",44.41814317745355,-72.34297107781079,Lake
"Connecticut River Reservoir",44.33494688053387,-71.98944397054457,Lake
"Seymour Lake",44.89519599804348,-71.98844506055092,Lake
"Ticklenaked Pond",44.187817056252065,-72.09929672336811,Lake
"Fosters Pond",44.328185501209795,-72.21008493821891,Lake
"Peacham Pond",44.33235026769995,-72.25876910132558,Lake
"Halls Lake",44.084258855020515,-72.12343028197071,Lake
"Lake Derby",44.95133582909211,-72.11442178308046,Lake
"Nichols Pond",44.45802713381054,-72.34202284397156,Lake
"Berlin Pond",44.19490625478368,-72.58770913099455,Lake
"Lake Groton",44.26645529428309,-72.26328208739196,Lake
"Osmore Pond",44.30790798587472,-72.27835890882652,Lake
"Warren Lake",44.078175077965795,-72.83354384205137,Lake
"Buck Lake",44.46277281375135,-72.39728028711087,Lake
"Wardens Pond",44.33042403523131,-72.07857428600903,Lake
"Harvey Lake",44.294641619285386,-72.13930451674854,Lake
"Lake Elligo",44.603514432501655,-72.35710703794574,Lake
"Shadow Lake",44.668678247266094,-72.22736072765038,Lake
"Clyde Pond",44.9333805810073,-72.17251215137138,Lake
"Mud Pond",44.306937936960466,-72.21272297640509,Lake
"Chandler Pond",44.534730726928096,-72.0952516490026,Lake
"Ewell Pond",44.36106739313203,-72.16316665424299,Lake
"Echo Lake",44.85876937130356,-71.99193431243812,Lake
"Little Hosmer Pond",44.67420661365831,-72.37681814473683,Lake
"Sabin Pond",44.40127969219994,-72.41729868730593,Lake
"Hardwood Pond",44.46793642371803,-72.49953546354882,Lake
"North Montpelier Pond",44.308570802761764,-72.44463121758605,Lake
"Lake Elmore",44.53256430217678,-72.52473263956139,Lake
"May Pond",44.74212995288922,-72.11827722828981,Lake
"Turtlehead Pond",44.32543390907294,-72.33199580018804,Lake
"Pigeon Pond",44.247538503370784,-72.32849062732281,Lake
"Lake Parker",44.71871228372781,-72.23457519299731,Lake
"Coles Pond",44.50879651348937,-72.2155873531706,Lake
"Lake Lamoille",44.56796127058128,-72.60741055575227,Lake
"Daniels Pond",44.67632570611524,-72.26271245146296,Lake
"Lake Carmi",44.969646877425774,-72.8781016966519,Lake
"South Pond",44.68816262126929,-72.5267084155581,Lake
"East Long Pond",44.443287793733376,-72.35592770475941,Lake
"Pensioner Pond",44.872452579700315,-72.05611803461161,Lake
"Cherry Pond",44.37567768534281,-71.51234647513394,Lake
"Stiles Pond",44.41472419735317,-71.93981519888652,Lake
"South Ponds",44.59700411764905,-71.36137874669967,Lake
"Neal Pond",44.48876518243243,-71.69197442576953,Lake
"Sturtevant Pond",44.863744707850735,-71.02152299338937,Lake
"Newark Pond",44.71689800749795,-71.98233336210806,Lake
"McConnell Pond",44.81805531670959,-71.80391323761913,Lake
"Holland Pond",44.98733582070827,-71.92892976309884,Lake
"Wheeler Pond",44.709300674088894,-71.64099828895498,Lake
"Blueberry Swamp",44.843521756238346,-71.40888557654816,Lake
"Norton Pond",44.933018789970156,-71.8697850116714,Lake
"Mirror Lake",44.387936191280794,-71.60747961536045,Lake
"Phillips Pond",44.759284292317346,-71.35327364525365,Lake
"Pearl Lake",44.19931599432889,-71.86738663575188,Lake
"Martin Meadow Pond",44.442325266659495,-71.60514838255088,Lake
"Diamond Pond",44.9524883563549,-71.3100614759459,Lake
"Russell Pond",44.009038666118244,-71.6539325301953,Lake
"Little Greenough Pond",44.84018107178861,-71.13425071809063,Lake
"Jobs Pond",44.76229272726011,-71.9537818229546,Lake
"Munn Pond",44.73177540379439,-71.19013792501542,Lake
"Nay Pond",44.56972510216708,-71.28220330408098,Lake
"Moore Reservoir",44.374590162356945,-71.80514864318813,Lake
"Long Pond",44.05439096534651,-71.89026027619799,Lake
"Round Pond Lake",44.80408579745806,-71.119798667629,Lake
"Upper Kimball Pond",44.08525411928783,-71.01008458372951,Lake
"Great Averill Pond",44.98440132537697,-71.70428615172204,Lake
"Dummer Ponds",44.69360683105904,-71.28539361498785,Lake
"Christine Lake",44.630245181995775,-71.40588614346579,Lake
"West Mountain Pond",44.68914421518489,-71.66416774652627,Lake
"Reflection Pond",44.39359039266516,-71.12673115258923,Lake
"Millsfield Pond",44.77226454124924,-71.26575836066205,Lake
"Maidstone Lake",44.64798673282686,-71.65100398898291,Lake
"Island Pond",44.80508291427893,-71.86837796942238,Lake
"Partridge Lake",44.307229074046106,-71.88697587586637,Lake
"Spectacle Pond",44.800144361806495,-71.85126405566628,Lake
"Burns Pond",44.35279529663765,-71.64210424940427,Lake
"Trio Ponds",44.7126260317489,-71.36381600886122,Lake
"Lewis Pond",44.88310220057303,-71.78058711788923,Lake
"Bald Hill Pond",44.739673786814855,-71.97601729947704,Lake
"Umbagog Lake",44.75966744321993,-71.03981706075764,Lake
"Mountain Pond",44.17008198078265,-71.07364643185105,Lake
"Lower Kimball Pond",44.09916071639965,-70.99513891301706,Lake
"Streeter Pond",44.261553783069715,-71.79600472150436,Lake
"Sweat Meadows",44.780288486862844,-71.08854114066207,Lake
"Dennis Pond",44.729559709330445,-71.65789049850764,Lake
"Shadow Lake",44.398975085455426,-71.87067853694641,Lake
"Aziscohos Lake",45.03379168998165,-70.99972959322808,Lake
"Sessions Pond",44.70496265562751,-71.19795974882926,Lake
"Jericho Lake",44.4982941849929,-71.26388672545205,Lake
"Pontook Reservoir",44.64024250717779,-71.23563390028478,Lake
"Center Pond",44.71342778476494,-71.92027145664944,Lake
"Head Pond",44.51745432068502,-71.22637916607387,Lake
"Cedar Pond",44.59154802519242,-71.26909230218007,Lake
"Sweat Meadows",44.781998191389135,-71.08443281812639,Lake
"Ogontz Lake",44.26548017280996,-71.90490171045153,Lake
"Akers Pond",44.80226147677157,-71.16158236454677,Lake
"Forest Lake",44.9848449078732,-71.68183798621588,Lake
"Forest Lake",44.347042450526445,-71.67079022250854,Lake
"Mud Pond",44.902637359572815,-71.30295102120914,Lake
"Greenough Pond",44.832621998487745,-71.14047442626693,Lake
"Goose Pond",44.667791843527596,-71.20992450479888,Lake
"Success Pond",44.572901923616506,-71.04314313587271,Lake
"Miles Pond",44.44733922029939,-71.81102211283516,Lake
"Little Diamond Pond",44.9455161948072,-71.32487223610251,Lake
"Little Averill Pond",44.956686937659526,-71.71684691413941,Lake
"Shagg Pond",44.42327942259824,-70.53045050700227,Lake
"Bear Pond",44.34220174380964,-70.27896150739022,Lake
"Curtis Bog",44.114714133332605,-70.04058453558854,Lake
"Songo Pond",44.358747953663894,-70.79114947292996,Lake
"Island Pond",44.15954627583526,-70.64242665264689,Lake
"Safford Pond",45.00017348758419,-70.10996077931152,Lake
"Staples Pond",44.72004190660898,-70.2356891412912,Lake
"Lovejoy Pond",44.394150943837914,-70.02722584538981,Lake
"McWain Pond",44.18729030747999,-70.67612737532009,Lake
"Shell Pond",44.24600641924548,-70.97517683415253,Lake
"Keyes Pond",44.143488539124704,-70.81977362745323,Lake
"Bryant Pond",44.37464112844212,-70.64993135859643,Lake
"The Basin",44.14693540024428,-70.25324760569275,Lake
"Lower Range Pond",44.04547506152468,-70.3705131302605,Lake
"East Richardson Ponds",44.92401611356023,-70.88733816569575,Lake
"Wilson Pond",44.29341871944302,-70.04252135073261,Lake
"North Pond",44.40441483737364,-70.67667614357146,Lake
"Long Pond",44.888171833871496,-70.60366537669132,Lake
"Little Loose Pond",44.13782070272527,-70.74004424683683,Lake
"Lufkin Pond",44.84027184721112,-70.46250160321905,Lake
"Sand Pond",44.56879498777962,-70.11871258960328,Lake
"Tufts Pond",44.99666294260339,-70.20020021823926,Lake
"North Pond",44.53908953266189,-70.12163053835562,Lake
"Richardson Pond",44.92619051087177,-70.91884862264482,Lake
"Pease Pond",44.597655900449226,-70.1782129963325,Lake
"The Heath",44.0133978144325,-70.47314879799048,Lake
"Cochnewagon Lake",44.228977388067484,-70.04613631625965,Lake
"Round Pond",44.432129111980984,-70.21919187095973,Lake
"Bunganock Pond",44.3860388766466,-70.34094031556018,Lake
"Allen Pond",44.23007026951397,-70.16052231297722,Lake
"Bog Pond",44.15626681024293,-70.68533669813324,Lake
"Stearns Pond",44.1210709888244,-70.7771102414382,Lake
"Heald Pond",44.216806202598065,-70.86724301643086,Lake
"Kezar Pond",44.084883634860844,-70.89003806247946,Lake
"Dead Lake",44.06299207606288,-70.8963213219191,Lake
"Crowell Pond",44.590258153712405,-70.03980762393904,Lake
"Podunk Pond",44.60115075894741,-70.41608149762169,Lake
"Little Beaver Pond",44.9013467868563,-70.95405642427161,Lake
"Whittier Pond",44.517610540101,-70.01059379121779,Lake
"Labrador Pond",44.39494547334997,-70.4277068314034,Lake
"Saddleback Lake",44.9691758901852,-70.5606023344043,Lake
"Forest Pond",44.45705326719258,-70.27633817772272,Lake
"Hicks Pond",44.31209400360228,-70.65525490823693,Lake
"Round Pond",44.99897532524276,-70.71918837928203,Lake
"Round Pond",44.833947767241234,-70.67220106053891,Lake
"Mosher Pond",44.47863229102594,-70.10372134475776,Lake
"Pleasant Pond",44.317299351798674,-70.2270790556485,Lake
"Little Wilson Pond",44.203949720697594,-70.28776363899111,Lake
"Haley Pond",44.96838563231821,-70.63476551984796,Lake
"Highland Lake",44.0821365892734,-70.74236772479816,Lake
"Moose Pond",44.12752689602549,-70.56499100218187,Lake
"Woods Pond",44.033773756604496,-70.73713114940838,Lake
"Horseshoe Pond",44.53377223813812,-70.08500950851044,Lake
"Parker Pond",44.50832882233893,-70.14187208065643,Lake
"Long Pond",44.43110165690288,-70.20702348382447,Lake
"Moose Pond",44.339176654980776,-70.52035638664282,Lake
"Cranberry Pond",44.85944275778988,-70.94545055032722,Lake
"Keoka Lake",44.17969991559698,-70.70538228122139,Lake
"Pleasant Lake",44.03322902845908,-70.52368052597612,Lake
"Lake Anasagunticook",44.42484042539073,-70.3259334786137,Lake
"Loon Pond",44.10389994556427,-70.05188631119255,Lake
"Horseshoe Pond",44.22599559161462,-70.94249013298182,Lake
"Pennesseewassee Lake",44.21758102589584,-70.55705788801312,Lake
"Beaver Pond",44.06591864826697,-70.77209461220744,Lake
"Brettuns Pond",44.39251432663968,-70.25034977622961,Lake
"Hall Pond",44.218084654736245,-70.45680247098846,Lake
"Quimby Pond",44.98851131012585,-70.74165015009467,Lake
"Dodge Pond",44.97982048555526,-70.70720513153343,Lake
"Lily Pond",44.79897821017133,-70.13389637041804,Lake
"Crystal Lake",44.12149161130049,-70.67443548474566,Lake
"Porter Lake",44.81218267575608,-70.15033519989004,Lake
"Trout Pond",44.23100319772957,-70.82407105291104,Lake
"Kezar Lake",44.18166058489061,-70.91687880383928,Lake
"David Pond",44.471611395596156,-70.05215121371023,Lake
"Worthley Pond",44.0204554662535,-70.34440961301009,Lake
"Thompson Lake",44.07039464489437,-70.48888635642949,Lake
"Mooselookmeguntic Lake",44.89307920032405,-70.79549843481352,Lake
"North Pond",44.32732305994347,-70.39815170662071,Lake
"Middle Range Pond",44.02320571971748,-70.38111368544006,Lake
"Hancock Pond",44.95562690123382,-69.98936973333623,Lake
"Annabessacook Lake",44.27243609351654,-69.98191235046309,Lake
"Halfmoon Pond",44.602821141523854,-70.5006512656988,Lake
"Saturday Pond",44.10919408109305,-70.56248906545925,Lake
"Clearwater Pond",44.73082551760092,-70.08327212765282,Lake
"Concord Pond",44.44328980679144,-70.55145957411497,Lake
"Crystal Pond",44.28261754560337,-70.26808136008195,Lake
"Metallak Pond",44.81944897804096,-70.81655498462838,Lake
"Parker Pond",44.48875435392024,-70.0288875028978,Lake
"Indian Pond",44.353739473062234,-70.64901043453432,Lake
"Tripp Pond",44.05660201518744,-70.43166998443058,Lake
"Pennesseewassee Lake",44.23125861256511,-70.58554938140735,Lake
"Sand Pond",44.200483911260996,-70.61020899660394,Lake
"Pleasant Pond",44.36861340792295,-70.47196540780217,Lake
"Upper Richardson Lake",44.86421407466568,-70.88382479378949,Lake
"Apple Valley Lake",44.29398791304993,-70.02036466864989,Lake
"Twitchell Pond",44.35851023308104,-70.68156224330707,Lake
"Five Kezar Ponds",44.20724879460183,-70.81054098020932,Lake
"Mount Blue Pond",44.76489466461821,-70.33544312985006,Lake
"Mud Pond",44.29458767353096,-70.65029180186953,Lake
"Long Pond",44.843590512710406,-70.67642057141325,Lake
"Hutchinson Pond",44.2748225879284,-70.70785830700993,Lake
"Farrington Pond",44.177288590223164,-70.92694050551403,Lake
"Howard Pond",44.50696647177878,-70.72431435779603,Lake
"Hogan Pond",44.11775404209821,-70.46989265963919,Lake
"Beaver Pond",44.896768012822676,-70.94007549077419,Lake
"Gammon Pond",44.86320530114976,-70.13267254738469,Lake
"Little Pennesseewassee Pond",44.224271764674384,-70.6152759804635,Lake
"Pepperpot Pond",44.91674499318274,-70.91118385470388,Lake
"Indian Pond",44.96684392339863,-70.09643843332965,Lake
"Egypt Pond",44.51853562386438,-70.05031124044174,Lake
"Keewaydin Lake",44.26307933476723,-70.8364547716195,Lake
"Sabbath Day Pond",44.839248704878,-70.65834534866562,Lake
"C Pond",44.71818400568041,-70.88291966674704,Lake
"South Pond",44.39083211351259,-70.6877433535389,Lake
"Pond in the River",44.764830003208886,-70.93068464811905,Lake
"Wilson Pond",44.595112937518735,-70.24746682560661,Lake
"Varnum Pond",44.65493777315263,-70.2459550282047,Lake
"Custer Pond",44.14818334314742,-70.09825073023241,Lake
"Gull Pond",44.988945251559656,-70.62807025008082,Lake
"Locke Pond",44.581013371045024,-70.11713171560578,Lake
"Hales Pond",44.400561620874385,-70.06426773529941,Lake
"Bear Pond",44.14976877149073,-70.71318894319302,Lake
"Sandy River Ponds",44.896389315748806,-70.55897948918616,Lake
"South Pond",44.26435893554081,-70.37063795410867,Lake
"Little Ellis Pond",44.704548791604886,-70.67002959265139,Lake
"Marshall Pond",44.179098801818036,-70.41840082141617,Lake
"Flying Pond",44.52144738566587,-69.9929594843976,Lake
"Worthley Pond",44.460867189786086,-70.39951470145716,Lake
"The Basin",44.183496360060865,-70.2841166253563,Lake
"No Name Pond",44.12142346101094,-70.13853752463595,Lake
"Tilton Pond",44.45998964187295,-70.06691643464671,Lake
"Rangeley Lake",44.946433436822254,-70.69780174657059,Lake
"Virginia Lake",44.27226421085782,-70.86431473608276,Lake
"Charles Pond",44.13515071213129,-70.96775140580792,Lake
"Webb Lake",44.6929494699737,-70.44788915011121,Lake
"Ellis Pond",44.65958107417418,-70.6739307846091,Lake
"Androscoggin Lake",44.32477611618917,-70.0848857119852,Lake
"Moose Hill Pond",44.46606084972075,-70.13250343709848,Lake
"Sutherland Pond",44.089781381187194,-70.06919839185856,Lake
"North Pond",44.268170030739356,-70.59475000139564,Lake
"Gulf Island Pond",44.17046384360437,-70.20998770275541,Lake
"Taylor Pond",44.1075874785057,-70.27953297904735,Lake
"B Pond",44.74292616432162,-70.96005211354523,Lake
"Gilman Pond",44.95951179505893,-70.05305122681325,Lake
"Echo Lake",44.4288814090437,-70.02557382079462,Lake
"Papoose Pond",44.23341743398437,-70.71270903118806,Lake
"Norcross Pond",44.51430500439946,-70.09194491558199,Lake
"Otter Pond",44.02304320475468,-70.6772719924347,Lake
"Pocasset Lake",44.36121369720109,-70.06079405227239,Lake
"Pickerel Pond",44.3690011324689,-70.04352254537913,Lake
"Little Bear Pond",44.35410792977565,-70.29005945771773,Lake
"Whitney Pond",44.11795030105954,-70.47537780279565,Lake
"Berry Pond",44.33367273639447,-70.02308458870178,Lake
"Lower Richardson Lake",44.77713574833634,-70.88716029109693,Lake
"Cupsuptic Lake",44.99959069666139,-70.83614734430726,Lake
"Dexter Pond",44.31775793863149,-70.0315308936928,Lake
"Saint George Lake",44.388352414527375,-69.33521539634273,Lake
"Cross Pond",44.416857849597704,-69.12915195027297,Lake
"Smiths Millpond",44.43835645829271,-69.15386415137296,Lake
"Jimmy Pond",44.153132250384985,-69.99600019929998,Lake
"Cooks Pond",44.15651915431659,-69.4476173882806,Lake
"Little Cobbosseecontee Lake",44.327071820039606,-69.8881013313366,Lake
"Pleasant Lake",44.88577874461381,-69.10672577412006,Lake
"Lake Como",44.95194675758538,-69.50200798600221,Lake
"Lermond Pond",44.21937741251452,-69.21557746589893,Lake
"Little Pond",44.04084679255581,-69.47209378563608,Lake
"Muddy Pond",44.02380563168539,-69.48746777373849,Lake
"North Pond",44.137376022679675,-69.28259411147158,Lake
"South Pond",44.10004221881861,-69.27450438987371,Lake
"James Pond",44.32338330876909,-69.47875616268227,Lake
"Togus Pond",44.3258794927955,-69.65999678060388,Lake
"Round Pond",44.206794519622015,-69.28957718500772,Lake
"Toddy Pond",44.54143020565496,-69.05293251504428,Lake
"Umberhind Marsh",44.13214411143336,-69.82805166750268,Lake
"Dresden Bog Reservoir",44.094100375375994,-69.68735670150866,Lake
"Turner Pond",44.33927366060808,-69.47953980861452,Lake
"Lower Narrows Pond",44.29084014479017,-69.9490937927584,Lake
"Dyer Long Pond",44.185247801892594,-69.5221376074686,Lake
"Three Corner Pond",44.21109663434517,-69.5243665013452,Lake
"Savade Pond",44.318578786306546,-69.53474496231722,Lake
"Knight Pond",44.31760945269215,-69.00136431712689,Lake
"Alder Stream",44.91879287430905,-69.24814536601589,Lake
"Woodbury Pond",44.20026703006349,-69.94930769574998,Lake
"Fish Pond",44.22275861924116,-69.1886875356363,Lake
"Mansfield Pond",44.25224672621656,-69.1990895950247,Lake
"Embden Pond",44.93792036755119,-69.94682698084236,Lake
"Minnehonk Lake",44.493871952246714,-69.98967476512479,Lake
"Travel Pond",44.25434573695594,-69.53163028140919,Lake
"Beech Pond",44.38460977928572,-69.45079002560976,Lake
"Tolman Pond",44.34487727772655,-69.68476594418095,Lake
"Little Purgatory Pond",44.21405996731605,-69.94705140127078,Lake
"White Oak Pond",44.158549790239675,-69.27756851823584,Lake
"Cargill Pond",44.36840293460957,-69.32940230723169,Lake
"Cobbosseecontee Lake",44.259987514801466,-69.92935834301758,Lake
"Grassy Pond",44.20739441646955,-69.17720289717602,Lake
"Great Pond",44.53651222528159,-69.84543263905879,Lake
"Clary Lake",44.21932496426754,-69.56183098019419,Lake
"Swan Lake",44.547496970190764,-68.98747579747548,Lake
"Oaks Pond",44.75723788744188,-69.60269424713569,Lake
"Sandy Pond",44.51737307028539,-69.30500467803527,Lake
"Weary Pond",44.17808031921547,-69.58676361661658,Lake
"Hurds Pond",44.47801577299613,-69.02402858959013,Lake
"Belfast Reservoir Number Two",44.40013969475352,-69.01240100078739,Lake
"Moody Pond",44.29326544379703,-69.14382743108581,Lake
"Mower Pond",44.98577763016454,-69.31617177623866,Lake
"Lower Togus Pond",44.29463061784835,-69.67150647773765,Lake
"Ellis Pond",44.49639978459353,-69.13235858516606,Lake
"Ripley Pond",45.00374999635178,-69.37601640623713,Lake
"Sibley Pond",44.79478224271134,-69.52197660816374,Lake
"Kimball Pond",44.57760187360377,-69.98685826991196,Lake
"Coleman Pond",44.300050935072484,-69.07024510184873,Lake
"Whites Pond",44.85429711187765,-69.36119591978044,Lake
"Sandy Pond",44.90909494342862,-69.91803730579309,Lake
"Ellis Pond",44.526756373966,-69.78418583627794,Lake
"Carleton Pond",44.3497025008443,-69.90695567983227,Lake
"Mirror Lake",44.19778944537474,-69.14978576427998,Lake
"Little Dyer Pond",44.16475591555406,-69.56146394582521,Lake
"Mercer Bog",44.663510121986,-69.93059568233782,Lake
"Hutchinson Pond",44.26297575853385,-69.87315151023338,Lake
"Duckpuddle Pond",44.08746243899337,-69.4414154169987,Lake
"Baker Pond",44.98128944865617,-69.77069891588681,Lake
"Nokomis Pond",44.86933545864782,-69.29837412819238,Lake
"Stafford Pond",44.890928353447435,-69.50367940752238,Lake
"Sidensparker Pond",44.09138135447433,-69.30776699188175,Lake
"Caesar Pond",44.06439526280963,-69.98387823367656,Lake
"Morrill Pond",44.8357516145842,-69.51611781961441,Lake
"Greeley Pond",44.30267412164804,-69.70937700654797,Lake
"Maranacook Lake",44.35149995444375,-69.95470725113928,Lake
"Horseshoe Pond",44.20444507631755,-69.89105357258877,Lake
"Pemaquid Pond",44.05145662385408,-69.45490805062138,Lake
"East Pond",44.607772745193465,-69.7818807360638,Lake
"Hosmer Pond",44.21408318765152,-69.12792027592698,Lake
"Shed Pond",44.36019416876507,-69.87562069339442,Lake
"Little Medomak Pond",44.189399367168015,-69.3411446949478,Lake
"Jimmie Pond",44.27991787727861,-69.86086382875447,Lake
"Quantabacook Lake",44.38901867810231,-69.18106238004289,Lake
"Lake Passagassawakeag",44.51028983692126,-69.1315711595782,Lake
"Torsey Lake",44.422231786150846,-69.98674748719336,Lake
"Mixer Pond",44.471615762475054,-69.16525564354717,Lake
"Tilden Pond",44.36742605785447,-69.11102333140101,Lake
"Ironbound Pond",44.978390631402355,-69.74436818558378,Lake
"Plymouth Pond",44.75296607935787,-69.18199521972208,Lake
"Unity Pond",44.64665323827634,-69.32867302861908,Lake
"Watson Pond",44.573549380438536,-69.92531042360523,Lake
"Little Togus Pond",44.308552383551444,-69.66549225459175,Lake
"Havener Pond",44.06852308589089,-69.2882686817529,Lake
"Fahi Pond",44.90872394450017,-69.89950876385367,Lake
"Damariscotta Lake",44.13404024086194,-69.49105924375041,Lake
"Chisholm Pond",44.43347228669885,-69.35897807707543,Lake
"Trues Pond",44.385670399030765,-69.28072756374803,Lake
"Spectacle Pond",44.36977644767772,-69.67469623827174,Lake
"Bartlett Stream Reservoir",44.40963334565603,-69.22555874063413,Lake
"Branch Pond",44.42149454399585,-69.45938118880328,Lake
"Dam Pond",44.35219423005385,-69.67777899953666,Lake
"Kingdom Bog",44.41265663098329,-69.27963159903337,Lake
"Indian Pond",44.93425826446249,-69.38793800211187,Lake
"Messalonskee Lake",44.47658965636345,-69.79026774084247,Lake
"Sebasticook Lake",44.861632374841065,-69.24483880835804,Lake
"Threemile Pond",44.36495320081626,-69.60568219531041,Lake
"Sheepscot Pond",44.35816550988089,-69.4296816727342,Lake
"Hobbs Pond",44.24474365876466,-69.17264721434051,Lake
"Mainstream Pond",44.98559517957821,-69.49535272252963,Lake
"Inghan Pond",44.45276763144148,-69.93470263393608,Lake
"Ward Pond",44.41577025807459,-69.79189995376251,Lake
"Deer Meadow Pond",44.14140347886337,-69.52019254790801,Lake
"Lawry Pond",44.350626140362245,-69.14976109327564,Lake
"Great Moose Lake",44.92310741752303,-69.52363892808728,Lake
"Lake George",44.77683359985209,-69.58881945040565,Lake
"Medomak Pond",44.195287425742066,-69.36941314209551,Lake
"Dutton Pond",44.482331813700696,-69.14733229901101,Lake
"Pattee Pond",44.533853930134356,-69.56094518810444,Lake
"Chickawaukie Pond",44.14180223950732,-69.11327710611914,Lake
"Threecornered Pond",44.34600189281955,-69.64238381287676,Lake
"Nehumkeag Pond",44.18588486723285,-69.71747101812396,Lake
"Starbird Pond",44.89572085746495,-69.56059156076068,Lake
"Sennebec Pond",44.25027323270057,-69.26896073242189,Lake
"Alford Lake",44.23759253064708,-69.21457833419106,Lake
"Round Pond",44.74000013694111,-69.22287328247312,Lake
"Carlton Pond",44.707401920643655,-69.27174604390352,Lake
"China Lake",44.43689489016171,-69.56016511006445,Lake
"McCurdy Pond",44.01104220295949,-69.45367235015618,Lake
"Wesserunsett Lake",44.84536482273497,-69.77255328935328,Lake
"Douglas Pond",44.817567549161,-69.38865644302653,Lake
"Dutton Pond",44.48476899838257,-69.48959844001692,Lake
"Long Pond",44.292881807699175,-69.51103817359709,Lake
"Stevens Pond",44.369739159059066,-69.30146962219524,Lake
"Barker Pond",44.90715710145225,-69.6340171923846,Lake
"Crawford Pond",44.191223913800386,-69.24344542811122,Lake
"Pettengill Marsh",44.30606183263222,-69.27244523853501,Lake
"Moose Pond",44.473655164563766,-69.96535739974254,Lake
"Washington Pond",44.28873107416756,-69.37524032769488,Lake
"Gardiner Pond",44.06425045079627,-69.69985201890609,Lake
"Mud Pond",44.486021780908374,-69.54343422078448,Lake
"Pitcher Pond",44.33371425919611,-69.03520707775684,Lake
"Crystal Pond",44.291216010851656,-69.3932165409606,Lake
"Weymouth Pond",44.97190389169929,-69.32280647049565,Lake
"Lovejoy Pond",44.52044320933697,-69.47068866153502,Lake
"Webber Pond",44.40970676649906,-69.65406956843921,Lake
"Kalers Pond",44.109400062285715,-69.42223827096167,Lake
"Etna Pond",44.82571343430933,-69.09733934519618,Lake
"Upper Mason Pond",44.46523682088923,-68.99907978057747,Lake
"Seven Tree Pond",44.19038699914724,-69.27510160424579,Lake
"Little Pond",44.38778525838488,-69.19724484532499,Lake
"East Branch Sebasticook River Reservoir",44.935621129886194,-69.26650143402756,Lake
"North Pond",44.625351215814185,-69.84274122849429,Lake
"Upper Narrows Pond",44.30653361044278,-69.94280327268392,Lake
"Norton Pond",44.28712635881159,-69.10977219188614,Lake
"Buker Pond",44.167925157805556,-69.98049712927399,Lake
"Sand Pond",44.178857364558105,-69.97136246259826,Lake
"Little Indian Pond",44.96072742025426,-69.35817764313177,Lake
"Little Pond",44.608061881234164,-69.85271657758028,Lake
"McGrath Pond",44.55674689926914,-69.76367252864041,Lake
"Long Pond",44.51188950251788,-69.90852198178105,Lake
"Megunticook Lake",44.25846808780076,-69.11298148011993,Lake
"Rocky Pond",44.799880981907656,-68.14100684260117,Lake
"Burnt Pond",44.745865726232246,-68.52737664429216,Lake
"George Pond",44.77775757765901,-68.89967239532928,Lake
"Bog Brook Flowage",44.77656908424454,-67.97879781224937,Lake
"Hermon Pond",44.77962186410171,-68.93457573902268,Lake
"Duck Pond",44.6085806345742,-68.1817210625885,Lake
"Long Pond",44.332878613127484,-68.36473543926756,Lake
"Stiles Lake",44.973771949823394,-68.0087788233234,Lake
"Williams Pond",44.65914707649424,-68.77236197902756,Lake
"Upper Lead Mountain Pond",44.851665884013606,-68.14034527638593,Lake
"Upper Patten Pond",44.55598847797483,-68.59273817341243,Lake
"Hodgdon Pond",44.321977786893534,-68.39761485601962,Lake
"Chemo Pond",44.82199706856469,-68.5721932091047,Lake
"Second Pond",44.70692249845537,-68.58282243735673,Lake
"Beech Hill Pond",44.69128011936983,-68.45942257770528,Lake
"Floods Pond",44.73671549291943,-68.49641520345304,Lake
"Allen Pond",44.960688232382985,-68.08475720873003,Lake
"Rocky Pond",44.67904808850283,-68.49444544004784,Lake
"Deer Lake",44.994530661175844,-68.13021769553222,Lake
"Rift Pond",44.95029562915249,-68.25660521293821,Lake
"Upper Springy Pond",44.77080527670239,-68.49293548503698,Lake
"Fresh Pond",44.158568602078475,-68.85161746853743,Lake
"Lower Middle Branch Pond",44.874987995856884,-68.22633404396933,Lake
"Old Harbor Pond",44.051045288395535,-68.8541802445173,Lake
"Long Pond",44.65789444213632,-68.68389650937611,Lake
"King Pond",44.940879750594284,-68.26023271515136,Lake
"Mill Pond",44.220092271787514,-68.68039879334472,Lake
"Round Pond",44.58920396702665,-68.01160773390899,Lake
"Goose Pond",44.345538812480136,-68.80292444840023,Lake
"Hamilton Pond",44.426916421547226,-68.28902686471332,Lake
"Spectacle Pond",44.758466974098575,-68.21671552390724,Lake
"Spruce Mountain Lake",44.813887364750286,-68.00828715830706,Lake
"Somes Pond",44.360107398579366,-68.34588071273073,Lake
"Parks Pond",44.8143352046992,-68.50084432057294,Lake
"Stowers Meadow",44.529772012165076,-68.82018370835596,Lake
"Narraguagus Lake",44.6570140728312,-68.14348891600056,Lake
"Eagle Lake",44.36485536017643,-68.24992104861681,Lake
"Silver Lake",44.6061537757469,-68.78228598021177,Lake
"Jones Pond",44.457732315073265,-68.08188666811573,Lake
"Pushaw Lake",44.93533280642861,-68.80496462931673,Lake
"Hopkins Pond",44.78871637616465,-68.45126186743695,Lake
"Georges Pond",44.61274210092995,-68.24061781736877,Lake
"Thurston Pond",44.665397628715624,-68.72519581284315,Lake
"Morrison Ponds",44.92798018631892,-68.34983756466707,Lake
"Donnell Pond",44.60010642848093,-68.15274259375826,Lake
"Goose Pond",44.664440208667806,-68.57914279062446,Lake
"Branch Lake",44.5966120235549,-68.55254249325274,Lake
"Pierce Pond",44.48295852592114,-68.72258079038922,Lake
"Wight Pond",44.46480767504879,-68.67366738489567,Lake
"Mopang Lake",44.91809642889204,-68.00501292649112,Lake
"Long Pond",44.53306534895688,-68.1696498192555,Lake
"Scammon Pond",44.66696685178574,-68.23847868859919,Lake
"Harriman Pond",44.64815897528814,-68.62913359236998,Lake
"Black Pond",44.338243599770635,-68.65708819969225,Lake
"Walker Pond",44.33072314209881,-68.69324065244724,Lake
"Halfmoon Pond",44.55676489958448,-68.93730400983296,Lake
"Abrams Pond",44.65195816604261,-68.24745506888739,Lake
"Swetts Pond",44.699309689355054,-68.77893520213797,Lake
"Green Lake",44.64922873284221,-68.49742250035253,Lake
"Salt Pond",44.35240213439345,-68.57468863729963,Lake
"Webb Pond",44.66982437088348,-68.28644008189012,Lake
"Little Burnt Pond",44.684699932387296,-68.4825244345574,Lake
"Third Pond",44.40608612050583,-68.61971373950585,Lake
"Jacob Buck Pond",44.64615453765452,-68.74508363803672,Lake
"Lower Allen Pond",44.946272952484605,-68.13977995695325,Lake
"McClure Pond",44.48230726285758,-68.96342555710169,Lake
"Little Long Pond",44.63768741084427,-68.07662559146223,Lake
"Little Tunk Pond",44.56493839231155,-68.10553823450644,Lake
"Tracy Pond",44.789464108848584,-68.91911041510993,Lake
"Little Webb Pond",44.689250424235475,-68.31832665750231,Lake
"Mountainy Pond",44.71721431428333,-68.53444638029679,Lake
"Lower Patten Pond",44.53608781772542,-68.53703929527133,Lake
"Frost Pond",44.345130770212116,-68.62674884202544,Lake
"Alamoosook Lake",44.58174982988189,-68.70272085852628,Lake
"Perch Pond",44.95068703255405,-68.77791578357136,Lake
"Phillips Lake",44.690237015999834,-68.60180031297003,Lake
"Holt Pond",44.18424389212337,-68.66870146931144,Lake
"Carvers Pond",44.053784116192915,-68.8296452722178,Lake
"Hammond Pond",44.758371385549005,-68.91898941021597,Lake
"Hatcase Pond",44.738493480978256,-68.57551948600484,Lake
"Heart Pond",44.567668417325066,-68.66246115512251,Lake
"Beddington Lake",44.82159669186643,-68.05184146816485,Lake
"Jordan Pond",44.330351535220245,-68.25497241331782,Lake
"Craig Pond",44.58331384701854,-68.6671904040245,Lake
"Forbes Pond",44.43246489053382,-68.03799190815378,Lake
"Fitts Pond",44.76411297337775,-68.55593926909836,Lake
"Middle Lead Mountain Pond",44.855006159101684,-68.17368316855136,Lake
"Giles Pond",44.83546423852895,-68.31477543489457,Lake
"Long Pond",44.037110727174394,-68.61211892474434,Lake
"Leonard Lake",44.55118194796182,-68.44026957492022,Lake
"Davis Pond",44.77922257548668,-68.5949043430129,Lake
"Long Pond",44.60103353339993,-68.02009330154345,Lake
"First Pond",44.369944517465775,-68.59992041879725,Lake
"Toddy Pond",44.52796177144931,-68.62614602643707,Lake
"Alligator Lake",44.93871598753682,-68.21176034027678,Lake
"Lower West Bay Pond",44.4930271798716,-68.0574992365557,Lake
"Hothole Pond",44.61650617469239,-68.66908533560809,Lake
"Halfmile Pond",44.89941323645336,-68.2467739332768,Lake
"Rocky Pond",44.58842506890636,-68.59797710857133,Lake
"Brewer Lake",44.70960410043748,-68.72694177002377,Lake
"Lower Springy Pond",44.755700039336624,-68.48832345569097,Lake
"Spring River Lake",44.620324869785044,-68.05410019630358,Lake
"Patten Pond",44.75469042755222,-68.95473593831085,Lake
"Fox Pond",44.6262315577944,-68.1112790227505,Lake
"Eagle Lake",45.00224632998312,-68.17304430519721,Lake
"Green Lake",44.9665148954128,-68.03052239621698,Lake
"Long Pond",44.919879322759165,-68.26582056263024,Lake
"Molasses Pond",44.67506298102863,-68.21739726795,Lake
"Tunk Lake",44.58406711014492,-68.07172102012198,Lake
"Moulton Pond",44.671546993473136,-68.64075062464106,Lake
"Great Pond",44.60140813238738,-68.28268579598739,Lake
"Second Pond",44.39250172775732,-68.62607432907002,Lake
"Seal Cove Pond",44.29912350462971,-68.39692432146725,Lake
"Little Duck Pond",44.64834876942174,-68.52542269120214,Lake
"Hancock Pond",44.62536468673516,-68.70402458383748,Lake
"Upper Allen Pond",44.95351759496116,-68.1542238080942,Lake
"Great Pond",44.96146297009092,-68.2999218278047,Lake
"Parker Pond",44.37422536538645,-68.70767170444759,Lake
"Little Rocky Pond",44.64849317147146,-68.54232200910984,Lake
"Echo Lake",44.3278591858667,-68.33703128539219,Lake
"Flanders Pond",44.54210763029613,-68.13511422140661,Lake
"Upper Middle Branch Pond",44.89677664963125,-68.22563435177302,Lake
"Holbrook Pond",44.76070060205424,-68.61522872347203,Lake
"Fields Pond",44.731914157772216,-68.73747083310658,Lake
"Morancy Pond",44.50889427424827,-68.115857489373,Lake
"Lower Sabao Lake",44.99759746992698,-68.0178654083845,Lake
"Morancy Meadow Pond",44.514756952283655,-68.09516424525613,Lake
"Graham Lake",44.667872699303544,-68.39141979917893,Lake
"West Bay Pond",44.516423934126216,-68.06378152697424,Lake
"Second Marks Lake",44.77589879165092,-67.505827577318,Lake
"Patrick Lake",44.87521720658513,-67.38396099920467,Lake
"Second Chain Lake",44.99081082773732,-67.7347405627951,Lake
"Josh Pond",44.77894257097787,-67.30621057329333,Lake
"First Lake",44.991303589111794,-67.78564291150235,Lake
"Bog Lake",44.85320835312743,-67.57939710548072,Lake
"Marks Lake",44.75732788661136,-67.50442633107036,Lake
"Schoodic Lake",44.69695330797622,-67.88509418898356,Lake
"Second Lake",44.859536132521576,-67.4948138677241,Lake
"Southwest Pond",44.80577749940894,-67.9691204389164,Lake
"Seavey Lake",44.90647472698518,-67.62410879325162,Lake
"Grover Lake",44.95251068978246,-67.73530483192035,Lake
"Mopang Second Lake",44.905198721460934,-67.97143117751695,Lake
"Great Works Pond",44.87694044749088,-67.27643183086948,Lake
"Hadley Lakes",44.87099618177683,-67.8602293310211,Lake
"Lake Cathance",44.95254589121619,-67.40589249741896,Lake
"South Beaverdam Lake",44.996358509352525,-67.70339300943819,Lake
"Hadley Lake",44.78204636628156,-67.44383524329243,Lake
"Orange Lake",44.76647166093337,-67.24936346127349,Lake
"Rocky Lake",44.86539413579158,-67.45665954462177,Lake
"Montegail Pond",44.75528190068245,-67.77267586670004,Lake
"Pleasant River Lake",44.84992954622977,-67.9744535216945,Lake
"Boyden Lake",45.00803821885587,-67.14853748616076,Lake
"Bowles Lake",44.96776679391146,-67.81737103738818,Lake
"Sunken Lake",44.7933374408172,-67.2702689804657,Lake
"Six Mile Lake",44.76572554160827,-67.52355380799368,Lake
"Otter Lake",44.8956309486045,-67.5863425468661,Lake
"Sam Hill Lake",44.910559286600915,-67.75058607007371,Lake
"Hobart Lake",44.83583381716083,-67.26101833305897,Lake
"Big Heath",44.72049602948109,-67.65381939781844,Lake
"Long Lake",44.8821584049423,-67.5644315774949,Lake
"Little Seavey Lake",44.93677966947452,-67.63250079942131,Lake
"Indian Lake",44.75447596579666,-67.26638913246191,Lake
"Gardner Lake",44.77847152065769,-67.35852312925608,Lake
"Peaked Mountain Pond",44.76667604792578,-67.69902278871731,Lake
"Lower Cranberry Lake",44.95510290646744,-67.9606914093587,Lake
"Love Lake",44.99448341029064,-67.51888290025641,Lake
"Long Lake",44.81463716804046,-67.29570175995451,Lake
"Fulton Lake",44.849799942984795,-67.5568499948323,Lake
"Pennamaquan Lake",45.004806883247426,-67.22303003559962,Lake
"Orange River Reservoir",44.78097960941039,-67.20438805024155,Lake
"Round Lake",44.90858977557093,-67.51728731216285,Lake
"Little Cathance Lake",44.94826544664922,-67.36556385337693,Lake
"Upper Cranberry Lake",44.93211329688609,-67.958422830113,Lake
"Roaring Lake",44.78100641686071,-67.22381394726777,Lake
"Second Lake",44.82872420865149,-67.3625184019429,Lake
"First Chain Lake",44.96575343777078,-67.7176635165711,Lake
"Eel Lake",44.78337502055069,-66.78964598294048,Lake
"Great Pond",44.66282281241527,-66.78553869696336,Lake
"Bruce Lake",45.185011852606884,-79.64452361451328,Lake
"Silver Lake",45.117268389487634,-79.56620715869242,Lake
"Three Mile Lake",45.17879774440065,-79.46831452908296,Lake
"Bass Lake",45.10958256366318,-79.69917504616559,Lake
"Haggart Lake",45.10832743271237,-79.74751456239086,Lake
"Carter Lake",45.24160186739978,-79.70168637651632,Lake
"Pennsylvania Lake",45.007070493841006,-79.65316480799028,Lake
"Mirror Lake",45.21799735141078,-79.6937738835012,Lake
"Young Lake",45.20509389395846,-79.54708058273502,Lake
"McMaster Lake",45.071387631758505,-79.74884441227763,Lake
"Skeleton Lake",45.24738148648472,-79.45670976458752,Lake
"Barnes Lake",45.25823866905351,-79.51426627262904,Lake
"Duffy Lakes",45.06497060746692,-79.70323282582993,Lake
"Hesners Lake",45.014894107874376,-79.64379647124629,Lake
"Roderick Lake",45.07857008707,-79.71690328253386,Lake
"Black Lake",45.00087700128781,-79.55927533381023,Lake
"Lake Joseph",45.18163356030621,-79.72773307013279,Lake
"Pickering Lake",45.204768961485044,-79.6522670302191,Lake
"Little Long Lake",45.248891610548945,-79.51843542061606,Lake
"Brandy Lake",45.107087586560155,-79.52709079559462,Lake
"Tar Lake",44.99572486104664,-79.65756657985254,Lake
"Dyson Lake",45.21542770663743,-79.65090183770279,Lake
"Henshaw Lake",45.09843608475164,-79.59009753804735,Lake
"Ada Lake",45.09118486122508,-79.63938205394133,Lake
"Mirror Lake",45.11288805322869,-79.57771390960241,Lake
"Cassidy Lake",45.09625872654435,-79.7203331417311,Lake
"Medora Lake",45.06460814922136,-79.65397783683723,Lake
"Beaton Lake",45.23493164299278,-79.53015826220219,Lake
"Lake Rosseau",45.176966879638336,-79.5960531653611,Lake
"Fair Lake",45.22402157465519,-79.70336717925612,Lake
"Adams Lake",45.06001371015124,-79.76274828091084,Lake
"Butterfly Lake",45.08990168921693,-79.62858119582341,Lake
"Hardy Lake",45.007535282504946,-79.53134351073814,Lake
"Long Lake",44.99983599784957,-79.6068365332262,Lake
"Sucker Lake",45.25060965216605,-79.68278588172429,Lake
"White Lake",45.06760240416044,-79.73457731866806,Lake
"High Lake",45.23555158350821,-79.49784466571434,Lake
"Bogart Lake",45.19370444680309,-79.5258275506085,Lake
"Little Lake Joseph",45.20222582991602,-79.686854996378,Lake
"St. Germaine Lake",45.08808211094944,-79.67848559106078,Lake
"Wier Lake",45.236312073734254,-79.55069974409733,Lake
"Clark Pond",45.17910389913884,-79.5500177254032,Lake
"Sawyer Lake",45.03546487617644,-79.69935703857043,Lake
"Ricketts Lake",45.150096627349456,-79.75082934075706,Lake
"Goldstein Lake",45.04160788874416,-79.71400209648853,Lake
"Dell Lake",45.376637104784244,-79.92486537960956,Lake
"Oastler Lake",45.32344232445607,-79.97784441751539,Lake
"Lovell Lake",45.34573971368424,-79.9858331739544,Lake
"Back Lake",45.31050367927465,-79.91727629166104,Lake
"Murdock Lake",45.29775128789258,-79.97200183375678,Lake
"Duck Lake",45.38194027456334,-79.80068408185139,Lake
"Cochrane Lake",45.32198388252881,-79.93689250108463,Lake
"Harris Lake",45.479170831774596,-79.9886036441453,Lake
"Campbell Lake",45.45312849213424,-79.99949431557675,Lake
"McLean Lake",45.368298285499485,-79.8625520526548,Lake
"Faris Lake",45.34731741598097,-79.89805636476248,Lake
"McDonald Lake",45.29844909425903,-79.98022523345843,Lake
"Mutton Lake",45.34153863386415,-79.76834505193023,Lake
"Oastler Lake",45.315871749391206,-79.96405837851177,Lake
"Otter Lake",45.27643684330283,-79.95453970628574,Lake
"Heaslip Lake",45.36399650916097,-79.89820475463573,Lake
"Blue Lake",45.27816722720012,-79.99756616574835,Lake
"Mill Lake",45.37047645390626,-79.99607290451814,Lake
"Cosh Lake",45.30410181461979,-79.7751360169852,Lake
"Sugar Lake",45.37475053157487,-79.76021215355614,Lake
"Haines Lake",45.35003302529489,-79.94852142359758,Lake
"Martin Lake",45.35769433235705,-79.85151239301113,Lake
"Storm Lake",45.39303258148562,-79.74530893315504,Lake
"Manitouwabing Lake",45.47286424563553,-79.9024145445881,Lake
"Tongue Lake",45.46820759293852,-79.96141222372589,Lake
"Sovereign Lake",45.25511203881727,-79.9471035603539,Lake
"Diamond Lake",45.39352683184129,-79.77217180383757,Lake
"Long Lake",45.3527701747708,-79.91050811995702,Lake
"Maple Lake",45.36833871117463,-79.79913028774766,Lake
"Liebeck Lake",45.33680370030686,-79.8430194275105,Lake
"Clear Lake",45.26234455091388,-79.7934574696325,Lake
"Linger Long Lake",45.29839697806765,-79.99073517178032,Lake
"Dutcher Lake",45.45764066869222,-79.75490241210402,Lake
"McGowan Lake",45.33989924987184,-79.99456247878672,Lake
"Santa Lake",45.39323322420914,-79.84468925598509,Lake
"Wright Lake",45.290032922942174,-79.93463545224559,Lake
"McNutt Lake",45.33257494368236,-79.92833243321357,Lake
"Cramadog Lake",45.39014675841661,-79.94261838630065,Lake
"Whitefish Lake",45.29258188556706,-79.77738750498895,Lake
"Richmond Lake",45.333614998040254,-79.99859031045548,Lake
"Funston Lake",45.41427375236945,-79.98675014340886,Lake
"Vowel Lake",45.498274554332944,-79.9671566236766,Lake
"Isabella Lake",45.40488609990673,-79.8126176884648,Lake
"Mohan Lake",45.34343574341134,-79.8516776463919,Lake
"Trout Lake",45.426306406695474,-79.97476948440205,Lake
"Shanty Lake",45.45411157744305,-79.80424024432658,Lake
"Salmon Lake",45.25311397462086,-79.96509475856008,Lake
"Boy Lake",45.42988582869118,-79.99594726427247,Lake
"Avis Lake",45.39067615015474,-79.98513524259866,Lake
"Ruebottom Lake",45.50159152731408,-79.75238650403824,Lake
"Scott Lake",45.26566129806945,-79.99830260617908,Lake
"Rankin Lake",45.292990654116856,-79.91054103454718,Lake
"Star Lake",45.32863802954932,-79.75843331721182,Lake
"Lane Lake",45.34962864092537,-79.92959406542113,Lake
"Blackwater Lake",45.42669819397443,-79.8212432016124,Lake
"Little Whitefish Lake",45.27524195850202,-79.79446231692657,Lake
"Capton Lake",45.33214940535733,-79.88746700306702,Lake
"Brennan Lake",45.3089624892836,-79.88708429888841,Lake
"Forget Lake",45.25414116162104,-79.90481816159927,Lake
"Flaxman Lake",45.334341529104286,-79.82642188163229,Lake
"Horseshoe Lake",45.306447650821625,-79.84314219758521,Lake
"Pender Lake",45.325048294354005,-79.86994372109511,Lake
"Blackstone Lake",45.23003604789212,-79.8838920691776,Lake
"Third Lake",45.26045813322302,-79.88060797192533,Lake
"First Lake",45.283840176904235,-79.86936658149112,Lake
"Oak Lake",45.24932594546083,-79.86629876350602,Lake
"Windfall Lake",45.29278282316016,-79.87960033778117,Lake
"Tucker Lake",45.25235025285389,-79.80841908295467,Lake
"Second Lake",45.268649889724294,-79.87070236525923,Lake
"Virtue Lake",45.32001319931576,-79.82677867983548,Lake
"Brush Lake",45.270920638547025,-79.75754291957334,Lake
"Fume Lake",45.39485681927323,-79.7158992252662,Lake
"Manitouwaba Lake",45.40603443736791,-79.70157859207399,Lake
"Fifteen Mile Lake",45.480578451451954,-79.62790048535634,Lake
"Little Manitouwaba Lake",45.409280059576034,-79.72632022423096,Lake
"Stanzel Lake",45.43228554878801,-79.56482718202989,Lake
"Ponsford Lake",45.35743512039021,-79.6898874495141,Lake
"Upper Fry Lake",45.41346658820951,-79.6464221511991,Lake
"Tub Lake",45.40162641623352,-79.74413295378025,Lake
"Jelso Lake",45.391607015600805,-79.68592401680964,Lake
"Horn Lake",45.3882205676975,-79.60097960601865,Lake
"Good Lake",45.44810457960608,-79.66568367745636,Lake
"Meadow Lake",45.36858053465278,-79.57933891713989,Lake
"Lower Fry Lake",45.40896301952862,-79.67172903969352,Lake
"Ten Mile Lake",45.372234797544024,-79.65386269369336,Lake
"Bear Lake",45.44181453602556,-79.58684595972368,Lake
"Burr Lake",45.26756818252507,-79.72894931101983,Lake
"Long Lake",45.331084783416955,-79.4909499032787,Lake
"Watson Lake",45.25946151146618,-79.70460184338212,Lake
"Axe Lake",45.38882122780121,-79.5024133065595,Lake
"Clear Lake",45.505946773551386,-79.26221663926755,Lake
"Wrist Lake",45.0872968207668,-79.05061117329586,Lake
"Saw Lake",45.0464047014208,-79.02578346920838,Lake
"Porcupine Lake",45.15454831651112,-79.00053967982727,Lake
"Crosson Lake",45.08371835226949,-79.03576802964285,Lake
"Gullfeather Lake",45.09434040587168,-79.01815364731736,Lake
"Little Orillia Lake",45.08611986983473,-79.00066437906148,Lake
"Little Leech Lake",45.03304416475547,-79.01887161602106,Lake
"Big Orillia Lake",45.09628540174011,-78.99671675802584,Lake
"Clear Lake",45.04149360284077,-79.01570002505645,Lake
"Jessop Lake",45.387426427662824,-79.26914890807444,Lake
"Peninsula Lake",45.340390656043276,-79.09258261455139,Lake
"Compass Lake",45.488452743580865,-79.38293390548239,Lake
"Oudaze Lake",45.45335351601661,-79.19516757211419,Lake
"Grandview Lake",45.20195704786847,-79.0512031676501,Lake
"Jerry Lake",45.38394470203326,-79.11145668899466,Lake
"Wildcat Lake",45.1768056181224,-79.03671906268707,Lake
"Langford Lake",45.453061428836726,-79.2884822420526,Lake
"Moot Lake",45.14365463498587,-79.17156487068615,Lake
"Dreamhaven Lake",45.25701095737448,-79.08423056032838,Lake
"Tucker Lake",45.203327599480886,-79.1802718582954,Lake
"Mary Lake",45.24620246248214,-79.25858029119958,Lake
"Bittern Lake",45.44155327323027,-79.30490944817676,Lake
"Wood Lake",45.014371626188755,-79.07506621561643,Lake
"Tooke Lake",45.177855580873434,-79.13684113871676,Lake
"Benson Lake",45.413847083296325,-79.06743511497379,Lake
"Shapter Lake",45.184578845222724,-79.17776860993617,Lake
"Bella Lake",45.44278633023098,-79.02735343145754,Lake
"Dickie Lake",45.14804363568106,-79.08733881531896,Lake
"Lynx Lake",45.237238295368755,-79.18265191677934,Lake
"Axle Lake",45.17598323078535,-79.12302691070886,Lake
"Camel Lake",45.15985414109041,-79.4250902636231,Lake
"Clearwater Lake",45.20347662094869,-79.23377384410247,Lake
"Fairy Lake",45.33096405048282,-79.17833286883877,Lake
"Clark Lake",45.40391995938423,-79.2977749030502,Lake
"Verner Lake",45.45649729715187,-79.14206274947907,Lake
"Harp Lake",45.37785776991477,-79.13498434247698,Lake
"Gilleach Lake",45.159116182612436,-79.21743165412131,Lake
"Fox Lake",45.38474221134596,-79.35516000241833,Lake
"Golden City Lake",45.31477508317276,-79.41589522836124,Lake
"Robinson Lake",45.342713424465074,-79.27737566547044,Lake
"Rose Lake",45.240967684713894,-79.3567567406832,Lake
"Leonard Lake",45.07433451677614,-79.44466713189478,Lake
"Siding Lake",45.284356583827616,-79.31820997657158,Lake
"Menominee Lake",45.19751552108075,-79.13439201415603,Lake
"Dotty Lake",45.46110580357443,-78.99165740072581,Lake
"Martin Lake",45.19162439913196,-78.99111792459044,Lake
"Rebecca Lake",45.42890099529966,-79.04068949435084,Lake
"Rock Lake",45.43692698888885,-79.22881268964481,Lake
"Foote Lake",45.474421979344854,-79.17593526418509,Lake
"Pine Lake",45.06660137153186,-79.06909335353974,Lake
"Groves Lake",45.257204457169806,-79.38941577648106,Lake
"Cowan Lake",45.14930048335125,-79.49036952298434,Lake
"Otter Lake",45.29498451968093,-79.16846480955431,Lake
"North Healey Lake",45.09687338094757,-79.19162414295815,Lake
"Lake of Bays",45.26300294039767,-79.02261158863375,Lake
"Devine Lake",45.192650805670006,-79.2298867875737,Lake
"Longs Lake",45.20309575132603,-79.35526530322021,Lake
"Fawn Lake",45.17213078465104,-79.24806791305737,Lake
"Ril Lake",45.16767226276589,-79.0122584098913,Lake
"Bigwind Lake",45.05631593790472,-79.05656063051322,Lake
"Sage Lake",45.156590567068946,-79.19512670475433,Lake
"Round Lake",45.464147823079635,-79.40430304676008,Lake
"Leech Lake",45.05200935118227,-79.09753483652432,Lake
"Goodman Lake",45.12966881383527,-79.00768545012865,Lake
"Walker Lake",45.379772735712116,-79.08910180794598,Lake
"McKay Lake",45.05569530303519,-79.17588459653201,Lake
"Cooper Lake",45.342929913593224,-79.00593809381101,Lake
"Surprise Lake",45.46006287734564,-79.15828480432,Lake
"Heck Lake",45.46193057338461,-79.03427816226652,Lake
"Slocombe Lake",45.29633646114699,-79.33425625308489,Lake
"Sims Lake",45.337078801884154,-79.45570570972775,Lake
"McBrien Pond",45.490679810092175,-79.01886567466407,Lake
"Penfold Lake",45.26570546232127,-79.27992319479354,Lake
"Chub Lake",45.295518282684114,-79.2346521189393,Lake
"Lower Raft Lake",45.46277357663758,-79.12957880663069,Lake
"Ripple Lake",45.421533905822166,-79.276314576359,Lake
"Fish Lake",45.454184602745705,-79.23436393388212,Lake
"West Buck Lake",45.02983162934948,-79.09307981788322,Lake
"Bonnie Lake",45.13975679532789,-79.26109923625239,Lake
"Waseosa Lake",45.4032307590365,-79.27287819517187,Lake
"Lake Vernon",45.33569979080695,-79.29698652814089,Lake
"Little Arrowhead Lake",45.408628033977486,-79.19222836855444,Lake
"Arrowhead Lake",45.39630769928564,-79.202235003117,Lake
"Solitaire Lake",45.39218114733781,-79.00780758366638,Lake
"Heney Lake",45.127885297169286,-79.10415457409067,Lake
"Lee Lake",45.37877398116711,-79.04272639978224,Lake
"Upper Raft Lake",45.47400075293602,-79.13437546451715,Lake
"Buck Lake",45.420204672356306,-79.39470521975967,Lake
"North Dotty Lake",45.48098721217801,-79.00494389700701,Lake
"Bay Lake",45.50361122982635,-79.20817038324722,Lake
"Brooks Lake",45.456842376313446,-79.00091305647116,Lake
"Stoneleigh Lake",45.09993905942794,-79.2295849170833,Lake
"Montgomery Lake",45.19569504429943,-79.18733957712703,Lake
"Echo Lake",45.17558877793703,-79.06711550590275,Lake
"Big Stephen Lake",45.1667335383875,-79.19409678920807,Lake
"Mirage Lake",45.47481378700726,-79.21855288216678,Lake
"Bird Lake",45.04268559584184,-79.06551939308727,Lake
"Dunn Lake",45.197629641667284,-79.15556120582254,Lake
"Harrison Lake",45.55653321502505,-79.56399636150104,Lake
"Wilson Lake",45.61327400188114,-79.85613975437289,Lake
"Manson Lake",45.55848356528174,-79.86175220189821,Lake
"Pearceley Lake",45.70042146498797,-79.5039667343842,Lake
"Ryder Lake",45.53481221705213,-79.76629582071698,Lake
"Fairholme Lake",45.577214921472745,-79.90260211578338,Lake
"Taylor Lake",45.67818432379314,-79.96519463448729,Lake
"Whalley Lake",45.69312055695722,-79.66858483914525,Lake
"Quinn Lake",45.60170608072212,-79.85425417615416,Lake
"Little Harris Lake",45.75371704600774,-79.83870722917123,Lake
"Watson Lake",45.72986958289799,-79.97634687449617,Lake
"Pinetree Lake",45.64832060699818,-79.99327029758227,Lake
"Lake Cecebe",45.6434862821518,-79.57837949985839,Lake
"Henry Lake",45.668262266086735,-79.52565086590265,Lake
"La Brash Lake",45.7230198645424,-79.89313870191211,Lake
"Lorimer Lake",45.53982913688513,-79.96458813330949,Lake
"Shawanaga Lake",45.56393466931077,-79.98551534405001,Lake
"Horn Lake",45.66840062120264,-79.4924594843111,Lake
"Snake Lake",45.58913430135338,-79.94392353291715,Lake
"Beckett Lake",45.58166234206437,-79.80343979444903,Lake
"Big Deer Lake",45.767039964636545,-79.74964788302323,Lake
"Lake of Many Islands",45.765117419671775,-79.6898239214509,Lake
"Shanty Lake",45.580287427995096,-79.82485885256648,Lake
"Carmen Lake",45.673302822124,-79.56084251169875,Lake
"Clear Lake",45.538013670948125,-79.82931361859005,Lake
"Stewart Lake",45.52708170461101,-79.90099776285906,Lake
"Rainy Lake",45.53194264934567,-79.49625101596287,Lake
"Cooper Lake",45.662535499242324,-79.93391308546204,Lake
"Parker Lake",45.72268426335155,-79.82660349696881,Lake
"Eagle Lake",45.82843662273456,-79.49895517211218,Lake
"Newell Lake",45.6103252816248,-79.68416182612857,Lake
"Armstrong Lake",45.51250111048768,-79.91692371353491,Lake
"Hobson Lake",45.62374257387782,-79.95498265263522,Lake
"Simmons Lake",45.60655675104528,-79.69761357867658,Lake
"Little Ruebottom Lake",45.50548045120029,-79.77104419791775,Lake
"Ogden Lake",45.7137619682893,-79.6868890248629,Lake
"Whitestone Lake",45.62335466106852,-79.85242140693562,Lake
"Bells Lake",45.602506447614104,-79.6796085269949,Lake
"Oliver Lake",45.51474133406331,-79.7956777067806,Lake
"Mary Jane Lake",45.50971845548601,-79.84956363583181,Lake
"Crawford Lake",45.602431655917556,-79.74167649577069,Lake
"Lodge Lake",45.525074165803865,-79.96657216271643,Lake
"Goose Lake",45.616161397199015,-79.52187552604643,Lake
"Ryan Lake",45.53401532727518,-79.89645195926094,Lake
"McEwen Lake",45.525148013324184,-79.91820666963069,Lake
"Seguin Lake",45.53657338107454,-79.67887216667671,Lake
"Spence Lake",45.542393921255346,-79.64406683932442,Lake
"Jeffery Lake",45.522027616916056,-79.7217731015417,Lake
"Cheer Lake",45.77239899223671,-79.51617804434255,Lake
"Ahmic Lake",45.64217801555959,-79.68983625080834,Lake
"Hughes Lake",45.70117755211099,-79.57321619072334,Lake
"Old Mans Lake",45.60977487046774,-79.64545487970277,Lake
"De Bois Lake",45.65793963662459,-79.99814926840223,Lake
"Bell Lake",45.59116126286004,-79.95409681347003,Lake
"Beaver Lake",45.62696048629356,-79.72975859684388,Lake
"Boss Lake",45.80648862468342,-79.78512354411188,Lake
"McKellar Lake",45.5143361200356,-79.93222009919415,Lake
"Limestone Lake",45.547748160828405,-79.92741321193252,Lake
"Keiller Lake",45.544198276052576,-79.59671426150192,Lake
"Spring Lake",45.81061372637928,-79.68380104287023,Lake
"Grey Owl Lake",45.521874533875476,-79.94219531919873,Lake
"Moffat Lake",45.5330457488436,-79.88045645595557,Lake
"Shorrow Lake",45.90538434989339,-79.81577712236714,Lake
"West Deer Lake",45.86145184247062,-79.9728888485631,Lake
"Dog Lake",45.85099234131353,-79.97471712076813,Lake
"Broadwell Lake",45.99808456387623,-79.88935571459592,Lake
"Lower Merrick Lake",45.91711097548098,-79.75908831408445,Lake
"Lawson Lake",45.82680900462054,-79.81573252049947,Lake
"May Lake",45.86487723645617,-79.72621111731472,Lake
"Seagull Lake",45.90683853180528,-79.94199078249828,Lake
"Stickland Lake",45.83715700931522,-79.71032169012263,Lake
"Long Lake",45.895193003656495,-79.857174585316,Lake
"Dutchman Lake",45.86804248658537,-79.91822649599692,Lake
"Crotch Lake",45.868829747275264,-79.87916270122929,Lake
"Le Grou Lake",45.850799198659914,-79.90986420744966,Lake
"Chartier Lake",45.8462275776902,-79.83635596996193,Lake
"Brunner Lake",45.822202649266096,-79.86266357235381,Lake
"Snowshoe Lake",45.79916758490744,-79.82477471068214,Lake
"Irish Lake",45.87868925954688,-79.83632032305512,Lake
"Harry May Lake",45.883395426087574,-79.72444808298569,Lake
"Milton Lake",45.90904002846696,-79.86498208838623,Lake
"Mud Lake",45.79929330370796,-79.58206496621321,Lake
"Fairplay Lake",45.98088808757652,-79.81656773513076,Lake
"Memesagamesing Lake",46.02392210855953,-79.98941239279748,Lake
"Tough Lake",45.86420699171634,-79.6902627995545,Lake
"Slush Lake",45.885745138626625,-79.70838015073022,Lake
"Durrell Lake",45.98985503331381,-79.83895370953033,Lake
"Bain Lake",45.93649720222729,-79.93637782089321,Lake
"Hammond Lake",45.84186570493495,-79.7187714261599,Lake
"Jack's Lake",45.941074313660565,-79.8210786695391,Lake
"King Lake",45.886385066542395,-79.50641992615174,Lake
"Perch Lake",45.895735578444885,-79.79239816832752,Lake
"Rausch Lake",45.97334375075318,-79.77331145856671,Lake
"Billy Lake",45.89035117728779,-79.85048929984737,Lake
"Pickerel Lake",45.851547210958586,-79.71147949123971,Lake
"Cadden Lake",45.92289284514647,-79.86348183538458,Lake
"Theodolite Lake",45.892371430996015,-79.83152981611941,Lake
"Driver Lake",45.92736012905709,-79.76152476219261,Lake
"L Lake",45.876311050904405,-79.7279372740441,Lake
"Porter Lake",45.99820929213867,-79.78671340247035,Lake
"Deer Lake",45.81184193118261,-79.57323008738601,Lake
"Little Hungry Lake",45.848019361969676,-79.95829552017791,Lake
"South Boundary Lake",45.83203870357105,-79.74466536620469,Lake
"Pine Lake",45.958232954727976,-79.74818519972231,Lake
"Raganooter Lake",45.84439210891891,-79.770071663502,Lake
"Stewart Lake",45.92567381948936,-79.62372888538417,Lake
"Julius Lake",45.88183272769975,-79.94346407125974,Lake
"Round Lake",45.88102228031704,-79.70355159081298,Lake
"Duck Lake",45.88411716826084,-79.99021489666566,Lake
"Clear Lake",45.90210312231823,-79.79953250681083,Lake
"George's Lake",45.96327555206137,-79.90118822397181,Lake
"Hampel Lake",45.93485720135972,-79.8848264105949,Lake
"Schell Lake",45.98822192528941,-79.73874310915652,Lake
"Commanda Lake",46.00671484213178,-79.7026205265156,Lake
"Maeck Lake",45.82423738514088,-79.68452424653644,Lake
"North Boundary Lake",45.87424920226016,-79.69500026900057,Lake
"Mason Lake",45.640406821424165,-79.23588963351618,Lake
"Long Lake",45.714093080364144,-79.17548222980756,Lake
"Kernick Lake",45.6240332761328,-79.34741078483118,Lake
"Larson Lake",45.63042993917426,-79.29171741432344,Lake
"Kelsey Lake",45.65143948752096,-79.28437449565622,Lake
"Frank Lake",45.64771081749403,-79.24324649776003,Lake
"Doe Lake",45.530000300192754,-79.41591866847794,Lake
"Penuel Lake",45.507247696787736,-79.3738787588043,Lake
"Himbury Lake",45.60572261053421,-79.20344050597336,Lake
"Little Peyton Lake",45.78388076610823,-79.14507239065489,Lake
"Little Doe Lake",45.56471752307941,-79.39029266594783,Lake
"Bluesky Lake",45.74908883305478,-79.17767915909137,Lake
"Dewfish Lake",45.65033387884153,-79.00437298410766,Lake
"Little Beaver Lake",45.59317524592315,-79.19674794513321,Lake
"Pool Lake",45.710372123689076,-79.36747573401378,Lake
"Perry Lake",45.546589799094995,-79.22755963389913,Lake
"Crooked Lake",45.701185376342664,-79.21966402986527,Lake
"Hassard Lake",45.56020248154626,-79.22422916890358,Lake
"Upper Raven Lake",45.70247891456934,-79.16086270331229,Lake
"Little Patterson Lake",45.64429331676898,-79.09784990466761,Lake
"Spruce Lake",45.7032012174038,-79.1178227927324,Lake
"Peyton Lake",45.771036651034436,-79.15548157929025,Lake
"Duck Lake",45.69616158815869,-79.20463917021046,Lake
"North Lake",45.72171714593691,-79.19708880683694,Lake
"Peters Lake",45.54385198463919,-79.14670712905583,Lake
"Whetstone Lake",45.69070649873161,-79.12834640312491,Lake
"Lower Raven Lake",45.691140312949955,-79.14978872219497,Lake
"South Branch Lake",45.66813850687439,-79.0608044627911,Lake
"Brock Lake",45.568229292501925,-79.30600455993115,Lake
"Little Butt Lake",45.64145030324216,-79.04048784131878,Lake
"Bernard Lake",45.74048488628118,-79.38798277164094,Lake
"Groom Lake",45.54009889625394,-79.18552346757461,Lake
"Lynch Lake",45.791239559477766,-79.28780833927645,Lake
"Pickerel Lake",45.683133545608435,-79.31031213385559,Lake
"Middle Shanty Lake",45.67955569723523,-79.06372385580659,Lake
"Grass Lake",45.6784738782931,-79.20520974780295,Lake
"Woodrow Lake",45.527205733390154,-79.20402373329357,Lake
"Clam Lake",45.529912121509895,-79.15794961679279,Lake
"Barre Lake",45.597417396546554,-79.06315792964426,Lake
"Irving Lake",45.69876504121986,-79.18375089479873,Lake
"Jacks Lake",45.65796387127158,-79.33902198078962,Lake
"Mayer Lake",45.517276043851965,-79.17517505681171,Lake
"Otter Lake",45.8057302498877,-79.28391880777244,Lake
"Perbeth Lake",45.541112494529514,-79.20731983868721,Lake
"Widgeon Lake",45.724088530682685,-79.24073177279796,Lake
"Buck Lake",45.69085627395831,-79.16571305373208,Lake
"Loon Lake",45.6686488652941,-79.21857401335305,Lake
"Sand Lake",45.62472261481385,-79.17544217704105,Lake
"Little Clam Lake",45.53033831028978,-79.16454399122648,Lake
"Graphite Lake",45.73729399325819,-79.10074108311801,Lake
"Island Lake",45.68773161611778,-79.24138305877715,Lake
"Tea Lake",45.67249554911856,-79.25640168938621,Lake
"Three Mile Lake",45.59344813552031,-79.31327909381703,Lake
"Deer Lake",45.57896436662848,-79.279146274375,Lake
"Beaver Lake",45.5828175371475,-79.2111637730605,Lake
"Fifteen Lake",45.59670719361776,-79.16509599622242,Lake
"Pine Lake",45.689743201367705,-79.05248834526562,Lake
"Hart Lake",45.50812325248875,-79.08274178843847,Lake
"Bridge Lake",45.56574532644758,-79.03829134744772,Lake
"Emsdale Lake",45.51656591934361,-79.19698742457615,Lake
"Dunstan Lake",45.58713600315107,-79.04697103695796,Lake
"Snowshoe Lake",45.58894135754948,-79.0354892709724,Lake
"Ridge Lake",45.57400976986367,-79.06796137659823,Lake
"Spry Lake",45.50755227100672,-79.1844053466259,Lake
"Thirty Lake",45.53080964553074,-79.03755382743384,Lake
"Morgan's Lake",45.52564961812838,-79.06086026022864,Lake
"Fox Lake",45.548661783241926,-79.09226533437533,Lake
"Willie Lake",45.531019985909005,-79.09811747188716,Lake
"Dump Lake",45.551287995670364,-79.06375214148544,Lake
"Round Lake",45.59956205569255,-79.00406197050741,Lake
"Cripple Lake",45.559056482496615,-79.00747900075928,Lake
"Beautiful Lake",45.90215539918913,-79.31777041588482,Lake
"Pishnecka Lake",45.902887194002595,-79.04693218701188,Lake
"Forest Lake",45.834545623634845,-79.33498696256851,Lake
"Loxton Lake",45.95003152109732,-79.21824159345633,Lake
"Craig Lake",45.88592742550474,-79.073466715724,Lake
"Genesee Lake",45.997806598362516,-79.25098594312307,Lake
"Sausage Lake",45.958206399438566,-79.30357293165557,Lake
"Bray Lake",45.90430835722498,-79.47267780605914,Lake
"Wabanah Lake",45.84033408945643,-79.00005849666417,Lake
"Jeepi Lake",45.91632572825281,-79.06990095936875,Lake
"Nahma Lake",45.87131821649511,-79.10202041202666,Lake
"Charr Lake",45.90504186647035,-79.07326109091795,Lake
"Hinsburger Lake",45.97384299203322,-79.23351884481636,Lake
"Togo Lake",45.790992983232904,-79.02691406176115,Lake
"Scheil Lake",45.89677353711666,-79.33035774785745,Lake
"Axton Lake",45.86748937240964,-79.03355019936646,Lake
"Winifred Lake",45.8036536897293,-79.00236529564525,Lake
"Twentyseven Lake",45.876697925167996,-79.2221401123398,Lake
"Smyth Lake",45.95399895529873,-79.25171181481805,Lake
"Louck Lake",45.88931383702903,-79.35965784357518,Lake
"Bacon Lake",45.88173362211656,-79.35139712185504,Lake
"Wendigo Lake",45.89370913231202,-79.29045891973342,Lake
"Magnetawan Lake",45.662350010238704,-78.98896952372667,Lake
"Poker Lake",45.05233320647893,-78.92869276076149,Lake
"South Jean Lake",45.11450128171153,-78.90625537477649,Lake
"Circular Lake",45.11859950832191,-78.98087354197011,Lake
"Sprat Lake",45.10874859309359,-78.95036926228398,Lake
"Carcass Lake",45.178544098436106,-78.95678070136599,Lake
"Ridout Lake",45.17551773503007,-78.97921942789799,Lake
"Jean Lake",45.2396048112786,-78.76338576546759,Lake
"Anson Lake",45.054681998950514,-78.89058274232306,Lake
"Brady Lake",45.05747875529222,-78.82123479679917,Lake
"Three Brothers Lakes",45.05092728265182,-78.94546561206435,Lake
"Otterhead Lake",45.01036997730877,-78.91090149317407,Lake
"Teapot Lake",45.137488863070075,-78.97907300276806,Lake
"Mooney Lake",45.25193809418202,-78.73581726687188,Lake
"Grindstone Lake",45.19686091117262,-78.87493267404504,Lake
"Little Margaret Lake",45.13867506995048,-78.89342932277532,Lake
"Red Chalk Lake",45.1903417186904,-78.94594129004888,Lake
"Paul Lake",45.04570534938366,-78.85834810435213,Lake
"Cinder Lake",45.06312425753007,-78.93164457007204,Lake
"Bentshoe Lakes",45.043071039218006,-78.92804991645728,Lake
"Blueglass Lake",45.11016489035723,-78.9303749555719,Lake
"Hosiery Lake",45.262998354537686,-78.71664035533193,Lake
"Raven Lake",45.21208699399601,-78.85533532653675,Lake
"Black Lake",45.16868031442292,-78.90584882209036,Lake
"Three Island Lake",45.15762687007048,-78.88548476783572,Lake
"Gun Lake",45.209368376570126,-78.83001193074173,Lake
"Blue Chalk Lake",45.19922684885954,-78.93945633269674,Lake
"Little East Lake",45.01570157695033,-78.93145230976795,Lake
"Austin Lake",45.11267973950351,-78.84331731795935,Lake
"Insula Lake",45.188675287661695,-78.97251133697968,Lake
"Herb Lake",45.23403698689235,-78.80316265671169,Lake
"Big East Lake",45.0254744814884,-78.94385755041574,Lake
"Wren Lake",45.18375113065571,-78.86405093749883,Lake
"Charcoal Lake",45.26668440637211,-78.8961543268859,Lake
"Shier Lake",45.35373563123034,-78.58137679872824,Lake
"Grape Lake",45.51654332152961,-78.66527143702733,Lake
"Bivouac Lake",45.33531033102329,-78.52827306442785,Lake
"Wolfsbane Lake",45.25909647495205,-78.7541014875159,Lake
"Bear Lake",45.62938016710753,-78.77256664898293,Lake
"Southworth Lake",45.69697383995584,-78.64631837041983,Lake
"Troutspawn Lake",45.39635610605882,-78.75890031638008,Lake
"Helve Lake",45.385037912884655,-78.9803073170296,Lake
"Crown Lake",45.428841539468564,-78.67703154542231,Lake
"Linda Lake",45.611806929980936,-78.60106357230131,Lake
"Oxtongue Lake",45.36619093788772,-78.91944731196116,Lake
"Nightfall Lake",45.5422509444891,-78.94484852900031,Lake
"Beetle Lake",45.39420781948374,-78.9191065678881,Lake
"Sunbeam Lake",45.66051097711305,-78.69713281831218,Lake
"Rainbow Lake",45.58518267391416,-78.75731584514034,Lake
"Bloody Lake",45.36478635566329,-78.77306538712867,Lake
"Ingrams Lake",45.34383546896903,-78.69121392157386,Lake
"Bluejay Lake",45.630945602008936,-78.68932201462133,Lake
"Buck Lake",45.39235383892764,-78.99089986870273,Lake
"Loader Lake",45.423257009886846,-78.56967908913688,Lake
"East Jeannie Lakes",45.33599916574238,-78.73114586521625,Lake
"Swan Lake",45.498159044054724,-78.70975979484882,Lake
"Smoke Lake",45.51619776738852,-78.67901746347624,Lake
"Panther Lake",45.527951117773284,-78.80393764273393,Lake
"Snow Lake",45.42395856858356,-78.81321933419096,Lake
"Wolf Lake",45.4299241042178,-78.6966316451056,Lake
"Ragged Lake",45.474000528363675,-78.65260891023705,Lake
"Brûlé Lake",45.6364195181835,-78.80937229504578,Lake
"Mackinaw Lake",45.613595069289566,-78.9162039645741,Lake
"Hilly Lake",45.44760063437747,-78.76221200622074,Lake
"Rockaway Lake",45.38228442039748,-78.62896015347454,Lake
"Jeannie Lake",45.326545465639576,-78.75615272261508,Lake
"Clinto Lake",45.313432848288286,-78.8681710123732,Lake
"Maple Leaf Lake",45.467149947509945,-78.83996343667329,Lake
"Clara Lake",45.55634547994936,-78.87486571847911,Lake
"Dividing Lake",45.40573512469439,-78.59713433120325,Lake
"Pincher Lake",45.573398756910976,-78.85871017616383,Lake
"Sawyer Lake",45.648098988340024,-78.90020867381729,Lake
"Littledoe Lake",45.62382464871634,-78.70793695822901,Lake
"Tom Lake",45.23186581172689,-78.97924983813141,Lake
"South Wildcat Lake",45.32223917578257,-78.57898267865308,Lake
"Tom Thomson Lake",45.633265148865775,-78.73169394555136,Lake
"East Jeannie Lakes",45.33148658821735,-78.72890964311755,Lake
"Chub Lake",45.21243721762965,-78.98480147453765,Lake
"Ermine Lake",45.43663129339403,-78.86173883433956,Lake
"Stocking Lake",45.27926074369428,-78.68335663459844,Lake
"Namakootchie Lake",45.52077820958601,-78.77179447814184,Lake
"Little Coon Lake",45.434799174184974,-78.59102759134943,Lake
"Heron Lake",45.44880897509833,-78.81142504627783,Lake
"South Nelson Lake",45.47079930471009,-78.95435688999413,Lake
"Toad Lake",45.438750903691194,-78.93628829667836,Lake
"Upper Oxbow Lake",45.41093197341805,-78.96654024139423,Lake
"Tasso Lake",45.458222192267385,-78.93263858860078,Lake
"Potter Lake",45.61649857728598,-78.7765896441381,Lake
"Jubilee Lake",45.66066068909711,-78.8992226742721,Lake
"Slipper Lake",45.290785555749395,-78.69210266144289,Lake
"Fifteen Mile Lake",45.35019175325152,-78.96180290959228,Lake
"Dagger Lake",45.401029928830184,-78.63211818945406,Lake
"Hinterland Lake",45.37486825663139,-78.68796042940807,Lake
"Canoe Lake",45.552958289157566,-78.71873124019687,Lake
"Samlet Lake",45.42104168118978,-78.89950395004787,Lake
"Kawagama Lake",45.29010047813906,-78.77160542473234,Lake
"Arbuckle Lake",45.3725457931323,-78.82071347739233,Lake
"Tepee Lake",45.59687835421528,-78.72775968714588,Lake
"Alder Lake",45.644262541022115,-78.6054759368004,Lake
"Mohawk Lake",45.490145107286345,-78.59192528129668,Lake
"Little Troutspawn Lake",45.382041688750085,-78.76647144755651,Lake
"Cross Corner Lake",45.35494493665092,-78.56977696250422,Lake
"Maggie Lake",45.49410387494736,-78.87315364885369,Lake
"South Tasso Lake",45.43127610239233,-78.92671530049093,Lake
"Eu Lake",45.513528822020405,-78.81983751569875,Lake
"Islet Lake",45.624273132324035,-78.8858443222918,Lake
"Hot Lake",45.63012413317295,-78.89904850207134,Lake
"Poorhouse Lake",45.36477316565257,-78.75509877027451,Lake
"Otter Lake",45.277317814986354,-78.8779844732223,Lake
"Westward Lake",45.49185980138525,-78.77562110906517,Lake
"Oxbow Lake",45.43580727953787,-78.96862403367247,Lake
"Rain Lake",45.62327178332982,-78.92774558988137,Lake
"Paint Lake",45.22061112880268,-78.94111459367306,Lake
"Lower Fletcher Lake",45.342293628922086,-78.83170409104028,Lake
"Weed Lake",45.605512321522134,-78.88878192300092,Lake
"Niger Lake",45.40523788943121,-78.84707988488913,Lake
"Tern Lake",45.57258180313675,-78.83754862639837,Lake
"Bonita Lake",45.52340636590447,-78.7222635352072,Lake
"Bright Lake",45.391451667640624,-78.84641977272045,Lake
"Minnow Lake",45.50215439881048,-78.83939732497667,Lake
"Willow Lake",45.64621285544008,-78.70735581959126,Lake
"O'Gorman Lake",45.590770991143664,-78.93324591826826,Lake
"Dusk Lake",45.552389742213556,-78.96996323030451,Lake
"Joe Lake",45.58776740804599,-78.71280496819755,Lake
"Shoe Lake",45.20818762039241,-78.90875509280552,Lake
"Pathfinder Lake",45.62202121975094,-78.7676870270516,Lake
"Wolfkin Lake",45.23502298461178,-78.95399254753643,Lake
"Roger Lake",45.433796968407705,-78.7454847043254,Lake
"Big Porcupine Lake",45.44909390360342,-78.6122552734233,Lake
"West Otterpaw Lake",45.57546827567461,-78.80973399798559,Lake
"Luck Lake",45.44013131704612,-78.6990607623614,Lake
"Straight Shore Lake",45.65580893356418,-78.78912560877727,Lake
"Wildcat Lake",45.34185039377952,-78.55177148430073,Lake
"Lupus Lake",45.54513790904946,-78.79115546387126,Lake
"Little Hardy Lake",45.47928702464724,-78.86863647997579,Lake
"Little McCraney Lake",45.600621712878066,-78.92875897324853,Lake
"McGarvey Lake",45.43580355592889,-78.56076056209862,Lake
"Greenwood Lake",45.42719725250192,-78.80020794908128,Lake
"West Harry Lake",45.543005499463675,-78.81712333701677,Lake
"Mink Lake",45.222376682203254,-78.9769251377794,Lake
"McCraney Lake",45.573085260518006,-78.90567321396237,Lake
"Gosling Lake",45.28955240411197,-78.93444049567478,Lake
"Brown Lake",45.61150760144962,-78.85056926371058,Lake
"Marion Lake",45.511530074521545,-78.90329669527942,Lake
"Hardup Lake",45.39189475355333,-78.97820034334843,Lake
"McFadden Lake",45.33468290385914,-78.85052452251382,Lake
"Mossy Lake",45.53298506890938,-78.82185892643817,Lake
"Harvey Lake",45.2898590016872,-78.83937075808457,Lake
"Loft Lake",45.597688754439574,-78.77239285980443,Lake
"Fletcher Lake",45.35261273672539,-78.787393752645,Lake
"Hobo Lake",45.41998513638241,-78.84095974538124,Lake
"Loon Lake",45.4227205505953,-78.98597620876382,Lake
"Victory Lake",45.418809183454854,-78.8314335894758,Lake
"Kimball Lake",45.34141379864233,-78.67674487501226,Lake
"Swallow Lake",45.68233785911489,-78.66135706627564,Lake
"Burnt Island Lake",45.65056227819041,-78.63919324986338,Lake
"Cod Lake",45.3212355166867,-78.90855946091779,Lake
"Ashball Lake",45.28657847470573,-78.86540347514146,Lake
"Longline Lake",45.24910316528228,-78.9738497452927,Lake
"Furrow Lake",45.61356930970207,-78.83237673271437,Lake
"Scott Lake",45.4863095611105,-78.72083138640714,Lake
"Bear Lake",45.3412219280814,-78.70800731296342,Lake
"Louie Lake",45.38963373168832,-78.72159753442645,Lake
"Little Joe Lake",45.60462137252246,-78.69303622932058,Lake
"Tea Lake",45.50772156280197,-78.73517228573951,Lake
"Nelson Lake",45.49209399115192,-78.95864220155369,Lake
"Livingstone Lake",45.36140721627126,-78.71999289129126,Lake
"Sandy Lake",45.02260099642691,-78.13085767263897,Lake
"Twin Lakes",45.009494364458774,-78.07543616792572,Lake
"Deer Lake",45.03676189940313,-78.09557701311705,Lake
"Centre Lake",45.01046074293423,-78.05271935752806,Lake
"Otter Lake",45.02148198738213,-78.10245982707927,Lake
"Clean Lake",45.245522888028376,-78.5319412825465,Lake
"Barnum Lake",45.02809077572818,-78.53280005650413,Lake
"Lipsy Lake",45.17517862803837,-78.63826876917823,Lake
"Yankton Lake",45.075783754175724,-78.27086878296872,Lake
"Johnson Lake",45.26611525603183,-78.62221916128286,Lake
"Eagle Lake",45.13711573612626,-78.49493900775731,Lake
"Little Esson Lake",45.03673701555484,-78.2617771284382,Lake
"Beech Lake",45.07835049180085,-78.69557131137805,Lake
"Redstone Lake",45.18091676667933,-78.53430214568614,Lake
"Little Haas Lake",45.04398221397604,-78.4545424989957,Lake
"Little Redstone Lake",45.21677984108763,-78.57070566616014,Lake
"Wilbermere Lake",45.00721822214858,-78.20748442216717,Lake
"Pusey Lake",45.0471871273993,-78.2158900008474,Lake
"Halls Lake",45.10730844630844,-78.74409596850103,Lake
"Sherborne Lake",45.17718468350753,-78.78624901829383,Lake
"Guilford Lake",45.179938400781104,-78.49740346235492,Lake
"Black Lake",45.030671704879936,-78.41705908804296,Lake
"Bushwolf Lake",45.10946298361633,-78.47835969623138,Lake
"Pelaw Lake",45.220611074108795,-78.53864765452069,Lake
"Cockle Lake",45.02890084242607,-78.23485205091083,Lake
"Mountain Lake",45.02877875982839,-78.24363191166505,Lake
"North Lake",45.24613626411002,-78.40855583624501,Lake
"Bitter Lake",45.172993913693446,-78.57598937683679,Lake
"West Lake",45.13302153220252,-78.45018890755053,Lake
"Kushog Lake",45.08664646696971,-78.78974198141576,Lake
"Little Hawk Lake",45.15295120744572,-78.70689569511352,Lake
"Plastic Lake",45.17965859463231,-78.82228568477622,Lake
"Little Boshkung Lake",45.039054209351654,-78.71711927035808,Lake
"Clear Lake",45.18156318877637,-78.71427305727029,Lake
"Farquhar Lake",45.08019206705467,-78.20718098325221,Lake
"Cranberry Lake",45.124970779439494,-78.55372128889674,Lake
"Twelve Mile Lake",45.020120196685376,-78.70659144106939,Lake
"Basshaunt Lake",45.12299644713524,-78.46505755361504,Lake
"Saskatchewan Lake",45.13181484807412,-78.77724010618505,Lake
"Blackcat Lake",45.18423672097434,-78.69820883355129,Lake
"Head Lake",45.049198280815986,-78.51800144347047,Lake
"Miskwabi Lake",45.052294181904664,-78.32123311521808,Lake
"Nunikani Lake",45.19655096609874,-78.73884803786343,Lake
"Cruiser Lake",45.19019079576359,-78.58239677508864,Lake
"Grace Lake",45.0720465098582,-78.2348594396439,Lake
"Little Buckhorn Lake",45.25792965323689,-78.67370206387974,Lake
"Big Brother Lake",45.140649758147305,-78.7685511546508,Lake
"Percy Lake",45.206328050142275,-78.35746620184395,Lake
"Silver Buck Lake",45.161958392522,-78.79229468513662,Lake
"Macdonald Lake",45.235216562756825,-78.56100708202831,Lake
"Harburn Lake",45.21216324305817,-78.44462163751126,Lake
"Moose Lake",45.148143825498906,-78.46437718460282,Lake
"Claypack Lake",45.13814645773402,-78.6353380496831,Lake
"Tedious Lake",45.1639057162461,-78.57552826914738,Lake
"Dan Lake",45.15164116892665,-78.86973765576776,Lake
"Esson Lake",45.0249110924647,-78.27006354575207,Lake
"Depot Lake",45.30010287498834,-78.53560634371051,Lake
"North Havelock Lake",45.31295974090105,-78.60818764256199,Lake
"Kabakwa Lake",45.114459719184715,-78.7894082339937,Lake
"Two Islands Lake",45.06495870590621,-78.37665269467935,Lake
"South Portage Lake",45.04682238939715,-78.39879744653237,Lake
"Kelly Lake",45.25063624277962,-78.61776858978756,Lake
"Little Soyers Lake",45.05355873449735,-78.59858990353017,Lake
"Clement Lake",45.052050271771556,-78.2343391916027,Lake
"Spruce Lake",45.06038867484923,-78.45156101672322,Lake
"Rainbow Lake",45.332327564132484,-78.4438360185682,Lake
"Haas Lake",45.029900439536014,-78.44252732327365,Lake
"Hurricane Lake",45.07801522724768,-78.59683512836877,Lake
"McEwen Lake",45.16051368717454,-78.87487450384253,Lake
"Little Dudmon Lake",45.032934147956546,-78.34967833158552,Lake
"Havelock Lake",45.29189698372495,-78.63218314885556,Lake
"Lower Cardiff Lake",45.063898708831836,-78.1948746287042,Lake
"Scraggy Lake",45.09430609427056,-78.234464324324,Lake
"Coleman Lake",45.15421634056467,-78.54547372782076,Lake
"Marsden Lake",45.229906013430536,-78.50963807705041,Lake
"Buckhorn Lake",45.24055187776094,-78.69475708455118,Lake
"Lower Welch Lake",45.101182801277005,-78.78376351955679,Lake
"Long Lake",45.0449264221271,-78.36417245163452,Lake
"Holland Lake",45.09131417799959,-78.33915348918764,Lake
"Bat Lake",45.148806702820124,-78.63363960216891,Lake
"Little Kennisis Lake",45.252572109302115,-78.58893274048005,Lake
"Haliburton Lake",45.19038481528473,-78.40181573184633,Lake
"Upper Redstone Lake",45.352340653185465,-78.44047748628303,Lake
"Maple Lake",45.098257148972394,-78.66631647260776,Lake
"Soyers Lake",45.02580348897676,-78.61128640560553,Lake
"Drag Lake",45.072257588467245,-78.41829132502636,Lake
"Little Percy Lake",45.160460186467866,-78.31938886731146,Lake
"Cope Lake",45.053791219115666,-78.15930212661746,Lake
"St. Nora Lake",45.15842228403379,-78.83138793314058,Lake
"Red Pine Lake",45.20442135023015,-78.7029322803926,Lake
"Eyre Lake",45.25989603391017,-78.49802003543495,Lake
"Cardiff Lake",45.07195585073672,-78.17738366023754,Lake
"Hindon Lake",45.045453413129735,-78.77971611458074,Lake
"South Boot Lake",45.21928647619136,-78.2969743300695,Lake
"Goodwin Lake",45.256289298851705,-78.64665181320437,Lake
"Kennibik Lake",45.08589141522435,-78.30251571306802,Lake
"Kennisis Lake",45.21262737657965,-78.63707484817941,Lake
"Green Lake",45.112241904942266,-78.61906395325381,Lake
"Grass Lake",45.040511675722364,-78.53778807882499,Lake
"Loon Lake",45.014915671056286,-78.37566358903787,Lake
"Cat Lake",45.17816907837097,-78.68416440740586,Lake
"East Paint Lake",45.21639377796446,-78.72864560157416,Lake
"Big Hawk Lake",45.164264673658295,-78.73563238965929,Lake
"Klaxon Lake",45.161708907543236,-78.6316180427071,Lake
"Oblong Lake",45.17938959658268,-78.43414798930347,Lake
"Pine Lake",45.11638840217717,-78.58980971911889,Lake
"Boshkung Lake",45.07044084520451,-78.73248241359326,Lake
"Scraggy Lake",45.09067705894309,-78.24209438908271,Lake
"Bone Lake",45.23613396288078,-78.6343525333483,Lake
"Little Percy Lake",45.20286614520588,-78.26462619170273,Lake
"Margaret Lake",45.14432557143228,-78.88121401555351,Lake
"Bow Lake",45.01408996658447,-77.93320433186426,Lake
"Bentley Lake",45.02696603006789,-77.91400484929775,Lake
"Bigfools Lake",45.00350141326486,-77.97142236697286,Lake
"Littlefools Lake",45.017870370317304,-77.97253947265799,Lake
"Albion Lake",45.04702095004646,-77.97803826708811,Lake
"Mill Pond",45.30535472696273,-74.63968771848063,Lake
"Middle Lake",45.2761035335176,-74.66057311484641,Lake
"Loch Garry",45.253182396173294,-74.71170325444535,Lake
"Lac Selby",45.09434150388638,-72.7988372862567,Lake
"Étang Sally",45.17746120180042,-72.4395255118071,Lake
"Lac Libby",45.27566259019087,-72.366512285568,Lake
"Lac d'Argent",45.3104283888968,-72.31368141583451,Lake
"Lac Parker",45.327852069483875,-72.31328297229942,Lake
"Lac Trousers",45.246029372956215,-72.34204259150067,Lake
"Étang Fullerton",45.13007640838781,-72.4249117173174,Lake
"Lac Orford",45.29542640482713,-72.27592308284898,Lake
"Étang Sugar Loaf Pond",45.124365655774554,-72.33325522592939,Lake
"Lac Long Pond",45.25293240845773,-72.32726582652225,Lake
"Lac à la Truite",45.345188118043176,-72.15132349242754,Lake
"Lac des Sittelles",45.24800951251983,-72.2690159839668,Lake
"Étang Peasley",45.229129281296935,-72.27721380113972,Lake
"Étang aux Cerises",45.3383682302777,-72.20686785402998,Lake
"Lac Malaga",45.25153320993775,-72.25885998142367,Lake
"Lac Nick",45.21211701605914,-72.32645935646497,Lake
"Lac Massawippi",45.22080266605376,-72.01139491463326,Lake
"Lac Lovering",45.17050256954879,-72.1575241932743,Lake
"Étang Fisher",45.195420575786216,-72.31625828124035,Lake
"Lac Gilbert",45.21876271663055,-72.29075864616199,Lake
"Lac Magog",45.30260289135795,-72.04354965781107,Lake
"Étang O'Malley",45.28299973506549,-72.25263129101161,Lake
"First Connecticut Lake",45.09237149582439,-71.2482969623396,Lake
"Third Connecticut Lake",45.23731924819549,-71.20005010790224,Lake
"Second Connecticut Lake",45.156646215598215,-71.17254233287373,Lake
"Back Lake",45.07920289757015,-71.35040170647403,Lake
"Lake Francis",45.04377618899896,-71.33262750606322,Lake
"Parmachenee Lake",45.15736997210356,-70.98686590340485,Lake
"East Inlet Flowage",45.1853204922419,-71.14975355154958,Lake
"Scott Bog",45.21750890419621,-71.17014290815426,Lake
"Round Pond",45.12856659566922,-71.26726431215229,Lake
"Lac McKenzie",45.564166329213776,-71.0199358754256,Lake
"Petit lac Legendre",45.637348012714874,-71.18772345336833,Lake
"Lac à la Truite",45.684163132962674,-71.36184163781301,Lake
"Lac Hamel",45.26345439888798,-71.6202876452023,Lake
"Lac Équerre",45.818930019762874,-71.24702649744435,Lake
"Lac Monty",45.575390106979434,-71.1841937430838,Lake
"Troisième Étang",45.848748794630026,-71.23572158345708,Lake
"Lac Vaseux",45.706696583575685,-71.4834864856685,Lake
"Lac Miroir",45.59481123393229,-71.60370986518191,Lake
"Petit lac Saint-François",45.98774276845762,-71.27122796696106,Lake
"Lac d'Argent",45.642240938629776,-71.59609085331313,Lake
"Lac des Îles",45.79435787297418,-71.19068443904132,Lake
"Lac au Canard",45.80708241383177,-71.52001671911124,Lake
"Lac Whitton",45.627243590182296,-71.04932759945055,Lake
"Lac Moffatt",45.56813951716169,-71.31232276496115,Lake
"Petit lac Baldwin",45.01882489254519,-71.88736233736861,Lake
"Lac Coulombe",45.83926230538691,-71.46569426640146,Lake
"Lac à la Barbue",45.8172193333962,-71.18820301625979,Lake
"Lac Elgin",45.74735145813611,-71.33288267206356,Lake
"Petit lac Lambton",45.89743146752929,-71.11508346438515,Lake
"Lac Rond",45.833524972715495,-71.51205867899765,Lake
"Lac Lindsay",45.18258703558826,-71.5453916686846,Lake
"Lac Fer à Cheval",45.696356113835044,-71.55128228865242,Lake
"Lac aux Grelots",45.97334062356832,-71.00313335879075,Lake
"Lac Welland",45.68077573916446,-71.53303910636629,Lake
"Lac Brochet",45.687751950546705,-71.30219428202415,Lake
"Lac à la Biche",45.703192701837985,-71.3247382910369,Lake
"Lac McLeod",45.55734554004765,-71.15428916312044,Lake
"Lac des Ours",45.851266389137876,-71.19170893692483,Lake
"Lac Lyster",45.0269605465792,-71.90666326585772,Lake
"Étang Moose",45.729782055157564,-71.32976840134941,Lake
"Lac Thor",45.779241107157915,-71.23281478419734,Lake
"Lac Bisby",45.95427915089435,-71.3072323090386,Lake
"Lac McGill",45.59241552484665,-71.28687414316718,Lake
"Lac Louise",45.71662262466015,-71.42658267998097,Lake
"Grand lac Saint-François",45.89662295143774,-71.16904076348408,Lake
"Lac Aylmer",45.839028680518055,-71.36582585968003,Lake
"Spring Lake",45.23721214956202,-70.26139918761102,Lake
"Kennebago Lake",45.10089508425852,-70.73374077605096,Lake
"Cold Stream Pond",45.527023808585575,-70.01044523053878,Lake
"Penobscot Lake",45.938496005547066,-70.2177097040311,Lake
"Twin Island Pond",45.5245382218079,-70.52262141106088,Lake
"Little King Lake",45.33949368393665,-70.37707150707674,Lake
"Massachusetts Bog",45.34178418209548,-70.78859393754108,Lake
"Oqim Pond",45.5432485495275,-70.60887535358263,Lake
"Spencer Lake",45.39472538621797,-70.29174033251051,Lake
"Lower Shaw Pond",45.28198487257517,-70.26350342999469,Lake
"Little Island Pond",45.2709284799945,-70.78535238093176,Lake
"Fish Pond",45.74454143430515,-70.12784272644164,Lake
"Little Kennebago Lake",45.13452770926196,-70.77051479607773,Lake
"Shallow Pond",45.259571302631535,-70.53469057748192,Lake
"Cheney Pond",45.90119107621891,-70.20550791832312,Lake
"Heald Pond",45.72798905536924,-70.23089057884384,Lake
"Hall Pond",45.490742019180395,-70.32201172949314,Lake
"Attean Pond",45.568914259368036,-70.28423373030598,Lake
"Duncan Pond",45.858906320511245,-70.24911861269688,Lake
"Alder Pond",45.33066068502849,-70.2156451295458,Lake
"Supply Pond",45.65642710696757,-70.197601738681,Lake
"Canada Falls Lake",45.840989824765735,-70.03797047786504,Lake
"North Otter Pond",45.27654050918328,-70.03628864405925,Lake
"Spruce Pond",45.018749886623475,-70.00108521009858,Lake
"Frost Pond Flowage",45.99283230647834,-70.25320594655597,Lake
"Shaw Pond",45.285708291584136,-70.27656131061728,Lake
"Horseshoe Pond",45.60433101664131,-70.36737861612028,Lake
"East Carry Pond",45.18225096994853,-70.04938995705581,Lake
"Crosby Pond",45.39581064870333,-70.7679557483686,Lake
"Mud Pond",45.616824982914515,-70.31002690662281,Lake
"Round Mountain Pond",45.26648309447655,-70.64557459753287,Lake
"L Pond",45.267824741907425,-70.74203924178713,Lake
"Muskrat Pond",45.741973022859625,-70.1113619036422,Lake
"Little Big Wood Pond",45.63466299877004,-70.3517432393869,Lake
"Turner Pond",45.6363438508908,-70.490732507534,Lake
"Frost Pond",46.00290110908042,-70.27410121332694,Lake
"Loon Lake",45.02521048479715,-70.64639242474178,Lake
"Jones Pond",45.81347612607238,-70.21614573710009,Lake
"Long Pond",45.25555214479864,-70.77633492315748,Lake
"Johns Pond",45.07452787928057,-70.76900641127648,Lake
"Northwest Pond",45.29908410479454,-70.78835157949023,Lake
"Tea Pond",45.23312175379636,-70.52595884600436,Lake
"Bog Pond",45.54144685835527,-70.30134318120088,Lake
"Parker Pond",45.32898816431103,-70.28986444086729,Lake
"Little Jim Pond",45.28555293507767,-70.4587323579569,Lake
"Whipple Pond",45.495645711989226,-70.30036489581343,Lake
"Rock Pond",45.46057052474516,-70.39158374402247,Lake
"Grass Pond",45.30976946015615,-70.09322653358204,Lake
"Cow Pond",45.037298444895086,-70.6411914580456,Lake
"Basin Pond",45.24504456417425,-70.1398690228291,Lake
"Otter Pond",45.26614010506898,-70.04207682727986,Lake
"Big Grenier Pond",45.970507633220755,-70.24180270586587,Lake
"Felker Pond",45.33820125552059,-70.41573588825472,Lake
"Little Turner Pond",45.644089233556926,-70.46271108291381,Lake
"Grace Pond",45.47674252250896,-70.17901472120616,Lake
"Foley Pond",45.93569976719029,-70.05286738823293,Lake
"Black Brook Pond",45.23828949007435,-70.16421712628478,Lake
"Big Island Pond",45.28227239283869,-70.74657158403396,Lake
"Dingley Pond",45.94611326138524,-70.23420049006758,Lake
"Long Pond",45.61190125226705,-70.4750330286473,Lake
"Baker Pond",45.39412864247994,-70.373553925679,Lake
"Big Fish Pond",45.550882905900295,-70.45431255247749,Lake
"Upper Pierce Pond",45.30020965708739,-70.09835648290647,Lake
"Butler Pond",45.29300755739528,-70.44099530345005,Lake
"Pierce Pond",45.26243679947863,-70.07300002041436,Lake
"Redington Pond",45.06285043301655,-70.24300486712298,Lake
"Benjamin Pond",45.59791645852721,-70.36178171980312,Lake
"Dole Pond",46.00390964950802,-70.2004733694318,Lake
"Kilgore Pond",45.31089864019218,-70.07836334731212,Lake
"King and Bartlett Lake",45.36429223011804,-70.36331633398049,Lake
"Luther Pond",45.728253390075736,-70.0867725502313,Lake
"Trout Pond",45.555155453261385,-70.53623345555967,Lake
"Clearwater Pond",45.586884355072435,-70.3636456397714,Lake
"Middle Carry Pond",45.17028570376727,-70.0617009663476,Lake
"Crocker Pond",45.68505534737883,-70.34839636047289,Lake
"Long Pond",45.62741156602199,-70.09003459921406,Lake
"Long Pond",45.31583353747827,-70.42030323440119,Lake
"Boundary Pond",45.56440748001135,-70.67907915896035,Lake
"West Carry Pond",45.16867558258353,-70.11047064476061,Lake
"Mud Pond",45.16543471674395,-70.6118279754883,Lake
"Welman Pond",45.879743408781714,-70.23078016799352,Lake
"Enchanted Pond",45.43333526199742,-70.18527803224828,Lake
"Lincoln Pond",45.05945174897062,-70.9479399479224,Lake
"Flagstaff Lake",45.19026219752689,-70.34341157830767,Lake
"Fogg Pond",45.59206240692346,-70.0735958085427,Lake
"Holeb Pond",45.5840923189972,-70.40456902158884,Lake
"Jim Pond",45.26309105574766,-70.49910177000194,Lake
"Blakeslee Lake",45.38816874230056,-70.43096519578111,Lake
"Kamankeag Pond",45.0329232849408,-70.75584961831153,Lake
"Long Pond",45.96355531572728,-70.15496791846776,Lake
"Rowe Pond",45.125062091723564,-69.99289105749229,Lake
"Tim Pond",45.16399007743715,-70.62516008839148,Lake
"Chain of Ponds",45.33647404593732,-70.66538243168179,Lake
"Arnold Pond",45.383119188159576,-70.78769059461295,Lake
"Parlin Pond",45.52273440932994,-70.08956488494624,Lake
"Fish Pond",45.4447161647859,-70.29797732211262,Lake
"Wood Pond",45.61916405061267,-70.27924985140831,Lake
"Lac Drolet",45.739227528364815,-70.87497155082399,Lake
"Lac des Trois Milles",45.68685451723443,-70.92008884992504,Lake
"Lac du Portage",45.93714248654228,-70.27321058914964,Lake
"Lac à la Truite",45.44557547809503,-70.95535412759166,Lake
"Lac Douglas",45.82771845659474,-70.7620674229147,Lake
"Lac Rancio",45.71244559971757,-70.90061025421592,Lake
"Lac Bartley",45.85666592303226,-70.35309653091534,Lake
"Lac Oliveira",45.808071724472796,-70.78845624657116,Lake
"Lac de l'Orignal",45.610251538356394,-70.90738161678522,Lake
"Lac Champagne",45.914793742478324,-70.31559945965316,Lake
"Lac des Cygnes",45.91682411884619,-70.33888059193936,Lake
"Lac aux Castors",45.93320929874295,-70.29674149282572,Lake
"Lac aux Araignées",45.4760597607112,-70.81917987741502,Lake
"Fish Pond",45.901844135012574,-70.26229084816254,Lake
"Lac Mégantic",45.52657234733527,-70.89809436625872,Lake
"Étang du Loup",45.680365650727424,-70.5389158284164,Lake
"Étang du Castor",45.531644060656355,-70.80489261704804,Lake
"Lac Arnold",45.248437970523334,-70.88216737604893,Lake
"Lac Rond",45.81526408708969,-70.79539024374415,Lake
"Lac des Joncs",45.45036508488056,-70.85065496012264,Lake
"Lac Émilie",45.72696814378273,-70.4237507391654,Lake
"Lac à la Sangsue",45.71767419726349,-70.93990114149803,Lake
"Lac des Îles",45.895013881259565,-70.8391024001473,Lake
"Big Moose Pond",45.45487175866659,-69.67939863763124,Lake
"East Chairback Pond",45.46342388381814,-69.28033770168877,Lake
"Salmon Pond",45.94107491182168,-69.4638563865862,Lake
"Horseshoe Pond",45.2872833787942,-69.37675190998107,Lake
"Fourth Roach Pond",45.64235439873503,-69.24786007779717,Lake
"Mud Pond",45.55952134091714,-69.5236622140922,Lake
"Cooper Pond",45.64604307322912,-69.00656584262023,Lake
"Blood Pond",45.80123940984891,-69.43182155312101,Lake
"Cedar Pond",45.55664317258046,-69.0236273523464,Lake
"Lake Wassookeag",45.032389544989215,-69.30283610956445,Lake
"Indian Pond",45.42031136532348,-69.28989769930966,Lake
"Second Buttermilk Pond",45.33312913201735,-69.26518521784266,Lake
"Demo Pond",45.65022618157103,-69.9662267090337,Lake
"Monson Pond",45.31098572024375,-69.49075057098757,Lake
"Bald Mountain Pond",45.25964151548255,-69.72650146123222,Lake
"Black Pond",45.746391668590626,-69.2775781254707,Lake
"Center Pond",45.124059853824306,-69.30214893963881,Lake
"Little Benson Pond",45.366214311665324,-69.30277098466557,Lake
"Cassidy Deadwater",45.97985064960169,-69.62476195455112,Lake
"Kelly Pond",45.80555099193401,-69.22889915880364,Lake
"Jo-Mary Lake",45.67447785868798,-68.96854160613402,Lake
"Rocky Pond",45.65160970177087,-69.1412500713233,Lake
"West Shirley Bog",45.369378367189476,-69.67461812044559,Lake
"Pollywog Pond",45.75757332105723,-69.19537403988357,Lake
"Cambridge Pond",45.02037075268239,-69.47921677636293,Lake
"Manhanock Pond",45.146823834314674,-69.36859223752306,Lake
"Burnham Pond",45.5403896887763,-69.71839774395562,Lake
"Mountain Dimmick Pond",45.20525343637616,-69.87381458069359,Lake
"Holbrook Pond",45.848747236907215,-69.14603897930135,Lake
"Harding Pond",45.68234109806091,-69.14409007212973,Lake
"Lake Onawa",45.38548342694832,-69.3807127966454,Lake
"Pemadumcook Lake",45.700358520391326,-68.92362420667655,Lake
"Mayfield Pond",45.104936778857926,-69.67260703113648,Lake
"Second Debsconeag Lake",45.77923321415625,-69.03414512980207,Lake
"Jo-Mary Pond",45.57698104285406,-69.0392292916155,Lake
"Little Greenwood Pond",45.3611758076946,-69.40607360327492,Lake
"Doe Pond",45.27260872884527,-69.54562205770483,Lake
"Dead Stream Pond",45.44308855766185,-69.91351998552685,Lake
"Little Mud Pond",45.94338017802929,-69.24586645263639,Lake
"Little Frost Pond",45.91640556056779,-69.20589371077499,Lake
"Nesowadnehunk Deadwater",45.85036652974033,-69.0570870682664,Lake
"Burden Pond",45.34764790811106,-69.24402941673362,Lake
"Second Roach Pond",45.6791675720053,-69.30195144974118,Lake
"Berry Pond",45.806544708449515,-69.39721985358361,Lake
"Lobster Lake",45.85050704810687,-69.52089745045424,Lake
"Wyman Pond",45.02373034515237,-69.71868347038927,Lake
"Bear Pond",45.302781250094256,-69.29831461337322,Lake
"Salmon Stream Pond",45.22188940033715,-69.32675119896373,Lake
"Little Dimmick Pond",45.228660993931754,-69.87247115559622,Lake
"Fourth Debsconeag Lake",45.75268669011418,-69.07777602536584,Lake
"Little Brassua Lake",45.67327298666816,-69.88787638807771,Lake
"B Pond",45.569998207994196,-69.1314447204718,Lake
"Rum Pond",45.46440209065756,-69.48927853168499,Lake
"Mountain View Pond",45.52074263529126,-69.69383384482559,Lake
"Long Pond",45.64131877012234,-69.7617853442995,Lake
"Mud Pond",45.965415609919916,-69.29129427910972,Lake
"Big Beaver Pond",45.79652739594203,-69.0792568134538,Lake
"Horseshoe Pond",45.50860453264147,-69.40458541525139,Lake
"Wyman Lake",45.0913720332319,-69.93517135112671,Lake
"West Chairback Pond",45.44539408438764,-69.28366493407617,Lake
"Punchbowl Pond",45.225957787767605,-69.59340649712067,Lake
"Round Pond",45.41430176582879,-69.76004568814778,Lake
"Dunham Pond",45.21532858459657,-69.29175338701127,Lake
"Big Duck Pond",45.76247688411749,-69.6320056875979,Lake
"Third Roach Pond",45.64404855169601,-69.22870013877869,Lake
"Big Fisher Pond",45.77878071141785,-69.28095483548721,Lake
"Baker Pond",45.72585797420662,-69.84507003246055,Lake
"Austin Pond",45.208300682497544,-69.74485231421727,Lake
"Echo Lake",45.01449648984803,-69.26186032382446,Lake
"Duck Pond",45.34902949512766,-69.26169522289159,Lake
"Little Spencer Pond",45.773043322268244,-69.57321010705512,Lake
"Horserace Ponds",45.852150764792114,-69.10827065613975,Lake
"Hurd Pond",45.80096564931209,-68.99687346787566,Lake
"Little Lobster Lake",45.88687075620402,-69.50362355356668,Lake
"Moosehead Lake",45.66807159123535,-69.65700802833864,Lake
"Big Dimmick Pond",45.21899080094632,-69.86026088002484,Lake
"Chase Pond",45.15846701808781,-69.88760834848198,Lake
"Indian Pond",45.4491516393532,-69.45703283957401,Lake
"Spectacle Ponds",45.33594890484299,-69.54262815636582,Lake
"Sixth Roach Pond",45.62450514436198,-69.21526923373959,Lake
"Little Hurd Pond",45.82562495450861,-69.03119448900853,Lake
"Kidney Pond",45.77510903075524,-69.49213187246298,Lake
"North Pond",45.3553510576565,-69.48710813721765,Lake
"Big Bennett Pond",45.25102341560985,-69.33581431725094,Lake
"Ellis Pond",45.44980362391476,-69.94714593479189,Lake
"Bear Pond",45.824994812710194,-69.32772626444373,Lake
"Lake Hebron",45.283486683017486,-69.52797681807442,Lake
"Shack Pond",45.90769836123597,-69.4680158731287,Lake
"Long Pond",45.669409310558436,-69.13935354625788,Lake
"Foss Pond",45.18590297969286,-69.60839024149253,Lake
"Moxie Pond",45.31113547507978,-69.84286122402303,Lake
"Female Pond",45.74811247513014,-69.22170456816097,Lake
"Big Lyford Pond",45.5906162671839,-69.32256345969408,Lake
"Mountain Pond",45.544008797596,-69.46353677884171,Lake
"Ordway Pond",45.305244392684585,-69.65816152950696,Lake
"Piper Pond",45.203713761629565,-69.52457041920535,Lake
"Deer Pond",45.91078894549867,-69.38288076675563,Lake
"Crawford Pond",45.62706487537304,-69.13178413443254,Lake
"Baker Pond",45.23615095622098,-69.83945916880647,Lake
"Foss and Knowlton Pond",45.85739044902028,-69.00155201662162,Lake
"Grassy Pond",45.81975764367044,-69.24419350678292,Lake
"Henderson Pond",45.66850558708801,-69.10180689842262,Lake
"Rainbow Lake",45.82360730132733,-69.12021400231502,Lake
"Roaring Brook Pond",45.39373126872969,-69.22887753941669,Lake
"Baker Pond",45.38398958548928,-69.8669059657629,Lake
"Fifth Debsconeag Lake",45.762511678244124,-69.09842566141074,Lake
"Yoke Ponds",45.63079241022566,-69.16003743032287,Lake
"Garland Pond",45.03272194728168,-69.17370289163067,Lake
"Nahmakanta Lake",45.7537025134207,-69.13957589009833,Lake
"Buttermilk Pond",45.35703386922564,-69.21807340552947,Lake
"Tomhegan Pond",45.79789425747958,-69.88899013128868,Lake
"Prong Pond",45.53243767083186,-69.52759597747496,Lake
"Ten Thousand Acre Pond",45.509087598669716,-69.94944690237742,Lake
"Cranberry Pond",45.860946852315585,-69.46843051876812,Lake
"Trout Pond",45.65104807662434,-69.25941463163154,Lake
"Johnston Pond",45.59870984585219,-69.06393479571862,Lake
"Big Pine Pond",45.86825199567254,-69.42690433919239,Lake
"Leavitt Pond",45.68249012791348,-69.09578132211989,Lake
"Little Austin Pond",45.22652692372855,-69.77622128955204,Lake
"Pleasant Pond",45.25566296778429,-69.92053993444078,Lake
"Second Narrows",45.460151264008,-69.3506542177084,Lake
"Marr Pond",45.147950014154304,-69.30183429182382,Lake
"Lower Wilson Pond",45.48013165238058,-69.52351526301729,Lake
"Minister Cove",45.76051755654043,-69.03743955710546,Lake
"Alligator Pond",45.62964834584172,-69.188884230272,Lake
"Second Davis Pond",45.24008995574093,-69.41054562385207,Lake
"Mosquito Pond",45.30051047510545,-69.85792959961573,Lake
"Little Holbrook Pond",45.858621773451496,-69.1511313852968,Lake
"Whetstone Pond",45.210863806229206,-69.560350717411,Lake
"Big Indian Pond",45.43830452185741,-69.73768007208275,Lake
"Ripogenus Pond",45.988217661758874,-69.25993926524224,Lake
"Black Brook Pond",45.39839516594732,-69.8941940606253,Lake
"Big Benson Pond",45.36496373115634,-69.33089415976845,Lake
"Knights Pond",45.41058301697654,-69.86392475745158,Lake
"Smith Pond",45.0614193202854,-69.71103902902082,Lake
"Lucia Pond",45.402539748547866,-69.31901214233847,Lake
"Shirley Pond",45.369889937589285,-69.62185998940666,Lake
"Sebec Lake",45.276041043317825,-69.25715851900551,Lake
"Cow Pond",45.76198960691638,-69.34222632784478,Lake
"First West Branch Pond",45.58310681854575,-69.28443764856527,Lake
"West Pond",45.42884651574909,-69.00800682234305,Lake
"Harrington Lake",45.93747113882187,-69.16515984320151,Lake
"Seboomook Lake",45.90954166881499,-69.88581932341482,Lake
"Church Pond",45.64792844900892,-69.04210540891438,Lake
"Sawyer Pond",45.47862916982995,-69.5550861709941,Lake
"Mud Pond",45.67054176096794,-69.0120983272384,Lake
"Silver Lake",45.45497247343075,-69.17961466666829,Lake
"Big Houston Pond",45.426713785323585,-69.23557799009583,Lake
"Spectacle Pond",45.226678841172586,-69.66811820488628,Lake
"Branns Mill Pond",45.10850875421952,-69.16809603448934,Lake
"Spencer Pond",45.74292711233952,-69.5692599454943,Lake
"Slaughter Pond",45.912585568955976,-69.08253584570062,Lake
"Frost Pond",45.90633514003848,-69.18871652288863,Lake
"Wadleigh Pond",45.726337637935515,-69.17584375047113,Lake
"Mud Pond",45.35639012881643,-69.29532395352786,Lake
"First Buttermilk Pond",45.32254402827922,-69.29171352238433,Lake
"Center Pond",45.79994693105916,-69.97900152726473,Lake
"Ragged Lake",45.81611423891563,-69.37480311555926,Lake
"Second West Branch Pond",45.59064752478551,-69.26403399764635,Lake
"McKenna Pond",45.90874757130698,-69.10292039488539,Lake
"Big Pleasant Pond",45.64271652987,-69.16857285263022,Lake
"Little Moxie Pond",45.3084201857781,-69.72324150310209,Lake
"Round Pond",45.89698337138685,-69.45461958273935,Lake
"Heald Ponds",45.190733885528815,-69.8758670536976,Lake
"Chesuncook Lake",45.972537238694564,-69.32346424163978,Lake
"First Roach Pond",45.651112839313434,-69.37964726864823,Lake
"Chesuncook Pond",45.85660997925305,-69.18118095024273,Lake
"Penobscot Pond",45.68293611870141,-69.20555786522097,Lake
"Kidney Pond",45.89020644258049,-69.04448158956778,Lake
"Harlow Pond",45.141825617005615,-69.39727248517852,Lake
"Third West Branch Pond",45.58783693009735,-69.25061227020694,Lake
"Upper Wilson Pond",45.50158314787909,-69.48204770525538,Lake
"Caribou Lake",45.86449850745994,-69.31885780200594,Lake
"Ripogenus Lake",45.89505519986732,-69.21732342328691,Lake
"First Debsconeag Lake",45.77561355727092,-68.98304287924987,Lake
"Indian Pond",45.527278694331294,-69.80935481604344,Lake
"Fletcher Ponds",45.6802526633229,-69.93509928112807,Lake
"North Inlet",45.664201884194654,-69.35252926255943,Lake
"Horseshoe Lake",45.020592130125735,-68.07260427875264,Lake
"Upper Pug Lake",45.32123249893827,-68.1118553975929,Lake
"Junior Lake",45.301302533634704,-68.00131905854141,Lake
"Number Three Pond",45.31953465827456,-68.25546178302548,Lake
"Nicatous Lake",45.08145012944161,-68.15048493330592,Lake
"Upper Oxhead Pond",45.083064940049276,-68.25428814111582,Lake
"Upper Mattawamkeag Lake",46.011293923951136,-68.21894389442102,Lake
"Mattaseunk Lake",45.59623419457836,-68.38490130578882,Lake
"Brandy Pond",45.03603445881626,-68.2702825652055,Lake
"Molunkus Lake",45.670459054081725,-68.31605738177669,Lake
"Upper Cold Stream Ponds",45.299329943520284,-68.47440365860034,Lake
"Compass Pond",45.80260126957725,-68.91269519692885,Lake
"Mud Lake",45.92768935820746,-68.15351363302267,Lake
"Mattanawcook Pond",45.359004717064536,-68.4771943511207,Lake
"Lower Togue Pond",45.8212810907388,-68.87337939718985,Lake
"Middle Chain Lake",45.22051689064211,-68.08028218477028,Lake
"Davidson Pond",45.836930444799904,-68.49304998526867,Lake
"Little Salmon Stream Lake",45.752854513960244,-68.45980947630586,Lake
"Little Round Pond",45.31375969939644,-68.4476367979232,Lake
"Bottle Pond",45.775780783289854,-68.8508050530112,Lake
"Upper Pistol Lake",45.19363679529327,-68.13285437566108,Lake
"Millinocket Lake",45.7610192959482,-68.7815932735803,Lake
"Upper Ebeemee Lake",45.49965919745742,-68.98108831755852,Lake
"Caribou Lake",45.941145937355195,-68.23759605442547,Lake
"Rush Pond",45.81197467975361,-68.43732003475881,Lake
"Upper West Ragged Pond",45.58202894027225,-68.91725280788035,Lake
"Upper Sysladobsis Lake",45.300023250081885,-68.12232685255013,Lake
"Duck Lake",45.149281183240625,-68.09814546418484,Lake
"Eagle Pond",45.570058118371385,-68.11978582215536,Lake
"Wytopitlock Lake",45.7996056217159,-68.16046417223028,Lake
"Middle Pistol Lake",45.19099504248103,-68.15676336362262,Lake
"Smith Pond",45.67749380732451,-68.77737109293471,Lake
"Dolby Pond",45.66133954529056,-68.6234906602389,Lake
"Otter Lake",45.910466763377286,-68.23280454133489,Lake
"Porter Pond",45.160933928538306,-68.22034419700381,Lake
"Mattawamkeag Lake",45.97761598708451,-68.16058260361439,Lake
"Mattamiscontis Lake",45.49250516308223,-68.67614564783817,Lake
"Holland Pond",45.0450532582748,-68.74990133385582,Lake
"Lower Chain Lake",45.2097369393546,-68.03022550854267,Lake
"Weir Pond",45.33934286758286,-68.22851993849166,Lake
"Cold Stream Pond",45.27284112307285,-68.53383234249578,Lake
"Middle Unknown Lake",45.18020301470072,-68.06691785752041,Lake
"Pickerel Pond",45.047036135434595,-68.76967603383204,Lake
"Passamagamet Lake",45.74672792830231,-68.94689905593106,Lake
"Medunkeunk Lake",45.54510617670196,-68.57387671501951,Lake
"Pleasant Pond",45.15044703022335,-68.98016243245837,Lake
"Katahdin Lake",45.925166693704895,-68.7939374240172,Lake
"Upper Unknown Lake",45.17703826107578,-68.0797841357153,Lake
"Wadleigh Pond",45.67185004384177,-68.8299639265561,Lake
"Pughole Pond",45.04082011874508,-68.06620555849527,Lake
"Lombard Lake",45.34030330707808,-68.1346255058882,Lake
"Green Pond",45.32041674859357,-68.31816028576142,Lake
"Lowell Lake",45.375270346027285,-68.09242356996972,Lake
"Hardy Pond",45.33657454076644,-68.81983663223295,Lake
"Fourth Machias Lake",45.14167906810831,-67.99732858715383,Lake
"Reed Deadwater",45.719373963449826,-68.19682020141575,Lake
"Mill Privilege Lake",45.34264169632372,-68.01783551612516,Lake
"Mud Pond",45.54876483234345,-68.11815372955384,Lake
"Partridge Brook Flowage",45.66044700287767,-68.60702414000579,Lake
"Center Pond",45.385491844012435,-68.44778653343296,Lake
"Keg Lake",45.316378907116004,-68.05499923486794,Lake
"Seboeis Lake",45.4605641299681,-68.89819668217588,Lake
"Salmon Stream Lake",45.72878042428378,-68.48696285184018,Lake
"Pockwockamus Pond",45.79905698119893,-68.88116458136773,Lake
"Upper Sabao Lake",45.051452390047515,-68.08338881201298,Lake
"Burnt Land Lake",45.02162135718933,-68.03823300595765,Lake
"Silver Lake",45.35333971404697,-68.3224565037682,Lake
"West Lake",45.11288272673398,-68.19882047355134,Lake
"Abol Pond",45.838627365154444,-68.92672886536239,Lake
"Lower Unknown Lake",45.1738727675563,-68.05582419720811,Lake
"Cedar Lake",45.5282421341703,-68.79973840535514,Lake
"Eskutassis Pond",45.25327590813209,-68.45564484179096,Lake
"Upper Jo-Mary Lake",45.60597824027533,-68.96333732659798,Lake
"Fifth Machias Lake",45.03920361215591,-67.97688717000781,Lake
"Upper Chain Lake",45.20700800102251,-68.08314240341359,Lake
"Side Pistol Lake",45.185773774317035,-68.16971767734633,Lake
"Flinn Pond",45.752637304135035,-68.3755956952046,Lake
"Gristmill Pond",45.21783076130279,-68.45099407745492,Lake
"Endless Lake",45.47376819632917,-68.81627003005066,Lake
"Hale Pond",45.81021899700613,-68.97505114491247,Lake
"Flatiron Pond",45.50115347813292,-68.79443806648011,Lake
"Upper Togue Pond",45.82349025731364,-68.8961645551795,Lake
"Folsom Pond",45.34458992180155,-68.4502022875366,Lake
"Saponac Pond",45.17305620299892,-68.38168140425648,Lake
"Lunksoos Lake",46.01191206488307,-68.67688501475915,Lake
"Long Pond",45.39736948354485,-68.40801329914247,Lake
"Lower Pug Lake",45.31039668029473,-68.1132075195435,Lake
"Braley Lake",45.86700227494543,-68.23181785260114,Lake
"Stump Pond",45.388567489229644,-68.47123233574894,Lake
"East Branch Lake",45.519687522630626,-68.73301882617851,Lake
"Schoodic Lake",45.38511863558574,-68.92853753917527,Lake
"Little Mattamiscontis Lake",45.45461836419296,-68.68855704522473,Lake
"Gassabias Lake",45.09996015508623,-68.07508582597738,Lake
"Lower Pistol Lake",45.1897188075562,-68.21520814034551,Lake
"Shad Pond",45.62165333371285,-68.67768514446381,Lake
"Pond Farm Pond",45.29946196816145,-68.70520402136344,Lake
"Spring Lake",45.21241001093261,-68.20905267508026,Lake
"River Pond",45.805140772411434,-68.93045238473329,Lake
"Macwahoc Lake",45.884386009465295,-68.30536206423588,Lake
"Jerry Pond",45.66940782458345,-68.68129009071579,Lake
"Bog Pond",45.459731103082696,-68.75979769226629,Lake
"Turtle Pond",45.41496995706759,-68.85779488721838,Lake
"Cambolasse Pond",45.408938411909375,-68.45229808061113,Lake
"Horseshoe Lake",45.26293335008129,-68.00367461127298,Lake
"Nollesemic Lake",45.56641117377018,-68.70203019237432,Lake
"Green Lake",45.015495490763385,-68.0595004308046,Lake
"Plunkett Pond",45.78378750387654,-68.36687873405315,Lake
"Madagascal Pond",45.29411117393431,-68.34875181792103,Lake
"Upper Pond",45.32023090547308,-68.41615662873164,Lake
"Middle Oxhead Pond",45.085722935971454,-68.235499960242,Lake
"South Branch Lake",45.38185515707459,-68.68323427411575,Lake
"Little Eskutassis Pond",45.27073265168371,-68.42073937920905,Lake
"Boyd Lake",45.178877430648306,-68.92006126460522,Lake
"Little Pushaw Pond",45.01800432542773,-68.93830824803396,Lake
"Debsconeag Deadwater",45.77186850204677,-68.9526102005511,Lake
"Duck Lake",45.34089260090202,-68.04555729129954,Lake
"Lower Macwahoc Lake",45.82040212248317,-68.26837490184394,Lake
"Cold Brook Lake",45.9039312128514,-68.28390248141633,Lake
"Ambajejus Lake",45.724338139411095,-68.86441830370958,Lake
"North Twin Lake",45.6533660492895,-68.83921452143336,Lake
"Ferguson Lake",45.64442413636299,-68.72060354267752,Lake
"Quakish Lake",45.635729464861875,-68.7560966560297,Lake
"Elbow Lake",45.643856683835025,-68.79025277790049,Lake
"South Twin Lake",45.62210139229826,-68.87421522938358,Lake
"Turkey Tail Lake",45.62617352893236,-68.92951181518826,Lake
"Middle Jo-Mary Lake",45.64480222348002,-68.94727840375036,Lake
"Egg Pond",45.398842850678925,-68.41599888458914,Lake
"Crooked Pond",45.35265252970889,-68.44577475502402,Lake
"Sysladobsis Lake",45.247050488523584,-68.0301741304331,Lake
"Deer Lake",45.818044853040874,-67.40474753397741,Lake
"Upper Oxbrook Lake",45.292841395534154,-67.83585958341637,Lake
"Keene Lake",45.11007755374763,-67.17485411424387,Lake
"Foster Lake",45.317464279180165,-67.23068860132432,Lake
"Big Lake",45.22307720868155,-67.59846411338603,Lake
"Tomah Lake",45.59046781826511,-67.74243724376109,Lake
"Bearce Flowage",45.0719397179288,-67.33719325611254,Lake
"Lambert Lake",45.55047855295956,-67.55558147318338,Lake
"Little Greenland Lake",45.60588733158202,-67.7552988929869,Lake
"Pleasant Lake",45.35588398805745,-67.91701495163238,Lake
"Meddybemps Lake",45.07217277058591,-67.37438649918361,Lake
"Barrows Lake",45.041830265727,-67.50355539903084,Lake
"North Lake",45.82555778380703,-67.74503726979991,Lake
"Brackett Lake",45.7430812105557,-67.86025628215523,Lake
"Vose Pond",45.128502606790114,-67.24457424464941,Lake
"Wabassus Lake",45.15393616763777,-67.88749992153798,Lake
"Tenmile Lake",45.938465714035104,-67.96898114960585,Lake
"Simsquish Lake",45.46350052063147,-67.52357106073569,Lake
"Brown Lake",45.92760456148797,-67.29065123093518,Lake
"Crooked Brook Lake",45.551744947106165,-67.72112703885973,Lake
"Potters Lake",45.22237489296034,-67.34933042025726,Lake
"West Musquash Lake",45.33143446978421,-67.8253511243174,Lake
"Cranberry Pond",45.072896608844374,-67.29996962039078,Lake
"Monroe Lake",45.08653047694694,-67.79430094629025,Lake
"Thompsons Lake",45.65974731857514,-67.36250443367899,Lake
"Indian Pond",45.35099202288446,-67.26625183014191,Lake
"Upper Mud Lake",45.10626403933466,-67.55062128209448,Lake
"Western Lake",45.071383999451726,-67.16992751143711,Lake
"Kendricks Lake",45.21490461279504,-67.33528719334151,Lake
"Third Lake",45.02000768896278,-67.79660063991875,Lake
"Hound Brook Lake",45.414489823643166,-67.50106972764475,Lake
"Little River Lake",45.15886986727851,-67.81753706410801,Lake
"Tweedie Lake",45.94335800159028,-67.20467000826798,Lake
"Fifth Lake",45.71519603319109,-67.42666549181381,Lake
"Knox Lake",45.022864549505314,-67.89782380453433,Lake
"The Basin",45.533894008055185,-67.742492910864,Lake
"Nashs Lake",45.107867319635595,-67.2158146113833,Lake
"Big Greenland Lake",45.60520001852703,-67.74839849912674,Lake
"First Machias Lake",45.01857122113403,-67.86601034613258,Lake
"Upper Hot Brook Lake",45.61609854781734,-67.93792651634307,Lake
"Sixth Lake",45.72192005577747,-67.4559698976598,Lake
"Little Tomah Lake",45.4781733669964,-67.72556824636489,Lake
"East Musquash Lake",45.412010583981804,-67.80189494600921,Lake
"Foster Lake",45.62424576719964,-67.29466481796918,Lake
"Clifford Lake",45.061410372370794,-67.69766752731604,Lake
"Grand Lake",45.70971207239048,-67.79089258375501,Lake
"Limeburners Lake",45.179433705470274,-67.1028578351885,Lake
"Belle Lake",45.917561504437444,-67.71960132344964,Lake
"Spednic Lake",45.61912845252665,-67.56103658292979,Lake
"Baskahegan Lake",45.506838052299095,-67.82705314236648,Lake
"Beaver Lake",45.13230542917235,-67.20978418467773,Lake
"Bolton Lake",45.70185778391329,-67.58478430265833,Lake
"West Grand Lake",45.234429910069224,-67.85913901852285,Lake
"Big Jamieson Lake",45.90387578163438,-67.39096242507998,Lake
"La Coote Lake",45.76155253337488,-67.53315307181587,Lake
"Round Lake",45.020440218112064,-67.26913643100212,Lake
"Third Machias Lake",45.11605869931882,-67.88888703832639,Lake
"Longley Lake",45.789967069548126,-67.84415847021371,Lake
"Farrow Lake",45.42480593743738,-67.7650188167154,Lake
"Gallop Lake",45.29755362924761,-67.22771088459143,Lake
"Lower Oxbrook Lake",45.281541741937055,-67.84235007866516,Lake
"Third Eel Lake",45.77450333439285,-67.56745978224066,Lake
"Howard Lake",45.07705566766666,-67.22568777246818,Lake
"Waterloo Lake",45.87692032513875,-67.01965078160359,Lake
"King Brook Lake",45.335099461275405,-67.40864128189546,Lake
"Lower Hot Brook Lake",45.647769518664894,-67.93612762994239,Lake
"Longfellow Lake",45.76445691119116,-67.85053434650344,Lake
"Flowed Land Ponds",45.12924061167578,-67.17994187812992,Lake
"Ingraham Lake",45.93006140656717,-67.34914689631518,Lake
"Pocomoonshine Lake",45.141559675233324,-67.53688400709878,Lake
"Orie Lake",45.36661617812152,-67.85317512911514,Lake
"Faulkner Lake",45.77047560157245,-67.88976508368252,Lake
"Getchel Lakes",45.131748008483626,-67.87744084457064,Lake
"Lake George",45.81608131216092,-67.04619162214664,Lake
"Bearce Lake",45.07622350152791,-67.32327045926957,Lake
"Pleasant Lake",45.06467445118121,-67.48244401469577,Lake
"Davidson Lake",45.93882411610175,-67.15444628672996,Lake
"Lower Mud Lake",45.093963556106026,-67.55810351399718,Lake
"Crooked Brook Flowage",45.62036470587719,-67.85339024830749,Lake
"Amelia Lake",45.83128644968019,-67.44865625180664,Lake
"North Beaverdam Lake",45.019843214125345,-67.70653536736462,Lake
"Mud Lake",45.83644281469455,-67.53301257814968,Lake
"Crawford Lake",45.051751074809545,-67.57836881358482,Lake
"Shaw Lake",45.34539341826641,-67.96226802388689,Lake
"Second Machias Lake",45.05383090133925,-67.87839119518895,Lake
"Patten Pond",45.30647510939157,-67.69461237424635,Lake
"Hosea Pug Lake",45.038241626533704,-67.68184541716182,Lake
"Musquash Lake",45.689515496834346,-67.64176634911543,Lake
"LaCoute Lake",45.57773508262081,-67.45467082634839,Lake
"Conic Lake",45.10238443631283,-67.31613920747334,Lake
"East Brook Lake",45.68180710713596,-67.51559027283339,Lake
"Sucker Lake",45.675131543025984,-67.82147235344175,Lake
"Indian Lake",45.87744884953049,-67.31894074121377,Lake
"Long Lake",45.21923310534197,-67.10363936365837,Lake
"Wheaton Lake",45.16218866621529,-66.99480874078792,Lake
"Chamcook Lake",45.14616942858765,-67.09217785179568,Lake
"Second Harvey Lake",45.73767601256545,-67.0597047635001,Lake
"Frog Lake",45.649492729852675,-67.03507577897435,Lake
"Gibson Lake",45.17100099986867,-67.084497775228,Lake
"Little Chamcook Lake",45.16256650074125,-67.09519472125862,Lake
"Birneys Lake",45.30141867894175,-67.02108098452288,Lake
"Welch Lake",45.17863969318714,-67.07885130035878,Lake
"Tom Davis Lake",45.805273539422366,-67.25172213282342,Lake
"Little Duck Lake",45.6641929997365,-67.31391588368436,Lake
"Kerrs Lake",45.21663943746206,-67.02308744106914,Lake
"Creasey Lake",45.23199955368372,-67.01234311563792,Lake
"Clear Lake",45.78546282280631,-67.27313540157974,Lake
"Craig Lake",45.32999880521366,-67.02873621842716,Lake
"St. Patricks Lake",45.240481119248976,-67.04006049316231,Lake
"Stephenson Lake",45.5247374527502,-67.20161665639408,Lake
"Third Chain Lake",45.02520631896385,-67.74177499858678,Lake
"Mud Lake",45.67425403666149,-67.72390615383034,Lake
"Pocumcus Lake",45.19013621708515,-67.91399284503902,Lake
"Scraggly Lake",45.32563606267166,-67.95165500395602,Lake
"Scotch Lake",45.95606662172199,-66.98096630688723,Lake
"Mud Lake",45.179540479503444,-66.89056402602685,Lake
"Crystal Lake",45.359503005569344,-66.5079483637686,Lake
"Mill Lake",45.20654455307562,-66.76891203425278,Lake
"Little McDougall Lake",45.41428388780848,-66.71645255468296,Lake
"Little Kedron Lake",45.52601977356373,-66.96898455136055,Lake
"Cundy Lake",45.36497933736056,-66.71828185688803,Lake
"West Long Lake",45.3542122248531,-66.6761200540317,Lake
"Eagle Lake",45.26825632970969,-66.3605998649238,Lake
"Ogden Lake",45.33099880392567,-66.30648175423046,Lake
"Clear Lake",45.22850133294714,-66.69913956907361,Lake
"Smith Lake",45.29594156737152,-66.66486684009533,Lake
"East Long Lake",45.387934017572356,-66.53338537026323,Lake
"Otter Lake",45.26148119750868,-66.572391899125,Lake
"Perch Lake",45.230726312259485,-66.26315064625125,Lake
"Hurd Lake",45.26504959415161,-66.53291118265648,Lake
"Ormond Lake",45.32564733084245,-66.6511933966958,Lake
"Turtle Lake",45.3281794015769,-66.36031064177115,Lake
"Mosquito Lake",45.275511023227025,-66.56272356780717,Lake
"Joshua Lake",45.20306987975328,-66.41545310742944,Lake
"Shadow Lake",45.21216328481319,-66.29636746148823,Lake
"Anderson Lake",45.16465307652562,-66.3430783946486,Lake
"Lake Anthony",45.273443646637816,-66.72595887298037,Lake
"Robin Hood Lake",45.35821497160159,-66.30698802305473,Lake
"Lily Lake",45.17833585685369,-66.90625865783281,Lake
"Munson Lake",45.26442102787166,-66.47397308313931,Lake
"Big Indian Lake",45.348921836928554,-66.40351816468495,Lake
"Hanson Long Lake",45.22536322212933,-66.41971261426237,Lake
"Disappointment Lake",45.36121373378598,-66.5757800463824,Lake
"Trout Lake",45.182164024520574,-66.76571476018594,Lake
"Cranberry Lake",45.476500441522994,-66.79610513491832,Lake
"West Branch Reservoir",45.194641357188786,-66.36552219033969,Lake
"Queens Lake",45.398553709718065,-66.43416629639192,Lake
"West Branch Reservoir",45.22867424717027,-66.41060061531131,Lake
"Clear Lake",45.139755450118024,-66.41456255689981,Lake
"A Lake",45.40315117748397,-66.55695712221895,Lake
"Wellington Lake",45.260917373936884,-66.65111503550504,Lake
"McDougall Lake",45.32718110876809,-66.7702824726133,Lake
"Sherwood Lake",45.30255402194473,-66.40068440103391,Lake
"Labrador Lake",45.31506077873852,-66.3664020360583,Lake
"Moose Lake",45.449146201903744,-66.47067569738566,Lake
"Seely Lake",45.332292500687906,-66.6801178209933,Lake
"Capple Lake",45.37580871348403,-66.33939650675639,Lake
"Sangus Lake",45.31296717408813,-66.95862497369033,Lake
"Little Long Lake",45.36658037077496,-66.82310889373153,Lake
"Trout Lake",45.419000815857565,-66.44346318516098,Lake
"Cranberry Lake",45.35882284876554,-66.62995538811154,Lake
"Peltoma Lake",45.556591410176885,-66.8755828858939,Lake
"Adelaide Lake",45.32027028343978,-66.63835944680493,Lake
"Loon Lake",45.383014605418914,-66.50252973994256,Lake
"Sparks Lake",45.23599739624244,-66.71236705433446,Lake
"Burnt Lake",46.44191276217486,-79.97563000539493,Lake
"Poplar Lake",46.66809872651981,-79.62086274208241,Lake
"Salvation Lake",46.93569508285747,-79.54485598881372,Lake
"Mann Lake",46.86202388799483,-79.84942335674543,Lake
"Wicksteed Lake",46.76180001546962,-79.69376606040822,Lake
"Hangstone Lake",46.8211690531064,-79.88923049361856,Lake
"Rock Island Lake",46.57678387687788,-79.52027933404808,Lake
"Moon Lake",46.72173732541664,-79.86043518747353,Lake
"Upper Redwater Lake",46.90042087121569,-79.66220942579615,Lake
"Cockburn Lake",46.42895401783513,-79.74050086864918,Lake
"Willis Lake",46.93725337589172,-79.95786190198758,Lake
"Wolf Lake",46.77926366478579,-79.87997780736961,Lake
"Hammell Lake",46.65471073468723,-79.56918924089437,Lake
"North Spruce Lake",46.682760296975246,-79.54413155266612,Lake
"Lower Redwater Lake",46.884169959661655,-79.63503616976048,Lake
"Mud Lake",46.61253482680101,-79.92265953546026,Lake
"Lost Lake",46.41850696549525,-79.90721145999476,Lake
"Cross Lake",46.874458223157625,-79.9649872409887,Lake
"Minnow Lake",46.66369387027425,-79.73449867532558,Lake
"Boyce Lake",46.8338784392553,-79.62712798092659,Lake
"Bear Lake",46.63391211569318,-79.60374455989916,Lake
"Sturgeon Lake",46.54390709073486,-79.41779867688902,Lake
"McPhee Lake",46.74121540293556,-79.62344160184237,Lake
"Holdridge Lake",46.63614745481869,-79.73794894156994,Lake
"Simpson Lake",46.87337553734939,-79.572785687689,Lake
"Laroche Lake",46.7369604104336,-79.77742897884414,Lake
"Le Tret Lake",46.74377760435396,-79.56632109734475,Lake
"Iceland Lake",46.99655408968949,-79.86669451958585,Lake
"Fanny Lake",46.82514393074988,-79.54893030913226,Lake
"Bassy Lake",46.51247234214098,-79.60306066510523,Lake
"Lowery Lake",46.86061336267474,-79.88965143273181,Lake
"Notman Lake",46.60759824008568,-79.50817305977912,Lake
"Cameron Lake",46.484985256885224,-79.8861524111961,Lake
"Little Clear Lake",46.61533020811223,-79.56812417077302,Lake
"Rockbasin Lake",46.547085893984516,-79.85146430252162,Lake
"O'Shea Lake",46.71232276198544,-79.64607926637244,Lake
"Milne Lake",46.817265276944305,-79.70251717039216,Lake
"Hartle Lake",46.89180647820651,-79.50949065880052,Lake
"Driftwood Lake",46.97309744090703,-79.8805728668884,Lake
"Chokecherry Lake",46.85234103921797,-79.64777316912652,Lake
"Turcotte Lake",46.64868139816008,-79.79123887262463,Lake
"Red Canoe Lake",46.83187171560166,-79.801360818061,Lake
"Smith Lake",46.79147393585831,-79.95411315104585,Lake
"Olive Lake",46.81174646892094,-79.81445778271095,Lake
"Expectation Lake",46.8967800647625,-79.55465397990847,Lake
"Sand Lake",46.61711392629893,-79.90615879061002,Lake
"Tilden Lake",46.62676074352392,-79.65804602188601,Lake
"Little Tomiko Lake",46.55268237635826,-79.45366657413132,Lake
"Marten Lake",46.70787446246464,-79.75046554527489,Lake
"Expectation Lake",46.901781537452614,-79.54315642659763,Lake
"Panet Lake",46.80104353247868,-79.75021572112034,Lake
"Frawley Lake",46.74992593558161,-79.8266589699992,Lake
"Finlayson Lake",46.691577929218255,-79.79873898466691,Lake
"Wasaksina Lake",46.93462581146428,-79.88877735060721,Lake
"Olier Lake",46.961533422233224,-79.94010622095665,Lake
"Mud Lake",46.767054876214104,-79.75405334817319,Lake
"Forlise Lake",46.85931066528835,-79.59660313380054,Lake
"Pike Lake",46.57327599787145,-79.9339074310162,Lake
"Bruce Lake",46.72587827251452,-79.65556388439364,Lake
"Little Pike Lake",46.56417696170361,-79.85429373152438,Lake
"Kettle Lake",46.870104741200734,-79.75166762545634,Lake
"Kidney Lake",46.65170061960931,-79.85412443683897,Lake
"Oderkirk Lake",46.61272998356245,-79.67511384673159,Lake
"Alice Lake",46.91309807014407,-79.6085260051002,Lake
"Christie Lake",46.726391056299796,-79.77161868974885,Lake
"Frances Lake",46.84691935589912,-79.67287604804706,Lake
"Mudcat Lake",46.47112161786143,-79.96629266046023,Lake
"Conross Lake",46.74876763629236,-79.75784427403256,Lake
"Snowshoe Lake",46.97893437732136,-79.90842974015494,Lake
"Bottom Lake",46.72040515733578,-79.71832702142325,Lake
"Dennis Lake",46.930810393507244,-79.60923224282635,Lake
"Desperation Lake",46.91319184581424,-79.55293629404191,Lake
"Denedus Lake",46.951542450876644,-79.92412173450623,Lake
"Opechee Boys Lake",46.795175974714105,-79.83274260380095,Lake
"South Spruce Lake",46.66964678410031,-79.57077836047682,Lake
"McDiarmid Lake",46.844487573728294,-79.53488484149622,Lake
"Mackenzie Lake",46.863383783665924,-79.55983682516268,Lake
"Dwy Lake",46.88780715679428,-79.81739778321655,Lake
"Marian Lake",46.77044308943502,-79.78054645920845,Lake
"Muskeg Lake",46.87125103214926,-79.49530959637362,Lake
"Noble Lake",46.60507889117717,-79.55174388146372,Lake
"Wolf Lake",46.573778602632586,-79.84366263080771,Lake
"Breadalbane Lake",46.85292125767813,-79.53974429785478,Lake
"Belanger Lake",46.82520308011351,-79.8274043203196,Lake
"Tent Lake",46.85995817738268,-79.75255145159402,Lake
"McAdam Lake",46.872475767113066,-79.92574233784048,Lake
"Broom Lake",46.99733701352288,-79.91416285023814,Lake
"Little Rock Lake",46.58414497727955,-79.49358221167017,Lake
"Bidwell Lake",46.66907862936943,-79.70451656950121,Lake
"Opechee Lake",46.780892538542595,-79.8379549964653,Lake
"Halfmile Lake",46.56477186555764,-79.50853353937,Lake
"Norris Lake",46.854015923059215,-79.86878138384152,Lake
"Chebogomog Lake",46.49589518759514,-79.88302268720584,Lake
"Gooderham Lake",46.71771460221369,-79.59886427092503,Lake
"Spot Lake",46.67602054180916,-79.68191874319761,Lake
"Surveyor Lake",46.785146537740076,-79.9779781269801,Lake
"Tomiko Lake",46.52996139044355,-79.83542652084219,Lake
"North Martin Lake",46.04231129275768,-79.08183328740373,Lake
"Scud Lake",46.115443495566225,-79.75071497655844,Lake
"Wolfe Lake",46.02756044014963,-79.52680647197049,Lake
"Bass Lake",46.12205316473377,-79.79866152248928,Lake
"Little Rainy Lake",46.031443681186424,-79.80676441030937,Lake
"Upper Wiggins Lake",46.07883918804023,-79.65829656294754,Lake
"Lennon Lake",46.08074756636829,-79.89502631308595,Lake
"Kilrush Lake",46.096120655832785,-79.05672712636702,Lake
"Lake Nipissing",46.23668317840256,-79.95697745640874,Lake
"McFarlane Lake",46.37590187546934,-79.537973246869,Lake
"McVeety Lake",46.02590636902357,-79.76865810864349,Lake
"Satchels Lake",46.136592787661,-79.87591164487831,Lake
"Ruth Lake",46.0110646093491,-79.51619704578988,Lake
"Bruce Lake",46.097354278131604,-79.94703575967729,Lake
"Reserve Lake",46.0819859357241,-79.61641493674497,Lake
"Woodcock Lake",46.04341385628643,-79.7877152714397,Lake
"Perch Lake",46.11197582519649,-79.60990041863724,Lake
"Portage Lake",46.0586489029312,-79.93092925396257,Lake
"Shoal Lake",46.15462704271858,-79.77757190777317,Lake
"Duncan Lake",46.07593048322899,-79.58474157534424,Lake
"Beaudry Lake",46.11404225593775,-79.68712724587911,Lake
"Restoule Lake",46.05589247838579,-79.783752391409,Lake
"Dreany Lake",46.28623447720133,-79.36880694812427,Lake
"Barton Lake",46.03239790451385,-79.65504087680513,Lake
"Graham Lake",46.07307567958119,-79.23049606072207,Lake
"Brimson Lake",46.07062937561237,-79.7322547039127,Lake
"Booth Lake",46.455232998138214,-79.59314682574227,Lake
"Gerber Lake",46.02594690144871,-79.54010924385322,Lake
"McQuaby Lake",46.037412925791266,-79.56907228101096,Lake
"McQuoid Lake",46.01185283368651,-79.29260569303393,Lake
"Sand Lake",46.10578189934006,-79.67541868458586,Lake
"Caribou Lake",46.42515912704378,-79.40013549403214,Lake
"Kidd Lake",46.03891604417615,-79.80423239853292,Lake
"Obashking Lake",46.216477856285685,-79.97801444275542,Lake
"Blyth Lake",46.481564910888785,-79.61329425291225,Lake
"Crooked Lake",46.04751947019341,-79.83849291282073,Lake
"McInnis Lake",46.367753894689535,-79.55182733080439,Lake
"Clear Lake",46.09717865257644,-79.78264976419344,Lake
"Rainy Lake",46.02326789643986,-79.80467435092555,Lake
"Wasi Lake",46.137598890537475,-79.22725387495059,Lake
"Stormy Lake",46.08378056147809,-79.79109618567493,Lake
"Burnt Lake",46.07989208873574,-79.72909691657146,Lake
"Lac Rond",46.01694215463874,-71.25560607331144,Lake
"Lac Bolduc",46.01429211436601,-71.11913263457402,Lake
"Lac à la Truite",46.04908476169129,-71.19191266931837,Lake
"Lac Caribou",46.01734033084755,-71.32464098754578,Lake
"Lac du Huit",46.08402573012645,-71.19996659453628,Lake
"Truesdale Pond",46.0216363082855,-70.04409354975787,Lake
"Hurricane Pond",46.076245782209114,-70.2600794537145,Lake
"Little Saint John Lake",46.09940245633208,-70.25325310754715,Lake
"Lac Croche",46.31195545148657,-70.24688409378946,Lake
"Lac Carré",46.768275914729045,-70.24894709193066,Lake
"Lac Bourassa",46.61808268052218,-70.14838599523345,Lake
"Lac Jally",46.767616231827006,-70.27295695806167,Lake
"Lac Leverrier",46.78974650159124,-69.99034883033184,Lake
"Lac Falardeau",46.15337183130936,-70.32315927999225,Lake
"Lac Joli",46.19167047378042,-70.32420219062391,Lake
"Lac Frontière",46.706946932598406,-70.00143414262415,Lake
"Lac Talon",46.713220827746156,-70.17096583216104,Lake
"Lac Metgermette",46.05346182133235,-70.28745740941677,Lake
"Lac à la Raquette",46.36782177035858,-70.50700794068177,Lake
"Lac Fortin",46.11572041110452,-70.86113043588416,Lake
"Lac Volet",46.13858096339822,-70.80978921437234,Lake
"Lac à France",46.00521028063499,-70.55119869674407,Lake
"Lac Raquette",46.11277515402994,-70.80277847380992,Lake
"Lac Veilleux",46.292552764332505,-70.27477582853489,Lake
"Lac aux Cygnes",46.093244813811914,-70.84484710586477,Lake
"Lac Fortin",46.18852671423734,-70.34819429354219,Lake
"Lac Algonquin",46.33896189753016,-70.38720983386168,Lake
"Lac à Busque",46.271953972686454,-70.5917121562002,Lake
"Lac Poulin",46.09845354721019,-70.81796979425285,Lake
"Lac des Abénaquis",46.16533858300794,-70.36187488248265,Lake
"Lac Fontaine Claire",46.909521271827046,-70.11297070073127,Lake
"Lac Violon",46.88154530892593,-70.17064840765201,Lake
"Lower Hudson Pond",46.5571367416838,-69.03498247267972,Lake
"McKeen Lake",46.901912751716594,-69.07295660402804,Lake
"Coffeelos Pond",46.163160348829535,-69.14182479479369,Lake
"Presley Lake",46.72832957616782,-69.91759618380166,Lake
"Pretty Pond",46.321580034443826,-69.12105828798639,Lake
"Grass Pond",46.440528282770636,-69.24902088342591,Lake
"Upper Portage Pond",46.44919872883924,-69.14646092480723,Lake
"Little Hurd Pond",46.17465710274298,-69.6448234755359,Lake
"Elm Pond",46.02382940862098,-69.80886995611894,Lake
"Umsaskis Lake",46.584820862858294,-69.36586141130648,Lake
"Soper Pond",46.37318245572963,-69.22583019171125,Lake
"Little Pillsbury Pond",46.3285682168966,-69.15264665278713,Lake
"Shallow Lake",46.22632612875168,-69.48126854487516,Lake
"Ugh Lake",46.739827630495085,-69.55535781503745,Lake
"Lower Ellis Pond",46.27354069074083,-69.49857812600004,Lake
"Midnight Pond",46.13731451503142,-69.24083521931416,Lake
"McGooseley Pond",46.006231774905984,-69.61817491485641,Lake
"Bear Pond",46.1345780953658,-69.68750118819621,Lake
"Cuxabexis Lake",46.10536137927505,-69.29940036950364,Lake
"Longley Pond",46.16185817402838,-69.44191628812122,Lake
"Loon Lake",46.141872645610015,-69.63577842778905,Lake
"Johnson Pond",46.32156312065878,-69.57915599277474,Lake
"Leadbetter Pond",46.23674898418125,-69.25826575028415,Lake
"Little Shallow Lake",46.25331362095238,-69.48936818186705,Lake
"Island Pond",46.484948035827564,-69.03336132318012,Lake
"Snake Pond",46.24839802357004,-69.13315792563428,Lake
"Hudson Pond",46.167797580333726,-69.0023684862605,Lake
"Russell Pond",46.083753848832906,-69.82245955264223,Lake
"Haymock Lake",46.30431037770579,-69.18606239424105,Lake
"Nesowadnehunk Lake",46.04051774827322,-69.09495710392737,Lake
"Saint Francis Lake",46.32089139108876,-69.75400179503968,Lake
"Third Saint John Pond",46.03336908593825,-69.94521410338632,Lake
"Webster Lake",46.155810967456596,-69.0851302019182,Lake
"Second South Branch Russell Pond",46.37318950549803,-69.52222183098115,Lake
"Indian Pond",46.2549239217731,-69.28888378644805,Lake
"Fifth Musquacook Lake",46.54951247871754,-69.10374547135714,Lake
"Poland Pond",46.265402966090456,-69.59599792304375,Lake
"Lost Pond",46.59550644917863,-69.04594587933006,Lake
"Upper McNally Pond",46.62951633314023,-69.01257741473344,Lake
"Second Saint John Pond",46.01571156041696,-69.97021546761717,Lake
"Tarbox Pond",46.195424068157834,-69.52880590588885,Lake
"Bean Pot Pond",46.05577751615041,-69.7124796440244,Lake
"Fourth Musquacook Lake",46.56975333679613,-69.14784359704058,Lake
"Cunliffe Pond",46.776374444142064,-69.801494865446,Lake
"Little Nesowadnehunk Lake",46.069060074436415,-69.10377115137783,Lake
"Clear Lake",46.52005479178608,-69.1288828462828,Lake
"Upper Ellis Pond",46.27568013635963,-69.53539116267511,Lake
"Summit Pond",46.028151006898625,-69.88231485491961,Lake
"Narrow Pond",46.37370780069502,-69.57122610557332,Lake
"Thissell Pond",46.082174247110565,-69.09953733969303,Lake
"Upper Elbow Pond",46.53405128951579,-69.08729243886329,Lake
"Burntland Pond",46.66458407081272,-69.93150189337642,Lake
"Snowshoe Pond",46.30948575785935,-69.1007402595337,Lake
"Leadbetter Pond",46.4233776291018,-69.19048084001311,Lake
"Big Hurd Pond",46.16691990229023,-69.6606202314831,Lake
"Echo Lake",46.431610998285365,-69.1144632113121,Lake
"Lower Russell Pond",46.3993028033148,-69.49690771061232,Lake
"Middle Elbow Pond",46.52696572660209,-69.07030298053728,Lake
"Mud Pond",46.713127386360036,-69.89619332515127,Lake
"Clayton Pond",46.16975441126077,-69.8818240335203,Lake
"Big Reed Pond",46.352667740868995,-69.05781056988828,Lake
"Harrow Lake",46.51192799951586,-69.2107571010202,Lake
"Austin Pond",46.05215871325822,-69.9502314950362,Lake
"Little Elm Pond",46.021032050399846,-69.77116525946658,Lake
"Third Lake",46.24554812517556,-69.0325267390306,Lake
"Umbazooksus Lake",46.16560832618975,-69.37483535723983,Lake
"Woodman Pond",46.28711781228474,-69.2192065864803,Lake
"Carpenter Pond",46.28305973465172,-69.1183477606418,Lake
"Round Pond",46.76425345231341,-69.27314121140893,Lake
"Allagash Pond",46.4214570729388,-69.67105633476996,Lake
"Chamberlain Lake",46.24112474629088,-69.30076107740149,Lake
"Fourth Lake",46.268753160807925,-69.16444447521009,Lake
"Cliff Lake",46.39937376665521,-69.24929421720252,Lake
"Desolation Pond",46.38523375311855,-69.74282784578374,Lake
"Lost Pond",46.11263475516231,-69.79110696741992,Lake
"Linscott Pond",46.75909046231667,-69.77457124302029,Lake
"Daggett Pond",46.23245040385889,-69.52686538677834,Lake
"Second Musquacook Lake",46.63218609187501,-69.16824923451688,Lake
"Pleasant Lake",46.47406829687339,-69.179776178849,Lake
"Little Round Pond",46.329911236864454,-69.45290903567646,Lake
"Chemquasabamticook Lake",46.49672337569156,-69.61745307433907,Lake
"Crescent Pond",46.42701147757084,-69.60682513022718,Lake
"Mud Pond",46.40471549643099,-69.59603586331303,Lake
"Corner Pond",46.394725763627804,-69.73169924638252,Lake
"Rowe Pond",46.21106591245038,-69.6176842049794,Lake
"Chandler Pond",46.307159416816305,-69.06262771745395,Lake
"Beaver Pond",46.69867193341066,-69.98016285188311,Lake
"Little Leadbetter Pond",46.2458344089251,-69.19655326547478,Lake
"Eagle Lake",46.33902545459867,-69.3416961796071,Lake
"Otter Pond",46.32399668873078,-69.48976424488109,Lake
"Bean Pond",46.64054123676353,-69.95116455584188,Lake
"Round Pond",46.244379819616114,-69.55968973737961,Lake
"Little Pleasant Pond",46.51583546172122,-69.10883651628524,Lake
"Spider Lake",46.44853812319932,-69.20350917578598,Lake
"Baker Lake",46.273681289944946,-69.9182285683599,Lake
"Fourth Saint John Pond",46.05728864941505,-69.90832090165227,Lake
"Mud Pond",46.17832193415604,-69.31722786740838,Lake
"Clayton Lake",46.60770901842093,-69.52754899454604,Lake
"Priestly Lake",46.54457956777936,-69.38596672495223,Lake
"Mile Pond",46.35716226479144,-69.57980656005415,Lake
"Cunliffe Lake",46.697797988279454,-69.45701158367281,Lake
"East Branch Pond",46.258867475884266,-69.15831264992775,Lake
"Munsungan Lake",46.3829770749407,-68.98461595684934,Lake
"Third Musquacook Lake",46.599639255356195,-69.14505785331154,Lake
"Charles Pond",46.919989353063045,-69.71013661125065,Lake
"Depot Lake",46.77015194138116,-69.83037927288237,Lake
"Duck Pond",46.04854353668408,-69.32835502680116,Lake
"Bruleau Pond",46.924651741752655,-69.68704723409122,Lake
"Wadleigh Pond",46.35394445702999,-69.71155955604038,Lake
"Mountain Pond",46.55832508173652,-69.01086458088044,Lake
"Long Pond",46.614601457960255,-69.0813805799029,Lake
"Lost Pond",46.21751170699452,-69.34724604105814,Lake
"Upper Russell Pond",46.421533701749205,-69.56028838245929,Lake
"Little Indian Pond",46.261290331459406,-69.23922652049743,Lake
"Allagash Lake",46.313953136494376,-69.53269662520304,Lake
"Squirrel Pond",46.62635410720059,-69.06423614266654,Lake
"Upper Soper Pond",46.386853129383226,-69.20582085679362,Lake
"Turner Pond",46.27806858522497,-69.7956565982034,Lake
"Fifth Saint John Pond",46.12233900257656,-69.89502130155142,Lake
"Pillsbury Pond",46.333585123879764,-69.18531938490109,Lake
"Black Pond",46.12607264010674,-69.468383455133,Lake
"Brandy Pond",46.07865656356478,-69.4576323408501,Lake
"Telos Lake",46.14379416096941,-69.17229493463495,Lake
"First Musquacook Lake",46.668103881578936,-69.18409757560548,Lake
"Heron Lake",46.485376721340074,-69.29837360752447,Lake
"Churchill Lake",46.442251835047976,-69.3126527201355,Lake
"Round Pond",46.40798717177558,-69.35563916600702,Lake
"Twin Lake",46.41059290638875,-69.26334352531359,Lake
"Harvey Pond",46.69607223055674,-69.38357827375262,Lake
"Long Lake",46.65809608681228,-69.38045339598982,Lake
"The Thoroughfare",46.621337562037155,-69.38560456502961,Lake
"Chase Lake",46.411696501915365,-69.04533269995092,Lake
"Lac du Caribou",46.901929824362256,-69.98529492036165,Lake
"Pickett Mountain Pond",46.13400571645629,-68.44574874897425,Lake
"Rockabema Lake",46.182517267938074,-68.37700929697124,Lake
"Grand Lake Seboeis",46.28764428680888,-68.63697801043551,Lake
"Hay Lake",46.14887034515939,-68.7226085522528,Lake
"Wassataquoik Lake",46.016707929507575,-68.95203842361285,Lake
"Upper Shin Pond",46.119104051125646,-68.53930381925808,Lake
"Brown Pond",46.37959254827947,-68.82945154511653,Lake
"Lower Shin Pond",46.0934629188967,-68.56694483274104,Lake
"Mud Pond",46.94686370434377,-68.93785654402873,Lake
"Hot Pond",46.16184700634709,-68.56456831666048,Lake
"White Horse Lake",46.228798878869,-68.59787472703218,Lake
"Davis Pond",46.095293701968274,-68.58864134669761,Lake
"Middle Fowler Pond",46.12184848614892,-68.84350504285221,Lake
"Meduxnekeag Lake",46.09657107941904,-68.03778958762068,Lake
"Big Caribou Pond",46.297039871773414,-68.98570672377026,Lake
"Pleasant Lake",46.160754374315886,-68.46352470091598,Lake
"Gardner Pond",46.961354779558455,-68.88940576877769,Lake
"Millimagassett Lake",46.283892552851704,-68.78347034610111,Lake
"Otter Pond",46.37394818986947,-68.35838865529635,Lake
"Mountain Catcher Pond",46.20027164347138,-68.81787935210116,Lake
"Kimball Pond",46.09904804115497,-68.74758224284064,Lake
"Cochrane Lake",46.13497975740554,-68.03549871624084,Lake
"Gould Pond",46.1131038420509,-68.01719690271567,Lake
"Togue Pond",46.93580660385648,-68.89095082421655,Lake
"Hay Pond",46.16749427835361,-68.75150742578107,Lake
"Umcolcus Lake",46.28956173180668,-68.43526835834233,Lake
"Cranberry Pond",46.442240150595204,-68.36721077688462,Lake
"Scraggly Lake",46.239547041305784,-68.75646863959837,Lake
"Lower Fowler Pond",46.1324437062609,-68.86166081139446,Lake
"McPherson Pond",46.553043189873044,-68.98234666538396,Lake
"Lower LaPomkeag Lake",46.37371959563304,-68.59852485578647,Lake
"Spectacle Pond",46.541934278048316,-68.7449465764282,Lake
"Pratt Lake",46.639041236119745,-68.890336747009,Lake
"Crystal Lake",46.04898105827477,-68.40463507924049,Lake
"Black Pond",46.974319260303716,-68.83766007001279,Lake
"Little Beaver Pond",46.25507557820135,-68.8526415682189,Lake
"Snowshoe Lake",46.25155894776701,-68.62981150832164,Lake
"Jerry Pond",46.09475975595637,-68.67725222149764,Lake
"Alder Lake",46.61401336920429,-68.16971302971028,Lake
"Millinocket Lake",46.303526338824085,-68.8694189036327,Lake
"Farrar Pond",46.64096840917339,-68.96053179553796,Lake
"Sawtelle Pond",46.28339859387512,-68.69969116762296,Lake
"Beaver Pond",46.340235514852886,-68.4073696618859,Lake
"Chandler Lake",46.45937155955249,-68.70443441055453,Lake
"Center Pond",46.52825188756315,-68.75376077406642,Lake
"McGowan Lake",46.65733688881188,-68.79737820141588,Lake
"Caribou Lake",46.811660744135274,-68.06587860015334,Lake
"Mud Lake",46.03342393295271,-68.04751775630504,Lake
"Cranberry Pond",46.32805516640063,-68.44537618424067,Lake
"Hanson Lake",46.70534379532152,-68.06072546041155,Lake
"Deboullie Pond",46.964612553291005,-68.85567699624453,Lake
"Carr Pond",46.76546264751177,-68.72114587207257,Lake
"Pleasant Lake",46.024092568859416,-68.16912243178369,Lake
"Grand Lake Matagamon",46.1782321308929,-68.83152633203649,Lake
"Ireland Pond",46.25446562850827,-68.77100348671472,Lake
"Salmon Brook Lake",46.899692083468466,-68.24272428822512,Lake
"Jones Pond",46.305466805737886,-68.72101547309683,Lake
"Matherson Pond",46.38318523703843,-68.35421035576968,Lake
"Echo Lake",46.61969097952047,-68.00735363124141,Lake
"Portage Lake",46.791190715070904,-68.51284319314647,Lake
"Lower South Branch Pond",46.10319002627625,-68.8971837523972,Lake
"Bowlin Pond",46.0625706192908,-68.71015079447584,Lake
"Timoney Lake",46.12064138779488,-68.08093301329782,Lake
"Chandler Deadwater",46.42407374714372,-68.73662715896641,Lake
"Cranberry Pond",46.47439071154094,-68.2749440234134,Lake
"Chase Ponds",46.889841187851204,-68.91384079112096,Lake
"B Lake",46.20169177375867,-68.03752556408305,Lake
"Arnold Brook Lake",46.650805116460866,-68.0289464040799,Lake
"Mud Lake",46.93059513936826,-68.20454982118824,Lake
"Billings Pond",46.624725986476705,-68.83731063766379,Lake
"Fish River Lake",46.82957136770226,-68.77309101864508,Lake
"Island Pond",46.88891959114706,-68.73258497124507,Lake
"Saddle Pond",46.223457757488745,-68.87143979851933,Lake
"Marble Pond",46.11680626130466,-68.70906567920501,Lake
"Long Pond",46.136545818627546,-68.83906066541272,Lake
"Greenlaw Pond",46.720373152560356,-68.69527509968684,Lake
"Beaver Brook Lake",46.01501887537124,-68.00094943039255,Lake
"Long Lake",46.10984017050502,-68.12946553274026,Lake
"Ferguson Pond",46.8650749839027,-68.70001131470877,Lake
"Big Beaver Pond",46.26562956886932,-68.85909927988388,Lake
"Upper South Branch Pond",46.08923663002805,-68.89352214698118,Lake
"Beaver Tail Pond",46.902843664271614,-68.9495839137225,Lake
"Number Nine Lake",46.416157932478505,-68.04829540197352,Lake
"Pennington Pond",46.93752124250196,-68.5229978938246,Lake
"Carey Lake",46.34574235792358,-68.54757522375333,Lake
"Bartlett Pond",46.55554326991229,-68.87125509388927,Lake
"Spaulding Lake",46.10684346015705,-68.10353915280044,Lake
"Mooseleuk Lake",46.51199779795627,-68.90980120777613,Lake
"Round Pond",46.85371701907342,-68.74098984706717,Lake
"Billfish Pond",46.13634256424755,-68.82472916724916,Lake
"Skitacook Lake",46.03356323303458,-68.06452810448046,Lake
"Saint Froid Lake",46.967830549354225,-68.61401922594176,Lake
"Big Machias Lake",46.67914818558337,-68.79506674227909,Lake
"Little Machias Lake",46.71920390683901,-68.50938693374268,Lake
"Peaked Mountain Pond",46.011540213435346,-68.63483019999171,Lake
"Clayton Lake",46.71915722281073,-68.76560622054743,Lake
"Sawtelle Deadwater",46.171060997089384,-68.67989401949876,Lake
"Mud Pond",46.20185077419105,-68.71330989671274,Lake
"Hale Pond",46.1375209091248,-68.40034113776287,Lake
"Rowe Lake",46.624090031296426,-68.81176084919157,Lake
"McClusky Lake",46.92333730159847,-68.42421392452982,Lake
"Saint Croix Lake",46.29646463357084,-68.19670448081315,Lake
"Cut Lake",46.290007158598904,-68.5284259011359,Lake
"LaPomkeag Lake",46.36673454010555,-68.57953363446047,Lake
"Grass Pond",46.151191060734064,-68.42731590074355,Lake
"Scopan Lake",46.552050203462414,-68.24470675722141,Lake
"Mud Lake",46.16239192680376,-68.43959763530272,Lake
"Pushineer Pond",46.96070609244184,-68.84179934020291,Lake
"Moose Pond",46.281780532914645,-68.95461388729449,Lake
"Little Millinocket Lake",46.28450720325731,-68.92654427041246,Lake
"Williamstown Lake",46.32149543301147,-67.70614389122848,Lake
"Monson Pond",46.69448626102942,-67.80245937689729,Lake
"Piries Lake",46.93686991765461,-67.7576686596858,Lake
"Indian Lake",46.20212086672734,-67.24990282893,Lake
"Lake Josephine",46.675000346762076,-67.90557594433578,Lake
"Marvin Lake",46.36066555867657,-67.74633462629338,Lake
"Durepo Pond",46.94782815068397,-67.84786580966698,Lake
"Becaguimec Lake",46.26728318473845,-67.17372586367077,Lake
"Curries Lake",46.11172719709211,-67.72368213909107,Lake
"Greenhill Lake",46.061959751628976,-67.03752268500989,Lake
"Greens Lake",46.078744705684635,-67.75048192729317,Lake
"Nickerson Lake",46.09692469434078,-67.9256459939385,Lake
"Ayers Lake",46.20266189893954,-67.3321249333771,Lake
"Saunderson Lake",46.02109807318404,-67.70549993261962,Lake
"Payson Lake",46.247219403275814,-67.65155443147631,Lake
"Bull Lake",46.11257882290714,-67.3912925196144,Lake
"Lake Christina",46.695978904504685,-67.89311074030256,Lake
"Carleton Lake",46.08693912951853,-66.7477416335003,Lake
"Tetapaga Lake",47.0535121005171,-79.88516914057475,Lake
"Jessie Lake",47.04071999372034,-79.80352676749477,Lake
"Command Lake",47.02994762436862,-79.94885952861345,Lake
"Anima Nipissing Lake",47.25914752549205,-79.92128745592574,Lake
"Brigstocke Lake",47.28484394858712,-79.9361138137521,Lake
"Lenore Lake",47.15019648689501,-79.96226972584607,Lake
"Chambers Lake",47.10964915465066,-79.97373628259243,Lake
"Nellem Lake",47.09848366503328,-79.96429563904088,Lake
"Lowell Lake",47.00832311203523,-79.79922582140772,Lake
"McLean Lake",47.19400045100988,-79.9720330047462,Lake
"Summit Lakes",47.025370785646494,-79.75648189772001,Lake
"Foley Lake",47.03754431839562,-79.96534006977534,Lake
"Hay Lake",47.01880158907203,-79.94395847778836,Lake
"Guppy Lake",47.1408889196109,-79.99348826826369,Lake
"McLaren Lake",47.025231963117626,-79.96631943165886,Lake
"Sutton Lake",47.066168447499045,-79.95502853747159,Lake
"Hansen Lake",47.11985916525727,-79.91859432308719,Lake
"Crash Lake",47.09881701533542,-79.93884823356385,Lake
"O'Connor Lake",47.07099817467822,-79.87767007958662,Lake
"Breeches Lake",47.23451182080196,-79.87724743797298,Lake
"Spawning Lake",47.02885390029241,-79.98068938584754,Lake
"Hardwood Lake",47.00635032699215,-79.98633877374405,Lake
"Charley Lake",47.074609939928735,-79.96066065863918,Lake
"Wagkich Lake",47.02778193326532,-79.77016899108548,Lake
"Caribou Lake",47.05918096858869,-79.78629507533873,Lake
"Jones Pond",47.37464484206881,-69.13818241084539,Lake
"Little Falls Pond",47.18178591780663,-69.10397100652612,Lake
"Falls Brook Lake",47.159672671430314,-69.07488641151626,Lake
"Little East Lake",47.153686400583034,-69.51410695185865,Lake
"Cross Lake",47.27035519175006,-69.05116996868627,Lake
"Beau Lake",47.34178030165982,-69.05525801715035,Lake
"McKeon Pond",47.226187906287684,-68.99806976256696,Lake
"Lac Boucané",47.45777777826589,-69.45183967186703,Lake
"Lac Pohénégamook",47.48942320638753,-69.26360542290631,Lake
"East Lake",47.16231826744306,-69.52410970246693,Lake
"Lac de la Grosse Truite",47.20148347774711,-69.6839095046227,Lake
"Lac Landry",47.381015590987374,-69.33718141367234,Lake
"Lac aux Castors",47.386820602112024,-69.49216191408699,Lake
"Lac de l'Est",47.197146241189316,-69.56189392127627,Lake
"Mud Lake",47.152615481587134,-68.28425203265232,Lake
"Square Lake",47.05823875527168,-68.37134399828196,Lake
"Sly Brook Lakes",47.11362613629302,-68.50609893766676,Lake
"California Pond",47.11097906177067,-68.46475443089908,Lake
"Third Pelletier Brook Lake",47.04559267441662,-68.89011592314637,Lake
"Fourth Pelletier Brook Lake",47.02857045238105,-68.88981000620542,Lake
"Wheelock Lake",47.20014989903436,-68.72015449937763,Lake
"Hunnewell Lake",47.164532594890346,-68.80944227017436,Lake
"Black Lake",47.21336200684665,-68.46839482170557,Lake
"Germain Lake",47.26254609210722,-68.21234434641052,Lake
"Blake Lake",47.09448409010868,-68.53803410353798,Lake
"Dickwood Lake",47.08616635954499,-68.67465042655752,Lake
"Third Lake",47.1117306982589,-68.8207620241248,Lake
"Carry Pond",47.0846789564258,-68.2768430357979,Lake
"Cross Lake",47.11017600252893,-68.33076800582967,Lake
"Eagle Lake",47.05534114100914,-68.523443395215,Lake
"Long Lake",47.208720947741774,-68.24722069580369,Lake
"First Lake",47.127841087348145,-68.53849557071823,Lake
"Lac Sutherland",47.37093690406623,-68.86967510502497,Lake
"Lac Baker",47.358777837141155,-68.68061039166203,Lake
"Lac du Dos de Cheval",47.475966945790994,-68.86512254384043,Lake
"Lac Légaré",47.47943501835466,-68.82421459483169,Lake
"Lac Unique",47.33328482060189,-68.7444214199476,Lake
"Lac Caron",47.33138788824017,-68.61870148192993,Lake
"Violette Lake",47.12920644304316,-67.99466016412865,Lake
"Big Black Brook Lake",47.030611343108276,-67.90348980346779,Lake
"Quisibis Lake",47.288825805432445,-67.97713634847153,Lake
"Quarter Swamp",36.32845671758648,-77.35262483670311,Creek
"Bennetts Creek",36.33991927507933,-76.71503364298076,Creek
"Great Wicomico River",37.773597462527526,-76.11759886896839,Creek
"Ware River",37.356953766721254,-76.41277693731136,Creek
"Potomac River",37.93970342806185,-76.20185377088119,Creek
"Little Annemessex River",37.773597462527526,-76.11759886896839,Creek
"Piankatank River",37.56420121950186,-76.11479445751262,Creek
"Little Wicomico River",37.773597462527526,-76.11759886896839,Creek
"Honga River",38.163116206141076,-76.22114872304235,Creek
"Deep Creek",38.163116206141076,-76.22114872304235,Creek
"Susquehanna River",38.163116206141076,-76.22114872304235,Creek
"Fishing Creek",38.48114919861603,-76.38680632577342,Creek
"Saint Jerome Creek",38.163116206141076,-76.22114872304235,Creek
"Broad Creek",38.647471234368,-76.31174244583542,Creek
"Little Choptank River",38.54104346981676,-76.3672311172655,Creek
"Potomac River",38.05846004349657,-76.44369565253596,Creek
"Choptank River",38.60058450283219,-76.38108773278381,Creek
"Parkers Creek",38.48114919861603,-76.38680632577342,Creek
"Miles River",38.784754821868496,-76.40250289857003,Creek
"Miles River",38.83445014531455,-76.31963176828744,Creek
"Susquehanna River",38.346631906613034,-76.32001416447751,Creek
"Blackwalnut Creek",38.903727895905476,-76.43010466241792,Creek
"Susquehanna River",38.7125115768727,-76.43862388972545,Creek
"Pine Hill Run",38.163116206141076,-76.22114872304235,Creek
"Tyler Creek",38.163116206141076,-76.22114872304235,Creek
"Tracys Creek",38.7125115768727,-76.43862388972545,Creek
"Deep Cove Creek",38.7125115768727,-76.43862388972545,Creek
"Susquehanna River",38.48114919861603,-76.38680632577342,Creek
"Susquehanna River",38.86298887368581,-76.43351782883816,Creek
"Susquehanna River",38.10586786186681,-76.18494764199643,Creek
"Grays Creek",38.40429875919762,-76.3800566209673,Creek
"Big Annemessex River",38.059768259498085,-75.9964465805271,Creek
"Broadkill River",38.883151775221435,-75.06858291634059,Creek
"Dias Creek",38.99636702270263,-75.12456222133241,Creek
"Transquaking River",38.059768259498085,-75.9964465805271,Creek
"Manokin River",38.09783960340213,-75.90912042225254,Creek
"Delaware River",38.90154469042774,-75.07766403921114,Creek
"Grecos Canal",39.04320951227123,-75.15104273503793,Creek
"Mispillion River",39.01660316460588,-75.13482257289148,Creek
"Bear Creek",39.58887083921642,-79.30432856323473,Creek
"South Branch Potomac River",39.42353489898324,-78.6723934243365,Creek
"Meadow Branch",39.60887455756874,-78.1138670641392,Creek
"Brice Hollow Run",39.596220065786675,-78.69086677513141,Creek
"Potomac River",39.46638287661627,-77.78449855287718,Creek
"Swan Creek",39.09786472560491,-76.25672848259647,Creek
"Still Pond Creek",39.346528018724634,-76.17174475227506,Creek
"Back River",39.075430985719116,-76.35222801761837,Creek
"Susquehanna River",39.075430985719116,-76.35222801761837,Creek
"East Branch Winters Run",39.616649021892485,-76.46797068607006,Creek
"Susquehanna River",39.41115030662813,-76.07052799464662,Creek
"Susquehanna River",39.26719649791197,-76.2538445618681,Creek
"Susquehanna River",39.47015574248412,-76.03746274341218,Creek
"Principio Creek",39.47015574248412,-76.03746274341218,Creek
"Patapsco River",39.075430985719116,-76.35222801761837,Creek
"Brockonbridge Gut",39.14304597189183,-75.24963596553407,Creek
"Murderkill River",39.161013618921345,-75.25025740148456,Creek
"Dennis Creek",39.145044372933675,-74.92297037205607,Creek
"Murderkill River",39.0628360499286,-75.37491387184201,Creek
"Saint Jones River",39.073198327831484,-75.37553296763187,Creek
"West Creek",39.07086439851153,-75.06404290482746,Creek
"Dividing Creek",39.20961708604449,-75.10700288483659,Creek
"Saint Jones River",39.16822761934914,-75.25669116691657,Creek
"West Creek",39.020152847207335,-75.13663457102521,Creek
"Dennis Creek",39.0134858704605,-75.13323145928356,Creek
"Bidwell Creek",39.07105049221124,-75.00403073411594,Creek
"Schuylkill River",39.94308733270407,-75.20415517677279,Creek
"West Branch Susquehanna River",40.92695892632092,-78.54939209059424,Creek
"Canoe Creek",40.55328166846878,-78.2233337620362,Creek
"Laurel Run",40.641787121829225,-77.33286389082181,Creek
"Buffalo Creek",40.94372505087531,-77.20370187039181,Creek
"Toms Run",40.03940467303843,-77.32092044662454,Creek
"Scotch Run",40.97570089265175,-76.31204159307424,Creek
"Stony Creek",40.41120749881392,-76.7937634391734,Creek
"Conestoga River",40.028316243197814,-76.29626692613108,Creek
"South Fork Powells Creek",40.48453031547241,-76.73171842534266,Creek
"Red Creek",40.61102516180266,-76.16120105398366,Creek
"Tumbling Run",40.68958824372107,-76.13798145162323,Creek
"Clark Creek",40.4376283028351,-76.8135604468364,Creek
"Aquashicola Creek",40.82626162877904,-75.46911184989429,Creek
"Hudson River",40.77673325075324,-74.00000156639854,Creek
"Delaware and Raritan Canal",40.546451464949875,-74.55791508961711,Creek
"Harlem River",40.854978690170256,-73.92210855920419,Creek
"Bronx River",40.900732301147954,-73.86017254233482,Creek
"Nissequogue River",40.91558439254854,-73.23245220962167,Creek
"Anderson Creek",41.14297363229848,-78.58561071816247,Creek
"Moccasin Run",41.251738678623745,-77.9632628646237,Creek
"Susquehanna River",41.18107247362495,-76.09486647057012,Creek
"Bush Kill",41.0941135597242,-75.06593374212999,Creek
"Coxing Kill",41.76200845513058,-74.1770665646247,Creek
"Stony Kill",41.757717450707354,-74.26564359338391,Creek
"Little Chautauqua Creek",42.288160793348716,-79.49995005091047,Creek
"Smoke Creek",42.81215739630613,-78.7731131064581,Creek
"Yawger Creek",42.865599362919916,-76.66203057279947,Creek
"Glen Brook",42.66231442724687,-75.81384955182806,Creek
"Potic Creek",42.29407956463425,-73.9219602498334,Creek
"Onesquethaw Creek",42.536497345212936,-73.86075591347598,Creek
"Dry Brook",42.682723486644086,-72.51473288476465,Creek
"Saint Lawrence River",43.269960463393716,-79.07479310248402,Creek
"Fish Creek",43.16032931487569,-79.00495714243361,Creek
"West Branch Sandy Creek",43.255652836373415,-78.14786721110607,Creek
"Erie Canal",43.2242167704905,-78.00938569814892,Creek
"Beardsley Creek",43.32584471294297,-78.2193325732885,Creek
"Oak Orchard Creek",43.083333538019225,-78.16975413725102,Creek
"Otter Creek",43.291005770827624,-78.26630578518413,Creek
"Erie Canal",43.21325548053819,-78.49057078382077,Creek
"East Branch Twelvemile Creek",43.28251154335015,-78.85040723647586,Creek
"Erie Canal",43.24915103578129,-78.13913660767108,Creek
"Whitney Creek",43.08271579403571,-78.42022568327356,Creek
"Erie Canal",43.23491989047427,-78.34605680604066,Creek
"Hathaway Brook",43.039281170270364,-77.24203817164195,Creek
"Saint Lawrence River",43.63143998565452,-76.79576880491526,Creek
"Erie Canal",43.19937570624418,-77.84474690916478,Creek
"Salmon Creek",43.23446161437227,-77.01950064857435,Creek
"Saint Lawrence River",43.90047949392842,-76.58915977715311,Creek
"Mud Brook",43.72567973744726,-76.16220534395912,Creek
"Snake Creek",43.52379170110919,-76.19239033818486,Creek
"Little Salmon River",43.43122068422403,-76.20170733447132,Creek
"Little Stony Creek",43.815706286583605,-76.17070448688226,Creek
"Eightmile Creek",43.387293060294894,-76.5826702536742,Creek
"Taylor Brook",43.77797975100478,-76.07929038847182,Creek
"Hurlbut Glen Brook",43.272954022002246,-75.37835925631187,Creek
"Ava Brook",43.401716108013304,-75.48067943245407,Creek
"Long Lake Outlet",43.51809228388594,-75.21628221900583,Creek
"Stebbins Creek",43.91876278916544,-75.74571922446007,Creek
"Mill Creek",43.92330282449214,-75.94850223734825,Creek
"Mill Creek",43.46432163188172,-75.36145785873454,Creek
"Wood Creek",43.41570324410936,-75.45790409226433,Creek
"Luther Creek",43.7282007222112,-75.71871219022086,Creek
"Negro Creek",43.85116976040511,-75.53613811882016,Creek
"Vaughn Brook",43.21572948232067,-75.2636310147164,Creek
"Mulligan Creek",43.72377973844103,-75.66835913083942,Creek
"Raystone Creek",43.72814574796709,-75.92850720256656,Creek
"Mill Creek",43.447152298465014,-74.19597161834672,Creek
"Zimmerman Creek",43.035161673845856,-74.63826380040113,Creek
"Middle Sprite Creek",43.11442722102065,-74.67321581628859,Creek
"Mossy Vly Brook",43.52036996816503,-74.4735771146033,Creek
"Mousam River",43.4018012839143,-70.56855315786565,Creek
"Royal River",43.9744395977984,-70.2615856901188,Creek
"Willow Creek",44.456341706639684,-79.7542930758525,Creek
"Plato Creek",44.4361718916154,-77.84934615931054,Creek
"Beaver Creek",44.55133887424482,-75.38048810012467,Creek
"Black Creek",44.07837918674412,-75.60521959714036,Creek
"Squeak Brook",44.818544983739855,-74.83760099803841,Creek
"Saint Lawrence River",45.00187961617467,-74.87693513275144,Creek
"Hatch Brook",44.671681954164235,-74.18905775163662,Creek
"Mill Brook",44.0527288984274,-73.55069051736318,Creek
"Pettigrew Brook",44.43132528879189,-73.80584296214167,Creek
"Little Alder Brook",45.02389372394078,-70.06805062369078,Creek
"Old Course Saco River",44.11473273381733,-70.9679422667072,Creek
"Great Works Stream",44.88203554485468,-68.564529975244,Creek
"Décharge des Vingt",45.85664043365748,-73.09308810232555,Creek
"Pollard Brook",45.183358928462134,-68.66234002608633,Creek
"Scutaze Stream",45.319443079964564,-68.8393754939618,Creek
"East Branch Penobscot River",45.729586959027316,-68.5895061673106,Creek
"Little Meadow Brook",45.58159394897818,-68.04434377251529,Creek
"Meadow Brook",45.54642067779001,-68.01291982607958,Creek
"Big La Coote Stream",45.686876086676484,-67.49521278577619,Creek
"Four Mile Brook",45.93755973125865,-67.44121038064166,Creek
"Beaver Brook",45.527493284136206,-67.65856843732095,Creek
"North Crooked Brook",45.58598315773467,-67.77103674552752,Creek
"Regiment Creek",45.99337496147199,-66.73615384080291,Creek
"Dowdall Meadow Brook",45.256005226773986,-66.89189085645259,Creek
"Muskie Creek",46.184813499761,-79.66125461565603,Creek
"Sweeney Brook",46.54273826463036,-69.66569565208012,Creek
"Mills Brook",46.56011400082398,-69.63767437828078,Creek
"Southwest Branch Saint John River",46.49968044758605,-69.94576354568063,Creek
"Scopan Stream",46.526057037647554,-68.26747590553016,Creek
"Alder Brook",46.06478062450878,-68.30180408807716,Creek
"Smith Brook",46.47641380982372,-68.89850531902195,Creek
"Mill Brook",46.091790668521035,-67.080259665029,Creek
"South Branch Twomile Brook",47.03167215001351,-69.5271539712936,Creek
"East Branch Pocwock Stream",47.142778573682335,-69.34811171734759,Creek
"Little Madawaska River",47.01587632390806,-68.11892215080451,Creek
"Black Brook",47.02680637298445,-68.77051791043179,Creek