name,lat,lng,category
"Humboldt Wells",41.12333499563541,-114.96360523371271,Lake
"Crittenden Reservoir",41.52917887791813,-114.16920462689818,Lake
"Dake Reservoir",41.35541670770309,-114.08833694512472,Lake
"23 Mile Reservoir",41.53935007808733,-114.38211589998501,Lake
"Bishop Creek Reservoir",41.2639428841977,-114.89497768603255,Lake
"Lynn Reservoir",41.84635595018853,-113.7244820103731,Lake
"Etna Reservoir",41.70318919699156,-113.96096374640126,Lake
"Great Salt Lake",41.242152322858445,-112.40035571514181,Lake
"Rose Ranch Reservoir",41.95158146850178,-112.74526801695308,Lake
"Cement Ponds",41.56508186326583,-112.05744332663727,Lake
"Great Salt Lake",41.293796893710784,-112.4393827055191,Lake
"Cutler Reservoir",41.83044504381991,-111.96867502934028,Lake
"Spires Lake",41.61217985153315,-112.30828988649861,Lake
"North Bay",41.50718312997172,-112.16645139314761,Lake
"Coyote Ponds",41.51904367990189,-112.75356812855401,Lake
"West Lake",41.69777478668049,-112.96968856248066,Lake
"Blue Creek Reservoir",41.816252411380184,-112.46066106399105,Lake
"Crocker Lake",41.606060650848214,-112.29334523045624,Lake
"Horseshoe Sloughs",41.53084853757095,-112.09426731488428,Lake
"South Bay",41.46619964109202,-112.29904817658247,Lake
"South East Bay",41.48535368038095,-112.15925033284573,Lake
"Pintail Lake",41.5805901134546,-112.31710234418895,Lake
"Willard Bay Reservoir",41.398280969585755,-112.0664384859036,Lake
"Great Salt Lake",41.17241482712393,-112.20557856128032,Lake
"Widgeon Lake",41.568344321545965,-112.31151498703004,Lake
"Hull Lake",41.57061592677497,-112.28318417257874,Lake
"Duck Lake",41.58341600995367,-112.28949931107981,Lake
"Great Salt Lake",41.225879462940526,-112.39301230812859,Lake
"Newton Reservoir",41.90628570377215,-111.98547997944094,Lake
"East Lake",41.69181798705364,-112.91310339541768,Lake
"Klondike Lake",41.5029836434638,-112.15477889397715,Lake
"Great Salt Lake",41.263323312711144,-112.39380664836558,Lake
"Great Salt Lake",41.00157028336866,-112.16751875403583,Lake
"Birch Creek Reservoirs",41.50580601231527,-111.32659480677182,Lake
"Sixmile Reservoir",41.83644397029007,-111.10723986877348,Lake
"South Lake",41.92235547691727,-111.0729700310015,Lake
"Blue Grass Pond",41.459784838937765,-111.13778655940062,Lake
"Pineview Reservoir",41.27030677529908,-111.79834520255153,Lake
"Mantua Reservoir",41.50418905675818,-111.9308384353958,Lake
"Causey Reservoir",41.298924181724495,-111.57732184168624,Lake
"Neponset Reservoir",41.38139244841256,-111.13532281094665,Lake
"Barker Reservoir",41.12214124886904,-111.05392994377638,Lake
"Little Creek Reservoir",41.676028622722825,-111.23183538468047,Lake
"Bear Lake",41.99594587733035,-111.35166575783968,Lake
"Porcupine Reservoir",41.51881528987886,-111.73329898010107,Lake
"Woodruff Reservoir",41.464128410372595,-111.33255104596614,Lake
"Hyrum Reservoir",41.61588197566753,-111.85869638132276,Lake
"Crane Reservoir",41.271645534151766,-111.12740817391497,Lake
"Woodruff Narrows Reservoir",41.476948757724905,-111.01870158940778,Lake
"Lost Creek Reservoir",41.19544919252847,-111.38604622043201,Lake
"Wall Reservoir",41.334010162833465,-110.39704203575613,Lake
"Cottonwood Reservoir",41.264886403945226,-110.47790081412936,Lake
"Kemmerer Reservoir",41.94585370765836,-110.65641013637655,Lake
"Piedmont Reservoir",41.181717504384316,-110.6520583996687,Lake
"Myers Reservoir",41.09818028238272,-110.89628446561045,Lake
"Lake Viva Naughton",41.986738698031445,-110.66446243350929,Lake
"Meeks Cabin Reservoir",41.004166224588516,-110.5831806906385,Lake
"Austin Reservoir",41.41264263068264,-110.29396441182509,Lake
"Crompton Reservoir",41.29094647891242,-110.95440998128859,Lake
"Sulphur Creek Reservoir",41.1518965983166,-110.8202954333795,Lake
"Solid Waste Disposal Cell H Reservoir",41.584689755968874,-109.7496768499312,Lake
"Stevens Draw Reservoir",41.73495614772639,-109.65596742099193,Lake
"Flaming Gorge Reservoir",41.112060188214514,-109.54563772375697,Lake
"Number 2 Evaporation Reservoir",41.58120629317487,-109.74411063205545,Lake
"Number 3 Evaporation Reservoir",41.57868353964257,-109.73406512546663,Lake
"Red Lakes",41.55021496051988,-108.00548505597631,Lake
"Jim Bridger Project Evaporation Pond",41.760545507946176,-108.79699148970157,Lake
"Lost Creek Lake",42.00736898588219,-108.2024358787381,Lake
"Frewen Lake",41.6517675610908,-108.02694154261626,Lake
"Cow Creek Reservoir",41.146198989470484,-108.42381058201671,Lake
"Jim Bridger Reservoir",41.72744671776737,-108.78497498562211,Lake
"Hogback Lake",41.752872610338066,-107.3148406393196,Lake
"Fivemile Lake",41.55868025020739,-107.92585785345453,Lake
"Monument Lake",41.83969575116526,-107.96642103563202,Lake
"Mahoney Lakes",41.932928714470634,-107.51776262195622,Lake
"Hansen Lake",41.972746021586424,-107.9267061733223,Lake
"Separation Lake",41.99032860855254,-107.25667003445534,Lake
"High Savery Reservoir",41.277895531627166,-107.28029558003001,Lake
"Dry Lake",41.956242229581356,-107.23155992076727,Lake
"Mud Springs Lake",41.91367775852845,-107.70601511523874,Lake
"Buck Draw Reservoir",41.38665751299114,-106.99840416086268,Lake
"Eightmile Lake",41.53029963482993,-107.90753635711796,Lake
"Coal Bank Lake",41.50706136181363,-107.90960693783094,Lake
"Teton Reservoir",41.603909921270215,-107.26315163916881,Lake
"Government Reservoir",41.53713973091394,-107.88540495797734,Lake
"Eightmile Lake",41.68038049009179,-107.28747384189111,Lake
"Mahoney Lakes",41.956831759823686,-107.50861939296725,Lake
"East Allen Lake",41.874704057524205,-106.2245185954198,Lake
"Bosler Reservoir",41.609989341025056,-106.08769474287375,Lake
"Sand Lake",41.451726179675504,-106.28478836958539,Lake
"Hog Park Reservoir",41.033287934109275,-106.87533039286163,Lake
"Horne Lake",41.85973065543076,-106.15297070067942,Lake
"King Reservoir Number One",41.59929913418741,-106.06827965652182,Lake
"Turpin Reservoir",41.4368206678807,-106.38510962276325,Lake
"Seminoe Reservoir",42.02987815366433,-106.76866273962189,Lake
"Rob Roy Reservoir",41.20709843965062,-106.25845753092882,Lake
"Dutton Creek Reservoir",41.59274974042729,-105.99859365922113,Lake
"Saratoga Lake",41.465502320887836,-106.78576504150351,Lake
"Lake Owen",41.14818468028576,-106.10478737138648,Lake
"Dry Lake",41.96807646242161,-105.99751694033334,Lake
"Horn and Meason Reservoir",41.40962358028215,-106.71609179590084,Lake
"Allen Lake",41.90570551100233,-106.26349149281805,Lake
"Haines Reservoir",41.40808639981267,-106.88462317211443,Lake
"Seminoe Reservoir",42.03242350857724,-106.86085549475064,Lake
"Pynchin Lake",41.89447981965055,-106.3303754191203,Lake
"Aurora Lake",41.8982563100076,-106.0801988322158,Lake
"Iron Hill Lake",41.830118691226645,-106.10564482333072,Lake
"Pierce Reservoir",41.68612796560753,-106.08781164937629,Lake
"White Reservoir",41.65073860631823,-106.16788456796185,Lake
"Rush Lake",41.178843323788286,-105.72555540326627,Lake
"Meeboer Lake",41.21605290315412,-105.82076150745482,Lake
"Sportsman Lake",41.12307326694738,-105.65181062410721,Lake
"West Carroll Lake",41.410349359247576,-105.74241447038376,Lake
"Reservoir Number One",41.996791891248755,-105.03549686597209,Lake
"Alsop Lake",41.39235200711702,-105.79099437823095,Lake
"Knadler Lake",41.36785833966967,-105.77188735135866,Lake
"Long Lake",41.6623648859085,-105.68874265726669,Lake
"Soda Lake",41.93164952724552,-105.95111002810987,Lake
"Willow Creek Reservoir",41.124917219010236,-105.57817863372618,Lake
"Rice Reservoir",41.06995427800506,-105.78399787905259,Lake
"Creighton Lake",41.18643750904327,-105.71743382791281,Lake
"Hutton Lake",41.17209075163258,-105.71517149910905,Lake
"Lake Mildred",41.21747297556337,-105.75558479474022,Lake
"Soda Lake",41.21426568421201,-105.80226862298167,Lake
"Lone Tree Reservoir Number 2",41.09608696552911,-105.76364710269947,Lake
"Caldwell Lake",41.15708846908166,-105.79254800737148,Lake
"Granite Springs Reservoir",41.17690557156874,-105.23371883554782,Lake
"Cavender Reservoir",41.56914706779745,-105.90638016063075,Lake
"Sodergreen Lake",41.16010050171318,-105.93409247335549,Lake
"Mortenson Lake",41.21103526289137,-105.84515732713739,Lake
"Soap Holes",41.42129382380602,-105.68514764004665,Lake
"Meiser Lake",41.78508548647551,-105.79025494110236,Lake
"Webb Lake",41.35081230542137,-105.97440020074454,Lake
"Cooper Lake",41.624459782089204,-105.8355521273972,Lake
"Rainey Lake",41.631734539128644,-105.93357199172394,Lake
"Crystal Lake Reservoir",41.15816967198465,-105.20232191523303,Lake
"Lake Hattie",41.229929513595216,-105.97280712528165,Lake
"Carroll Lake",41.41388676841482,-105.73110952435077,Lake
"Lake Hattie Reservoir",41.242080741357874,-105.93049295175919,Lake
"James Lake",41.4674703645423,-105.90015043890149,Lake
"Post Lake",41.8706261707234,-105.71156073644964,Lake
"Wheatland Reservoir Number Two",41.83317169125574,-105.6226380842876,Lake
"Diamond Lake",41.608815786007604,-105.66302147829742,Lake
"Upper North Crow Reservoir",41.23596063458418,-105.28393652411214,Lake
"Steamboat Lake",41.05701747155484,-105.83380857000617,Lake
"Twin Buttes Lake",41.23805299105774,-105.86323551586557,Lake
"Bamforth Lake",41.3898237856385,-105.74151090036892,Lake
"Twelvemile Lake",41.217404239907836,-105.7583320826593,Lake
"Goshen Hole Reservoir",41.876582159914754,-104.2809696807769,Lake
"Packer Lake",41.8980914149603,-104.06005931342166,Lake
"Garrelts Number 1 Reservoir",41.882520083569936,-104.54177214536281,Lake
"Pole Creek Reservoir",41.306172513357495,-104.7287664360297,Lake
"Wyoming Hereford Ranch Reservoir Number One",41.11722942435976,-104.74145009036661,Lake
"Hawk Springs Reservoir",41.707719555454,-104.18663030772852,Lake
"Sinnard Reservoir",41.80262226803022,-104.3540808061403,Lake
"Wyoming Hereford Ranch Reservoir Number Two",41.12582001325635,-104.64481972793614,Lake
"Glomill Reservoir",41.88642363902755,-104.53005912792334,Lake
"Oliver Reservoir",41.2250757388339,-103.82010098488594,Lake
"Cochran Lake",41.76987006405783,-103.54121030471141,Lake
"Winters Creek Lake",41.95566963754345,-103.52617108730527,Lake
"Lake Alice",41.99066464529442,-103.61585739312477,Lake
"Lake Minatare",41.93926629271354,-103.4956254826904,Lake
"Lake Alice Number Two",41.97265015830604,-103.57996057275308,Lake
"Murray Lake",41.72598831405029,-103.9243364749472,Lake
"Merrill Lake",41.89274936618227,-102.51464854386799,Lake
"Heskett Lake",41.82446032451204,-102.4176719815069,Lake
"Maverick Lake",41.823234586985166,-102.38671070037637,Lake
"Bluebaker Lake",41.91472783884573,-102.422630662001,Lake
"Crescent Lake",41.695898179125734,-102.41025372652408,Lake
"Clark Lake",41.84733006842599,-102.69649043977942,Lake
"Ashburger Lake",41.838008933526964,-102.44253711247961,Lake
"Alkali Lake",41.91950817510713,-102.06184793834838,Lake
"Blue Lake",41.70927911874911,-102.43483178284305,Lake
"Ramsay Lakes",41.85014053408511,-102.46442494448634,Lake
"Hills Lake",41.96572530181976,-102.54867929084467,Lake
"Breman Lake",41.86541894282662,-102.47424563221037,Lake
"Old Ladys Lake",41.85869763084237,-102.53467785623411,Lake
"Belle Lake",41.95054349705219,-102.4460811681267,Lake
"Clough Lake",41.91493464848377,-102.5656604205941,Lake
"East Valley Lake",41.8730534099161,-102.68715414584962,Lake
"Moffit Lake",41.80795982171963,-102.65275322599926,Lake
"Twin Lake",41.716225662847926,-102.54019210130309,Lake
"Long Lake",41.76147562348483,-102.5941560119725,Lake
"Island Lake",41.738198772580965,-102.39410799817013,Lake
"Storm Lake",41.85614570718385,-102.73812357789602,Lake
"Cane Lake",41.910240952964,-102.70866791029582,Lake
"Goose Lake",41.78178794699269,-102.4479330466505,Lake
"Sandbeach Lake",41.88722390372305,-102.4399712269202,Lake
"Black Steer Lake",41.7567093642448,-102.31104028766377,Lake
"Whitehead Lake",41.918781550474215,-102.50106961037999,Lake
"Schoonover Lake",41.97812952023273,-102.47452153205155,Lake
"Richardson Lake",41.91210680598192,-102.67092391118153,Lake
"Grubny Lake",41.902478319258364,-102.73267059889406,Lake
"Stockholm Lake",41.987605411670366,-102.40386656801832,Lake
"Alkali Lake",41.817092060075076,-102.5954228262758,Lake
"East Hill Lake",41.86271271298326,-102.3410039362195,Lake
"Patterson Lakes",42.00324889823747,-102.37997031786479,Lake
"E Kincaid Lake",41.925743478837106,-102.15167314213858,Lake
"Hackberry Lake",41.73058884796411,-102.43441201520223,Lake
"Swan Lake",41.72009797575397,-102.49677124278963,Lake
"Townsend Lake",41.98225741696955,-102.24853553848804,Lake
"Ryan Lake",41.94175827369067,-102.69083811534111,Lake
"Sturgeon Lake",41.990903478072966,-102.66819512384372,Lake
"Foster Lake",41.88705675566511,-102.46561300844152,Lake
"Madison Lake",41.81807694863058,-102.43634800997714,Lake
"Deer Lake",41.73904268782988,-102.30365312240754,Lake
"Johnson Lake",41.90139230569976,-102.67040477728082,Lake
"Dipping Vat Lake",41.9250692270518,-102.11725663323834,Lake
"Home Valley Lake",41.88033915345993,-102.6442027799796,Lake
"Rockford Lake",41.977283758586395,-102.30563272028816,Lake
"Groves Lake",41.882785810803085,-102.06388244616187,Lake
"Marys Lake",41.919275054436284,-102.44392957996727,Lake
"Bean Lake",41.77145616164396,-102.5323150921816,Lake
"Goose Lake",41.85010483071979,-102.72722009550844,Lake
"Melis Lake",41.867576504910495,-102.44282927545952,Lake
"Dominick Lake",41.97279249755661,-102.00793964352229,Lake
"Rogers Lake",41.89373308935203,-102.49212428754461,Lake
"Wolf Lake",41.805169549121864,-102.35148818186168,Lake
"Blue Stem Lake",41.97648562027465,-102.67190387905586,Lake
"McCarthy Lake",41.958480326266546,-102.70299087904431,Lake
"Wilson Lake",41.812598297567405,-102.61406299727047,Lake
"Gimlet Lake",41.756865824691396,-102.43715732658708,Lake
"Longfellow Lake",41.95170047783721,-102.06157895155187,Lake
"Jordan Lake",41.89224740552174,-102.54430499930878,Lake
"Roland Lake",41.98510688243031,-102.4202300572888,Lake
"Home Lake",41.96225143362958,-102.6622485630537,Lake
"Beck Lake",41.94205231635217,-102.54820395174778,Lake
"Roundup Lake",41.75190392708679,-102.41204852203995,Lake
"Sand Lake",41.789018712258176,-102.66855236553475,Lake
"Jerry Lake",41.90198707804302,-102.22607175717502,Lake
"Miles Lake",41.95589407092205,-102.62578370563637,Lake
"Whitehead Lake",41.82832597015081,-102.50318633808261,Lake
"Britton Lake",41.82052758579069,-102.24550494840213,Lake
"Crane Lake",41.72652648411401,-102.37397442607468,Lake
"Gaff Lake",41.77959757879248,-102.38715377829091,Lake
"West Hill Lake",41.86738427473071,-102.35556966727648,Lake
"Cedar Creek Reservoir",42.20558368810086,-114.88844916573755,Lake
"Wilson Lake Reservoir",42.61549535322142,-114.14346477704802,Lake
"Star Lake",42.83096126010416,-114.18234648554828,Lake
"Williams Reservoir",42.26817553586973,-114.42303610272491,Lake
"Owinza Butte Lake",42.84806718439603,-114.06939421292931,Lake
"Deep Creek Reservoir",42.27097078108227,-114.60493365633458,Lake
"Salmon Falls Creek Reservoir",42.13860965715232,-114.74239843098943,Lake
"Murtaugh Lake",42.462122560498685,-114.15084689011996,Lake
"Milner Lake",42.523992609133614,-114.00816710708263,Lake
"Lower Goose Creek Reservoir",42.171224102875556,-113.93263405101791,Lake
"Sublett Reservoir",42.3266799432367,-113.04021694934549,Lake
"Lake Walcott",42.65682746115573,-113.2792265717921,Lake
"Daniels Reservoir",42.3532898496541,-112.44413907406806,Lake
"Weston Creek Reservoir",42.12195674923787,-112.12411508937979,Lake
"Stone Reservoir",42.07960228216751,-112.69154965852208,Lake
"Hawkins Reservoir",42.510965331959156,-112.33581873026299,Lake
"American Falls Reservoir",42.91720795866077,-112.78165591622223,Lake
"Devil Creek Reservoir",42.30099980881147,-112.20406372388898,Lake
"American Falls Reservoir",42.98083605461221,-112.58597858950468,Lake
"Deep Creek Reservoir",42.20768675598582,-112.16717351530815,Lake
"Condie Reservoir",42.209986872285796,-111.86576602783644,Lake
"Foster Reservoir",42.127331781442216,-111.83697213853475,Lake
"Hole in the Rock",42.83316176724079,-111.6130977884666,Lake
"Oneida Narrows Reservoir",42.29876649024086,-111.72572267192558,Lake
"Glendale Reservoir",42.13413662976004,-111.79832945706416,Lake
"Swan Lake",42.2946685381311,-111.99211952113822,Lake
"Montpelier Reservoir",42.357956314061134,-111.17417259147369,Lake
"Goose Lake",42.939565474029024,-111.50913571642519,Lake
"Grays Lake",43.09492490115825,-111.45065363261673,Lake
"Chesterfield Reservoir",42.89921874318896,-111.97080928543754,Lake
"Johnson Reservoir",42.10941379090271,-111.80848524828609,Lake
"Twin Lakes Reservoir",42.19172512227666,-111.97038783571604,Lake
"Winder Reservoir",42.17892641903969,-111.87616134947639,Lake
"Strongarm Reservoir Number One",42.23795214352982,-111.8530400078487,Lake
"Blackfoot Reservoir",42.91736627300768,-111.60300477142833,Lake
"Merkley Lake",42.176739665606576,-111.27550009922587,Lake
"Lamont Reservoir",42.110234883575124,-111.81622829367207,Lake
"Alexander Reservoir",42.64995890208693,-111.65560821381013,Lake
"Mud Lake",42.15917253991763,-111.2942514566388,Lake
"Fontenelle Reservoir",42.085926160338836,-110.12155558819849,Lake
"Lake Alice",42.415799448382906,-110.74276235288232,Lake
"Sixty-Seven Reservoir",42.597826150040596,-110.21895680707128,Lake
"Middle Piney Lake",42.59807716939087,-110.57460225507498,Lake
"McNinch Number 1 Reservoir",42.60268622085264,-110.2576012362133,Lake
"Bonneville Lakes",42.87357302635844,-109.34760710499346,Lake
"Cross Lake",42.83311761947363,-109.38132492300934,Lake
"Sedgewick Meadows",42.66033517563936,-109.23983943800656,Lake
"Soda Lake",42.96211153157317,-109.84654308715463,Lake
"Lake Heebeecheeche",42.960401412373095,-109.33953151827048,Lake
"Spruce Lake",42.96830817941681,-109.61924107913448,Lake
"Little Soda Lake",42.97813622538275,-109.80842896229379,Lake
"Lamreaux Meadows",42.65695498192735,-109.29974859646572,Lake
"Raft Lake",42.98286840015584,-109.26943310386032,Lake
"Moraine Lake",42.90515082854382,-109.31476815761359,Lake
"Lake Sequa",42.958898557270224,-109.56308181199736,Lake
"Howard Lake",42.90707341696041,-109.4631166718278,Lake
"Black Joe Lake",42.738688542841864,-109.16872827303511,Lake
"Clear Lake Reservoir",42.73573429895372,-109.1842309961645,Lake
"Fayette Lake",42.93582879827651,-109.68575526719646,Lake
"Rainbow Lake",42.88942189930081,-109.38616531155883,Lake
"Big Sandy Opening",42.66678843373629,-109.26909380368359,Lake
"Shadow Lake",42.78702527345079,-109.24678889377324,Lake
"Boulder Lake",42.84471692631964,-109.66876350017377,Lake
"Timico Lake",42.992163492301245,-109.5453953760951,Lake
"Washakie Lake",42.82313760317292,-109.23374764849517,Lake
"Ward Ball Reservoir",42.73006670435742,-109.69526253040053,Lake
"Horseshoe Lake",42.93094284525659,-109.58353018258336,Lake
"Spider Lake",42.94922461525594,-109.35396118564634,Lake
"Long Lake",42.96242436470423,-109.46579781897124,Lake
"South Fork Lakes",42.81348528796167,-109.20397072346918,Lake
"Washakie Reservoir",42.97399051638817,-109.013938972422,Lake
"Shoestring Lake",42.94295871282332,-109.4246980787586,Lake
"Middle Fork Lake",42.91480146896704,-109.36913840188724,Lake
"Deep Lake",42.71984797877568,-109.17268482168625,Lake
"Temple Lake",42.710074372659435,-109.17675108279718,Lake
"Shoshone Lake",42.781879629930735,-109.02285172599748,Lake
"Chain Lakes",42.98824736748034,-109.61573418585115,Lake
"Star Lake",42.80159660299881,-109.46173985481693,Lake
"Willow Lake",43.001815900035425,-109.87930264372707,Lake
"Jensen Meadows",42.530934268011386,-109.18551005457395,Lake
"Junction Lake",42.97567015495106,-109.64986102534867,Lake
"Blueberry Lake",42.87650813166601,-109.60838862708243,Lake
"Big Sandy Reservoir",42.275950134604614,-109.44111247993933,Lake
"Yahtic Lake",42.99418463309895,-109.17884837649615,Lake
"Darren Lake",42.90736752168039,-109.3340892804506,Lake
"Raid Lake",42.847445664587724,-109.3974257322529,Lake
"Halls Lake",42.936287183237326,-109.41436623426092,Lake
"Dads Lake",42.75668054482363,-109.29121570817165,Lake
"Big Sandy Lake",42.73990481962418,-109.20499012192903,Lake
"Barnes Lake",42.96221884182061,-109.59911004454517,Lake
"Lovatt Lake",42.886897396926706,-109.57167738906419,Lake
"Valentine Lake",42.83411287818315,-109.2029640889599,Lake
"Wykee Lake",42.94117023058484,-109.31591795152946,Lake
"Poston Meadows",42.73341961675294,-109.32090232292393,Lake
"Pyramid Lake",42.84148293386335,-109.30625169808086,Lake
"Junction Lake",42.87016870445572,-109.44903567105783,Lake
"Little Sandy Lake",42.62700464180467,-109.12211382313642,Lake
"Milky Lakes",43.00489652605709,-109.45895849137435,Lake
"Grave Lake",42.86235723287965,-109.25591187637805,Lake
"Smith Lake",42.8091383802237,-109.12345696874397,Lake
"Meadow Lake",42.88970677109477,-109.68720301829211,Lake
"Lake Isabella",42.90173315347351,-109.48117851086715,Lake
"Juel Reservoir",42.3015509605188,-109.55770407567672,Lake
"Lake Solitude",42.92135572419989,-109.3227856468573,Lake
"Tayo Lake",42.683241783621376,-109.11859384584412,Lake
"Roberts Lake",42.92134249847247,-109.27737465537336,Lake
"Soda Lake",42.8314236658826,-109.60215335377443,Lake
"Valley Lake",42.930243323790116,-109.47785996229668,Lake
"Baptiste Lake",42.872468466920104,-109.30556086116702,Lake
"Fremont Lake",42.96544025880907,-109.79859495986138,Lake
"Sonnicant Lake",42.942446016568944,-109.33215116824402,Lake
"Lake Polaris",42.918367277738795,-109.31215703856296,Lake
"Twin Lakes",42.99143679214003,-109.23938037867771,Lake
"V Lake",42.711289893922,-109.2567904908225,Lake
"Lake Kagevah",42.9305366835914,-109.34333867191853,Lake
"Trail Lake",42.92321516394623,-109.26089613460638,Lake
"Lee Lake",42.898911310991146,-109.3547518349295,Lake
"Bewmark Lake",42.92599623576303,-109.36242823614617,Lake
"Hay Meadow Reservoir",42.27100261295188,-109.00911982952067,Lake
"Little Half Moon Lake",42.906183326745285,-109.71030679973464,Lake
"Divide Lake",42.83131213908404,-109.47415183544044,Lake
"Half Moon Lake",42.92658651942133,-109.7321348996968,Lake
"Burnt Lake",42.88092388123472,-109.6491341272387,Lake
"North Fork Lake",42.92429620735749,-109.50457189581033,Lake
"Lake Victor",42.94011448075484,-109.50038390686936,Lake
"Noel Lake",42.889054655467625,-109.33391952224423,Lake
"Dream Lake",42.858985047224756,-109.41208765125978,Lake
"Eden Reservoir",42.224483034366564,-109.37323976130129,Lake
"Silver Lake",42.79458143066023,-109.37757641001078,Lake
"Picket Lake",42.27425400306195,-108.46274440235163,Lake
"Scotty Lake",42.244942352422726,-108.4278171103719,Lake
"Hay Reservoir",42.01791692094732,-108.33029350073765,Lake
"Louis Lake",42.59463138797414,-108.8479086810437,Lake
"Daley Lake",42.275868633094234,-108.28358090198805,Lake
"Brannan Reservoir",42.15946075544919,-108.51055734575365,Lake
"Worthen Meadow Reservoir",42.69990442705756,-108.92440442168066,Lake
"Carmody Lake",42.56569194002935,-108.21693751277179,Lake
"Christina Lake",42.58556443223318,-108.94020522035923,Lake
"Petes Lake",42.74536447333654,-108.95894542400285,Lake
"Ray Reservoir",42.955094947780374,-108.8308959181157,Lake
"Alkali Lake",42.97414707209574,-108.87625124706693,Lake
"McKay Lake",42.25567759773005,-108.41515274200225,Lake
"Upper Rock Creek Reservoir",42.54955607830563,-108.76919140282013,Lake
"Leg Lake",42.650399190627255,-108.97684606895776,Lake
"Goldman Meadows",42.53019044347897,-108.73897417609606,Lake
"Frye Lake",42.7086547714085,-108.8788160996846,Lake
"Bush Lake",42.06878027697161,-108.31999302816826,Lake
"Mud Lake",42.0815797710164,-108.18150795642674,Lake
"Circle Bar Lake",42.28365827654403,-108.50693815406713,Lake
"Fiddlers Lake",42.63089840127915,-108.87924698184145,Lake
"Dry Lake",42.739508296656446,-108.64363595799176,Lake
"Stampede Bog",42.56786018035765,-107.80764228912545,Lake
"Beulah Belle Lake",42.547359910936606,-107.1498113662511,Lake
"Steamboat Lake",42.5446448812109,-107.0737704210453,Lake
"Soda Lake",42.467501271293266,-107.40416502518327,Lake
"Piaya Lake",42.50360197072117,-107.11618021400128,Lake
"2 Reservoir",42.383843305253805,-107.40281873911658,Lake
"Jackson Lake",42.435882234229304,-107.34103588933162,Lake
"Boggy Meadows Lake",42.10742234181663,-107.32655727348454,Lake
"Pathfinder Reservoir",42.5101520748619,-106.99450779498179,Lake
"Rongis Reservoir",42.85108263310103,-107.96343414157666,Lake
"Soda Lake",42.470513204335575,-107.40241848793166,Lake
"Rasmus Lee Lake",42.74048049439207,-106.6156038455307,Lake
"Soda Lake",42.89327630006693,-106.31086156678302,Lake
"Big Charlie Lakes",42.16961126210712,-106.0187813825039,Lake
"Schnoor Reservoir",42.631459136972346,-106.45610854485012,Lake
"Alcova Reservoir",42.531718519225365,-106.73732957372589,Lake
"Pathfinder Reservoir",42.38495151121054,-106.91113566252042,Lake
"Bates Creek Reservoir",42.479965935136164,-106.22438544033875,Lake
"Number 4 Evaporation Reservoir",42.37326226159944,-106.17467229265357,Lake
"Pratts Soda Lakes",42.971025372364075,-106.169387685611,Lake
"Kortes Reservoir",42.16613980666576,-106.89357856832959,Lake
"Saddleback Reservoir",42.5400054064845,-105.44318036450767,Lake
"La Prele Reservoir",42.700532408005294,-105.61288938292645,Lake
"Little Boxelder Number One Reservoir",42.782372204907105,-105.688799319791,Lake
"Kafka Number 1 Reservoir",42.25982033792471,-105.71646339357189,Lake
"Festo Lake",42.076895824305744,-104.99944108709809,Lake
"Reservoir Number One",42.14307810444351,-105.08182141972452,Lake
"Glendo Reservoir",42.54455750128028,-104.99434970380564,Lake
"Reservoir Number Three",42.1325118027124,-104.99360303215599,Lake
"Guernsey Reservoir",42.31616989806327,-104.79244150015025,Lake
"Grayrocks Reservoir",42.14592775425074,-104.74933337659907,Lake
"Snus Lake",42.7540254194986,-103.22107412780163,Lake
"Norman Reservoir",42.85915676562858,-103.54002416203069,Lake
"Lone Tree Reservoir",42.918233046814684,-103.32132028505895,Lake
"Whitney Lake",42.788516740908605,-103.30558431754385,Lake
"Box Butte Reservoir",42.459387249936306,-103.11775779777061,Lake
"Pilster Reservoir",42.84347619732316,-103.32214422821747,Lake
"Moody Reservoir",42.87638050969853,-103.50442395348529,Lake
"Norman Reservoir Number 3",42.85062124074341,-103.55298145167652,Lake
"Jordan Reservoir",42.833249760417814,-103.87951941021939,Lake
"Kilpatrick Lake",42.09185467173007,-103.29516722339275,Lake
"Hebbert Lake",42.373903663548425,-102.05635961328782,Lake
"Walters Lake",42.172141942291006,-102.24674197586822,Lake
"Kennedy Lake",42.10511502282851,-102.24775175831547,Lake
"Bunger Lake",42.3742761612399,-102.19227426209407,Lake
"Joe Lake",42.21013312971693,-102.60602231834208,Lake
"Snow Lake",42.13689504833285,-102.45406379481797,Lake
"Hancock Lake",42.05807008233064,-102.44329140327018,Lake
"Smith Lake",42.44170339929684,-102.11957440344747,Lake
"Peter Long Lake",42.21896383081894,-102.47446955381865,Lake
"Dillmans Lake",42.08587095359674,-102.22304699598548,Lake
"Dads Lake",42.988476463588434,-102.05874898415908,Lake
"Chain of Lakes",42.003643314316236,-102.4423269445873,Lake
"Goose Lake",42.26120342603466,-102.50252118890671,Lake
"Roethler Lake",42.18392706895258,-102.24936459807256,Lake
"Cook Lake",42.06942590656134,-102.44065489777934,Lake
"Hiers Lakes",42.03351888688902,-102.56449807582173,Lake
"Joy Lake",42.25134518777379,-102.47487984541783,Lake
"Spring Lake",42.45313808529209,-102.12997911103866,Lake
"Watson Lake",42.1821698237972,-102.16113030028299,Lake
"Palmer Lake",42.09111726698829,-102.59356180841394,Lake
"Bennett Lake",42.204232189458814,-102.57649213685664,Lake
"Wickson Lake",42.16045631372913,-102.59136664688674,Lake
"Arnold Lake",42.160181854762314,-102.24252988141986,Lake
"Long Lake",42.24811027044271,-102.60347998920233,Lake
"Gaunt Lake",42.01903593962446,-102.21700687660052,Lake
"Frye Lake",42.98923694869221,-102.1191865230551,Lake
"School Section Lakes",42.13763805164193,-102.58220257199186,Lake
"White Lake",42.17473873927614,-102.36006594319657,Lake
"Jennings Lake",42.21380898193168,-102.25728883182464,Lake
"Thompson Lake",42.08219862172594,-102.42080778615966,Lake
"Harris Lake",42.06164117848536,-102.39155390890411,Lake
"Berry Lake",42.03315610283973,-102.21686604925839,Lake
"Walgren Lake",42.6380014315895,-102.62746549296891,Lake
"Sandow Lake",42.13239406364326,-102.30008452600399,Lake
"Smith Lake",42.40641040152152,-102.45204926574377,Lake
"Haines Lake",42.084993223265684,-102.26511722844997,Lake
"Bower Lake",42.102043139958155,-102.5841720408325,Lake
"Billys Lake",42.44548709276784,-102.08527483332661,Lake
"Hoover Lake",42.97769226364477,-102.09955422574723,Lake
"Dillings Lake",42.25568660219036,-102.57829462028661,Lake
"Tin Can Lake",42.13789639515334,-102.25893354387347,Lake
"Simondson Lake",42.1225784947606,-102.47974087714228,Lake
"Reid Lake",42.029081430697424,-102.32001338389482,Lake
"O Brien Lake",42.16720508132392,-102.29177039667093,Lake
"Dennis Lake",42.12598112566349,-102.40081818882115,Lake
"Osborne Lake",42.39883225933273,-102.09172909370231,Lake
"Granning Lake",42.18767225304605,-102.12468721830386,Lake
"Log Cabin Lake",42.89026902376579,-102.00201685151916,Lake
"Round Lake",42.42541354044407,-102.18385956445866,Lake
"Willy Lake",42.011109355714446,-102.07016611848572,Lake
"Powell Lake",42.995988358124166,-102.08433649950807,Lake
"Shell Lake",42.92163311047781,-102.03750793445998,Lake
"Cravath Lake",42.34770604394851,-102.4570769705943,Lake
"Short Lake",42.31522619039144,-102.03426256503327,Lake
"Patton Lake",42.12575508815352,-102.31851220746647,Lake
"Lily Lake",42.09767923820994,-102.57334268280246,Lake
"McCarty Lake",42.0075688557451,-102.10485242693468,Lake
"Thompson Lake",42.97061564742398,-102.08521607784039,Lake
"School Section Lake",42.18551148094778,-102.51554501486146,Lake
"Jesse Lake",42.115367342760855,-102.64466563366796,Lake
"Krause Lake",42.207763384837165,-102.62219039700354,Lake
"White Clay Lake",42.99976870299743,-102.56640269567522,Lake
"Tree Claim Lake",42.196578437324405,-102.58407005594475,Lake
"Potash Lake",42.072884442279104,-102.57779798866655,Lake
"Shubert Lake",42.07753717953384,-102.31645710396423,Lake
"Lane Lake",42.05864915399058,-102.52906264794832,Lake
"Dolly Warden Lake",42.433886343499616,-102.15944724796229,Lake
"Sewer Lake Number 1",42.052681551204955,-102.76219724020689,Lake
"Isham Reservoir",42.91232935318551,-102.78313758984616,Lake
"Welsh Lake",42.08959776729503,-102.3852352472098,Lake
"Louden Lake",42.079134451875284,-102.20449098672381,Lake
"Black Lake",42.11036214049606,-102.3389294910444,Lake
"Home Lake",42.302209623958156,-102.04079694819576,Lake
"Twin Lakes",42.24455663350062,-102.64046961451554,Lake
"Wilson Lake",42.07015596382962,-102.52095838465189,Lake
"Bean Soup Lake",42.30463952144943,-102.00930029906334,Lake
"Star Lake",42.254010311367956,-102.2456058575763,Lake
"Mulhall Lake",42.09695280974695,-102.4767280276485,Lake
"Diamond Lake",42.28261724810495,-102.4763021444582,Lake
"Wilkinson Lake",42.2318844070405,-102.53056000237244,Lake
"McFall Lake",42.03167124858935,-102.47216905707084,Lake
"Chokecherry Lake",42.53522287758854,-102.07087793771025,Lake
"Twin Lakes",42.31724133822629,-102.46748199197519,Lake
"Floyd Lake",42.0198836397438,-102.43526646030206,Lake
"Strong Lake",42.01815294203549,-102.47377911128818,Lake
"Rush Lake",42.96541202033071,-102.1115053342262,Lake
"Skunk Lake",42.286938996333596,-102.52302504553262,Lake
"Nye Lake",42.17798419996355,-102.4526380263716,Lake
"Jacobs Lake",42.40768454687547,-102.11345163651552,Lake
"Hupp Lake",42.46021638888288,-102.08414245411686,Lake
"Kern Lake",42.48872708543859,-102.08700704582843,Lake
"Forester Lake",42.00557411540909,-102.59026517927147,Lake
"Little Wood River Reservoir",43.44438842656043,-114.03912808420553,Lake
"Summit Reservoir",43.246577411648,-114.48891011750075,Lake
"Spring Creek Reservoir",43.264532125334114,-114.64659602314616,Lake
"Alturas Lake",43.914044409397924,-114.86216529402729,Lake
"Mormon Reservoir",43.26257408590027,-114.81731502771854,Lake
"Pettit Lake",43.98032328717443,-114.87410795745917,Lake
"Toxaway Lake",43.96043959660114,-114.97050858426326,Lake
"Campbell Reservoir",43.47608939662628,-114.00195158757643,Lake
"Thorn Creek Reservoir",43.197486996283786,-114.59605748169531,Lake
"Imogene Lake",43.995445443750135,-114.95371231907237,Lake
"Dog Creek Reservoir",43.03005179429763,-114.74297397824397,Lake
"Magic Reservoir",43.29264010175238,-114.3878524758488,Lake
"Perkins Lake",43.92869505927848,-114.84094242388149,Lake
"Yellow Belly Lake",44.002486951222565,-114.87312152802104,Lake
"Bray Lake",43.03902076342089,-114.87143180147986,Lake
"Edna Lake",43.9704870666393,-114.99163286407293,Lake
"Alice Lake",43.93929425984971,-114.9436962739826,Lake
"Kelly Reservoir",43.306865898724595,-114.61533071797642,Lake
"The Swamps",43.795510446976614,-113.798477841087,Lake
"Fish Creek Reservoir",43.42892172923078,-113.82747869029582,Lake
"Lava Lake",43.38432963353504,-113.71851010036129,Lake
"Carey Lake",43.324496521587086,-113.92323119666933,Lake
"Mackay Reservoir",43.95886489634287,-113.70282861166342,Lake
"Rays Lake",43.910370137246105,-112.26415920050583,Lake
"Equalizing Reservoir",43.1781090453547,-112.28320589608079,Lake
"Butte Slough",43.779427446223885,-111.99976905918751,Lake
"Two-way Pond",43.93118614019733,-112.2638298518187,Lake
"Jensens Lake",43.20525935556389,-112.35432106195111,Lake
"Mud Lake",43.88758961320165,-112.41248503662881,Lake
"Sandhole Lake",43.92867349263864,-112.23805588394181,Lake
"Leavitz Pond",43.92374046786506,-112.25191795912097,Lake
"Roberts Slough",43.7163161815218,-112.1116532733444,Lake
"Grays Lake",43.12598935577942,-111.46148575340752,Lake
"Little Valley Reservoir",43.084864423705035,-111.52894444219206,Lake
"Palisades Reservoir",43.14660693775361,-111.04281819410207,Lake
"Quayles Lake",43.9295057757949,-111.90460647537809,Lake
"Upper Palisades Lake",43.43399796741132,-111.12053452801568,Lake
"Palisades Reservoir",43.1696964091445,-111.02988562304071,Lake
"Ririe Reservoir",43.537574273263985,-111.73526410745421,Lake
"Palisades Reservoir",43.26121841994401,-111.1342000819725,Lake
"Brooks Lake",43.755603921544925,-110.00277292543957,Lake
"Mosquito Lake",43.40214099148991,-110.06306070357927,Lake
"Tracy Lake",43.84816969116618,-110.35494670252561,Lake
"Snowdrift Lake",43.70875012420153,-110.82832924926912,Lake
"Swan Lake",43.88766174368113,-110.62997763628536,Lake
"Bradley Lake",43.71495645094698,-110.75375937934731,Lake
"Elk Ranch Reservoir",43.80552185356145,-110.47279942926791,Lake
"Cirque Lake",43.829503345302356,-110.83598715531747,Lake
"Jackson Lake",43.916424896672915,-110.67501994996098,Lake
"Jenny Lake",43.7609662312525,-110.7314439782637,Lake
"Lower Slide Lake",43.6331333396128,-110.51992482065634,Lake
"Leigh Lake",43.811577175358856,-110.73461688610433,Lake
"Soda Lake",43.52317502133145,-110.25201922430605,Lake
"Taggart Lake",43.702813733221454,-110.75356990307894,Lake
"Enos Lake",43.9880224922442,-110.24887949658212,Lake
"Brewster Lake",43.37144452923201,-110.28550812068127,Lake
"Emma Matilda Lake",43.88473783058291,-110.53169166604778,Lake
"Upper Slide Lake",43.58538317819275,-110.3320145659361,Lake
"Two Ocean Lake",43.91007540150302,-110.52357833357036,Lake
"Elk Exhibition Pasture",43.521083891026244,-110.73918903956566,Lake
"Lunch Lake",43.38612493358724,-110.23981913214399,Lake
"Crater Lake",43.9319387114572,-110.01016074778249,Lake
"Phelps Lake",43.642582492031266,-110.79599506850057,Lake
"String Lake",43.78936621301761,-110.7304766245142,Lake
"Dinwoody Lakes",43.39353436263301,-109.36618161336722,Lake
"Noel Lake",43.191485075707746,-109.59769769069335,Lake
"Marten Lake",43.196737076203135,-109.80787155460335,Lake
"Dennis Lake",43.01601464181348,-109.510275840178,Lake
"Daphne Lake",43.31820018354835,-109.71957128433016,Lake
"Clear Lake",43.313354539238695,-109.7639972952021,Lake
"Green River Lakes",43.27378903630002,-109.82425813264948,Lake
"Florence Lake",43.308766189732225,-109.5954265927696,Lake
"Ferry Lake",43.946583981996355,-109.96589077890995,Lake
"Elbow Lake",43.12242665299733,-109.70333088607697,Lake
"Hatchet Lake",43.042983405888435,-109.3639230660294,Lake
"Milky Lakes",43.01429452318467,-109.46572679907467,Lake
"Dinwoody Lake",43.37020002248145,-109.363192360628,Lake
"Section Corner Lake",43.08427830989246,-109.80154030998716,Lake
"1000 Island Lake",43.003291451880585,-109.64325954617074,Lake
"Bull Lake",43.195864439039795,-109.09586906018136,Lake
"Alpine Lakes",43.09847240583211,-109.55681144282627,Lake
"Big Milky Lake",43.130583203011355,-109.46284827837701,Lake
"Granite Lake",43.414197353369815,-109.77793324035619,Lake
"Kevin Lake",43.28371124981676,-109.7090143601684,Lake
"Steamboat Lake",43.06467941328745,-109.35364804097276,Lake
"Milky Lakes",43.019441336348144,-109.46019814858185,Lake
"Ross Lake",43.38460604831043,-109.65811708355983,Lake
"Deadman Lake",43.05008569391311,-109.40442688997793,Lake
"Alpine Lake",43.07125083647244,-109.4344758847585,Lake
"Bear Lake",43.30562538745525,-109.72520738206885,Lake
"Spider Lake",43.01772578135171,-109.57299752300315,Lake
"Cook Lakes",43.03113239847643,-109.59753238635241,Lake
"Native Lake",43.237907169482625,-109.49948356922742,Lake
"Triangle Lake",43.036192509267146,-109.73230398286599,Lake
"Hidden Lake",43.39890234115191,-109.6312581203111,Lake
"Titcomb Lakes",43.11239973070618,-109.63830110763872,Lake
"Lost Lake",43.08160250753062,-109.67465116921464,Lake
"Gorge Lake",43.05177067207352,-109.68557074376596,Lake
"New Fork Lakes",43.096998693897625,-109.94395061437389,Lake
"Bomber Lake",43.33637216068571,-109.62654101747917,Lake
"Baker Lake",43.25513655226531,-109.69575635231585,Lake
"Simpson Lake",43.41852905258843,-109.74270496688595,Lake
"Upper Ross Lake",43.364648317107104,-109.64498313446464,Lake
"Alpine Lakes",43.08719484228212,-109.54553537877594,Lake
"Little Milky Lake",43.144361419785064,-109.47191449106096,Lake
"Tigee Lake",43.008055323,-109.3407970583124,Lake
"Trapper Lake",43.0822341442695,-109.7778110960979,Lake
"Torrey Lake",43.46304307471747,-109.55222139907929,Lake
"Crystal Lake",43.36147822066519,-109.65753218807993,Lake
"Wall Lake",43.062217829482435,-109.5941009249072,Lake
"Klondike Lake",43.23591157584288,-109.6363896897642,Lake
"Kirkland Lake",43.13572023992723,-109.39484088054381,Lake
"Trail Lake",43.440745470244856,-109.5369556003284,Lake
"Lake of the Woods",43.481039358159286,-109.89667350069055,Lake
"Upper Dinwoody Lake",43.35404869315299,-109.39228163391573,Lake
"Lake Louise",43.40942843131469,-109.60768456883822,Lake
"Lower Jean Lake",43.10772540479103,-109.66667179934703,Lake
"Pole Creek Lakes",43.00937631080437,-109.63212816624664,Lake
"Cub Lake",43.20785182334929,-109.53625024347234,Lake
"Seneca Lake",43.052665193262676,-109.66009186080578,Lake
"Slide Lake",43.27452268620959,-109.78142370773614,Lake
"Mile Long Lake",43.345294982173904,-109.66299553365347,Lake
"Crater Lake",43.17391058078643,-109.47197384965327,Lake
"Ring Lake",43.45530973884341,-109.54141442825261,Lake
"Downs Lake",43.287759579524014,-109.63345827432819,Lake
"Island Lake",43.08677542115397,-109.63822296726157,Lake
"Mud Lake",43.33671223714466,-109.4292059110266,Lake
"Moon Lake",43.46220620628434,-109.75190968417677,Lake
"Hays Reservoir",43.28078587081979,-108.9646818938294,Lake
"Pilot Butte Reservoir",43.20735557125957,-108.7739108004251,Lake
"Bonneville Reservoir",43.30806963549743,-108.06436081013683,Lake
"Barquin Reservoir",43.49092694352113,-108.88857439718993,Lake
"Bargee Reservoir",43.55158463076746,-108.87529444561578,Lake
"Anchor Reservoir",43.66320604019463,-108.83237805661194,Lake
"Boysen Reservoir",43.281239113474406,-108.15361079932744,Lake
"Fuller Reservoir",43.05175879660759,-108.0228175504037,Lake
"Ocean Lake",43.18274370592635,-108.6067976268835,Lake
"Lake Cameahwait",43.29893720114258,-108.2444605793117,Lake
"Middle Reservoir",43.31834200634555,-108.33039100096298,Lake
"Upper Reservoir",43.310473858790914,-108.39061228511184,Lake
"Sand Mesa Number 1 Reservoir",43.328608129137834,-108.23474988656498,Lake
"Boysen Reservoir",43.319324141018484,-108.18284066029021,Lake
"Hiland Reservoir",43.10925901629256,-107.33436880593345,Lake
"Burlington Lake",43.0185247483445,-106.70663244623528,Lake
"Reynolds Reservoir",43.15368257541968,-106.64608722813013,Lake
"Beaton Reservoir",43.19924936121718,-106.33300932101916,Lake
"Gowin-Kesecker Lake",43.08096954302151,-106.61652807306997,Lake
"Daly Reservoir",43.01553816696955,-106.50962905259877,Lake
"Betty Reservoir",43.38958964693349,-105.47075529781313,Lake
"Greasewood Reservoir",43.824874878732246,-105.66871245920916,Lake
"Porcupine Reservoir",43.49561911931695,-105.25297237367596,Lake
"Hay Lakes",43.87019171674407,-105.2362718822227,Lake
"Robbers Roost Reservoir",43.51880903990886,-104.25520901440828,Lake
"Klodt Reservoir",43.77831365497186,-104.39333962614523,Lake
"Middle Creek Reservoir",43.27905009021647,-104.93127718903375,Lake
"Howell Reservoir",43.75152444178579,-104.18777657449225,Lake
"L A K Reservoir",43.82909516907201,-104.10914828074375,Lake
"M W Lake",43.614826026777926,-104.11720814164381,Lake
"Sheridan Lake",43.972699962791545,-103.46875232315217,Lake
"Stockade Lake",43.76853408856777,-103.5188753038014,Lake
"Limestone Butte Reservoir",43.15982066781709,-103.16786154256951,Lake
"Angostura Reservoir",43.29832409017736,-103.43808984679042,Lake
"Alkali Lake",43.012296697735884,-102.09333135058951,Lake
"Wakpamani Lake",43.010553121874906,-102.15929142773388,Lake
"Oglala Lake",43.1712358664616,-102.71980949749555,Lake
"Sullivan Lake",44.22233034503798,-114.44419526265716,Lake
"Little Redfish Lake",44.16077400114016,-114.90947472159922,Lake
"Mosquito Flat Reservoir",44.5176702371434,-114.43612417122719,Lake
"Jimmy Smith Lake",44.169944028301785,-114.40527200108156,Lake
"Hell Roaring Lake",44.024779249640886,-114.9346393444537,Lake
"Redfish Lake",44.119122025751395,-114.93181228429285,Lake
"Clark Canyon Reservoir",44.96825971698936,-112.8652994165901,Lake
"Lima Reservoir",44.63286355527984,-112.26525955220445,Lake
"Hebgen Lake",44.77723828429824,-111.21409989918214,Lake
"Cliff Lake",44.76610791319625,-111.55013635815915,Lake
"Swan Lake",44.63380622587011,-111.7287350212765,Lake
"Widgeon Pond",44.64250397726849,-111.64807614388658,Lake
"Sheridan Reservoir",44.45941380377129,-111.70396369229599,Lake
"Lilypad Lake",44.167661412718445,-111.01049568915465,Lake
"Henrys Lake",44.63424357633507,-111.40319623032474,Lake
"Beaver Pond",44.2148311828531,-111.2790446136521,Lake
"Wade Lake",44.81313597927448,-111.571537942117,Lake
"Sand Creek Reservoir",44.20497346994802,-111.62046209542345,Lake
"Upper Arcadia Reservoir",44.147269695717505,-111.59615558398639,Lake
"Indian Lake",44.06833575270016,-111.0417309642167,Lake
"Hidden Lake",44.719843224347905,-111.59860549116081,Lake
"Island Park Reservoir",44.407976337582305,-111.48280096303289,Lake
"Silver Lake",44.33344597536103,-111.47557550137408,Lake
"Robinson Lake",44.168299708726366,-111.07286862804202,Lake
"Conklin Lake",44.69848660741266,-111.53165925929312,Lake
"Lower Red Rock Lake",44.64397516276828,-111.84867647279589,Lake
"Upper Red Rock Lake",44.61368683510086,-111.72851755179447,Lake
"Earthquake Lake",44.846261956296395,-111.39344883001064,Lake
"Golden Lake",44.359434460588,-111.48172042893259,Lake
"Lower Arcadia Reservoir",44.14282466199367,-111.58701651722444,Lake
"Ashton Reservoir",44.09799640568686,-111.48996940455663,Lake
"Elk Lake",44.67567234475668,-111.62184956889715,Lake
"Loon Lake",44.114494966024736,-110.94914198068591,Lake
"Lake of the Woods",44.107830555275605,-110.84457689006172,Lake
"Ice Lake",44.72122524282025,-110.62847988715963,Lake
"Heart Lake",44.26453419995251,-110.47861405079543,Lake
"White Lake",44.65100983483127,-110.27385734531839,Lake
"Grebe Lake",44.75208856738853,-110.55819376015172,Lake
"Riddle Lake",44.35679743738815,-110.54865356490312,Lake
"Shoshone Lake",44.3634097680329,-110.7407457888102,Lake
"Beula Lake",44.15945549175802,-110.76645072741763,Lake
"Trail Lake",44.27834756485426,-110.17461616163283,Lake
"Winegar Hole",44.12359236041208,-110.98883294197385,Lake
"Alder Lake",44.336300267648625,-110.31117226133964,Lake
"Ranger Lake",44.22031359998138,-110.96651220227983,Lake
"Grassy Lake Reservoir",44.12636371987647,-110.80525646971819,Lake
"Tern Lake",44.66660803459799,-110.26657583024918,Lake
"Bridger Lake",44.12424694634782,-110.10193858884419,Lake
"Turbid Lake",44.54883805159871,-110.25929928631746,Lake
"Fern Lake",44.67783230637454,-110.27659025009362,Lake
"Yellowstone Lake",44.386964464535126,-110.35165716639052,Lake
"Hering Lake",44.14639547682619,-110.76178461149618,Lake
"Grizzly Lake",44.8070733534929,-110.7747496897426,Lake
"Delusion Lake",44.398025730762456,-110.46188314340336,Lake
"Lewis Lake",44.30411623109577,-110.63229915408915,Lake
"Beach Lake",44.54105117845002,-110.57124564798629,Lake
"Lower Sunshine Reservoir",44.08438250888577,-108.98945637488453,Lake
"Granite Lake",44.99455640456376,-109.66951631391333,Lake
"Heart Lake",44.983341672023826,-109.53825557860893,Lake
"Buffalo Bill Reservoir",44.47988367566222,-109.22357127578863,Lake
"Lily Lake",44.94751755050286,-109.71181126910054,Lake
"Twin Lakes",44.99296385417369,-109.43318382017802,Lake
"Long Lake",44.945437506551464,-109.50429747844908,Lake
"Crazy Lakes",44.98926021706771,-109.76468461910262,Lake
"Beck Lake",44.51142090568495,-109.0460798627679,Lake
"Hogan Reservoir",44.78753875569381,-109.26129796187341,Lake
"Lake Reno",44.98773491039544,-109.73507548616755,Lake
"Emerald Lake",44.99745772290823,-109.52661383932308,Lake
"Beartooth Lake",44.946759353857274,-109.59351174874395,Lake
"Big Moose Lake",45.00197101114907,-109.76300741754822,Lake
"Becker Lake",44.9905372377076,-109.57000707747268,Lake
"Sawtooth Lake",44.89792541244615,-109.47971337462391,Lake
"Luce Reservoir",44.77967620660943,-109.25745047563493,Lake
"Alkali Lake",44.50937812426127,-109.0278927504277,Lake
"Fantan Lake",44.911496807569044,-109.52566467965588,Lake
"Beauty Lake",44.96990453567605,-109.57187471721149,Lake
"Island Lake",44.94812720322612,-109.53988317552226,Lake
"Deep Lake",44.89554105118812,-109.39636286605041,Lake
"Night Lake",44.95807966162323,-109.54764767031077,Lake
"Sunshine Reservoir",44.048757500136304,-109.06342481834396,Lake
"Chain Lakes",44.92449875812478,-109.51340464882914,Lake
"Lovell Lakes",44.80842012066635,-108.35269117202826,Lake
"Lovell Lakes",44.80099725722679,-108.36502230011614,Lake
"Deaver Reservoir",44.900811378021636,-108.63785437963533,Lake
"Wardel Reservoir",44.35296279593973,-108.31119566938744,Lake
"Wiley Lake",44.40186004454688,-108.93692679929289,Lake
"Ralston Reservoir",44.7124666932113,-108.8945415143421,Lake
"Bighorn Lake",45.0846368502264,-108.15196058038322,Lake
"Sandstone Reservoir",44.36652380233916,-108.2991995660808,Lake
"Lake Angeline",44.29662843914598,-107.09106641862927,Lake
"Cross Creek Reservoir",44.50192013886761,-107.20926171254763,Lake
"Sawmill Reservoir",44.625335541635415,-107.3042320900525,Lake
"Elk Lake",44.38961845371721,-107.06726783100252,Lake
"Dome Lake Number 1",44.60650173306468,-107.314070661275,Lake
"Cloud Peak Reservoir",44.393763831561024,-107.09757604041702,Lake
"Shell Reservoir",44.51278720944988,-107.40919695100715,Lake
"Fivemile Reservoir",44.95139736125929,-107.2577734813107,Lake
"Dome Lake Reservoir",44.589410074289255,-107.30033272593747,Lake
"Dullknife Reservoir",44.02134340723298,-107.0609167217192,Lake
"Glacier Lake",44.384788300054886,-107.16070081771556,Lake
"Willow Park Reservoir",44.45834939239735,-107.04045831749168,Lake
"Lake Solitude",44.353431262907705,-107.25950241003137,Lake
"Bighorn Reservoir",44.5272728676054,-107.20419464013223,Lake
"Leavitt Reservoir",44.643703081091786,-107.87292883045903,Lake
"West Tensleep Lake",44.26436737874846,-107.2152426024995,Lake
"Lower Medicine Lodge Lake",44.404744895705306,-107.40433955816707,Lake
"Adelaide Lake",44.52172783620307,-107.39755298233406,Lake
"Renner Reservoir",44.17366025541159,-107.4998917896215,Lake
"Upper Medicine Lodge Lake",44.401285975244846,-107.39219373017293,Lake
"Dome Lake",44.58118869970445,-107.29623701982479,Lake
"Lake Helen",44.32316948502121,-107.2198036615424,Lake
"Kearney Lake",44.44826369000362,-107.13056933962906,Lake
"Walters Reservoir",44.31148790005202,-107.62746387482362,Lake
"East Tensleep Lake",44.224295632548724,-107.16739858875775,Lake
"Park Reservoir",44.55920592480293,-107.21435132593864,Lake
"Tensleep Reservoir",44.171499252237126,-107.22166640026408,Lake
"Lake De Smet",44.48609046268346,-106.75846133677473,Lake
"Purdy Reservoir",44.020263325355764,-106.66048938495466,Lake
"Moore Reservoir",44.45141269621442,-106.69000607694981,Lake
"Healy Reservoir",44.41006035278391,-106.61052999352607,Lake
"Baker Number 1 Reservoir",44.08680740373274,-106.58540186155133,Lake
"Garner Lake",44.37754199373543,-105.41356769678136,Lake
"Ditto Lake",44.29850608293084,-105.41712761181196,Lake
"Burlington Lake",44.30119622288356,-105.49409714869488,Lake
"Oak Creek Reservoir",44.75247553563097,-104.10340362581944,Lake
"Keyhole Reservoir",44.36450071943365,-104.80832531080962,Lake
"Battle Creek Reservoir",44.902090010923764,-104.87596564917422,Lake
"Kilpatrick Reservoir",44.80338009738397,-104.1611536794678,Lake
"Belle Fourche Reservoir",44.74106071999423,-103.71418012419853,Lake
"Deerfield Lake",44.020295659255446,-103.79910941818466,Lake
"Bear Butte Lake",44.45575438312357,-103.44543913457106,Lake
"Guidinger Reservoir",44.83367840100169,-103.75355009792588,Lake
"Pactola Reservoir",44.07673169654971,-103.51446814405372,Lake
"Newell Lake",44.84232885256942,-103.39536868928711,Lake
"Curlew Lake",44.24156295270958,-102.76406887131773,Lake
"Durkee Lake",44.98259016111997,-102.0540901993068,Lake
"Shearer Lake",44.116265034129725,-102.19971114712777,Lake
"Howes Grazing Lake",44.62462912340992,-102.00898137571997,Lake
"Tin Cup Lake",45.94263583451621,-114.39807199237367,Lake
"Black Lake",45.329873857693705,-114.82608587991476,Lake
"Ship Island Lake",45.167994209514234,-114.62723354956404,Lake
"Kerlee Lake",45.986252662339126,-114.36127630920538,Lake
"Painted Rocks Lake",45.69853694947103,-114.29621466997082,Lake
"Johnson Lake",45.96085394752747,-113.48978520212206,Lake
"Upper Miner Lakes",45.26159138316124,-113.67657097038969,Lake
"Steer Meadow",45.494980912601925,-113.27738912527904,Lake
"Hirschy Reservoir",45.54059361899162,-113.62394112683279,Lake
"Williams Lake",45.01574241685665,-113.9783807323518,Lake
"Mussigbrod Lake",45.79469111013188,-113.6162904572199,Lake
"Trident Meadows",45.786367299491395,-113.17558165804297,Lake
"Twin Lakes",45.4113448337639,-113.69315434846919,Lake
"Lower Miner Lakes",45.32409289518586,-113.57266548651059,Lake
"Yank Swamp",45.547785293389545,-113.68200974272372,Lake
"Reservoir Lake",45.125701584171075,-113.45645101649738,Lake
"Hamby Swamp",45.29564246351587,-113.4933467031224,Lake
"Stewart Meadows",45.52764811348638,-113.27350809987136,Lake
"Pear Lake",45.424720858692005,-112.99524432281784,Lake
"Lake Agnes",45.5135032063661,-112.84395852482965,Lake
"Delmoe Lake",45.99102549249196,-112.35223518971853,Lake
"Piedmont Swamp",45.84555181327145,-112.12616302670122,Lake
"Ruby River Reservoir",45.22545894961455,-112.1221662943632,Lake
"Basin Creek Reservoir",45.850662758797625,-112.54183473590359,Lake
"Willow Creek Reservoir",45.706416860288186,-111.70914451095635,Lake
"Lava Lake",45.37635847696813,-111.24638358756877,Lake
"South Meadow Creek Lake",45.45699663051989,-111.92594210295188,Lake
"Ennis Lake",45.427450635614015,-111.6894394309669,Lake
"Willow Swamp",45.462468048181485,-111.44898715826172,Lake
"Kaufman Lake",45.38695683659744,-110.3648550531499,Lake
"Barrier Lake",45.250821891025964,-110.05445696643223,Lake
"Dailey Lake",45.262586378594804,-110.81629945297001,Lake
"Lake Pinchot",45.27997342166995,-110.07282361320107,Lake
"Lightning Lake",45.335342104385006,-110.07110832883711,Lake
"Merrell Lake",45.17750051176438,-110.93297951596207,Lake
"Hyalite Reservoir",45.479898504748704,-110.9672736304202,Lake
"Goose Lake",45.11710605394037,-109.91399144698016,Lake
"Cairn Lake",45.12927450787158,-109.79357627285552,Lake
"Rainbow Lake",45.135825928290195,-109.69171630164087,Lake
"Froze-to-Death Lake",45.18078788584206,-109.74496206579529,Lake
"Summerville Lake",45.04676236340211,-109.66744625966271,Lake
"Mystic Lake",45.22288902035311,-109.78545377705359,Lake
"Fox Lake",45.02579131119333,-109.80000262328602,Lake
"Green Lake",45.03410108987138,-109.66398629122932,Lake
"Halfbreed Lake",45.9581437769691,-109.11757022123595,Lake
"Lake at Falls",45.12325176059229,-109.70923389307039,Lake
"Fossil Lake",45.09177482674009,-109.78914235948996,Lake
"Mariane Lake",45.060784657071025,-109.76002449035124,Lake
"Rock Island Lake",45.01580735712529,-109.8093543689037,Lake
"Avalanche Lake",45.181424059235525,-109.81052754685602,Lake
"Cooney Reservoir",45.44352063736774,-109.22452480302013,Lake
"Jorden Lake",45.04586197694937,-109.71684865406468,Lake
"East Rosebud Lake",45.19599453506549,-109.64368781364989,Lake
"Rough Lake",45.11893602835791,-109.8257783029003,Lake
"Widewater Lake",45.01341239909655,-109.77737939161022,Lake
"Upper Aero Lake",45.12627965449106,-109.84190409476653,Lake
"Lake Elaine",45.034266493542994,-109.68559616344972,Lake
"Canyon Lake",45.04043799644032,-109.76751232637709,Lake
"Glacier Lake",45.007098403380944,-109.5399582357362,Lake
"Albino Lake",45.01430785351901,-109.5805008904893,Lake
"Shelf Lake",45.02587042150189,-109.52250188687182,Lake
"Silver Lake",45.21045292873306,-109.8541847924879,Lake
"Lower Aero Lake",45.109759119030734,-109.86015320224391,Lake
"Curl Lake",45.06083356438908,-109.84862469469552,Lake
"Sliderock Lake",45.0379243849273,-109.51122311116211,Lake
"Big Lake",45.883515867728654,-109.04740048950987,Lake
"Jasper Lake",45.02876001905438,-109.59156074860466,Lake
"Moon Lake",45.03792628814331,-109.53719145860815,Lake
"Black Canyon Lake",45.0690649991932,-109.53399208322986,Lake
"La Velle Lake",45.17022355521207,-109.88429336652705,Lake
"Arch Lake",45.15893154385133,-109.73883287839938,Lake
"Dallmann Lake",45.964860362205926,-109.2364020086787,Lake
"Lake Turgulse",45.1744228495776,-109.76388070135121,Lake
"Kersey Lake",45.02839779712825,-109.84019492948656,Lake
"Island Lake",45.22123623603889,-109.8254186881491,Lake
"Hunter Lake",45.83451738153859,-109.04366876617024,Lake
"Glass Lindsay Lakes Lower Reservoir",46.00622829677439,-109.82814211095858,Lake
"Otter Lake",45.054011689885044,-109.74343875980385,Lake
"Flat Rock Lake",45.06622118337686,-109.6369509419086,Lake
"Golden Lake",45.02293370190458,-109.60175266768475,Lake
"Lake Elmo",45.840930365026935,-108.48051263103389,Lake
"Rattlesnake Reservoir",45.90136323987936,-108.4309671995008,Lake
"Lodge Grass Storage Reservoir",45.15625923416725,-107.60715705982143,Lake
"Tongue River Reservoir",45.08840085627223,-106.79181367734147,Lake
"Castle Rock Lake",45.89366427923902,-106.6404931536471,Lake
"J Oliver Reservoir",45.203212536634126,-104.20041345505905,Lake
"Cochran Reservoir",45.09600049660452,-104.69899325305867,Lake
"Soda Lakes",45.726281363162876,-104.50702268453021,Lake
"Phillippi Reservoir",45.328390985790364,-104.82912092159256,Lake
"Soda Lakes",45.73988168090558,-104.50157967874226,Lake
"Lake Gardner",45.61340741141263,-103.61904911381065,Lake
"Leger Dam",45.310575392233204,-103.7549785337937,Lake
"Bowman-Haley Lake",45.97723958830562,-103.27589460870412,Lake
"Lemmon Lake",45.779517268302094,-102.01655953085205,Lake
"Owen Lake",45.4681771592935,-102.40571667475201,Lake
"Mirror Lake",45.99922156934705,-102.64367645177822,Lake
"White Hill Dam",45.60418432536578,-102.90540880832219,Lake
"Shadehill Reservoir",45.723765615962996,-102.26243010019455,Lake
"Flat Creek Lake",45.781065997794414,-102.182380416274,Lake
"Fish Lake",46.81732878514701,-114.91148399006522,Lake
"Big Creek Lakes",46.48919487928917,-114.36649415264003,Lake
"Big Sand Lake",46.31065024183962,-114.51195430315855,Lake
"Bass Lake",46.59117901975289,-114.29264578943342,Lake
"Lower Twin Lake",46.15545929050653,-114.4965413717702,Lake
"Hidden Lake",46.348317810877084,-114.51679717432988,Lake
"Heart Lake",46.948691602425114,-114.97227134577884,Lake
"Lake Como",46.05372699790419,-114.26432680653244,Lake
"Cub Lake",46.00842078197125,-114.49830291689298,Lake
"Fish Lake",46.10185393292544,-114.45708505128175,Lake
"Elk Lake",46.04927275811678,-114.44498190810108,Lake
"Burnt Fork Lake",46.30100723296594,-113.83956812510769,Lake
"Kleinschmidt Lake",46.97462593070364,-113.04170048020183,Lake
"Evans Lake",47.003333444073185,-113.0734257368532,Lake
"Medicine Lake",46.12571569895207,-113.67869484339,Lake
"Fred Burr Lake",46.307169588613064,-113.1645828044311,Lake
"Storm Lake",46.07090496590141,-113.26509483111433,Lake
"Racetrack Lake",46.30946725387849,-113.13532227440668,Lake
"Silver Lake",46.16546539132399,-113.22957090116977,Lake
"Big Pozega Lake",46.28395633450649,-113.07202443153409,Lake
"Echo Lake",46.23206205408834,-113.26341427433331,Lake
"Hearst Lake",46.09650315768162,-113.07133006239152,Lake
"Browns Lake",46.956994339897406,-113.00992462313327,Lake
"East Fork Reservoir",46.120124081553094,-113.3760933142886,Lake
"Lower Willow Creek Reservoir",46.55546192724823,-113.32524102262653,Lake
"Georgetown Lake",46.18194444013738,-113.28221511545335,Lake
"Nevada Lake",46.79423112720615,-112.79457435735436,Lake
"Rock Creek Lake",46.4210344731119,-112.94904324052135,Lake
"Gravelly Range Lake",46.832163415122494,-112.37159583767391,Lake
"Chessman Reservoir",46.470233192665155,-112.18882704378984,Lake
"Whitetail Reservoir",46.080223118111476,-112.27532101909863,Lake
"Holter Lake",46.936670313651824,-111.95916323579127,Lake
"Hauser Lake",46.70216533062306,-111.83047380793741,Lake
"Willow Swamp",46.149926490522446,-111.54937736419112,Lake
"Upper Holter Lake",46.817480726095255,-111.94149284853903,Lake
"Helena Valley Regulating Reservoir",46.64016463639417,-111.86961359524616,Lake
"Middle Creek Lake",46.93613921918114,-111.68211422121618,Lake
"Canyon Ferry Lake",46.54961747647039,-111.61698939426577,Lake
"Lake Helena",46.694803804160756,-111.94337198366563,Lake
"Lebo Lake",46.31167884827634,-110.03289614817179,Lake
"Wertz Reservoir",46.40260083976561,-110.97228291731442,Lake
"Fox Reservoir",46.381966436032144,-110.06960867832012,Lake
"Higgins Reservoir",46.29864221727469,-110.73949958508412,Lake
"Pear Lake",46.02472801280158,-110.30538118526326,Lake
"Martinsdale Reservoir",46.44478527339806,-110.2871396326999,Lake
"Voldseth Reservoir",46.3863162712714,-110.50369075502861,Lake
"Rein Lake",46.180447967319715,-110.18540067702848,Lake
"Bair Reservoir",46.58885577649672,-110.56756037328202,Lake
"Martin and C Bar J Reservoir",46.31853078369064,-110.14454782806753,Lake
"Lake Sutherlin",46.625407510342534,-110.72790197249421,Lake
"Newlan Creek Reservoir",46.64275151477624,-110.9214030688072,Lake
"Cottonwood Reservoir",46.03884804758706,-110.69133971887938,Lake
"Rock Lake",46.02248947233823,-110.33081730249346,Lake
"Hailstone Lake",46.010207903365675,-109.17710023970193,Lake
"Crystal Lake",46.800173959162436,-109.51390234470757,Lake
"Upper Glaston Lake",46.03711839468333,-109.81746306897799,Lake
"East Fork Reservoir",46.97862398736287,-109.28267671913913,Lake
"Ackley Lake",46.952415028628984,-109.9390580976716,Lake
"Deadmans Basin Reservoir",46.34340277891866,-109.4286637465539,Lake
"Talbot Lake",46.53700563667499,-108.69835581109703,Lake
"Yellow Water Reservoir",46.90465957291529,-108.4875493024454,Lake
"Lake Mason",46.52818495974209,-108.66760875394115,Lake
"May Martin Lake",46.508841072013745,-108.72150199732909,Lake
"Lake Thom",46.5481606467442,-108.71762423701809,Lake
"Petrolia Lake",46.94270887383548,-108.26003247712319,Lake
"Devils Hole Lake",46.63235103825918,-108.98795432746824,Lake
"Broadview Pond",46.10775561892586,-108.88355555949349,Lake
"Brown Coulee Reservoir",46.656378687273794,-107.06350545416052,Lake
"Blacktail Reservoir",46.658740503661775,-107.03137131510303,Lake
"Blacktail Reservoir",46.659822182702484,-107.03091199472017,Lake
"Kerns Reservoir",46.64011562151418,-107.02451711426616,Lake
"Zempel Lake",46.5174396501117,-107.01554587488198,Lake
"Thebes Lake",46.54106418829022,-107.24790496404111,Lake
"Black Sea Reservoir",46.664261230084364,-107.3141123063271,Lake
"Stellar Lake",46.75441336391796,-106.78872234328126,Lake
"Clear Water Reservoir",46.84856044827407,-106.49594949586334,Lake
"McWilliams Reservoir",46.94761753252187,-106.41244357505053,Lake
"Coal Creek Reservoir",46.84831587657757,-105.23264443154828,Lake
"Lake Baker",46.36296095527556,-104.26906802539142,Lake
"South Sandstone Reservoir",46.33152611637002,-104.47563924545692,Lake
"Lamesteer Reservoir",46.79528043396378,-104.154368916442,Lake
"Gascoyne Lake",46.13523621326492,-103.09544679390991,Lake
"Stewart Lake",46.346799800207435,-103.42861321904982,Lake
"Camels Hump Lake",46.945574540298765,-103.81810258932579,Lake
"Bosserman Lake",46.71627711126665,-103.91152647272696,Lake
"White Lake",46.47320865708078,-103.2139217760115,Lake
"Cedar Lake",46.29810050233404,-102.97622875972756,Lake
"Edward Arthur Patterson Lake",46.856585166836204,-102.86711504693814,Lake
"North Lemmon Lake",46.00959844606902,-102.16508433066113,Lake
"Larson Lake",46.435420523261996,-102.515766311156,Lake
"Jung Lake",46.42775416497201,-102.84172210680529,Lake
"Van Patton Slough",46.2816208113117,-102.44681836233354,Lake
"Dry Lake",46.243748679914106,-102.2370577875858,Lake
"Larson Lake",46.42737805094172,-102.51449213352323,Lake
"Turtle Lake",47.668382634052705,-114.07725361343765,Lake
"Lake Mary Ronan",47.92590693302566,-114.40203565357706,Lake
"Loon Lake",47.745261955286466,-114.31977306441217,Lake
"Horte Reservoir",47.5429190402559,-114.27502960319133,Lake
"Mission Reservoir",47.31867768633069,-114.0069763727818,Lake
"Dry Fork Reservoir",47.70732785808209,-114.6692189765173,Lake
"Grants Meadow",47.93561672258573,-114.35655388167525,Lake
"Flathead Lake",47.874899116131296,-114.15281251364559,Lake
"Kicking Horse Reservoir",47.46539566044704,-114.0717134066017,Lake
"Pablo Reservoir",47.634668969675495,-114.16911184417552,Lake
"Ninepipe Reservoir",47.4405449191398,-114.11647022133907,Lake
"Rainbow Lake",47.52559417479774,-114.75993278220635,Lake
"Upper Dry Fork Reservoir",47.7539120651947,-114.6875225526428,Lake
"Lower Crow Reservoir",47.503827570818025,-114.22165711545789,Lake
"Black Lake",47.86408644194395,-114.32395611397607,Lake
"Skags Lake",47.905239253200726,-114.28535349707303,Lake
"Hubbart Reservoir",47.94512462372273,-114.73378943340919,Lake
"Toolman Slough",47.53641685748904,-114.72471574348809,Lake
"Clearwater Lake",47.386030003439586,-113.55956243353685,Lake
"Elk Lake",47.45869095551299,-113.9168474641463,Lake
"Holland Lake",47.448147820927396,-113.60003685830164,Lake
"Salmon Lake",47.08971804764217,-113.40223656160047,Lake
"Lower Cold Lake",47.55950965180429,-113.88819187406001,Lake
"Turquoise Lake",47.3569317794274,-113.85956562735673,Lake
"Lake Marshall",47.28811427790376,-113.65039960963246,Lake
"First Lake",47.394945980076514,-113.89116716037796,Lake
"Lindbergh Lake",47.379080749338186,-113.73323769707284,Lake
"Saint Marys Lake",47.26087763120392,-113.92139913630189,Lake
"Rainy Lake",47.33937647568472,-113.59438647538474,Lake
"Summit Lake",47.44616185748315,-113.93027763633644,Lake
"Sunburst Lake",47.735645821328184,-113.61111877149891,Lake
"Hungry Horse Reservoir",48.19959463945242,-113.8005487006635,Lake
"Boulder Lake",47.07452413194781,-113.83686510179787,Lake
"Gray Wolf Lake",47.28595415540954,-113.83258086259751,Lake
"Doney Lake",47.04526216761222,-113.03220661863604,Lake
"Bandy Reservoir",47.082259654076005,-113.23723922243843,Lake
"Shoup Lake",47.09743082303446,-113.17964252085166,Lake
"Big Salmon Lake",47.6025795968286,-113.38805474925208,Lake
"Elbow Lake",47.04214626875236,-113.39658798200266,Lake
"Glacier Lake",47.370706622501885,-113.82574670149656,Lake
"Van Lake",47.70093531822375,-113.76958832603452,Lake
"Big Sky Lake",47.114774296752266,-113.3919761594067,Lake
"Lake Alva",47.313597407526814,-113.58316184822534,Lake
"Terrace Lake",47.52437945064987,-113.9366469617254,Lake
"George Lake",47.37419721309314,-113.48366573323797,Lake
"Swan Lake",47.96971378733886,-113.91376755130884,Lake
"Lake Inez",47.28021097720351,-113.56709238822151,Lake
"Placid Lake",47.120049046820505,-113.5263537761551,Lake
"Lena Lake",47.4654802580468,-113.46720821048834,Lake
"Lucifer Lake",47.341824158775644,-113.92052109031385,Lake
"Sanders Lake",47.05938013664206,-113.93691551986905,Lake
"Lake Sa-ol-Sooth",47.10859015613599,-113.90564393736987,Lake
"Upsata Lake",47.07812427034043,-113.22222611540774,Lake
"Crystal Lake",47.33015795598602,-113.79733801696429,Lake
"Doctor Lake",47.403621605926425,-113.48170874043407,Lake
"Cliff Lake",47.37985023354266,-113.8852373552886,Lake
"Woodward Meadows",47.74741865341124,-113.85353810956086,Lake
"Upper Cold Lake",47.55718088621885,-113.90266105658546,Lake
"Glacier Sloughs",47.416302758165045,-113.76118298221726,Lake
"Koessler Lake",47.409472777614354,-113.49803875131546,Lake
"Piper Lake",47.62734047062427,-113.93228563835866,Lake
"Jones Lake",47.042573772996775,-113.14212207482278,Lake
"Woodward Lake",47.49278734918065,-113.5536094154989,Lake
"High Park Lake",47.31242790475624,-113.84858501171941,Lake
"McDonald Lake",47.42102719676357,-113.97574258915317,Lake
"Cedar Lake",47.65891431919239,-113.94656821151159,Lake
"Seeley Lake",47.1925695082971,-113.50869360727182,Lake
"Lower Jocko Lake",47.20057278971618,-113.7509926982714,Lake
"Lost Lake",47.33563083415176,-113.85126149331712,Lake
"Pond Number Six",47.66049120709255,-112.02580495374914,Lake
"Split Rock Lake",47.661965920671506,-112.52497231195986,Lake
"Diversion Lake",47.61767946047902,-112.71904737215303,Lake
"Harvey Lake",47.92730380763645,-112.40653133228055,Lake
"Anderson Lake",47.4698943473417,-112.58943032117963,Lake
"Connors Lake",47.366986820456155,-112.4642873076228,Lake
"Pishkun Reservoir",47.68052333980735,-112.48103809029413,Lake
"Smith Lake",47.417562254857906,-112.52872411135492,Lake
"Nilan Reservoir",47.478142071517155,-112.53817754849305,Lake
"Farmers Reservoir",47.928582102713314,-112.37536249982607,Lake
"Bynum Reservoir",47.94625145585389,-112.4431101772114,Lake
"Priest Butte Lakes",47.764742456337274,-112.11584651260175,Lake
"Lake Theboe",47.79275205331293,-112.56941940693572,Lake
"Freezeout Lake",47.66097115885372,-112.04711754746073,Lake
"Gibson Reservoir",47.611944543075694,-112.81098219999316,Lake
"Eyraud Lakes",47.995054806579155,-112.02681456845767,Lake
"Pond Number Three",47.694471820214545,-112.0515811444775,Lake
"Priest Butte Lakes",47.750896498598436,-112.11277642407708,Lake
"Pond Number Four",47.698058157816575,-112.0768324914089,Lake
"Coopers Lake",47.07998560198539,-112.91896204944945,Lake
"Meyer Lake",47.50171134975601,-112.32062220475315,Lake
"Krone Lake",47.43561226750376,-112.40384779104733,Lake
"Eureka Reservoir",47.882430263023856,-112.30946499642751,Lake
"Willow Creek Reservoir",47.557491140113335,-112.45210227133815,Lake
"Pond Number One",47.7188027285288,-112.0686925648258,Lake
"Bean Lake",47.30649716073702,-112.43153876406423,Lake
"Pond Number Two",47.70303209437185,-112.05139536066767,Lake
"Davis Lake",47.67261811477027,-112.03159247532086,Lake
"Pond Number Five",47.67697321539518,-112.03743475055903,Lake
"Benton Lake",47.67196820205198,-111.34435291272607,Lake
"Black Horse Lake",47.611166373631164,-111.22749144576038,Lake
"Rocky Reef Reservoir",47.37232486322385,-111.75817724898785,Lake
"Floweree Lake",47.74489630513528,-111.0841309112474,Lake
"Black Horse Lake",47.60583364398454,-111.21295124611115,Lake
"Schrammeck Lake",47.237459521992335,-111.5356557352306,Lake
"Flick Lake",47.72054580870394,-111.21570865936081,Lake
"Benton Lake",47.69031928402303,-111.36023621278824,Lake
"Antelope Lake",47.79416491853755,-111.12383833515219,Lake
"Benton Lake",47.64122802211291,-111.30535791675173,Lake
"Benton Lake",47.67534800268998,-111.35484045595425,Lake
"Benton Lake",47.6900516467563,-111.37689589556874,Lake
"Benton Lake",47.65095024102176,-111.28991915008275,Lake
"Rice Reservoir",47.66605282259849,-110.80986122011825,Lake
"Big Lake",47.63323460103882,-110.40782760710441,Lake
"Lost Lake",47.63486112728815,-110.48483839401813,Lake
"Big Lake",47.63345122725816,-110.38142586719597,Lake
"Harwood Lake",47.74398530865552,-110.41770935179098,Lake
"Kingsbury Lake",47.56873999193432,-110.37069165997086,Lake
"Big Sag Lake",47.602025255714324,-110.7271736519815,Lake
"Shonkin Lake",47.665098394018905,-110.54120436993168,Lake
"Sand Lake",47.63647490430857,-110.51300866023759,Lake
"Clear Lake",47.751692375373636,-110.3145697051389,Lake
"White Lake",47.68554927670816,-110.42871325907102,Lake
"Dammel Reservoir",47.70516752100442,-110.14632941692841,Lake
"Seifort Reservoir",47.97540586067848,-109.80438516162849,Lake
"Wild Horse Lake",47.18164775418195,-108.54812664144484,Lake
"Fort Peck Lake",47.72487234802862,-106.89936740361237,Lake
"Veseth Reservoir",47.92761873031493,-108.17280298535545,Lake
"Bear Creek Reservoir",47.27334590511701,-108.69049422426112,Lake
"Beam Lake",47.8677582023939,-108.09721111801107,Lake
"Little Bear Lake",47.1128166503857,-108.47475573565175,Lake
"Veseth Flat",47.96393989627604,-108.1652288265813,Lake
"Phillips Reservoir",47.826015147902545,-108.62683238804293,Lake
"Shed Lake",47.87179982076224,-108.11518096873299,Lake
"First Creek Reservoir",47.87822329961395,-107.78913120013696,Lake
"Triple Crossing Reservoir",47.97904933934075,-107.13289507093897,Lake
"Whitcomb Lake",47.99219942002319,-107.8368425888885,Lake
"Buckley Lake",47.94290763212284,-107.54620688794162,Lake
"Lake PR-19",47.97446480312829,-107.51311257816413,Lake
"Dry Lake",47.76559328071784,-107.8582674207743,Lake
"Fort Peck Lake",47.368853365188315,-107.94290799424502,Lake
"Indian Lake",47.741403164497946,-107.86044320610537,Lake
"Dry Lake",47.56794131123817,-107.8610112077238,Lake
"Gutshot Detention Reservoir",47.962802471459106,-106.93639647133736,Lake
"Target Detention Reservoir",47.93192505899634,-106.7834830966337,Lake
"Cactus Flat Detention Reservoir",47.99449937860193,-106.7686655713111,Lake
"Collins Reservoir",47.898009311684625,-106.89519499274891,Lake
"Murnions Reservoir",47.33562803823586,-106.53618165881302,Lake
"Hedstrom Lake",47.21327805296608,-106.10357061463398,Lake
"Quick Reservoir",47.331539452648975,-105.51275009583338,Lake
"Malkuch Reservoir",47.16316830137942,-105.02077590252573,Lake
"O'Dell Coulee Reservoir",47.89452815845188,-105.70548294453263,Lake
"Gartside Reservoir",47.584058050691354,-104.27779912749769,Lake
"Nohly Lake",47.920648636059376,-104.00025192918554,Lake
"Factory Lake",47.7106261078965,-104.1347582607249,Lake
"Kuester Lake",47.68620340681538,-104.96155798449497,Lake
"Vaux Reservoir Number Two",47.73012767926304,-104.24350547147272,Lake
"Fox Lake",47.68376128166794,-104.68070275568496,Lake
"Fox Lake",47.68833754216305,-104.67490489023683,Lake
"Fox Lake",47.678682729654795,-104.66827344967362,Lake
"Fox Lake",47.67815873799007,-104.66110764687383,Lake
"Fox Lake",47.677520198339536,-104.65552472299167,Lake
"Fox Lake",47.68014482150306,-104.64850691947008,Lake
"Fox Lake",47.67901769083255,-104.64213750861695,Lake
"Fox Lake",47.685553855822015,-104.6595546166775,Lake
"Fox Lake",47.68426080209173,-104.6441134049062,Lake
"Fox Lake",47.68037606214468,-104.67353256636149,Lake
"Fox Lake",47.67691806504007,-104.63542829892774,Lake
"Demicks Lake",47.887997326207,-103.02623438047624,Lake
"Lake Sakakawea",47.72849206669089,-102.2156226132486,Lake
"Lake Sakakawea",47.566555302637276,-102.42455733956191,Lake
"Moffet Slough",47.291154250723835,-102.60642566648298,Lake
"Le Paul Slough",47.32515836572567,-102.63891075784169,Lake
"Lake Ilo",47.341204868603015,-102.67027406108052,Lake
"Muskrat Lake",47.86038006542193,-102.45307132383662,Lake
"Middle Quartz Lake",48.822425048137895,-114.1424919586824,Lake
"Egan Slough",48.17636457780794,-114.18980052873309,Lake
"Tally Lake",48.400478409354825,-114.55671141434493,Lake
"Morning Slough",48.31067032893406,-114.14741616138626,Lake
"Echo Lake",48.12812628054311,-114.04265068008222,Lake
"Lake Rogers",48.06513475988199,-114.60761142137919,Lake
"Pocket Lake",48.95095109595829,-114.10693308673586,Lake
"Duck Lake",48.62085933286306,-114.67889723045128,Lake
"Lake Nooney",48.979009775987436,-114.04432862511878,Lake
"Wileys Slough",48.12608218864571,-114.22310342812443,Lake
"Foy Lake",48.165463228469605,-114.35993733384858,Lake
"McWenneger Slough",48.22451062097813,-114.19986944028422,Lake
"Lake Frances",48.93879318732386,-114.00350787341313,Lake
"Quartz Lake",48.83200333626307,-114.09630343123182,Lake
"Glen Lake",48.86507430432262,-114.95011504495558,Lake
"Fennon Slough",48.103001425618565,-114.13489510525903,Lake
"Barnaby Lake",48.77932399501856,-114.97345510517611,Lake
"Lake Blaine",48.24468057282699,-114.1198892692298,Lake
"Lake Wurdeman",48.97739812993398,-114.02240744340385,Lake
"Halfmoon Lake",48.47067038319667,-114.00410294748653,Lake
"Long Lake",48.82081582560913,-114.99614013870392,Lake
"Whitefish Lake",48.45448631988462,-114.38773264325526,Lake
"Lake Five",48.465607551169064,-114.02117994538563,Lake
"Murphy Lake",48.73426957003579,-114.85826546407932,Lake
"Cyclone Lake",48.704160554750246,-114.29853274720814,Lake
"Upper Whitefish Lake",48.68685474221832,-114.57905916709507,Lake
"Logging Lake",48.75770641427473,-114.07758784917877,Lake
"McGregor Lake",48.0325563524722,-114.85452742119969,Lake
"Dudley Slough",48.70484936765553,-114.9193905494749,Lake
"Lake of the Woods",48.14521118415317,-114.05380148747855,Lake
"Grace Lake",48.794018641958864,-113.99807240081547,Lake
"Winona Lake",48.72847046877984,-114.2367370817966,Lake
"Lower Stillwater Lake",48.52457350908296,-114.56400094423672,Lake
"Lower Quartz Lake",48.80682438779569,-114.17196907389524,Lake
"Beaver Lake",48.435606228209615,-114.42080721850797,Lake
"Dog Lake",48.58218838202733,-114.60849192519133,Lake
"Pearson Reservoir",48.083422233019625,-114.87649186453775,Lake
"Marl Lake",48.74154350472376,-114.95536735181722,Lake
"Island Lake",48.2434704220221,-114.9699424877292,Lake
"Upper Kintla Lake",48.97611706196166,-114.16061027833172,Lake
"Smith Lake",48.11917122304586,-114.44457570987609,Lake
"Long Bow Lake",48.91407728805989,-114.21337642671199,Lake
"Kintla Lake",48.961198755128336,-114.30094888883082,Lake
"Bowman Lake",48.86895134013541,-114.15529934985311,Lake
"Big Therriault Lake",48.93256003893556,-114.87654767196149,Lake
"Blanchard Lake",48.38453692861165,-114.36609463844624,Lake
"Middle Foy Lake",48.17296486349168,-114.36892481219986,Lake
"Dahl Lake",48.16788885443898,-114.83055673864675,Lake
"Lynch Lake",48.193669436340166,-114.99164831482238,Lake
"Little Bitterroot Lake",48.11770309164702,-114.71813940054251,Lake
"Dickey Lake",48.71084776550633,-114.81547303977463,Lake
"Lake Monroe",48.12980845663089,-114.57411777053879,Lake
"McWenneger Slough",48.224116592477976,-114.19928783558014,Lake
"Lost Loon Lake",48.3969973073551,-114.360456759427,Lake
"Cerulean Lake",48.871742415904365,-114.0580397750419,Lake
"Tepee Lake",48.90470873070985,-114.42090545388504,Lake
"Bull Lake",48.67240655052943,-114.73085826127277,Lake
"Murray Lake",48.44079262933134,-114.45303168750598,Lake
"Upper Stillwater Lake",48.585684467405244,-114.63710446402361,Lake
"Peterson Lake",48.12084844316486,-114.05920762400784,Lake
"Spoon Lake",48.47422852464905,-114.14682160055932,Lake
"Ashley Lake",48.20545467923138,-114.60723115759637,Lake
"Lone Lake",48.14264976097908,-114.59293979874492,Lake
"Church Slough",48.14738705048011,-114.19418859400828,Lake
"Abbot Lake",48.117962292148874,-114.0519393029335,Lake
"Saint Mary Lake",48.69158516193439,-113.53363445824897,Lake
"Grinnell Lake",48.7662308881892,-113.70635608293642,Lake
"Mud Lake",48.11193197564688,-113.99516181348946,Lake
"Spider Lake",48.943693377440574,-113.33817214531449,Lake
"Swiftcurrent Lake",48.79411631780015,-113.66207074269535,Lake
"Cosley Lake",48.92176701193916,-113.76105465644892,Lake
"Hidden Lake",48.62072079822969,-113.10931481736571,Lake
"Cracker Lake",48.74413494074559,-113.64376391517087,Lake
"Lake McDonald",48.57890913030171,-113.93194200051636,Lake
"Lake Isabel",48.422236626320164,-113.49307100237873,Lake
"Lake Ellen Wilson",48.600848218672105,-113.75567039443642,Lake
"Iceberg Lake",48.81435706287431,-113.74692237171891,Lake
"Clayton Lake",48.194838049095154,-113.89520881906435,Lake
"Duck Lake",48.87079111699246,-113.32674698888836,Lake
"Rogers Lake",48.6606506378897,-113.93865450676842,Lake
"Glenns Lake",48.90014520698825,-113.79521960493334,Lake
"Lower Saint Mary Lake",48.799194831207984,-113.42329190967489,Lake
"Upper Grinnell Lake",48.7543668505825,-113.73039367063873,Lake
"Red Eagle Lake",48.652227902745615,-113.50783505055637,Lake
"Trout Lake",48.676652870540444,-113.913537400122,Lake
"Arrow Lake",48.70665638463514,-113.88562326424204,Lake
"Buffalo Woman Lake",48.47457810644161,-113.58728633745352,Lake
"Hidden Lake",48.67457885478697,-113.7446112028537,Lake
"Lower Two Medicine Lake",48.499518281950614,-113.2886417128502,Lake
"Upper Waterton Lake",48.978136953842146,-113.896152335803,Lake
"Lake Josephine",48.780788519121806,-113.67562474217931,Lake
"Oldman Lake",48.51153267801594,-113.46058282265311,Lake
"Sue Lake",48.86131801148022,-113.84597408956454,Lake
"Elizabeth Lake",48.879349091546786,-113.72504250017012,Lake
"Margaret Lake",48.86218318912047,-113.81607746529883,Lake
"Goat Lake",48.70020940334794,-113.57935068268158,Lake
"Marion Lake",48.265676849584295,-113.6755988492422,Lake
"Horse Lake",48.728585459803405,-113.22195508321269,Lake
"Lake Evangeline",48.75011207729918,-113.91423947247198,Lake
"Flotilla Lake",48.065892617495464,-113.37694614921844,Lake
"Upper Two Medicine Lake",48.46472315870077,-113.45958152570029,Lake
"Kennedy Lake",48.830068724998505,-113.68801164461102,Lake
"Harrison Lake",48.51786264133212,-113.76896440137182,Lake
"Helen Lake",48.83744368930823,-113.75680848174852,Lake
"Pitamakan Lake",48.52150300711359,-113.4586265864101,Lake
"Medicine Grizzly Lake",48.5665971333053,-113.49548704105447,Lake
"Handkerchief Lake",48.14048612542902,-113.82715824857294,Lake
"Nahsukin Lake",48.83296225799219,-113.97874056635696,Lake
"Goose Lake",48.899954912392516,-113.33921332461095,Lake
"Lake Sherburne",48.81050364327609,-113.5919734144599,Lake
"Loon Lake",48.022881774399835,-113.99057273704804,Lake
"Margaret Lake",48.08909785790712,-113.80805482627247,Lake
"Ipasha Lake",48.853311358739724,-113.80666210501758,Lake
"Avalanche Lake",48.65635880351093,-113.78666898407288,Lake
"Black Lake",48.161798917956396,-113.92044444758618,Lake
"Stanton Lake",48.383192315573034,-113.73133964819986,Lake
"Dog Gun Lake",48.36222263959578,-113.1272911365647,Lake
"Pike Lake",48.99237851637762,-113.45863636686009,Lake
"Gunsight Lake",48.6235124107586,-113.71861059655552,Lake
"Big Spring Lake",48.41143536936928,-113.1541171587232,Lake
"Moose Lake",48.18438187698363,-113.42408680690315,Lake
"Two Medicine Lake",48.4798252863467,-113.38647336033053,Lake
"Miche Wabun Lake",48.95634026173267,-113.81987097371263,Lake
"Carcajou Lake",48.96930628433654,-113.99279973430342,Lake
"Horseshoe Lake",48.018643399521515,-113.99200612783082,Lake
"Buffalo Lake",48.85810708901044,-112.7367973585133,Lake
"Grassy Lake",48.87335022429188,-112.21142857920697,Lake
"Long Lake",48.838932480645134,-112.15954877130443,Lake
"Horn Lake",48.285313912175404,-112.90598043917116,Lake
"Aloe Lake",48.621983816524306,-111.99960556848056,Lake
"Lukins Lake",48.95434736406273,-112.3623289534178,Lake
"Tedson Reservoir",48.148521424844915,-112.7442753543656,Lake
"Fitzpatrick Lake",48.893627475168245,-112.1672603738281,Lake
"Alkali Lake",48.40793330163063,-112.46580306782441,Lake
"Green Lake",48.24281959309981,-112.86822276178452,Lake
"Little Buffalo Lake",48.853569375159694,-112.71619054091212,Lake
"Sharp Lake",48.67906942502969,-112.9332967248442,Lake
"Hope Lake",48.662105845381795,-112.42413107790637,Lake
"Magee Lake",48.47000490727007,-112.96559265950175,Lake
"Mission Lake",48.556833213865296,-112.63186186643686,Lake
"Boundary Lake",48.995691911974646,-112.44615800984275,Lake
"Guardipee Lake",48.55752220049491,-112.72388457003828,Lake
"Mitten Lake",48.30107605373067,-112.9802381347854,Lake
"Four Horns Lake",48.35264131435042,-112.71139304780279,Lake
"Croffs Lake",48.92472613846581,-112.79170281327494,Lake
"Hay Lake",48.808809857052054,-112.22556699443442,Lake
"Swift Reservoir",48.15197421340762,-112.88566040024007,Lake
"Upper Mission Lake",48.531360736831765,-112.67934166189389,Lake
"Carlow Lake",48.61138386627985,-112.6251863385965,Lake
"Lake Frances",48.28350135463093,-112.25391267401379,Lake
"Perkins Lake",48.9160394744601,-111.69725334092414,Lake
"Fowler Reservoir",48.22404657649386,-111.43772149208638,Lake
"Big Dam",48.67446887805794,-111.27746140464073,Lake
"Bingham Lake",48.97596369135115,-111.11528250681644,Lake
"Lake Elwell",48.343200928300924,-111.28126532291041,Lake
"Mc Carters Lake",48.52404789091727,-111.40927168559122,Lake
"Verden Lake",48.55116250117196,-111.92748774877722,Lake
"Bourpe and Hamilton Reservoir",48.71982529853971,-111.17690272741139,Lake
"Dunkirk Reservoir",48.48672874578807,-111.67580741104953,Lake
"Eyraud Lakes",48.01867019858957,-111.97784813138662,Lake
"Hingham Lake",48.59833614791264,-110.52264024454028,Lake
"Sage Lake",48.53060412052701,-110.18924876684976,Lake
"Romain Reservoir",48.143433947634,-110.85811337302124,Lake
"Chain of Lakes",48.65948390591968,-110.0814648258492,Lake
"McKinnsey Reservoir",48.804806437529706,-110.49968315779758,Lake
"Chain of Lakes",48.65210550117101,-110.05968067484659,Lake
"Bailey Reservoir",48.47920312269325,-110.11369677139234,Lake
"Lonesome Lake",48.25971113817336,-110.22018815354888,Lake
"Rehal Flat",48.5763932361834,-110.79138101155353,Lake
"Burkhartsmeyer Reservoir",48.693591858289146,-110.37704481136235,Lake
"Dry Lake",48.6569633298114,-110.15352519848781,Lake
"Fresno Reservoir",48.65959023061109,-110.00033130430197,Lake
"Grassy Lake",48.997038619989546,-110.19997034660541,Lake
"Dry Lake",48.74152385562383,-109.58966963893185,Lake
"Martin Lake",48.737045948730156,-109.5119554128068,Lake
"Mud Lake",48.84035702604813,-109.68558433491653,Lake
"Tule Lake",48.6859064092404,-109.05664789821088,Lake
"Grassy Lake",48.74709905155595,-109.60056218773228,Lake
"Lower Lake",48.40968610824849,-109.72242458389967,Lake
"Lake Thibadeau",48.75998467864304,-109.60406812706577,Lake
"Mud Lake",48.842348356191025,-109.66655278874782,Lake
"Grassy Lake",48.852003750306956,-109.80537746803569,Lake
"Sands Lake",48.5304336248823,-109.70864674207708,Lake
"Mud Lake",48.85045093685124,-109.73468279202392,Lake
"McLaren Reservoir",48.81833435250579,-109.42643927184238,Lake
"Staff Reservoir",48.472254142921216,-109.42236790944236,Lake
"Boneau Reservoir",48.30075960973531,-109.85219090904172,Lake
"Halfway Lake",48.5364008114141,-109.75685584933638,Lake
"Bearpaw Lake",48.3232456853515,-109.65810708264114,Lake
"North Chinook Reservoir",48.77401975314399,-109.33580479226661,Lake
"Creedman Reservoir",48.96619511397135,-109.76366779373416,Lake
"Mud Lake",48.84927924679808,-109.69904024507582,Lake
"Mud Lake",48.852334708316086,-109.74831503079379,Lake
"Little Warm Reservoir",48.06306113345617,-108.14192970396032,Lake
"Black Coulee",48.69315252958693,-108.39922388505356,Lake
"Putnam Lake",48.17009326957127,-108.93434113942189,Lake
"Skinners Lake",48.047544006448206,-108.75745368197761,Lake
"Newhouse Reservoir",48.279320371965085,-108.98626329180846,Lake
"Threemile Reservoir",48.43944284589139,-108.64219682256949,Lake
"Ester Lake",48.09837421467511,-108.25843789639359,Lake
"West Alkali Reservoir",48.20705565318979,-108.0900816816199,Lake
"Lake Seventeen",48.073524263784726,-108.86659599373371,Lake
"J Lake",48.29872011731558,-108.63540481667815,Lake
"Point of Rocks Reservoir",48.36529643902937,-108.2129176228079,Lake
"Parrot Lake",48.01162837668005,-108.25034149191998,Lake
"Wild Horse Reservoir",48.13283855688575,-108.1901124988474,Lake
"Horseshoe Lake",48.837119250710764,-108.0093846245117,Lake
"Weigand Reservoir",48.24311611024774,-108.3882627489933,Lake
"Bigby Lake",48.34768969303235,-108.59591145369767,Lake
"Alkali Lake",48.968345027064906,-108.64359568291339,Lake
"Reservoir Number One Hundred Sixty-one",48.16822519222781,-108.09333683063288,Lake
"Silver Bow Lake",48.84428542033895,-108.89175556223339,Lake
"Arrambide Reservoir",48.04294741975098,-107.01688432285978,Lake
"Dry Lake Unit",48.405047386047364,-107.61148960126108,Lake
"Big McNeil Slough",48.53628528488764,-107.53803194506098,Lake
"McChesney Reservoir",48.54243018230847,-107.24480851750653,Lake
"Nelson Reservoir",48.488595663741265,-107.587641339629,Lake
"LeNoir Reservoir",48.33648372296118,-107.62499864644462,Lake
"VR-2 Reservoir",48.16919071808578,-107.04841129572459,Lake
"Lakeside Unit",48.43124786882499,-107.6321650731255,Lake
"Pea Lake",48.928420838017885,-107.62028162003179,Lake
"Lake Bowdoin",48.395480374372475,-107.68470710217102,Lake
"Frenchman Reservoir",48.7062211348225,-107.22402001999197,Lake
"Hewitt Lake",48.53904734347858,-107.58858625870187,Lake
"Mud Lake",48.444769546684384,-107.6374772523809,Lake
"Erphit Lake",48.480671354049214,-107.66265114513955,Lake
"Jim Reservoir",48.030245282055226,-107.0672950953947,Lake
"Nelson Reservoir",48.06308911034785,-107.88184573063,Lake
"Martin Lake",48.794136420580855,-107.90182458077706,Lake
"Lakeside Unit",48.42749235624976,-107.65164778786861,Lake
"Bennett Lake",48.21576935143222,-107.7958319290983,Lake
"Austin Lake",48.71100953847347,-107.64999637944163,Lake
"Martin Lake",48.80322064087785,-107.92757882290162,Lake
"Drumbo Unit",48.374055644376135,-107.67686192553712,Lake
"Frazer Lake",48.0514069505666,-106.02177633633558,Lake
"Grub Detention Reservoir",48.04746105208909,-106.91690157538912,Lake
"Lake Grable",48.84934412059689,-106.98917420402607,Lake
"South Beaver Reservoir",48.021309291502696,-106.96028415124665,Lake
"Mahan and Hoyt Reservoir",48.19166380938773,-106.7511619940378,Lake
"Fort Peck Trout Pond",48.05509397220806,-106.44201229306313,Lake
"Cornwell Reservoir",48.37785643131822,-106.71276028180247,Lake
"Mud Lake",48.24232540823657,-106.14933164859835,Lake
"Horseshoe Lake",48.29553386684702,-105.23506335884571,Lake
"Si Merrell Slough",48.99432499066853,-105.30502736103594,Lake
"Chelsea Slough",48.11845409953446,-105.33443622268717,Lake
"Geddart Lake",48.3305170334657,-105.04587951445558,Lake
"Todd Lakes",48.311830999287004,-105.96960513831787,Lake
"Long Lake",48.56251267359832,-104.15303175481525,Lake
"Flat Lake",48.91204423445498,-104.08896152539728,Lake
"McIlwain Lake",48.24172294785461,-104.92310020845362,Lake
"Brush Lake",48.59863626163179,-104.10975126177088,Lake
"Dominek Lake",48.72669315405964,-104.09082107868305,Lake
"Camp Lake",48.665657870885966,-103.99910012573291,Lake
"Brightsmen Lake",48.97864161237737,-104.39583515787528,Lake
"Homestead Lake",48.38959131409066,-104.56402129062602,Lake
"Manning Lake",48.25969554435845,-104.73836848197858,Lake
"Sueet Slough",48.392884755618944,-104.01997055847937,Lake
"Clear Lake",48.65401175560991,-104.14164675078527,Lake
"Duck Lake",48.343984276074515,-104.351471546349,Lake
"Round Lake",48.89022338363222,-104.0474867662927,Lake
"Johnson Lake",48.33608144964306,-104.57311639369371,Lake
"Syme Slough",48.907788381048285,-104.59830828646804,Lake
"Goose Lake",48.80902928265651,-104.07077730356824,Lake
"Boxelder Lake",48.79110385255373,-104.55011074484786,Lake
"Katy Lake",48.527010805240806,-104.20465838051744,Lake
"Stink Lake",48.622178609906015,-104.02548770226302,Lake
"Twin Lakes",48.606326364653256,-104.01312853635815,Lake
"Park Lake",48.89805047643363,-104.30574120864516,Lake
"North Lake",48.883099220580675,-104.0661352124096,Lake
"Larson Slough",48.95696047898095,-104.19498383437225,Lake
"Mc Cone Lake",48.939322456874436,-104.01827644635932,Lake
"Johnson Lake",48.986797142526534,-104.37421245586853,Lake
"Widgeon Slough",48.96462075952206,-104.24616745948664,Lake
"Medicine Lake",48.47279417635844,-104.40725435448302,Lake
"Horseshoe Lake",48.5956511333924,-104.0401991779058,Lake
"Goose Lake",48.83351914576027,-104.06127636388283,Lake
"Tadpole Lake",48.80653322386462,-104.1701110259868,Lake
"Capeneys Lake",48.484947586178485,-104.31683907687595,Lake
"Salt Lake",48.994091779816635,-104.29857710243682,Lake
"Lone Tree Lake",48.43945464772577,-103.53020319158433,Lake
"Skjermo Lake",48.95376010947528,-103.88307410733779,Lake
"Green Lake",48.61707217898251,-103.62025929223165,Lake
"Big Meadow",48.56140257501219,-103.05795868867932,Lake
"Musta Lake",48.71393755951084,-103.59340533728007,Lake
"Rattler Lake",48.860768359412646,-103.74702978349498,Lake
"Miller Lake",48.83730293123082,-103.95956512237217,Lake
"Big Slough",48.700033958521935,-103.22539232291749,Lake
"Bright Water Lake",48.72566668484356,-103.46431186427651,Lake
"Lake Trenton",48.05661813250899,-103.8352640601572,Lake
"Shirley Lake",48.573750387281265,-103.66475798639284,Lake
"Willow Lake",48.718350240335944,-103.1434982989103,Lake
"The Swamp",48.63867289567985,-103.14616596899144,Lake
"Helle Slough",48.5725150972502,-103.13086735135246,Lake
"Epping Dam",48.26254725578674,-103.41280680047976,Lake
"Lake Zahl",48.554954857487616,-103.67312767325534,Lake
"North Lake",48.8702404587011,-103.96460877653185,Lake
"Blacktail Lake",48.43278699411541,-103.7396784683313,Lake
"Peterson Slough",48.60657412533048,-103.24010917454495,Lake
"Tom Berg Lake",48.59183182119018,-103.15800009470354,Lake
"Marsland Slough",48.8426509057546,-103.78555478867062,Lake
"Holm Lake",48.62265118786727,-103.54359165478152,Lake
"Alkali Lake",48.582477873270946,-103.58870716126201,Lake
"Cottonwood Lake",48.586923610234514,-103.44179619623266,Lake
"Powers Lake",48.53049889341118,-102.61806312860412,Lake
"Helde Lake",48.67169447853786,-102.58629847145176,Lake
"White Lake",48.38641532692974,-102.4526648395128,Lake
"Lagorin Slough",48.58234948864037,-102.2445327435776,Lake
"Tioga Dam",48.409154337311065,-102.93776777711462,Lake
"Fish Lake",48.63105135375102,-102.63901682770951,Lake
"Knudson Slough",48.58739213545833,-102.44315525513424,Lake
"Elbow Lake",48.601796996621,-102.51171673636752,Lake
"Middle Des Lacs Lake",48.664163991427515,-102.081657486142,Lake
"Ward Lake",48.709090901405766,-102.4693291271408,Lake
"Pool Five Reservoir",48.62518975683878,-102.03487962341435,Lake
"Enget Lake",48.56979257306278,-102.67760776752844,Lake
"Clearwater Lake",48.412166712778685,-102.2840489182755,Lake
"Upper Thompson Lake",48.65678486680931,-102.39011501957171,Lake
"Lower Lostwood Lake",48.532181996928,-102.45916052454244,Lake
"Shell Lake",48.18855283630684,-102.10803498472849,Lake
"Bush Lake",48.738816347164104,-102.90305114777233,Lake
"Rennie Lake",48.82915997653049,-102.5234751626119,Lake
"Smishek Lake",48.62292324072196,-102.65600423490713,Lake
"Nelson Lake",48.706125690999194,-102.9963538158077,Lake
"Thompson Lake",48.65044881996121,-102.40033664619303,Lake
"School Section Lake",48.59767900595891,-102.44168504267212,Lake
"Westby Lake",48.55120166212081,-102.35182944377382,Lake
"Shallow Lake",48.84592968828836,-102.59578934239585,Lake
"Eckert Lake",48.629371877825044,-102.36509241320418,Lake
"Sletten Lake",48.5594400131466,-102.77406905068528,Lake
"Upper Lostwood Lake",48.56941675852344,-102.43802662642067,Lake
"Kittelson Slough",48.50405036059593,-102.46672373738312,Lake
"Upper Des Lacs Lake",48.8583143311266,-102.11685244437105,Lake
"Iverson Slough",48.66249482365958,-102.41481943294492,Lake
"Cottonwood Lake",48.43673627541771,-102.59303674854316,Lake
"Beaver Lake",48.863453807232126,-102.63907380718948,Lake
"Swensens Slough",48.69662289810828,-102.45362151216605,Lake
"Christensen Slough",48.59572833329806,-102.25112361460455,Lake
"Paradise Meadow",48.555702271511045,-102.72420659195315,Lake
"Stacy Slough",48.576696850346515,-102.35978796457381,Lake
"Bull Camp Creek",41.51574247781031,-114.88456296188083,Creek
"Barnet Springs Creek",41.12629672451781,-114.65682792956794,Creek
"Pole Creek",41.39772813238297,-114.88935394599656,Creek
"Montello Creek",41.27154730557244,-114.24922367278816,Creek
"Nanny Creek",41.00763086129101,-114.47389621107483,Creek
"Indian Creek",41.81573071555028,-113.17362714351708,Creek
"Rio Buenaventura Canal",41.25188819829534,-113.07920671077343,Creek
"George Creek",41.988611634070466,-113.56210324571195,Creek
"Black Hills Creek",41.82145242110857,-113.52122421270195,Creek
"Bear River",41.639183517312155,-112.12628937636984,Creek
"Hansel Valley Wash",41.80182035892073,-112.63980543559168,Creek
"Kays Creek",41.05783266748441,-111.96641559457383,Creek
"Malad River",41.66853511760173,-112.15588218613271,Creek
"Malad River",41.7299727246812,-112.14958039369003,Creek
"Burch Creek",41.16577474787441,-111.93932380469035,Creek
"Bear River",41.901718236341054,-111.00106198376322,Creek
"Bridger Creek",41.769507286748556,-111.02445296933259,Creek
"Shute Creek",41.889498905637446,-110.12690899960039,Creek
"Black Rock Creek",41.88754723214622,-108.54098199300446,Creek
"Halleck Creek",41.683508030705624,-106.52831371801967,Creek
"Dry Creek",41.55097580086593,-106.71731280916534,Creek
"Medicine Bow River",41.91834481646166,-106.22396014830484,Creek
"Rattlesnake Creek",41.684844551382696,-106.6979744230402,Creek
"Fish Creek",41.64819703253838,-106.44453469385809,Creek
"Rock Creek",41.910487827102685,-106.08336351513583,Creek
"Rock Creek",41.90161248909079,-106.1237801234568,Creek
"Wagonhound Creek",41.68621044781359,-106.31645947045415,Creek
"Medicine Bow River",41.65118196888705,-106.41453895505066,Creek
"Rock Creek",41.877005702858675,-105.91253120437776,Creek
"Shanton Creek",41.553575637255605,-105.35236669948301,Creek
"Little Laramie River",41.42108498514113,-105.81797152219156,Creek
"Fourmile Creek",41.478849055391564,-105.86859600690896,Creek
"Rock Creek",41.819147295626735,-105.9068940622969,Creek
"Lodgepole Creek",41.15837013777361,-104.19678851190585,Creek
"Horse Creek",41.5340135794809,-104.30219565126828,Creek
"Muddy Creek",41.10334093347749,-104.16276969672117,Creek
"Fort Laramie Canal",41.820447764192984,-104.1250968481784,Creek
"Horse Creek",41.771290815423114,-104.24723666983802,Creek
"Crow Creek",41.07435731266233,-104.39090881307115,Creek
"Crow Creek",41.00490030546306,-104.35851319635569,Creek
"Fox Creek",41.70538538664972,-104.51169705721793,Creek
"Muddy Creek",41.11706673893699,-104.11177008602371,Creek
"Fort Laramie Canal",41.882791433632214,-104.18862760491616,Creek
"North Platte River",41.687565431073864,-103.16439117305188,Creek
"Mitchell and Gering Canal",41.921282457946596,-103.93598221615395,Creek
"Pumpkin Creek",41.602355873576634,-103.15792778882383,Creek
"Pumpkin Creek",41.581331458054784,-103.33076236141125,Creek
"Rush Creek",41.32771424550934,-103.02239745462207,Creek
"Pumpkin Creek",41.58525300815111,-103.10226270632525,Creek
"Wildhorse Drain",41.806388286916906,-103.3412447930695,Creek
"Pumpkin Creek",41.653297377367544,-103.6475595120807,Creek
"Pumpkin Creek",41.59903719729223,-103.27559881622865,Creek
"Rush Creek",41.36717917768849,-103.12090054887341,Creek
"Belmont Canal",41.67413228164765,-103.17082693526837,Creek
"Pumpkin Creek",41.62519018384401,-103.50696160841989,Creek
"Deep Holes Creek",41.58617222083076,-102.93688693322812,Creek
"South Platte River",41.06202049803129,-102.05962521683637,Creek
"Cottonwood Creek",41.010475743479525,-102.92042878954419,Creek
"Rush Creek",41.26366899713857,-102.6505812233682,Creek
"North Side Main Canal",42.64030704254484,-114.21979787391095,Creek
"Twin Falls Main Canal",42.52220409966862,-114.19293498274497,Creek
"Twin Falls Main Canal",42.49112970232112,-114.12550903124016,Creek
"Deep Creek",42.39680457644577,-114.70644986200143,Creek
"Milner Gooding Canal",42.870386926223055,-114.26853845336238,Creek
"Salmon Falls Creek",42.33693203575929,-114.73445565785977,Creek
"Dietrich Main Canal",42.984378610815696,-114.18764485558165,Creek
"Milner Gooding Canal",42.745171720725196,-114.19192681782147,Creek
"X Canal",42.863995027838676,-114.62653158781484,Creek
"L Canal",42.710836368632854,-114.37642144833355,Creek
"Marsh Creek",42.52102494755757,-113.63510494155722,Creek
"Raft River",42.42468669583347,-113.34844466978774,Creek
"Cassia Creek",42.31914488426801,-113.35538212227864,Creek
"Cottonwood Creek",42.1339277295871,-113.39929310236259,Creek
"Raft River",42.16718647118959,-113.332574093718,Creek
"Raft River",42.31611395154433,-113.34481385282092,Creek
"Snake River",42.65399371942097,-113.3342535694605,Creek
"Bannock Creek",42.888425199193655,-112.68036507673627,Creek
"Pilot Spring Creek",42.52629346489542,-112.26270893623274,Creek
"Malad River",42.07586855262117,-112.24777219871302,Creek
"Deep Creek",42.04322357806161,-112.70384668447973,Creek
"Devil Creek",42.17597276027141,-112.2829204197444,Creek
"Thomas Fork",42.25920366940836,-111.07727238632978,Creek
"Bear River",42.18538065963444,-111.0918831787019,Creek
"Middle Piney Creek",42.54505822812519,-110.33474214051924,Creek
"La Barge Creek",42.54351692875326,-110.72033175498872,Creek
"Little Sandy Creek",42.25014467979091,-109.30733561198272,Creek
"Whitehorse Creek",42.273492505408925,-109.02310375372161,Creek
"Dead Horse Slough",42.9801436645597,-108.8611308915431,Creek
"Trout Creek",42.98464693107797,-108.86597002636276,Creek
"Gold Creek",42.45519526699833,-108.91849142405985,Creek
"Bear Creek",42.1664240539863,-108.6787147294785,Creek
"Little Popo Agie River",42.88419614229721,-108.59192895164855,Creek
"Red Creek",42.204404539440155,-108.49305849484023,Creek
"Stone Creek",42.106236425691726,-107.25587000745517,Creek
"Dry Creek",42.52920422184472,-107.11092563573953,Creek
"Sweetwater River",42.51793696904952,-107.74479797604761,Creek
"Cottonwood Creek",42.465028037993264,-107.64292994516053,Creek
"O'Brian Creek",42.46159715012755,-107.89761380112746,Creek
"Muddy Creek",42.44350619159122,-107.36216907994786,Creek
"Whiskey Creek",42.405151052458315,-107.37823627737508,Creek
"Sand Spring Creek",42.962327940955284,-106.26226470702935,Creek
"Muddy Creek",42.84576514231921,-106.0701441787364,Creek
"Muddy Creek",42.7841306006351,-106.0797644386136,Creek
"Claude Creek",42.7929711881748,-106.25285407934489,Creek
"Sand Creek",42.85979923568066,-105.7622465756995,Creek
"Rogers Creek",42.17657614905853,-105.79784302021395,Creek
"La Prele Creek",42.76291297068234,-105.579574452713,Creek
"Fort Laramie Canal",42.11426878105172,-104.39727468470997,Creek
"Duck Creek",42.76306206484655,-104.38758704090114,Creek
"Interstate Canal",42.12705479434326,-104.24555351684887,Creek
"Interstate Canal",42.15902839469703,-104.29892586833158,Creek
"Interstate Canal",42.10276119755697,-104.163807227591,Creek
"Willow Creek",42.57304760075236,-104.89614246632775,Creek
"Niobrara River",42.727891063286044,-104.34330282444661,Creek
"Niobrara River",42.702235928797684,-104.31918314885961,Creek
"Fort Laramie Canal",42.16008944843656,-104.4655207069557,Creek
"Sheep Creek",42.03334459884055,-104.02279258492037,Creek
"Interstate Canal",42.02753441265766,-103.835539406563,Creek
"Little Cottonwood Creek",42.77355780682353,-103.42552341187034,Creek
"Snake Creek",42.121578062324055,-103.33612303364802,Creek
"Niobrara River",42.487061268257,-103.8806594141439,Creek
"Snake Creek",42.08705807485624,-103.10112157158099,Creek
"North Branch Point of Rocks Creek",42.16900928746462,-103.07922264495913,Creek
"Snake Creek",42.054333542862594,-103.0299805510835,Creek
"Snake Creek",42.058066573899495,-102.61561245072362,Creek
"Snake Creek",42.053211684785786,-102.9127109220979,Creek
"Pine Creek",42.47785837833497,-102.41338425880885,Creek
"Snake Creek",42.03980055771118,-102.80771169489662,Creek
"Deer Creek",42.5425913958115,-102.29450914332125,Creek
"Big Bordeaux Creek",42.816316784220426,-102.92744223118166,Creek
"Hemingford Creek",42.19867057265465,-102.88078920091665,Creek
"Soldier Creek",43.37339854199526,-114.7891326234005,Creek
"Threemile Creek",43.33306463060793,-114.88073490651995,Creek
"Deer Creek",43.37505626640817,-114.7215244900265,Creek
"Lava Creek",43.29223487936227,-114.49423936478046,Creek
"Black Canyon Creek",43.096098037394654,-114.76063685159785,Creek
"Portuguese Creek",43.09755205591484,-114.54960281108322,Creek
"Silver Creek",43.28039792175448,-114.00629513666044,Creek
"East Black Canyon Creek",43.10320264031913,-114.73642898140218,Creek
"Little Wood River",43.083106829298345,-114.08658998525023,Creek
"Minear Creek",43.364805797316464,-114.76962855827303,Creek
"Warm Springs Creek",43.974274607108434,-113.77188500685907,Creek
"Little Wood River",43.259734925535206,-113.93170758502482,Creek
"Little Lost River",43.97866159099187,-113.20829756285018,Creek
"Peoples Canal",43.18277844134601,-112.52394722522072,Creek
"Warm Creek",43.95796074330085,-112.22824829476714,Creek
"Little Dry Creek",43.81565563334312,-111.05962702890052,Creek
"South Leigh Creek",43.80343242638041,-111.11964910549432,Creek
"Wildcat Creek",43.8939051768909,-111.03021870266775,Creek
"Bull Elk Creek",43.90176057277269,-111.08323724766845,Creek
"Juniper Creek",43.89667764366489,-111.03329143762811,Creek
"Crooked Creek",43.8481106070517,-111.39113370403706,Creek
"Meadow Creek",43.01145050793054,-111.5539436007799,Creek
"Big Twin Creek",43.1524447821687,-110.06906231093907,Creek
"West Dell Creek",43.3064404440301,-110.32103745647002,Creek
"Roaring Fork",43.36543288805901,-109.87583657129257,Creek
"Crow Creek",43.404224349259685,-109.20617556657076,Creek
"North Fork Little Wind River",43.02987132043078,-109.05863607533753,Creek
"Dry Creek",43.36619207538738,-109.2380764333726,Creek
"Du Noir Creek",43.643655925073155,-109.79555073164485,Creek
"Bull Lake Creek",43.198879335029524,-109.10207771118232,Creek
"Crow Creek",43.365721547478664,-109.17050715145149,Creek
"Wyoming Canal",43.32276914181266,-108.38847717412773,Creek
"Dry Creek",43.27652575403522,-108.97927456271991,Creek
"Fivemile Creek",43.40539397685757,-108.87178596025358,Creek
"South Fork Powder River",43.01376020326209,-107.21604133197577,Creek
"North Poker Creek",43.56008215373149,-106.96356189171416,Creek
"West Fork Dry Creek",43.37260125135109,-107.94505574959045,Creek
"Middle Fork Casper Creek",43.028506315342405,-106.68015014477483,Creek
"Middle Fork Casper Creek",43.023454659430314,-106.5421661131327,Creek
"Beaver Creek",43.70663738927334,-104.28682508917294,Creek
"Stockade Beaver Creek",43.659518796051145,-104.13710391269633,Creek
"Beaver Creek",43.65280272009647,-104.24632647117653,Creek
"Old Woman Creek",43.286716867186975,-104.33421523673925,Creek
"Stockade Beaver Creek",43.77285174218469,-104.14921833221324,Creek
"Battle Creek",43.79413169661193,-103.08062447713537,Creek
"Big Hollow Creek",43.64988766268798,-102.434394697508,Creek
"Wind Creek",43.591827525591675,-102.39004167679315,Creek
"Spring Creek",43.573387651042026,-102.4591384249476,Creek
"White River",43.18008717447295,-102.80101005130854,Creek
"Wind Creek",43.63860425866097,-102.46863343680575,Creek
"Tahc’a Okute Wakpa C’ikala",43.58794208021113,-102.95938015035338,Creek
"Spring Creek",43.63401665450477,-102.51571831463208,Creek
"Cain Creek",43.63340834008354,-102.27073325387525,Creek
"East Horse Creek",43.45277741375345,-102.73927187634283,Creek
"Goat Creek",44.19881005000055,-114.97563288082844,Creek
"Pahsimeroi River",44.25702468474696,-113.6665181403188,Creek
"Divide Creek",44.449410842733315,-113.12720256349948,Creek
"Patterson Creek",44.57502189530665,-113.91359920147795,Creek
"Clear Creek",44.54734031520337,-113.15900145382184,Creek
"Badger Creek",44.08396360343815,-113.18316390991758,Creek
"Cottonwood Creek",44.23936029506235,-112.33349596503322,Creek
"Beaver Creek",44.16790150976074,-112.2269764460795,Creek
"West Creek",44.709182625197464,-112.1197082047504,Creek
"Warm Springs Creek",44.10419373009782,-112.53799364972139,Creek
"Beaver Creek",44.02984595199162,-112.23035589087871,Creek
"Madison River",44.738736114284976,-111.17704301313434,Creek
"Warm River",44.36418100805512,-111.2081596202082,Creek
"Elk Creek",44.640347792513005,-111.67946770051846,Creek
"Cowan Creek",44.62718608072135,-110.69257229095201,Creek
"Magpie Creek",44.67346788816501,-110.6597583577774,Creek
"Magpie Creek",44.62059814489257,-110.70590269185358,Creek
"Gooseberry Creek",44.00645868001273,-108.43820916174553,Creek
"Rock Waterhole Creek",44.20879343731911,-108.41650472338674,Creek
"Crooked Creek",44.12433843716634,-108.31412915234394,Creek
"Corral Creek",44.235573646747085,-108.3349621769,Creek
"Buck Creek",45.00455877560524,-107.80339298751927,Creek
"Whitetail Creek",44.075032297312546,-105.14923795153395,Creek
"Donkey Creek",44.28632398782542,-105.16578765595354,Creek
"Little Powder River",45.01605578972185,-105.35386162093914,Creek
"Little Missouri River",44.99941453245073,-104.4232851955184,Creek
"Beaver Creek",44.759927232377166,-104.48511997052519,Creek
"Redwater River",44.592086727641984,-103.90437320244864,Creek
"Bear Butte Creek",44.4477664842695,-103.40949685873585,Creek
"Elk Creek",44.24615314149222,-103.21944578058353,Creek
"Bear Butte Creek",44.46710069346179,-103.32621204236978,Creek
"Boxelder Creek",44.21149133112456,-103.62557344803261,Creek
"Cottle Creek",44.4542575542612,-103.38097285308768,Creek
"Beaver Dam Creek",44.9217636191409,-102.46508230184013,Creek
"Rock Creek",45.45718127947471,-113.7000005311686,Creek
"Canyon Creek",45.66713097485965,-112.89624300835082,Creek
"East Bench Canal",45.31707385992944,-112.42560128591845,Creek
"East Bench Canal",45.202582391431754,-112.60848599205165,Creek
"East Gallatin River",45.75788021991308,-111.08671584805988,Creek
"Quagle Creek",45.9356209680973,-111.11193122139952,Creek
"Spring Creek",45.823716990291594,-111.47189914238501,Creek
"Bear Creek",45.23213391480922,-111.68814727721396,Creek
"Rey Creek",45.816848920208685,-111.49581207950392,Creek
"Cottonwood Creek",45.29892091394215,-111.03883175179098,Creek
"North Cottonwood Creek",45.89105496626983,-111.08736927418306,Creek
"Little Timber Creek",45.869431657420726,-110.09101925564738,Creek
"Strawberry Creek",45.435940971102006,-110.5676456095616,Creek
"Dog Creek",45.781735697121285,-110.28470628059839,Creek
"East Fork Boulder River",45.25044825123319,-110.21979676760358,Creek
"Lowell Creek",45.805077293323116,-110.35730703377823,Creek
"Fairy Creek",45.928423787998874,-110.88843217221665,Creek
"Big Ditch",45.618409199895474,-108.99600636680654,Creek
"Brown Creek",45.635388786412214,-109.16433914044597,Creek
"Sixshooter Creek",45.959992209382385,-109.26441642402214,Creek
"Cedar Creek",45.94908400638503,-109.2883164273053,Creek
"Harney Creek",45.27271013580904,-109.32103617551789,Creek
"Canyon Creek",45.73493164174027,-108.66784291548588,Creek
"Commissary Creek",45.149243137166565,-108.415799884486,Creek
"Razor Creek",45.96690823895545,-108.30419705071496,Creek
"North Fork Alkali Creek",45.85115105760733,-108.62067685937069,Creek
"Five Mile Creek",45.85847766953142,-108.49540949887331,Creek
"Billings Bench Water Association Canal",45.68251343258468,-108.69906351143173,Creek
"Little Powder River",45.435533197404936,-105.31756232494362,Creek
"Little Powder River",45.21343901424167,-105.32353098006871,Creek
"Blacktail Creek",45.26106077760749,-104.25050953067385,Creek
"Sheep Creek",45.95004347419231,-104.04505326666231,Creek
"Cottonwood Creek",45.378973394321214,-104.21057280719995,Creek
"Boxelder Creek",45.74511576026552,-104.32819003380204,Creek
"North Cottonwood Creek",45.18649588370795,-104.4782771733176,Creek
"Buffalo Creek",45.52405007078652,-103.51369946154544,Creek
"South Fork Grand River",45.56251339870064,-103.62902982990472,Creek
"South Fork Grand River",45.57472460945768,-103.51929520494653,Creek
"Brushy Fork",46.652703313966306,-114.37783544018836,Creek
"Jay Creek",46.47866006378157,-114.73704900846984,Creek
"North Fork Flint Creek",46.24622266124709,-113.21291752170066,Creek
"Spring Creek",46.27610398537521,-113.3286536171,Creek
"Fred Burr Creek",46.28823899195527,-113.27815980990727,Creek
"Tenmile Creek",46.659694415669804,-111.99186961955476,Creek
"Racetrack Creek",46.270206027001336,-112.90364326220403,Creek
"North Fork Elk Creek",46.095567308000525,-110.49111051881232,Creek
"West Galloway Creek",46.62790664338558,-109.5921668926602,Creek
"Judith River",47.006002983338774,-109.90011943796547,Creek
"Halbert Creek",46.573812785968215,-109.4398520482107,Creek
"Big Rock Creek",46.98394060569156,-109.64065377539139,Creek
"Flatwillow Creek",46.788836934325815,-108.78813767812977,Creek
"Flatwillow Creek",46.79351569657085,-108.48525667608236,Creek
"Railroad Creek",46.18858373398141,-108.15469501691048,Creek
"Flatwillow Creek",46.84050297570739,-108.40617700142296,Creek
"Allen Creek",46.18295619662763,-107.4614512562307,Creek
"Cow Gulch",46.072933144020446,-107.91858460797333,Creek
"Mack Creek",46.63035802214508,-105.48762494240711,Creek
"Pennel Creek",46.55337488863786,-104.65060452519319,Creek
"Bullion Creek",46.68860218241122,-103.76019913065883,Creek
"Williams Creek",46.55820456281715,-103.81866725423009,Creek
"Jocko River",47.15711978892448,-114.02928214432715,Creek
"Mission Creek",47.33179999272876,-114.13196473632841,Creek
"Spring Creek",47.53133427860022,-114.0945983739097,Creek
"Dry Fork Creek",47.74340603383403,-114.68509554039161,Creek
"Rock Creek",47.099300550637714,-114.36433686612482,Creek
"Mud Creek",47.586754481506325,-114.10789052166533,Creek
"Deep Creek",47.71869265184959,-112.53667209369118,Creek
"Muddy Creek",47.97236165087943,-112.09903892380373,Creek
"Muddy Creek",47.9635192446289,-112.00277093892522,Creek
"Missouri River",47.29040170556456,-111.64317487768403,Creek
"Teton River",47.940897573815874,-111.51298919149775,Creek
"Muddy Creek",47.93640768328435,-111.82050656057393,Creek
"Muddy Creek",47.97574730652327,-111.90795534888436,Creek
"Teton River",47.85292262243007,-110.951674383715,Creek
"Wolf Creek",47.13110655768413,-110.27523487949385,Creek
"Willow Creek",47.10374583122215,-110.17819812011217,Creek
"Wolf Creek",47.23540097692383,-110.18195814745094,Creek
"Teton River",47.86154252442624,-110.87488968658407,Creek
"Louse Creek",47.10504746650924,-109.81430263855422,Creek
"McDonald Creek",47.04164417043714,-108.66806630145507,Creek
"South Fork Bear Creek",47.23394039186877,-108.6436810015083,Creek
"Brickyard Creek",47.16731368891032,-108.95297259213673,Creek
"Little Warm Creek",47.9895583084625,-108.17244958565105,Creek
"Smoky Butte Creek",47.341650085227336,-107.06047285679655,Creek
"Duck Creek",47.23593059028861,-105.81651847285812,Creek
"Center Fork Thirteen Mile Creek",47.4336397610337,-104.89656028749276,Creek
"Spring Creek",47.74421667265541,-103.2991504165221,Creek
"Ashley Creek",48.146827437741486,-114.30165868952707,Creek
"Trumbull Creek",48.347583725128295,-114.24647039108471,Creek
"Ashley Creek",48.18068270586545,-114.31178869861337,Creek
"Wolf Creek",48.10565973893021,-113.94313027324587,Creek
"South Fork Greasewood Creek",48.660115275951284,-113.02870001344736,Creek
"Willow Creek",48.56335186552333,-113.05636226248747,Creek
"Willow Creek",48.59025549452303,-112.80447061667643,Creek
"Willow Creek",48.6086745713007,-111.4257321246709,Creek
"Little Sage Creek",48.84025124395886,-110.90305646447494,Creek
"Little Sage Creek",48.778374519260986,-110.76815795283258,Creek
"Sage Creek",48.60413314924062,-110.33798361573251,Creek
"Cottonwood Creek",48.541240278666464,-110.97473034339782,Creek
"Sage Creek",48.81834167879917,-110.54912431304791,Creek
"Sage Creek",48.92955404535798,-110.96411869824601,Creek
"Milk River",48.56568883264135,-109.46585921058121,Creek
"Maggie Creek",48.26597104542718,-109.0707123197485,Creek
"Milk River",48.59571257863898,-109.36702166169644,Creek
"Lodge Creek",48.636679461373234,-109.24657224346582,Creek
"Milk River",48.52945922305153,-108.86337053140029,Creek
"Big Warm Creek",48.11202812317039,-108.13486726979649,Creek
"Big Warm Creek",48.096011845465824,-108.23644349024892,Creek
"North Branch White Bear Creek",48.36419141515788,-108.79687741224929,Creek
"Milk River",48.45955631428349,-108.558743845482,Creek
"Milk River",48.49556270044773,-108.72654422581468,Creek
"Milk River",48.43143411780811,-108.4899570234565,Creek
"Milk River",48.42532685553275,-108.44414514410772,Creek
"Milk River",48.358396358423064,-108.00550142647425,Creek
"Beaver Creek",48.452153831136215,-107.35257835978616,Creek
"Frenchman Creek",48.58155965320716,-107.25402576525849,Creek
"Milk River",48.43312345428995,-107.10062883011756,Creek
"Beaver Creek",48.103280179691396,-107.5439757295394,Creek
"Beaver Creek",48.48114535470698,-107.48173053156326,Creek
"Milk River",48.53805937232495,-107.35469891366579,Creek
"Milk River",48.564773552114296,-107.5921943751303,Creek
"Milk River",48.223351806754884,-106.68552648432978,Creek
"Lime Creek",48.40565247004558,-106.90902404450871,Creek
"Milk River",48.18978620925641,-106.6269605308064,Creek
"Milk River",48.37532579658897,-106.94789544757522,Creek
"Milk River",48.12007269326461,-106.37992905524737,Creek
"Lime Creek",48.44929947205307,-106.93161585950003,Creek
"Big Muddy Creek",48.30463635619296,-104.65286300079414,Creek
"Big Muddy Creek",48.609288923332535,-104.45663841969866,Creek
"Neiser Creek",48.57002425816892,-104.40021379847539,Creek
"Big Muddy Creek",48.15615852094328,-104.62769596857616,Creek
"Big Muddy Creek",48.55108604669119,-104.49588221838441,Creek
"Cottonwood Creek",48.50595993653829,-104.20373900124538,Creek
"Big Muddy Creek",48.220896410156065,-104.69776466171132,Creek
"Big Muddy Creek",48.49388823642214,-104.5510046864122,Creek
"Sand Creek",48.48385026532764,-104.22766180366571,Creek
"Little Muddy River",48.553961199278525,-103.57576585210361,Creek
"Nelson Creek",48.18350873905843,-103.08644778424903,Creek
"Tobacco Garden Creek",48.04262178639597,-103.13782916889731,Creek
"White Earth River",48.17678576711192,-102.76379830077414,Creek
"White Earth River",48.30764364962295,-102.7486773898034,Creek
"White Earth River",48.395822991834386,-102.75140314106224,Creek
"West Branch Short Creek",48.92694163511679,-102.89280615570885,Creek